# Software: TrackLab 1.6.0
# Start of measurement: 24/8/2026 2:01:39.881 UTC
# Start of measurement - unix time: 1787536899.881
# Chip ID: K8-W0036
# Readout IP address: 192.168.1.49
# Event code 1: evttrgcorbofall
# Event code 2: evttrg
# Event code 4: evttrgcorbolead
# Event code 8: 
# Event code 16: 
# -----------------------------------------------------------------------------------------------------------------------------
2       1.57129693750
4       1.57129695833
1       1.57129707917
2       1.57459595833
4       1.57459597500
1       1.57459609583
2       1.57473632917
2       1.57798100417
4       1.57798102500
1       1.57798114583
2       1.57821627083
4       1.57821629167
1       1.57821640833
2       1.58093574167
4       1.58093576250
1       1.58093588333
2       1.58326490417
4       1.58326490417
1       1.58326504167
2       1.58446452917
4       1.58446454583
1       1.58446466667
2       1.58825194583
4       1.58825196667
1       1.58825208750
2       1.58988919583
4       1.58988921667
1       1.58988933750
2       1.59007427917
2       1.59472577917
4       1.59472580000
1       1.59472592083
2       1.59745272500
4       1.59745272500
1       1.59745286250
2       1.60036752500
4       1.60036754583
1       1.60036766667
2       1.60224105000
4       1.60224106667
1       1.60224118750
2       1.60371768750
4       1.60371770417
1       1.60371782500
2       1.60682817917
4       1.60682820000
1       1.60682832083
2       1.60708511250
4       1.60708513333
1       1.60708525417
2       1.60775732917
4       1.60775735000
1       1.60775747083
2       1.60884173333
4       1.60884173333
1       1.60884187083
2       1.60884699583
2       1.60920977500
4       1.60920977500
1       1.60920991250
2       1.60973270833
4       1.60973272917
1       1.60973285000
2       1.60974362083
2       1.61114336250
4       1.61114337917
1       1.61114350000
2       1.61141669583
4       1.61141669583
1       1.61141683333
2       1.61247103333
4       1.61247105417
1       1.61247117500
2       1.61470020417
4       1.61470022500
1       1.61470034583
2       1.61496950833
4       1.61496952500
1       1.61496964583
2       1.61515550417
4       1.61515550417
1       1.61515564167
2       1.61544540000
4       1.61544542083
1       1.61544554167
2       1.61567988333
4       1.61567988333
1       1.61568002083
2       1.61618102917
4       1.61618104583
1       1.61618116667
2       1.61678992917
4       1.61678995000
1       1.61679007083
2       1.61825925417
4       1.61825925417
1       1.61825939167
2       1.61834328333
2       1.61911285417
4       1.61911287500
1       1.61911299167
2       1.61921979583
2       1.61929268333
2       1.62010218750
4       1.62010220417
1       1.62010232500
2       1.62020716667
2       1.62061328750
4       1.62061330417
1       1.62061342500
2       1.62107830833
4       1.62107832500
1       1.62107844583
2       1.62125721667
2       1.62138896667
4       1.62138898750
1       1.62138910417
2       1.62226648750
4       1.62226650833
1       1.62226662917
2       1.62249367083
4       1.62249369167
1       1.62249380833
2       1.62297059583
4       1.62297061667
1       1.62297073750
2       1.62303715000
2       1.62326638750
4       1.62326640833
1       1.62326652917
2       1.62347906667
4       1.62347908333
1       1.62347920417
2       1.62353269167
2       1.62430119583
4       1.62430121667
1       1.62430133333
2       1.62434490833
2       1.62471489583
4       1.62471491667
1       1.62471503750
2       1.62481352500
2       1.62489837500
4       1.62489837500
1       1.62489851250
2       1.62502226250
2       1.62502824167
2       1.62536572083
4       1.62536573750
1       1.62536585833
2       1.62551775833
2       1.62554033750
4       1.62554035417
1       1.62554047500
2       1.62555755833
2       1.62559784583
2       1.62638559583
4       1.62638561667
1       1.62638573750
2       1.62677672083
4       1.62677673750
1       1.62677685833
2       1.62700958750
4       1.62700960417
1       1.62700972500
2       1.62706192083
2       1.62719209167
4       1.62719210833
1       1.62719222917
2       1.62732366250
2       1.62757239167
4       1.62757240833
1       1.62757252917
2       1.62774662500
4       1.62774662500
1       1.62774676250
2       1.62794695000
4       1.62794697083
1       1.62794709167
2       1.62826000833
4       1.62826002917
1       1.62826014583
2       1.62883470000
4       1.62883471667
1       1.62883483750
2       1.62936456250
4       1.62936458333
1       1.62936470417
2       1.62943980417
2       1.62957660000
4       1.62957661667
1       1.62957673750
2       1.62998075417
4       1.62998075417
1       1.62998089167
2       1.63078221667
4       1.63078223750
1       1.63078235833
2       1.63092971667
2       1.63104459167
4       1.63104461250
1       1.63104473333
2       1.63135408333
4       1.63135410417
1       1.63135422083
2       1.63162860833
4       1.63162862917
1       1.63162875000
2       1.63164553750
2       1.63183230417
4       1.63183232500
1       1.63183244167
2       1.63204329167
4       1.63204331250
1       1.63204343333
2       1.63212544167
2       1.63232952083
4       1.63232953750
1       1.63232965833
2       1.63278319167
4       1.63278321250
1       1.63278333333
2       1.63295454583
2       1.63303228333
4       1.63303230417
1       1.63303242500
2       1.63308400000
2       1.63319427917
2       1.63323369583
4       1.63323369583
1       1.63323383333
2       1.63333480833
2       1.63340895417
2       1.63370835833
4       1.63370837917
1       1.63370849583
2       1.63373947083
2       1.63400813333
4       1.63400813333
1       1.63400827083
2       1.63411902500
2       1.63435586667
4       1.63435588750
1       1.63435600833
2       1.63444863750
2       1.63450735000
2       1.63458743750
4       1.63458745417
1       1.63458757500
2       1.63465400000
2       1.63469373750
2       1.63486834583
4       1.63486836667
1       1.63486848750
2       1.63492769167
2       1.63523065000
4       1.63523066667
1       1.63523078750
2       1.63540961250
2       1.63543576250
4       1.63543577917
1       1.63543590000
2       1.63544766667
2       1.63551825417
2       1.63552250000
2       1.63552847083
2       1.63575967083
4       1.63575968750
1       1.63575980833
2       1.63581979583
2       1.63589778750
2       1.63590405833
2       1.63594379583
4       1.63594379583
1       1.63594393333
2       1.63595412083
2       1.63607793750
2       1.63607991250
2       1.63612034583
4       1.63612034583
1       1.63612048333
2       1.63620715833
2       1.63623721667
2       1.63631082083
4       1.63631083750
1       1.63631095833
2       1.63635986250
2       1.63652036667
4       1.63652038750
1       1.63652050833
2       1.63654989583
2       1.63660629583
2       1.63675567917
4       1.63675570000
1       1.63675582083
2       1.63677222083
2       1.63683817083
2       1.63738103333
4       1.63738103333
1       1.63738117083
2       1.63738660417
2       1.63749553750
2       1.63749987917
2       1.63751446667
2       1.63777255000
4       1.63777256667
1       1.63777268750
2       1.63793811250
2       1.63796003333
2       1.63815878750
4       1.63815880833
1       1.63815892917
2       1.63834088333
2       1.63836175000
4       1.63836177083
1       1.63836189167
2       1.63836908333
2       1.63838237917
2       1.63854857917
4       1.63854860000
1       1.63854872083
2       1.63865785417
2       1.63872082917
2       1.63873178750
2       1.63891169583
4       1.63891169583
1       1.63891183333
2       1.63894702917
2       1.63897921250
2       1.63912102500
4       1.63912104583
1       1.63912116250
2       1.63913155833
2       1.63944692083
4       1.63944693750
1       1.63944705833
2       1.63951740417
2       1.63952371667
2       1.63954994167
2       1.63965623333
4       1.63965625417
1       1.63965637500
2       1.63979973750
2       1.63985530417
4       1.63985530417
1       1.63985544167
2       1.63986623750
2       1.64019152500
4       1.64019152500
1       1.64019166250
2       1.64038393333
4       1.64038395417
1       1.64038407083
2       1.64039618333
2       1.64045780833
2       1.64069303750
4       1.64069305833
1       1.64069317917
2       1.64074866667
2       1.64076313333
2       1.64090196250
4       1.64090198333
1       1.64090210417
2       1.64091060000
2       1.64093110417
2       1.64123156250
4       1.64123158333
1       1.64123170417
2       1.64123588333
2       1.64127293750
2       1.64133225833
2       1.64133354167
2       1.64133657500
2       1.64163008333
4       1.64163010417
1       1.64163022500
2       1.64187116250
4       1.64187117917
1       1.64187130000
2       1.64188472500
2       1.64208512500
4       1.64208512500
1       1.64208526250
2       1.64211926667
2       1.64220830000
2       1.64223312917
2       1.64226169583
4       1.64226171667
1       1.64226183750
2       1.64239386250
2       1.64248332500
4       1.64248334583
1       1.64248346667
2       1.64253955417
2       1.64256635833
2       1.64264256667
2       1.64266970833
4       1.64266972917
1       1.64266984583
2       1.64272706250
2       1.64281981667
2       1.64291921667
4       1.64291923750
1       1.64291935417
2       1.64302410000
2       1.64304178750
2       1.64305630417
2       1.64313740833
4       1.64313742917
1       1.64313755000
2       1.64316055417
2       1.64316493333
2       1.64325105417
2       1.64336006667
4       1.64336008750
1       1.64336020833
2       1.64338284583
2       1.64340674583
2       1.64342922917
2       1.64350477917
2       1.64356141667
4       1.64356143750
1       1.64356155417
2       1.64357235417
2       1.64369389583
2       1.64385228750
4       1.64385230417
1       1.64385242500
2       1.64395124167
2       1.64398840417
2       1.64400788333
2       1.64401457917
2       1.64408750000
4       1.64408752083
1       1.64408764167
2       1.64409902917
2       1.64411097500
2       1.64417221667
2       1.64419636667
2       1.64423911667
2       1.64429307917
4       1.64429310000
1       1.64429322083
2       1.64434547917
2       1.64436625000
2       1.64464747917
4       1.64464750000
1       1.64464761667
2       1.64465250833
2       1.64470807500
2       1.64481113333
2       1.64485120417
4       1.64485120417
1       1.64485134167
2       1.64488835000
2       1.64501645000
2       1.64506123333
4       1.64506125417
1       1.64506137083
2       1.64508568333
2       1.64509965833
2       1.64511295000
2       1.64513171667
2       1.64518637500
2       1.64539836250
4       1.64539838333
1       1.64539850417
2       1.64543846667
2       1.64554115833
2       1.64556306667
2       1.64560374167
4       1.64560376250
1       1.64560388333
2       1.64563259583
2       1.64571068333
2       1.64574555417
2       1.64575908750
2       1.64581778750
4       1.64581780833
1       1.64581792917
2       1.64595812917
2       1.64601674167
2       1.64602736667
4       1.64602738333
1       1.64602750417
2       1.64604299583
2       1.64606940833
2       1.64609028750
2       1.64609723750
2       1.64612211667
2       1.64621614167
2       1.64629474167
4       1.64629475833
1       1.64629487917
2       1.64636695417
2       1.64652652917
4       1.64652655000
1       1.64652667083
2       1.64656662917
2       1.64661371667
2       1.64661492500
2       1.64667127917
2       1.64674876250
4       1.64674878333
1       1.64674890417
2       1.64681207500
2       1.64688957500
2       1.64690845417
2       1.64705421667
4       1.64705423333
1       1.64705435417
2       1.64711910000
2       1.64729830000
4       1.64729832083
1       1.64729844167
2       1.64732623333
2       1.64732974583
2       1.64735794583
2       1.64736597083
2       1.64742589167
2       1.64757750000
4       1.64757752083
1       1.64757764167
2       1.64768721250
2       1.64770737083
2       1.64783360000
4       1.64783361667
1       1.64783373750
2       1.64800311250
2       1.64809091667
4       1.64809093333
1       1.64809105417
2       1.64811643750
2       1.64813410417
2       1.64842048750
4       1.64842050833
1       1.64842062917
2       1.64846044583
2       1.64848739583
2       1.64851285833
2       1.64857657083
2       1.64861991250
4       1.64861992917
1       1.64862005000
2       1.64872850833
2       1.64902028750
4       1.64902030833
1       1.64902042917
2       1.64913103750
2       1.64927407917
4       1.64927409583
1       1.64927421667
2       1.64938910417
2       1.64947744583
4       1.64947744583
1       1.64947758333
2       1.64948572083
2       1.64951075000
2       1.64954077917
2       1.64956790417
2       1.64960968750
2       1.64965340833
2       1.64982657917
4       1.64982659583
1       1.64982671667
2       1.64991971250
2       1.64992425000
2       1.65007972917
4       1.65007974583
1       1.65007986667
2       1.65016611667
2       1.65027182083
4       1.65027183750
1       1.65027195833
2       1.65029957917
2       1.65030148333
2       1.65033610000
2       1.65035060833
2       1.65042811667
2       1.65048077917
4       1.65048080000
1       1.65048092083
2       1.65052178750
2       1.65054061250
2       1.65066284583
2       1.65068381250
4       1.65068383333
1       1.65068395417
2       1.65078646250
2       1.65080302917
2       1.65084707917
2       1.65089348750
4       1.65089350417
1       1.65089362500
2       1.65094743750
2       1.65095173750
2       1.65103983750
2       1.65107636250
4       1.65107638333
1       1.65107650417
2       1.65107955833
2       1.65112830417
2       1.65132812083
4       1.65132814167
1       1.65132826250
2       1.65135721667
2       1.65157048750
4       1.65157050833
1       1.65157062917
2       1.65160194167
2       1.65163538333
2       1.65176266667
4       1.65176268333
1       1.65176280417
2       1.65192286250
2       1.65192997917
2       1.65200077500
4       1.65200077500
1       1.65200091250
2       1.65214880000
2       1.65217661250
2       1.65226412917
4       1.65226414583
1       1.65226426667
2       1.65229859167
2       1.65237567500
2       1.65240747500
2       1.65243275000
2       1.65243697083
2       1.65246180417
4       1.65246182500
1       1.65246194583
2       1.65256249167
2       1.65256681667
2       1.65258407083
2       1.65259166250
2       1.65260691667
2       1.65266220833
4       1.65266222917
1       1.65266235000
2       1.65278705000
2       1.65279338333
2       1.65279964167
2       1.65281692500
2       1.65282249583
2       1.65287225833
4       1.65287227500
1       1.65287239583
2       1.65291925417
2       1.65296959167
2       1.65307926667
4       1.65307928333
1       1.65307940417
2       1.65311832083
2       1.65319417500
2       1.65327762917
4       1.65327765000
1       1.65327777083
2       1.65332209583
2       1.65338339583
2       1.65343960417
2       1.65346012500
2       1.65349101250
4       1.65349102917
1       1.65349115000
2       1.65355451250
2       1.65355885417
2       1.65355987917
2       1.65360194583
2       1.65381291250
4       1.65381293333
1       1.65381305417
2       1.65390036667
2       1.65393412500
2       1.65398086667
2       1.65402887500
4       1.65402889583
1       1.65402901667
2       1.65407362500
2       1.65419845000
2       1.65420572083
2       1.65422793333
4       1.65422793333
1       1.65422807083
2       1.65432172917
2       1.65433243750
2       1.65438200000
2       1.65440612500
4       1.65440612500
1       1.65440626250
2       1.65442699167
2       1.65445242917
2       1.65447966250
2       1.65450387083
2       1.65469994583
4       1.65469996667
1       1.65470008750
2       1.65475226667
2       1.65478133333
2       1.65482976667
2       1.65483417500
2       1.65489900417
4       1.65489902500
1       1.65489914583
2       1.65502126667
2       1.65508349167
4       1.65508350833
1       1.65508362917
2       1.65509015417
2       1.65509801667
2       1.65514315417
2       1.65522425833
2       1.65522462917
2       1.65531435833
4       1.65531437917
1       1.65531450000
2       1.65564990833
4       1.65564992500
1       1.65565004583
2       1.65568375417
2       1.65570920833
2       1.65583275000
2       1.65589767083
4       1.65589768750
1       1.65589780833
2       1.65594172083
2       1.65594766667
2       1.65606631250
2       1.65612759167
4       1.65612760833
1       1.65612772917
2       1.65615009583
2       1.65618879583
2       1.65624614583
2       1.65659159167
4       1.65659161250
1       1.65659172917
2       1.65662441667
2       1.65663993333
2       1.65665520833
2       1.65667509167
2       1.65673046250
2       1.65680327917
4       1.65680330000
1       1.65680342083
2       1.65680982917
2       1.65684894167
2       1.65700028750
4       1.65700030417
1       1.65700042500
2       1.65709272500
2       1.65719246667
4       1.65719248750
1       1.65719260833
2       1.65725001667
2       1.65730867083
2       1.65731062500
2       1.65745575833
4       1.65745577500
1       1.65745589583
2       1.65748290417
2       1.65749195417
2       1.65751239167
2       1.65754188333
2       1.65765679583
4       1.65765681667
1       1.65765693750
2       1.65769455417
2       1.65772602083
2       1.65787542083
4       1.65787544167
1       1.65787556250
2       1.65790851667
2       1.65793171667
2       1.65803871250
2       1.65805797083
4       1.65805798750
1       1.65805810833
2       1.65808673750
2       1.65811025833
2       1.65811456667
2       1.65811495000
2       1.65820195833
2       1.65820231667
2       1.65827749583
4       1.65827751667
1       1.65827763750
2       1.65831599583
2       1.65832426250
2       1.65836435000
2       1.65842657917
2       1.65852487083
4       1.65852488750
1       1.65852500833
2       1.65857129583
2       1.65863258333
2       1.65867400000
2       1.65876346667
4       1.65876348750
1       1.65876360833
2       1.65877467083
2       1.65882144583
2       1.65883402083
2       1.65887535833
2       1.65891512500
2       1.65895330833
4       1.65895332917
1       1.65895345000
2       1.65899465417
2       1.65904735000
2       1.65915265000
4       1.65915267083
1       1.65915279167
2       1.65926962917
2       1.65928247083
2       1.65930568333
2       1.65939610417
4       1.65939612500
1       1.65939624583
2       1.65940142917
2       1.65942193750
2       1.65943583333
2       1.65954480833
2       1.65960307083
4       1.65960308750
1       1.65960320833
2       1.65975177917
2       1.65983734583
4       1.65983734583
1       1.65983748333
2       1.65994919583
2       1.65998730000
2       1.66002111667
4       1.66002113750
1       1.66002125833
2       1.66014038750
2       1.66016085833
2       1.66016261667
2       1.66018743750
2       1.66033707500
4       1.66033707500
1       1.66033721250
2       1.66034335833
2       1.66039836667
2       1.66040501250
2       1.66041326250
2       1.66053919167
4       1.66053920833
1       1.66053932917
2       1.66059678333
2       1.66067099167
2       1.66067135417
2       1.66074220417
4       1.66074220417
1       1.66074234167
2       1.66077142500
2       1.66083425000
2       1.66098530000
4       1.66098532083
1       1.66098544167
2       1.66101352083
2       1.66102541250
2       1.66107911250
2       1.66112377083
2       1.66113275000
2       1.66117410833
4       1.66117412500
1       1.66117424583
2       1.66121815000
2       1.66122015000
2       1.66124099583
2       1.66126887917
2       1.66137749167
4       1.66137751250
1       1.66137763333
2       1.66143880000
2       1.66145103333
2       1.66148447500
2       1.66168120000
4       1.66168121667
1       1.66168133750
2       1.66170812083
2       1.66175706667
2       1.66184086250
2       1.66185577083
4       1.66185579167
1       1.66185591250
2       1.66189354167
2       1.66191674167
2       1.66212208333
4       1.66212208333
1       1.66212222083
2       1.66214002917
2       1.66218737083
2       1.66218840417
2       1.66219969167
2       1.66247447500
4       1.66247449583
1       1.66247461250
2       1.66261065833
2       1.66269246250
4       1.66269247917
1       1.66269260000
2       1.66270811667
2       1.66275382500
2       1.66275715833
2       1.66300712500
4       1.66300714583
1       1.66300726667
2       1.66308435417
2       1.66310548333
2       1.66315321250
2       1.66330397083
4       1.66330399167
1       1.66330411250
2       1.66341492500
2       1.66346328333
2       1.66350500833
4       1.66350502500
1       1.66350514583
2       1.66357778333
2       1.66360733750
2       1.66365734167
2       1.66369351667
4       1.66369353750
1       1.66369365833
2       1.66384181667
2       1.66385476250
2       1.66386874583
2       1.66388354583
4       1.66388356667
1       1.66388368333
2       1.66408006667
4       1.66408008750
1       1.66408020417
2       1.66426919583
4       1.66426919583
1       1.66426933333
2       1.66430517917
2       1.66434202500
2       1.66437672917
2       1.66447279167
4       1.66447281250
1       1.66447293333
2       1.66454434167
2       1.66459703333
2       1.66469108333
4       1.66469110417
1       1.66469122500
2       1.66469573750
2       1.66478978750
2       1.66496203750
4       1.66496205833
1       1.66496217917
2       1.66505412500
2       1.66513793750
4       1.66513795833
1       1.66513807500
2       1.66517205417
2       1.66522205000
2       1.66536448333
4       1.66536448333
1       1.66536462083
2       1.66540225000
2       1.66542107083
2       1.66546031250
2       1.66556226667
4       1.66556228750
1       1.66556240833
2       1.66557846250
2       1.66558710000
2       1.66561191250
2       1.66565666667
2       1.66579009583
4       1.66579009583
1       1.66579023333
2       1.66582353750
2       1.66589739583
2       1.66606895000
4       1.66606897083
1       1.66606909167
2       1.66615548333
2       1.66622940417
2       1.66624771667
4       1.66624773333
1       1.66624785417
2       1.66663412083
4       1.66663413750
1       1.66663425833
2       1.66680928750
4       1.66680930417
1       1.66680942500
2       1.66687022917
2       1.66690170833
2       1.66693782083
2       1.66698720833
4       1.66698722917
1       1.66698735000
2       1.66713658750
2       1.66716167917
2       1.66716997083
4       1.66716999167
1       1.66717011250
2       1.66731471667
2       1.66738824583
4       1.66738826667
1       1.66738838750
2       1.66740915833
2       1.66743834583
2       1.66750820833
2       1.66754161250
2       1.66759002083
4       1.66759004167
1       1.66759016250
2       1.66762503750
2       1.66772450417
2       1.66775862083
2       1.66787053333
4       1.66787055417
1       1.66787067500
2       1.66788183333
2       1.66789013333
2       1.66796491667
2       1.66797065417
2       1.66798381250
2       1.66804512500
4       1.66804514583
1       1.66804526250
2       1.66812658333
2       1.66822203750
2       1.66831082500
4       1.66831082500
1       1.66831096250
2       1.66851156667
4       1.66851158750
1       1.66851170833
2       1.66852877500
2       1.66861170000
2       1.66869695000
4       1.66869696667
1       1.66869708750
2       1.66871817917
2       1.66883108333
2       1.66886686250
2       1.66889637917
4       1.66889640000
1       1.66889652083
2       1.66891715833
2       1.66903715417
2       1.66906897917
2       1.66936681250
4       1.66936682917
1       1.66936695000
2       1.66937035833
2       1.66941242917
2       1.66949459167
2       1.66964925417
4       1.66964927500
1       1.66964939583
2       1.66977352083
2       1.66979995417
2       1.66981251667
2       1.66989036250
4       1.66989038333
1       1.66989050417
2       1.67008541250
4       1.67008542917
1       1.67008555000
2       1.67023454167
2       1.67025097500
2       1.67028125417
4       1.67028125417
1       1.67028139167
2       1.67033052500
2       1.67035714167
2       1.67036276250
2       1.67038954583
2       1.67085461250
4       1.67085463333
1       1.67085475417
2       1.67094639583
2       1.67096095000
2       1.67100670417
2       1.67111365000
4       1.67111367083
1       1.67111379167
2       1.67119976667
2       1.67137724583
4       1.67137724583
1       1.67137738333
2       1.67142363333
2       1.67151175833
2       1.67157433333
4       1.67157435417
1       1.67157447083
2       1.67159547500
2       1.67168130417
2       1.67180357083
4       1.67180359167
1       1.67180371250
2       1.67182678333
2       1.67186185417
2       1.67188896250
2       1.67201556667
4       1.67201558333
1       1.67201570417
2       1.67201919583
2       1.67203713333
2       1.67222955417
4       1.67222957500
1       1.67222969583
2       1.67227698750
2       1.67248885833
4       1.67248887917
1       1.67248899583
2       1.67255379167
2       1.67260411667
2       1.67267136667
2       1.67269222083
4       1.67269224167
1       1.67269235833
2       1.67280118333
2       1.67282434167
2       1.67295958333
4       1.67295960417
1       1.67295972500
2       1.67303242083
2       1.67315597083
4       1.67315598750
1       1.67315610833
2       1.67326687500
2       1.67331762500
2       1.67344382917
4       1.67344384583
1       1.67344396667
2       1.67353460833
2       1.67365276250
4       1.67365277917
1       1.67365290000
2       1.67367237917
2       1.67372002083
2       1.67374088333
2       1.67377467083
2       1.67378238750
2       1.67388437083
4       1.67388438750
1       1.67388450833
2       1.67408743333
4       1.67408745417
1       1.67408757500
2       1.67410260833
2       1.67414936250
2       1.67424670000
2       1.67440869583
4       1.67440869583
1       1.67440883333
2       1.67457162917
2       1.67464822500
4       1.67464824583
1       1.67464836667
2       1.67470880833
2       1.67479584167
2       1.67479920417
2       1.67486075417
4       1.67486077500
1       1.67486089583
2       1.67496050000
2       1.67498671667
2       1.67505460417
4       1.67505462500
1       1.67505474583
2       1.67509432917
2       1.67511485000
2       1.67526349583
4       1.67526351667
1       1.67526363333
2       1.67554349167
4       1.67554350833
1       1.67554362917
2       1.67555107500
2       1.67567292500
2       1.67580676667
4       1.67580676667
1       1.67580690417
2       1.67583194167
2       1.67603799167
4       1.67603800833
1       1.67603812917
2       1.67638146250
4       1.67638148333
1       1.67638160417
2       1.67658715833
4       1.67658717500
1       1.67658729583
2       1.67661895833
2       1.67667328333
2       1.67673028750
2       1.67683652917
4       1.67683654583
1       1.67683666667
2       1.67683761667
2       1.67686440417
2       1.67690319583
2       1.67718466667
4       1.67718468333
1       1.67718480417
2       1.67722478333
2       1.67731794167
2       1.67731916667
2       1.67738174167
4       1.67738176250
1       1.67738188333
2       1.67747426667
2       1.67771523750
4       1.67771525417
1       1.67771537500
2       1.67780574167
2       1.67781376667
2       1.67793196667
4       1.67793198333
1       1.67793210417
2       1.67807507917
2       1.67841583750
4       1.67841585833
1       1.67841597917
2       1.67841848333
2       1.67844940417
2       1.67851267083
2       1.67862587083
4       1.67862588750
1       1.67862600833
2       1.67868843750
2       1.67871364167
2       1.67875568333
2       1.67881770000
4       1.67881771667
1       1.67881783750
2       1.67902197917
4       1.67902199583
1       1.67902211667
2       1.67920650417
4       1.67920650417
1       1.67920664167
2       1.67933441667
2       1.67938271250
4       1.67938272917
1       1.67938285000
2       1.67943109167
2       1.67972551250
4       1.67972553333
1       1.67972565417
2       1.67978487917
2       1.67983780000
2       1.68000418333
4       1.68000420417
1       1.68000432500
2       1.68008323333
2       1.68019218333
4       1.68019220417
1       1.68019232083
2       1.68033733750
2       1.68037474583
4       1.68037474583
1       1.68037488333
2       1.68041248333
2       1.68054802917
2       1.68056492917
4       1.68056494583
1       1.68056506667
2       1.68056623333
2       1.68057557917
2       1.68096932500
4       1.68096934583
1       1.68096946667
2       1.68098158333
2       1.68102302500
2       1.68112039167
2       1.68128468750
4       1.68128470833
1       1.68128482500
2       1.68160464167
4       1.68160465833
1       1.68160477917
2       1.68161657917
2       1.68169043333
2       1.68173680417
2       1.68182817917
4       1.68182819583
1       1.68182831667
2       1.68184569167
2       1.68215775417
4       1.68215775417
1       1.68215789167
2       1.68223397083
2       1.68230087500
2       1.68238801250
4       1.68238803333
1       1.68238815417
2       1.68249723750
2       1.68298378750
4       1.68298380833
1       1.68298392917
2       1.68305306250
2       1.68306005833
2       1.68320213333
4       1.68320213333
1       1.68320227083
2       1.68328229583
2       1.68397384583
4       1.68397386667
1       1.68397398333
2       1.68399042500
2       1.68401397917
2       1.68415637500
4       1.68415639583
1       1.68415651667
2       1.68422002083
2       1.68432036667
2       1.68454257917
4       1.68454259583
1       1.68454271667
2       1.68455090417
2       1.68455685417
2       1.68470787083
2       1.68475390833
4       1.68475392500
1       1.68475404583
2       1.68478339167
2       1.68486393750
2       1.68491790000
2       1.68494542917
4       1.68494545000
1       1.68494557083
2       1.68496894167
2       1.68505994583
2       1.68513454167
4       1.68513456250
1       1.68513468333
2       1.68514877500
2       1.68517155000
2       1.68531608750
2       1.68540177917
4       1.68540179583
1       1.68540191667
2       1.68562869167
4       1.68562871250
1       1.68562883333
2       1.68578168750
2       1.68578401667
2       1.68598310000
4       1.68598311667
1       1.68598323750
2       1.68606062083
2       1.68625767500
4       1.68625767500
1       1.68625781250
2       1.68634415833
2       1.68638822917
2       1.68645115000
4       1.68645117083
1       1.68645129167
2       1.68646734583
2       1.68654951250
2       1.68656372500
2       1.68676505000
4       1.68676506667
1       1.68676518750
2       1.68680393333
2       1.68688666250
2       1.68692513333
2       1.68726264167
4       1.68726265833
1       1.68726277917
2       1.68730204167
2       1.68731804583
2       1.68742628333
2       1.68747823333
4       1.68747823333
1       1.68747837083
2       1.68750154167
2       1.68755413333
2       1.68757301667
2       1.68758991667
2       1.68760609583
2       1.68772147083
4       1.68772148750
1       1.68772160833
2       1.68778932500
2       1.68783893333
2       1.68796060000
4       1.68796061667
1       1.68796073750
2       1.68816227917
4       1.68816230000
1       1.68816241667
2       1.68834088750
2       1.68836236250
4       1.68836238333
1       1.68836250000
2       1.68876806250
4       1.68876807917
1       1.68876820000
2       1.68881283750
2       1.68883866667
2       1.68893565000
2       1.68895057500
2       1.68907711667
4       1.68907713333
1       1.68907725417
2       1.68919145000
2       1.68935728750
4       1.68935730833
1       1.68935742917
2       1.68937612083
2       1.68940310000
2       1.68940607083
2       1.68946143333
2       1.68956531667
4       1.68956531667
1       1.68956545417
2       1.68965546250
2       1.68967035417
2       1.68970377500
2       1.68973397500
2       1.68973595833
2       1.68989456250
4       1.68989458333
1       1.68989470000
2       1.68995287083
2       1.68997602917
2       1.68999924583
2       1.69009400000
4       1.69009402083
1       1.69009413750
2       1.69017113750
2       1.69018175000
2       1.69055502083
4       1.69055504167
1       1.69055516250
2       1.69055773750
2       1.69057959583
2       1.69083391667
4       1.69083393750
1       1.69083405833
2       1.69083429583
2       1.69109526250
4       1.69109528333
1       1.69109540417
2       1.69130037083
4       1.69130039167
1       1.69130051250
2       1.69145733750
2       1.69158161667
4       1.69158163750
1       1.69158175417
2       1.69165800417
2       1.69170872500
2       1.69171892917
2       1.69177795417
4       1.69177797500
1       1.69177809583
2       1.69190577083
2       1.69194852917
2       1.69195156667
2       1.69206978750
4       1.69206980833
1       1.69206992917
2       1.69211452500
2       1.69213200833
2       1.69220562083
2       1.69229795833
4       1.69229797917
1       1.69229810000
2       1.69233765417
2       1.69245960417
2       1.69248615833
4       1.69248617917
1       1.69248630000
2       1.69249807500
2       1.69250727500
2       1.69253348750
2       1.69255307083
2       1.69287499167
4       1.69287501250
1       1.69287512917
2       1.69289780417
2       1.69296704583
2       1.69298196667
2       1.69298232500
2       1.69317121667
4       1.69317123333
1       1.69317135417
2       1.69323604167
2       1.69327811667
2       1.69334069583
2       1.69337586667
4       1.69337588333
1       1.69337600417
2       1.69370503750
4       1.69370505417
1       1.69370517500
2       1.69409522083
4       1.69409523750
1       1.69409535833
2       1.69440890833
4       1.69440892917
1       1.69440905000
2       1.69457187083
2       1.69460764583
4       1.69460766667
1       1.69460778750
2       1.69461394167
2       1.69462149583
2       1.69470998333
2       1.69478746250
4       1.69478747917
1       1.69478760000
2       1.69484085833
2       1.69489481667
2       1.69509262500
4       1.69509262500
1       1.69509276250
2       1.69531907917
4       1.69531909583
1       1.69531921667
2       1.69532475417
2       1.69548045417
2       1.69551157500
4       1.69551157500
1       1.69551171250
2       1.69552221250
2       1.69575072917
4       1.69575074583
1       1.69575086667
2       1.69591435000
2       1.69597927083
4       1.69597928750
1       1.69597940833
2       1.69616281250
2       1.69621178333
4       1.69621178333
1       1.69621192083
2       1.69644464583
4       1.69644464583
1       1.69644478333
2       1.69648082083
2       1.69649571250
2       1.69654101667
2       1.69661849167
4       1.69661851250
1       1.69661862917
2       1.69681560000
4       1.69681562083
1       1.69681574167
2       1.69683214583
2       1.69693947083
2       1.69722501667
4       1.69722503750
1       1.69722515833
2       1.69724030833
2       1.69727499583
2       1.69757673750
4       1.69757675833
1       1.69757687500
2       1.69768641250
2       1.69789678750
4       1.69789680833
1       1.69789692917
2       1.69820607917
4       1.69820610000
1       1.69820622083
2       1.69832700417
2       1.69837798750
4       1.69837800417
1       1.69837812500
2       1.69842709583
2       1.69860025000
4       1.69860027083
1       1.69860038750
2       1.69889212917
4       1.69889215000
1       1.69889227083
2       1.69905440000
2       1.69917059583
4       1.69917059583
1       1.69917073333
2       1.69925278333
2       1.69934089167
2       1.69938760833
4       1.69938762917
1       1.69938775000
2       1.69941605417
2       1.69946903333
2       1.69966546250
4       1.69966548333
1       1.69966560417
2       1.69980893750
2       1.69983807083
2       1.69984197083
4       1.69984198750
1       1.69984210833
2       1.69998438333
2       1.70009142500
4       1.70009144583
1       1.70009156250
2       1.70035180000
4       1.70035181667
1       1.70035193750
2       1.70046703333
2       1.70052342500
4       1.70052344583
1       1.70052356667
2       1.70055749167
2       1.70065585000
2       1.70067508333
2       1.70085726250
4       1.70085728333
1       1.70085740417
2       1.70090955833
2       1.70101418333
2       1.70110502500
4       1.70110504583
1       1.70110516667
2       1.70111165000
2       1.70125080833
2       1.70136035000
4       1.70136036667
1       1.70136048750
2       1.70153891667
4       1.70153893750
1       1.70153905833
2       1.70175113333
4       1.70175115417
1       1.70175127500
2       1.70229911667
4       1.70229913333
1       1.70229925417
2       1.70231264583
2       1.70242463750
2       1.70247857917
2       1.70248722083
4       1.70248724167
1       1.70248736250
2       1.70252964167
2       1.70272406667
4       1.70272408750
1       1.70272420417
2       1.70288768750
2       1.70292078333
4       1.70292080417
1       1.70292092500
2       1.70293972500
2       1.70299035833
2       1.70304304583
2       1.70316300833
4       1.70316302500
1       1.70316314583
2       1.70356469167
4       1.70356470833
1       1.70356482917
2       1.70372470000
2       1.70375055000
4       1.70375057083
1       1.70375069167
2       1.70376250833
2       1.70380651667
2       1.70392142917
4       1.70392144583
1       1.70392156667
2       1.70394031667
2       1.70407450000
2       1.70414132917
4       1.70414135000
1       1.70414147083
2       1.70420227500
2       1.70430928333
2       1.70433013333
4       1.70433015417
1       1.70433027500
2       1.70437221667
2       1.70448490833
2       1.70467626667
4       1.70467628333
1       1.70467640417
2       1.70471406250
2       1.70484062917
2       1.70485448750
2       1.70503889583
4       1.70503889583
1       1.70503903333
2       1.70507043750
2       1.70511685833
2       1.70515900833
2       1.70520530000
2       1.70524337083
4       1.70524339167
1       1.70524351250
2       1.70528441667
2       1.70534175417
2       1.70544372917
4       1.70544375000
1       1.70544387083
2       1.70545001250
2       1.70553123333
2       1.70553289167
2       1.70570009583
4       1.70570011667
1       1.70570023333
2       1.70586340000
2       1.70595781667
4       1.70595783750
1       1.70595795833
2       1.70617314583
4       1.70617314583
1       1.70617328333
2       1.70620524167
2       1.70621145417
2       1.70635431667
4       1.70635431667
1       1.70635445417
2       1.70642315000
2       1.70646059167
2       1.70674485417
4       1.70674487500
1       1.70674499583
2       1.70681572917
2       1.70689086250
2       1.70691314583
2       1.70728575833
4       1.70728577500
1       1.70728589583
2       1.70743495833
2       1.70752847083
4       1.70752848750
1       1.70752860833
2       1.70756193750
2       1.70773416250
4       1.70773417917
1       1.70773430000
2       1.70774875417
2       1.70787894167
2       1.70795086250
4       1.70795088333
1       1.70795100417
2       1.70799755833
2       1.70821251250
4       1.70821253333
1       1.70821265417
2       1.70830257500
2       1.70832450417
2       1.70835562500
2       1.70848079167
4       1.70848080833
1       1.70848092917
2       1.70858972917
2       1.70887993333
4       1.70887995417
1       1.70888007500
2       1.70894756250
2       1.70902198750
2       1.70911212500
4       1.70911214583
1       1.70911226250
2       1.70917700833
2       1.70920882083
2       1.70922481667
2       1.70939005833
4       1.70939007917
1       1.70939020000
2       1.70952315000
2       1.70965375000
4       1.70965376667
1       1.70965388750
2       1.70980399167
2       1.70980972917
2       1.70983783750
4       1.70983785417
1       1.70983797500
2       1.71022241250
4       1.71022243333
1       1.71022255000
2       1.71023394167
2       1.71033500417
2       1.71043764583
4       1.71043764583
1       1.71043778333
2       1.71050067500
2       1.71060505000
2       1.71090141667
4       1.71090143750
1       1.71090155833
2       1.71107734583
4       1.71107736667
1       1.71107748750
2       1.71118269167
2       1.71154864583
4       1.71154866667
1       1.71154878750
2       1.71156618333
2       1.71180066667
4       1.71180068750
1       1.71180080833
2       1.71181818333
2       1.71193822500
2       1.71198316667
4       1.71198318333
1       1.71198330417
2       1.71213298333
2       1.71220811250
4       1.71220812917
1       1.71220825000
2       1.71260258333
4       1.71260258333
1       1.71260272083
2       1.71266192500
2       1.71267382500
2       1.71274309583
2       1.71286658333
4       1.71286658333
1       1.71286672083
2       1.71295092500
2       1.71306564167
4       1.71306566250
1       1.71306578333
2       1.71309943750
2       1.71324115833
2       1.71325082083
4       1.71325083750
1       1.71325095833
2       1.71328695000
2       1.71329658333
2       1.71340580417
2       1.71358403333
4       1.71358403333
1       1.71358417083
2       1.71364030417
2       1.71377125000
4       1.71377127083
1       1.71377139167
2       1.71381417917
2       1.71385039167
2       1.71429914583
4       1.71429914583
1       1.71429928333
2       1.71435507083
2       1.71446252500
2       1.71459493750
4       1.71459495417
1       1.71459507500
2       1.71467183750
2       1.71475295000
2       1.71493417917
4       1.71493419583
1       1.71493431667
2       1.71496357500
2       1.71508505833
2       1.71508943333
2       1.71525304167
4       1.71525306250
1       1.71525318333
2       1.71529850417
2       1.71532866250
2       1.71552709167
4       1.71552711250
1       1.71552722917
2       1.71577610833
4       1.71577612917
1       1.71577625000
2       1.71578375000
2       1.71583800417
2       1.71591782917
2       1.71596623750
2       1.71598700833
4       1.71598702917
1       1.71598714583
2       1.71608481667
2       1.71611200417
2       1.71612972917
2       1.71618052083
4       1.71618054167
1       1.71618066250
2       1.71636663750
4       1.71636665833
1       1.71636677917
2       1.71668959583
4       1.71668959583
1       1.71668973333
2       1.71672305417
2       1.71681743750
2       1.71684260417
2       1.71694961250
4       1.71694963333
1       1.71694975417
2       1.71714736667
4       1.71714738750
1       1.71714750833
2       1.71718442500
2       1.71720175417
2       1.71753361250
4       1.71753362917
1       1.71753375000
2       1.71753490417
2       1.71758732083
2       1.71761507500
2       1.71762730833
2       1.71768368750
2       1.71779687500
4       1.71779687500
1       1.71779701250
2       1.71785457917
2       1.71787905417
2       1.71790620000
2       1.71792544167
2       1.71801155000
4       1.71801157083
1       1.71801168750
2       1.71824845000
4       1.71824847083
1       1.71824859167
2       1.71830373750
2       1.71833355833
2       1.71836953333
2       1.71837390833
2       1.71843845833
4       1.71843847917
1       1.71843860000
2       1.71844545000
2       1.71871012083
4       1.71871013750
1       1.71871025833
2       1.71873271250
2       1.71881471250
2       1.71885289167
2       1.71885356667
2       1.71901780000
4       1.71901781667
1       1.71901793750
2       1.71917075833
2       1.71929040000
4       1.71929042083
1       1.71929054167
2       1.71936982917
2       1.71943117500
2       1.71951329167
4       1.71951330833
1       1.71951342917
2       1.71953886667
2       1.71958126250
2       1.71971233750
4       1.71971235833
1       1.71971247917
2       1.71986972917
2       1.71992938333
4       1.71992940417
1       1.71992952500
2       1.71997602917
2       1.72000559167
2       1.72006915833
2       1.72017734583
4       1.72017734583
1       1.72017748333
2       1.72021944583
2       1.72027382083
2       1.72031389583
2       1.72039570833
4       1.72039572500
1       1.72039584583
2       1.72039803750
2       1.72046826667
2       1.72062620833
4       1.72062622500
1       1.72062634583
2       1.72086082083
4       1.72086083750
1       1.72086095833
2       1.72091640417
2       1.72102071667
2       1.72122410417
4       1.72122410417
1       1.72122424167
2       1.72137083750
2       1.72137944167
2       1.72145339167
4       1.72145340833
1       1.72145352917
2       1.72149705417
2       1.72153645417
2       1.72154577083
2       1.72159541667
2       1.72161894583
2       1.72163281250
4       1.72163282917
1       1.72163295000
2       1.72169017500
2       1.72188520000
4       1.72188522083
1       1.72188534167
2       1.72192663750
2       1.72199457917
2       1.72205218333
2       1.72220286250
4       1.72220288333
1       1.72220300417
2       1.72242147083
4       1.72242149167
1       1.72242161250
2       1.72243442917
2       1.72248909167
2       1.72262657917
4       1.72262659583
1       1.72262671667
2       1.72278413750
2       1.72290837917
4       1.72290839583
1       1.72290851667
2       1.72295243750
2       1.72308100833
4       1.72308102500
1       1.72308114583
2       1.72330884167
4       1.72330886250
1       1.72330897917
2       1.72339437500
2       1.72350395833
4       1.72350397917
1       1.72350410000
2       1.72363052083
2       1.72366525417
2       1.72376659167
4       1.72376660833
1       1.72376672917
2       1.72381002917
2       1.72383781667
2       1.72384649583
2       1.72391500000
2       1.72392067083
2       1.72400707083
4       1.72400708750
1       1.72400720833
2       1.72408533750
2       1.72420753333
4       1.72420753333
1       1.72420767083
2       1.72421979583
2       1.72423204167
2       1.72423395000
2       1.72444992083
4       1.72444993750
1       1.72445005833
2       1.72461950417
4       1.72461952500
1       1.72461964583
2       1.72463848333
2       1.72467058333
2       1.72486565833
4       1.72486567917
1       1.72486580000
2       1.72502762500
2       1.72527045000
4       1.72527046667
1       1.72527058750
2       1.72531845000
2       1.72535387500
2       1.72537040417
2       1.72537076250
2       1.72541880000
2       1.72542705833
2       1.72557377083
4       1.72557379167
1       1.72557391250
2       1.72577510000
4       1.72577511667
1       1.72577523750
2       1.72579601667
2       1.72585499167
2       1.72600803333
4       1.72600803333
1       1.72600817083
2       1.72603714583
2       1.72605007500
2       1.72605837500
2       1.72609252500
2       1.72615080000
2       1.72624479167
4       1.72624481250
1       1.72624493333
2       1.72633799583
2       1.72636441250
2       1.72647875000
4       1.72647877083
1       1.72647888750
2       1.72660891667
2       1.72661423333
2       1.72672945417
4       1.72672947500
1       1.72672959583
2       1.72680634583
2       1.72685959583
2       1.72690867500
2       1.72698614167
4       1.72698615833
1       1.72698627917
2       1.72703978333
2       1.72718651667
4       1.72718653750
1       1.72718665833
2       1.72744954167
4       1.72744955833
1       1.72744967917
2       1.72748993750
2       1.72752237500
2       1.72762309583
4       1.72762311667
1       1.72762323333
2       1.72788938333
4       1.72788938333
1       1.72788952083
2       1.72793249583
2       1.72803808750
2       1.72815640833
4       1.72815642500
1       1.72815654583
2       1.72828588333
2       1.72830977083
2       1.72844758750
4       1.72844760417
1       1.72844772500
2       1.72860125000
2       1.72864847500
4       1.72864849583
1       1.72864861667
2       1.72867649583
2       1.72868036667
2       1.72881850417
2       1.72886255417
4       1.72886255417
1       1.72886269167
2       1.72912291250
4       1.72912293333
1       1.72912305000
2       1.72920438333
2       1.72925904167
2       1.72934911667
4       1.72934913750
1       1.72934925417
2       1.72950250417
2       1.72950843333
2       1.72953197500
2       1.72957372083
4       1.72957373750
1       1.72957385833
2       1.72961337500
2       1.72965319167
2       1.72973069583
2       1.72977904583
4       1.72977904583
1       1.72977918333
2       1.72979561667
2       1.72985257917
2       1.72985291667
2       1.73006631250
4       1.73006632917
1       1.73006645000
2       1.73013820000
2       1.73016329583
2       1.73040012917
4       1.73040014583
1       1.73040026667
2       1.73052363333
2       1.73055609167
2       1.73056969167
2       1.73071909583
4       1.73071909583
1       1.73071923333
2       1.73072072500
2       1.73073042500
2       1.73078209167
2       1.73097046250
4       1.73097048333
1       1.73097060417
2       1.73097710000
2       1.73108148750
2       1.73110100833
2       1.73115003750
2       1.73127258333
4       1.73127258333
1       1.73127272083
2       1.73134144583
2       1.73141802083
2       1.73146766250
4       1.73146768333
1       1.73146780417
2       1.73178737917
4       1.73178739583
1       1.73178751667
2       1.73179364167
2       1.73187809167
2       1.73192510000
2       1.73202683333
4       1.73202685000
1       1.73202697083
2       1.73216388333
2       1.73219344167
2       1.73221821667
4       1.73221823333
1       1.73221835417
2       1.73230441250
2       1.73231926250
2       1.73234606667
2       1.73240072083
2       1.73248881250
4       1.73248882917
1       1.73248895000
2       1.73256633750
2       1.73257257500
2       1.73274955000
4       1.73274956667
1       1.73274968750
2       1.73285885833
2       1.73287867500
2       1.73295850833
4       1.73295852500
1       1.73295864583
2       1.73302570000
2       1.73314569167
4       1.73314570833
1       1.73314582917
2       1.73337185417
4       1.73337185417
1       1.73337199167
2       1.73338412083
2       1.73344346667
2       1.73346371250
2       1.73358154167
4       1.73358155833
1       1.73358167917
2       1.73362498750
2       1.73375147083
2       1.73381511250
4       1.73381513333
1       1.73381525000
2       1.73384352500
2       1.73404061667
4       1.73404063750
1       1.73404075833
2       1.73408036667
2       1.73415263333
2       1.73416950417
2       1.73418606667
2       1.73431357917
4       1.73431359583
1       1.73431371667
2       1.73439538333
2       1.73442288333
2       1.73452519167
4       1.73452521250
1       1.73452533333
2       1.73463722500
2       1.73489885000
4       1.73489886667
1       1.73489898750
2       1.73500586250
2       1.73506917500
2       1.73510187917
4       1.73510190000
1       1.73510201667
2       1.73512939167
2       1.73514393750
2       1.73524733750
2       1.73551724583
4       1.73551724583
1       1.73551738333
2       1.73552621667
2       1.73560372917
2       1.73561793333
2       1.73563589167
2       1.73584286667
4       1.73584288333
1       1.73584300417
2       1.73589053750
2       1.73608139583
4       1.73608141667
1       1.73608153750
2       1.73609103333
2       1.73615446250
2       1.73618608750
2       1.73621581667
2       1.73630625417
4       1.73630627500
1       1.73630639583
2       1.73645694583
2       1.73647555417
2       1.73648879583
2       1.73654307083
4       1.73654309167
1       1.73654321250
2       1.73664377500
2       1.73668150833
2       1.73670435417
2       1.73673292917
2       1.73673384583
2       1.73676532083
4       1.73676534167
1       1.73676545833
2       1.73685445000
2       1.73694422083
4       1.73694423750
1       1.73694435833
2       1.73699687500
2       1.73707137500
2       1.73710747917
2       1.73715390833
4       1.73715392917
1       1.73715405000
2       1.73718641667
2       1.73724759167
2       1.73751819167
4       1.73751821250
1       1.73751833333
2       1.73758783750
2       1.73770897083
4       1.73770898750
1       1.73770910833
2       1.73804159583
4       1.73804161667
1       1.73804173750
2       1.73818760417
2       1.73826041250
4       1.73826043333
1       1.73826055417
2       1.73833401667
2       1.73839494583
2       1.73842606667
2       1.73845533333
4       1.73845533333
1       1.73845547083
2       1.73846021250
2       1.73846850417
2       1.73855333333
2       1.73858447917
2       1.73861952083
2       1.73864207917
4       1.73864210000
1       1.73864222083
2       1.73874074167
2       1.73876032917
2       1.73879109583
2       1.73883191667
4       1.73883193333
1       1.73883205417
2       1.73892665833
2       1.73893613333
2       1.73899025000
2       1.73907697917
4       1.73907700000
1       1.73907712083
2       1.73932171250
4       1.73932173333
1       1.73932185417
2       1.73932202083
2       1.73933500417
2       1.73941653333
2       1.73949268750
2       1.73957981250
4       1.73957982917
1       1.73957995000
2       1.73963440000
2       1.73963678333
2       1.73982514583
4       1.73982516667
1       1.73982528750
2       1.73986289167
2       1.73987155000
2       1.73993003750
2       1.73994648750
2       1.73999949583
2       1.74001699167
4       1.74001701250
1       1.74001713333
2       1.74033690833
4       1.74033692917
1       1.74033705000
2       1.74052602500
4       1.74052604583
1       1.74052616667
2       1.74064866250
2       1.74073834167
4       1.74073835833
1       1.74073847917
2       1.74074926667
2       1.74085106250
2       1.74099944167
4       1.74099945833
1       1.74099957917
2       1.74102986667
2       1.74129387917
4       1.74129390000
1       1.74129402083
2       1.74133101667
2       1.74134724167
2       1.74148032917
4       1.74148034583
1       1.74148046667
2       1.74170597083
4       1.74170599167
1       1.74170611250
2       1.74170895000
2       1.74171484583
2       1.74209087083
4       1.74209088750
1       1.74209100833
2       1.74215607083
2       1.74215932917
2       1.74219382917
2       1.74222883333
2       1.74223122917
2       1.74225082500
2       1.74259826250
4       1.74259828333
1       1.74259840417
2       1.74267539167
2       1.74272412500
2       1.74277880417
4       1.74277880417
1       1.74277894167
2       1.74285206667
2       1.74289871667
2       1.74300663750
4       1.74300665833
1       1.74300677917
2       1.74305961250
2       1.74310567917
2       1.74312650833
2       1.74316197500
2       1.74317025000
2       1.74344453750
4       1.74344455833
1       1.74344467500
2       1.74350949167
2       1.74363068750
4       1.74363070833
1       1.74363082917
2       1.74370624167
2       1.74373831667
2       1.74382982500
4       1.74382982500
1       1.74382996250
2       1.74383140833
2       1.74388478333
2       1.74405367083
4       1.74405369167
1       1.74405380833
2       1.74405670833
2       1.74411298333
2       1.74426968333
4       1.74426970000
1       1.74426982083
2       1.74440513333
2       1.74440804583
2       1.74457872917
4       1.74457874583
1       1.74457886667
2       1.74460515417
2       1.74465743750
2       1.74489465833
4       1.74489467917
1       1.74489480000
2       1.74501818750
2       1.74506862917
4       1.74506865000
1       1.74506877083
2       1.74509242083
2       1.74514009583
2       1.74520240417
2       1.74551146250
4       1.74551148333
1       1.74551160417
2       1.74555813750
2       1.74561010000
2       1.74561141667
2       1.74562895833
2       1.74567071250
2       1.74569152083
2       1.74570416667
4       1.74570418750
1       1.74570430833
2       1.74573165000
2       1.74573955417
2       1.74585820000
2       1.74594432917
4       1.74594434583
1       1.74594446667
2       1.74600195417
2       1.74605065000
2       1.74614237083
4       1.74614239167
1       1.74614251250
2       1.74620296667
2       1.74632920417
4       1.74632920417
1       1.74632934167
2       1.74638382500
2       1.74654713750
4       1.74654715417
1       1.74654727500
2       1.74656636250
2       1.74705723750
4       1.74705725833
1       1.74705737500
2       1.74719507917
2       1.74720003750
2       1.74733148333
4       1.74733150417
1       1.74733162500
2       1.74743449167
2       1.74743846250
2       1.74750776250
4       1.74750777917
1       1.74750790000
2       1.74757068750
2       1.74757098750
2       1.74798702917
4       1.74798704583
1       1.74798716667
2       1.74802047083
2       1.74807245000
2       1.74811514167
2       1.74823375417
4       1.74823375417
1       1.74823389167
2       1.74825194167
2       1.74831754167
2       1.74838675000
2       1.74841555833
4       1.74841557917
1       1.74841570000
2       1.74843705833
2       1.74849575417
2       1.74870930000
4       1.74870932083
1       1.74870944167
2       1.74879114167
2       1.74899595000
4       1.74899597083
1       1.74899608750
2       1.74903301250
2       1.74915726667
2       1.74917074583
4       1.74917074583
1       1.74917088333
2       1.74918333750
2       1.74923205833
2       1.74925723750
2       1.74971195000
4       1.74971197083
1       1.74971209167
2       1.74974346250
2       1.74978095833
2       1.74979252083
2       1.74979786667
2       1.75005811250
4       1.75005812917
1       1.75005825000
2       1.75013995417
2       1.75014063333
2       1.75014457917
2       1.75016547917
2       1.75031656667
4       1.75031658750
1       1.75031670833
2       1.75053752083
4       1.75053754167
1       1.75053765833
2       1.75055077500
2       1.75056793333
2       1.75086972083
4       1.75086973750
1       1.75086985833
2       1.75087031667
2       1.75114022917
4       1.75114024583
1       1.75114036667
2       1.75114396250
2       1.75123033333
2       1.75135817500
4       1.75135817500
1       1.75135831250
2       1.75136087500
2       1.75137929583
2       1.75148240000
2       1.75155667500
4       1.75155669583
1       1.75155681250
2       1.75161453333
2       1.75172947917
2       1.75173377500
2       1.75182692917
4       1.75182694583
1       1.75182706667
2       1.75187225000
2       1.75197727500
2       1.75212444167
4       1.75212446250
1       1.75212458333
2       1.75224829167
2       1.75237444583
4       1.75237446667
1       1.75237458750
2       1.75240433333
2       1.75245193750
2       1.75248901250
2       1.75250790000
2       1.75265492083
4       1.75265493750
1       1.75265505833
2       1.75266050000
2       1.75268680417
2       1.75274115833
2       1.75276351667
2       1.75295015833
4       1.75295017917
1       1.75295030000
2       1.75298387500
2       1.75317074583
4       1.75317074583
1       1.75317088333
2       1.75321243750
2       1.75326078750
2       1.75326540417
2       1.75330478750
2       1.75331113333
2       1.75331182917
2       1.75371620417
4       1.75371622500
1       1.75371634583
2       1.75386995417
2       1.75391535833
4       1.75391537500
1       1.75391549583
2       1.75409722500
2       1.75411606667
4       1.75411608750
1       1.75411620417
2       1.75425910833
2       1.75441216250
4       1.75441218333
1       1.75441230000
2       1.75461348333
4       1.75461350417
1       1.75461362083
2       1.75472848333
2       1.75476651667
2       1.75481893750
4       1.75481895833
1       1.75481907500
2       1.75493874583
2       1.75498750000
2       1.75513388750
4       1.75513390833
1       1.75513402500
2       1.75537897500
4       1.75537899583
1       1.75537911667
2       1.75541907083
2       1.75546542500
2       1.75562683750
4       1.75562685833
1       1.75562697917
2       1.75564761667
2       1.75607794583
4       1.75607796667
1       1.75607808333
2       1.75619548750
2       1.75623254167
2       1.75625143333
4       1.75625143333
1       1.75625157083
2       1.75640979583
2       1.75654430000
4       1.75654431667
1       1.75654443750
2       1.75660212917
2       1.75667683333
2       1.75670387917
2       1.75716860833
4       1.75716862917
1       1.75716875000
2       1.75719145417
2       1.75734613333
2       1.75737336250
4       1.75737337917
1       1.75737350000
2       1.75739884167
2       1.75743428333
2       1.75744854167
2       1.75754320833
2       1.75771974167
4       1.75771976250
1       1.75771988333
2       1.75772248750
2       1.75779130833
2       1.75795759583
4       1.75795761667
1       1.75795773750
2       1.75807615417
2       1.75808784583
2       1.75816859583
4       1.75816859583
1       1.75816873333
2       1.75822324583
2       1.75848914583
4       1.75848916667
1       1.75848928750
2       1.75849118333
2       1.75853987500
2       1.75854956250
2       1.75857240000
2       1.75868032083
4       1.75868033750
1       1.75868045833
2       1.75880524583
2       1.75881083750
2       1.75887539167
4       1.75887540833
1       1.75887552917
2       1.75891155833
2       1.75893578333
2       1.75897915000
2       1.75904837500
2       1.75910433333
4       1.75910435417
1       1.75910447500
2       1.75926034583
2       1.75927190417
2       1.75936235833
4       1.75936237917
1       1.75936249583
2       1.75947434167
2       1.75959052917
4       1.75959055000
1       1.75959067083
2       1.75967407500
2       1.75970022917
2       1.75981944583
4       1.75981946667
1       1.75981958750
2       1.75986582083
2       1.75991186250
2       1.76019704167
4       1.76019705833
1       1.76019717917
2       1.76023010833
2       1.76026359583
2       1.76035610833
2       1.76037920000
4       1.76037922083
1       1.76037934167
2       1.76040308333
2       1.76041458750
2       1.76045635417
2       1.76048813750
2       1.76053652917
2       1.76076671667
4       1.76076673750
1       1.76076685417
2       1.76078396667
2       1.76098740417
4       1.76098742500
1       1.76098754167
2       1.76109827917
2       1.76116152500
2       1.76122125417
4       1.76122125417
1       1.76122139167
2       1.76122410833
2       1.76122718333
2       1.76128818750
2       1.76134045000
2       1.76141723333
4       1.76141725417
1       1.76141737500
2       1.76192282500
4       1.76192284583
1       1.76192296250
2       1.76218072500
4       1.76218074583
1       1.76218086667
2       1.76267360417
4       1.76267362500
1       1.76267374583
2       1.76270845000
2       1.76274085000
2       1.76277039167
2       1.76279319167
2       1.76337055833
4       1.76337057917
1       1.76337070000
2       1.76341530833
2       1.76344540833
2       1.76346399583
2       1.76348275833
2       1.76358615000
4       1.76358617083
1       1.76358629167
2       1.76360969583
2       1.76364250417
2       1.76380480000
4       1.76380481667
1       1.76380493750
2       1.76381272500
2       1.76383393750
2       1.76385013750
2       1.76393195000
2       1.76428239167
4       1.76428241250
1       1.76428253333
2       1.76437410000
2       1.76452119583
4       1.76452121667
1       1.76452133750
2       1.76457387083
2       1.76480240417
4       1.76480240417
1       1.76480254167
2       1.76488854583
2       1.76496441250
2       1.76507770000
4       1.76507771667
1       1.76507783750
2       1.76532407917
4       1.76532410000
1       1.76532422083
2       1.76534563333
2       1.76557254583
4       1.76557256667
1       1.76557268750
2       1.76562685417
2       1.76563116667
2       1.76584284167
4       1.76584286250
1       1.76584297917
2       1.76615932083
4       1.76615934167
1       1.76615945833
2       1.76617632917
2       1.76620121667
2       1.76632473333
2       1.76634165000
2       1.76634270833
2       1.76663810833
4       1.76663812500
1       1.76663824583
2       1.76664707500
2       1.76676663750
2       1.76682655000
4       1.76682656667
1       1.76682668750
2       1.76697399167
2       1.76698354583
2       1.76703925000
4       1.76703926667
1       1.76703938750
2       1.76706872500
2       1.76729390833
4       1.76729392500
1       1.76729404583
2       1.76772588333
4       1.76772588333
1       1.76772602083
2       1.76785402500
2       1.76792130000
4       1.76792132083
1       1.76792144167
2       1.76797297083
2       1.76801362083
2       1.76836120000
4       1.76836122083
1       1.76836134167
2       1.76836775833
2       1.76837402917
2       1.76866351667
4       1.76866353750
1       1.76866365833
2       1.76896796250
4       1.76896797917
1       1.76896810000
2       1.76907258333
2       1.76911935000
2       1.76916665000
4       1.76916666667
1       1.76916678750
2       1.76924652917
2       1.76937169583
4       1.76937171667
1       1.76937183750
2       1.76943932500
2       1.76944694167
2       1.76945220000
2       1.76947744583
2       1.76965298750
4       1.76965300417
1       1.76965312500
2       1.76973177917
2       1.76988642500
4       1.76988644583
1       1.76988656667
2       1.76992812500
2       1.76994970417
2       1.77009710000
4       1.77009712083
1       1.77009724167
2       1.77010043333
2       1.77015671667
2       1.77018388750
2       1.77056225000
4       1.77056226667
1       1.77056238750
2       1.77069991250
2       1.77075224583
4       1.77075226667
1       1.77075238750
2       1.77086388333
2       1.77088239583
2       1.77094571250
4       1.77094572917
1       1.77094585000
2       1.77095570000
2       1.77096131667
2       1.77098343333
2       1.77149521667
4       1.77149523333
1       1.77149535417
2       1.77152867500
2       1.77167935000
2       1.77169857083
4       1.77169858750
1       1.77169870833
2       1.77228352083
4       1.77228354167
1       1.77228366250
2       1.77231534167
2       1.77292183333
4       1.77292183333
1       1.77292197083
2       1.77303442083
2       1.77306390833
2       1.77379858333
4       1.77379860417
1       1.77379872500
2       1.77404763333
4       1.77404765417
1       1.77404777083
2       1.77424611667
4       1.77424613750
1       1.77424625833
2       1.77436269167
2       1.77482571250
4       1.77482573333
1       1.77482585417
2       1.77509241667
4       1.77509243750
1       1.77509255417
2       1.77524640833
2       1.77526197917
2       1.77539767083
4       1.77539769167
1       1.77539781250
2       1.77546531667
2       1.77549443333
2       1.77562571667
4       1.77562571667
1       1.77562585417
2       1.77572795833
2       1.77579327500
2       1.77586343333
4       1.77586345000
1       1.77586357083
2       1.77604102083
2       1.77618145417
4       1.77618147500
1       1.77618159583
2       1.77627254167
2       1.77630431250
2       1.77646397500
4       1.77646397500
1       1.77646411250
2       1.77658715417
2       1.77669018333
4       1.77669020417
1       1.77669032500
2       1.77669649583
2       1.77675614583
2       1.77705120417
4       1.77705122500
1       1.77705134583
2       1.77734629583
4       1.77734631667
1       1.77734643750
2       1.77735329167
2       1.77738279167
2       1.77753941250
2       1.77771135000
4       1.77771137083
1       1.77771149167
2       1.77775540417
2       1.77786289167
2       1.77786843750
2       1.77790047500
4       1.77790047500
1       1.77790061250
2       1.77810884167
4       1.77810886250
1       1.77810897917
2       1.77818638750
2       1.77835166667
4       1.77835168750
1       1.77835180417
2       1.77886644167
4       1.77886645833
1       1.77886657917
2       1.77889415417
2       1.77914589167
4       1.77914590833
1       1.77914602917
2       1.77930788333
2       1.77940537083
4       1.77940538750
1       1.77940550833
2       1.77940860000
2       1.77942278750
2       1.77964109583
4       1.77964109583
1       1.77964123333
2       1.77965366250
2       1.77973351250
2       1.77979839583
2       1.77986732500
4       1.77986732500
1       1.77986746250
2       1.77990937917
2       1.77996310417
2       1.78000610833
2       1.78001006667
2       1.78021343333
4       1.78021345417
1       1.78021357500
2       1.78022465000
2       1.78023101250
2       1.78043370000
4       1.78043371667
1       1.78043383750
2       1.78046747917
2       1.78048647083
2       1.78063744167
4       1.78063746250
1       1.78063758333
2       1.78070032500
2       1.78080108750
2       1.78080269583
2       1.78086702083
4       1.78086704167
1       1.78086716250
2       1.78099315833
2       1.78119359167
4       1.78119360833
1       1.78119372917
2       1.78123505417
2       1.78130789167
2       1.78131083750
2       1.78150568750
4       1.78150570833
1       1.78150582500
2       1.78164006667
2       1.78164402500
2       1.78167538750
2       1.78176395833
4       1.78176397500
1       1.78176409583
2       1.78187291667
2       1.78208428750
4       1.78208430417
1       1.78208442500
2       1.78229188750
4       1.78229190833
1       1.78229202917
2       1.78254195833
4       1.78254197917
1       1.78254210000
2       1.78259631250
2       1.78262778333
2       1.78315408333
4       1.78315410417
1       1.78315422500
2       1.78321069167
2       1.78326302083
2       1.78337444583
4       1.78337446667
1       1.78337458750
2       1.78339195833
2       1.78341515000
2       1.78350688750
2       1.78392153333
4       1.78392153333
1       1.78392167083
2       1.78405636667
2       1.78413387500
4       1.78413389583
1       1.78413401667
2       1.78470225417
4       1.78470227500
1       1.78470239583
2       1.78477777083
2       1.78485330833
2       1.78493348333
4       1.78493350417
1       1.78493362500
2       1.78499840417
2       1.78502719167
2       1.78533115417
4       1.78533115417
1       1.78533129167
2       1.78541702917
2       1.78547267083
2       1.78549292083
2       1.78558999167
4       1.78559001250
1       1.78559013333
2       1.78575055417
2       1.78583872500
4       1.78583874583
1       1.78583886667
2       1.78592443333
2       1.78597258333
2       1.78597325833
2       1.78600830000
2       1.78639680417
4       1.78639680417
1       1.78639694167
2       1.78666682917
4       1.78666684583
1       1.78666696667
2       1.78672445000
2       1.78677845417
2       1.78691287917
4       1.78691290000
1       1.78691302083
2       1.78704236250
2       1.78720902917
4       1.78720905000
1       1.78720917083
2       1.78746238750
4       1.78746240833
1       1.78746252917
2       1.78756076667
2       1.78760584583
2       1.78782177917
4       1.78782180000
1       1.78782192083
2       1.78784197083
2       1.78785024167
2       1.78798274167
2       1.78820367500
4       1.78820369583
1       1.78820381667
2       1.78824437083
2       1.78831123750
2       1.78839544583
4       1.78839546667
1       1.78839558750
2       1.78846266250
2       1.78849290000
2       1.78868062917
4       1.78868064583
1       1.78868076667
2       1.78897018333
4       1.78897020000
1       1.78897032083
2       1.78928049167
4       1.78928051250
1       1.78928063333
2       1.78978665000
4       1.78978667083
1       1.78978679167
2       1.78994085417
2       1.79020635000
4       1.79020637083
1       1.79020648750
2       1.79043351667
4       1.79043353333
1       1.79043365417
2       1.79062924167
4       1.79062926250
1       1.79062938333
2       1.79080079167
2       1.79092897083
4       1.79092899167
1       1.79092911250
2       1.79095381250
2       1.79104655000
2       1.79110949167
4       1.79110950833
1       1.79110962917
2       1.79112840833
2       1.79143781667
4       1.79143783750
1       1.79143795833
2       1.79148549167
2       1.79170110000
4       1.79170111667
1       1.79170123750
2       1.79170969583
2       1.79191737083
4       1.79191738750
1       1.79191750833
2       1.79199854167
2       1.79212078750
4       1.79212080833
1       1.79212092500
2       1.79216448333
2       1.79221357083
2       1.79221482917
2       1.79240127500
4       1.79240127500
1       1.79240141250
2       1.79244774167
2       1.79245234167
2       1.79271102500
4       1.79271102500
1       1.79271116250
2       1.79274886250
2       1.79280901250
2       1.79281235417
2       1.79292595000
4       1.79292597083
1       1.79292609167
2       1.79293298333
2       1.79302865417
2       1.79304823750
2       1.79313764167
4       1.79313766250
1       1.79313778333
2       1.79343306250
4       1.79343308333
1       1.79343320000
2       1.79345890833
2       1.79372955833
4       1.79372957500
1       1.79372969583
2       1.79382125417
2       1.79394280417
4       1.79394280417
1       1.79394294167
2       1.79409620000
2       1.79421541667
4       1.79421541667
1       1.79421555417
2       1.79421780417
2       1.79424488333
2       1.79431209583
2       1.79445696250
4       1.79445697917
1       1.79445710000
2       1.79449062500
2       1.79478811667
4       1.79478813750
1       1.79478825833
2       1.79487819583
2       1.79504055000
4       1.79504057083
1       1.79504069167
2       1.79512307083
2       1.79514322917
2       1.79519917083
2       1.79532347083
4       1.79532349167
1       1.79532361250
2       1.79552055417
4       1.79552055417
1       1.79552069167
2       1.79560228750
2       1.79576365833
4       1.79576367500
1       1.79576379583
2       1.79581593333
2       1.79584112917
2       1.79584973333
2       1.79596505417
4       1.79596507500
1       1.79596519583
2       1.79615577500
2       1.79625879167
4       1.79625881250
1       1.79625892917
2       1.79640516667
2       1.79641350000
2       1.79645657500
4       1.79645659583
1       1.79645671667
2       1.79659969583
2       1.79663872500
2       1.79672847500
4       1.79672847500
1       1.79672861250
2       1.79676620000
2       1.79709580000
4       1.79709582083
1       1.79709594167
2       1.79722723333
2       1.79735149583
4       1.79735151667
1       1.79735163750
2       1.79742902500
2       1.79764071250
4       1.79764072917
1       1.79764085000
2       1.79768972500
2       1.79780498333
2       1.79789860833
4       1.79789862500
1       1.79789874583
2       1.79797229583
2       1.79827792083
4       1.79827794167
1       1.79827806250
2       1.79857798750
4       1.79857800833
1       1.79857812917
2       1.79872183750
2       1.79872871250
2       1.79880928333
4       1.79880928333
1       1.79880942083
2       1.79889535833
2       1.79894967917
2       1.79926242083
4       1.79926243750
1       1.79926255833
2       1.79936374583
2       1.79939160000
2       1.79955784167
4       1.79955786250
1       1.79955798333
2       1.79956081250
2       1.79966480000
2       1.79974832917
2       1.79985953333
4       1.79985953333
1       1.79985967083
2       1.79992771667
2       1.80004707917
4       1.80004710000
1       1.80004721667
2       1.80020378333
2       1.80024115417
4       1.80024115417
1       1.80024129167
2       1.80035475833
2       1.80035808750
2       1.80037367917
2       1.80037702083
2       1.80045719583
4       1.80045719583
1       1.80045733333
2       1.80049948333
2       1.80055176667
2       1.80068864167
4       1.80068866250
1       1.80068877917
2       1.80081048333
2       1.80106552917
4       1.80106555000
1       1.80106567083
2       1.80113312500
2       1.80135470833
4       1.80135472500
1       1.80135484583
2       1.80169919583
4       1.80169919583
1       1.80169933333
2       1.80180756250
2       1.80183093750
2       1.80190658333
4       1.80190660417
1       1.80190672500
2       1.80192807500
2       1.80194333750
2       1.80197446667
2       1.80204205833
2       1.80217325000
4       1.80217327083
1       1.80217339167
2       1.80226325833
2       1.80232188333
2       1.80245544583
4       1.80245546667
1       1.80245558750
2       1.80258256250
2       1.80265574167
4       1.80265575833
1       1.80265587917
2       1.80286150000
4       1.80286152083
1       1.80286163750
2       1.80301613333
2       1.80303502500
2       1.80316322083
4       1.80316323750
1       1.80316335833
2       1.80326895417
2       1.80327219167
2       1.80328450417
2       1.80332627083
2       1.80353255417
4       1.80353257500
1       1.80353269583
2       1.80358021250
2       1.80377636250
4       1.80377637917
1       1.80377650000
2       1.80401817500
4       1.80401819583
1       1.80401831250
2       1.80424410417
4       1.80424410417
1       1.80424424167
2       1.80435999583
2       1.80438108750
2       1.80454744167
4       1.80454746250
1       1.80454758333
2       1.80460415417
2       1.80463922917
2       1.80511852500
4       1.80511854583
1       1.80511866667
2       1.80514289583
2       1.80514995417
2       1.80526021667
2       1.80540600000
4       1.80540601667
1       1.80540613750
2       1.80544139167
2       1.80546857917
2       1.80562823333
4       1.80562825417
1       1.80562837500
2       1.80566436667
2       1.80567552083
2       1.80588397083
4       1.80588399167
1       1.80588411250
2       1.80592928333
2       1.80595550000
2       1.80600024583
2       1.80617669583
4       1.80617671667
1       1.80617683750
2       1.80653542500
4       1.80653542500
1       1.80653556250
2       1.80655927083
2       1.80656887917
2       1.80683724167
4       1.80683725833
1       1.80683737917
2       1.80692561250
2       1.80697795833
2       1.80701407917
2       1.80702399167
2       1.80702827500
2       1.80709751250
4       1.80709752917
1       1.80709765000
2       1.80732814583
4       1.80732816667
1       1.80732828333
2       1.80752582917
2       1.80764804583
4       1.80764804583
1       1.80764818333
2       1.80767426250
2       1.80772722083
2       1.80777954583
2       1.80779375417
2       1.80780112917
2       1.80782757083
2       1.80785052500
4       1.80785052500
1       1.80785066250
2       1.80787557083
2       1.80790805833
2       1.80793409583
2       1.80799515417
2       1.80835127500
4       1.80835127500
1       1.80835141250
2       1.80840134167
2       1.80844232500
2       1.80850687083
2       1.80864010000
4       1.80864012083
1       1.80864024167
2       1.80874675833
2       1.80890575833
4       1.80890577917
1       1.80890590000
2       1.80894681667
2       1.80895876250
2       1.80902992083
2       1.80907630417
2       1.80909846250
4       1.80909848333
1       1.80909860417
2       1.80936415833
4       1.80936417917
1       1.80936430000
2       1.80950983333
2       1.80952089167
2       1.80959738333
4       1.80959740417
1       1.80959752083
2       1.80960462917
2       1.80963115833
2       1.80984930000
4       1.80984932083
1       1.80984944167
2       1.80988316250
2       1.80990168333
2       1.80999443750
2       1.81041351667
4       1.81041353750
1       1.81041365833
2       1.81055456667
2       1.81055988750
2       1.81082682917
4       1.81082685000
1       1.81082696667
2       1.81085007917
2       1.81095431667
2       1.81097857500
2       1.81114873333
4       1.81114875417
1       1.81114887083
2       1.81117958750
2       1.81122925000
2       1.81135113333
4       1.81135113333
1       1.81135127083
2       1.81143295833
2       1.81149463333
2       1.81154988333
4       1.81154990000
1       1.81155002083
2       1.81158563750
2       1.81168039583
2       1.81177081667
4       1.81177083750
1       1.81177095833
2       1.81186428750
2       1.81203186667
4       1.81203188750
1       1.81203200417
2       1.81210594167
2       1.81219548333
2       1.81219842083
2       1.81226070000
4       1.81226072083
1       1.81226083750
2       1.81235017083
2       1.81241940000
2       1.81271757500
4       1.81271757500
1       1.81271771250
2       1.81277076250
2       1.81284195833
2       1.81299441250
4       1.81299442917
1       1.81299455000
2       1.81300332500
2       1.81302250833
2       1.81306690000
2       1.81309174167
2       1.81320810000
4       1.81320812083
1       1.81320824167
2       1.81351614167
4       1.81351616250
1       1.81351628333
2       1.81354791250
2       1.81358599167
2       1.81375295833
4       1.81375297500
1       1.81375309583
2       1.81376814167
2       1.81377111250
2       1.81380656667
2       1.81391883333
2       1.81392615417
4       1.81392615417
1       1.81392629167
2       1.81394332083
2       1.81401254167
2       1.81413608750
4       1.81413610417
1       1.81413622500
2       1.81424143750
2       1.81456671250
4       1.81456673333
1       1.81456685417
2       1.81459785000
2       1.81462497917
2       1.81463125417
2       1.81472569583
2       1.81485094167
4       1.81485095833
1       1.81485107917
2       1.81487404167
2       1.81496889583
2       1.81500886250
2       1.81514836667
4       1.81514838333
1       1.81514850417
2       1.81531497917
2       1.81539744583
4       1.81539744583
1       1.81539758333
2       1.81543592917
2       1.81551038750
2       1.81554417500
2       1.81592140833
4       1.81592142500
1       1.81592154583
2       1.81594196250
2       1.81612245833
4       1.81612247917
1       1.81612259583
2       1.81622024167
2       1.81632581250
4       1.81632583333
1       1.81632595417
2       1.81651733750
4       1.81651735833
1       1.81651747917
2       1.81660477083
2       1.81663688750
2       1.81666566667
2       1.81671205833
4       1.81671207917
1       1.81671220000
2       1.81702516250
4       1.81702518333
1       1.81702530000
2       1.81712078750
2       1.81726555000
4       1.81726556667
1       1.81726568750
2       1.81727751667
2       1.81734874167
2       1.81736364167
2       1.81754314167
4       1.81754316250
1       1.81754328333
2       1.81765510417
2       1.81787600833
4       1.81787602500
1       1.81787614583
2       1.81806245833
4       1.81806247917
1       1.81806260000
2       1.81819299583
2       1.81836887500
4       1.81836887500
1       1.81836901250
2       1.81838244583
2       1.81847549583
2       1.81853186667
2       1.81853222083
2       1.81856625833
4       1.81856627500
1       1.81856639583
2       1.81882199583
4       1.81882199583
1       1.81882213333
2       1.81911054583
4       1.81911054583
1       1.81911068333
2       1.81929792917
4       1.81929795000
1       1.81929806667
2       1.81935258750
2       1.81957090417
4       1.81957092500
1       1.81957104583
2       1.81985910000
4       1.81985912083
1       1.81985923750
2       1.81999028750
2       1.82002996667
2       1.82017010833
4       1.82017012917
1       1.82017025000
2       1.82021481667
2       1.82027541250
2       1.82038807917
4       1.82038810000
1       1.82038822083
2       1.82044562500
2       1.82045003750
2       1.82061468333
4       1.82061470417
1       1.82061482500
2       1.82073679167
2       1.82094223750
4       1.82094225417
1       1.82094237500
2       1.82103662500
2       1.82149934167
4       1.82149936250
1       1.82149948333
2       1.82166156667
2       1.82200641250
4       1.82200643333
1       1.82200655417
2       1.82205377083
2       1.82206668333
2       1.82229055833
4       1.82229057500
1       1.82229069583
2       1.82231177083
2       1.82269444167
4       1.82269445833
1       1.82269457917
2       1.82291602917
4       1.82291605000
1       1.82291617083
2       1.82293820000
2       1.82294810833
2       1.82295336250
2       1.82305043750
2       1.82311337083
4       1.82311339167
1       1.82311351250
2       1.82320613750
2       1.82321276250
2       1.82333958333
4       1.82333960417
1       1.82333972500
2       1.82349257083
2       1.82358699583
4       1.82358699583
1       1.82358713333
2       1.82359502917
2       1.82363082917
2       1.82380597083
4       1.82380599167
1       1.82380611250
2       1.82385761667
2       1.82396028750
2       1.82400113333
4       1.82400115417
1       1.82400127500
2       1.82417065000
2       1.82427298333
4       1.82427300417
1       1.82427312500
2       1.82431967500
2       1.82449720833
4       1.82449722500
1       1.82449734583
2       1.82456481667
2       1.82462082083
2       1.82485662083
4       1.82485663750
1       1.82485675833
2       1.82490629583
2       1.82491995000
2       1.82494512917
2       1.82498842917
2       1.82501557917
2       1.82507027500
4       1.82507029583
1       1.82507041667
2       1.82507423750
2       1.82519145417
2       1.82523895000
2       1.82528170833
4       1.82528172500
1       1.82528184583
2       1.82530148333
2       1.82547665000
4       1.82547667083
1       1.82547679167
2       1.82558404583
2       1.82575529583
4       1.82575531667
1       1.82575543333
2       1.82595762083
4       1.82595764167
1       1.82595776250
2       1.82632395000
2       1.82651704583
4       1.82651706667
1       1.82651718333
2       1.82655951250
2       1.82664487917
2       1.82669560000
2       1.82672704583
4       1.82672706667
1       1.82672718750
2       1.82676480833
2       1.82688800417
2       1.82689838333
2       1.82692121667
4       1.82692123750
1       1.82692135417
2       1.82709243333
2       1.82719504583
4       1.82719504583
1       1.82719518333
2       1.82731571667
2       1.82758863750
4       1.82758865833
1       1.82758877917
2       1.82758992083
2       1.82760345417
2       1.82781847917
4       1.82781849583
1       1.82781861667
2       1.82789166250
2       1.82815927083
4       1.82815929167
1       1.82815941250
2       1.82838756250
4       1.82838758333
1       1.82838770417
2       1.82843918333
2       1.82866903333
4       1.82866903333
1       1.82866917083
2       1.82882580417
2       1.82902551667
4       1.82902553333
1       1.82902565417
2       1.82904800833
2       1.82928416250
4       1.82928417917
1       1.82928430000
2       1.82936655000
2       1.82937328333
2       1.82952528333
4       1.82952528333
1       1.82952542083
2       1.82963587917
2       1.82980450417
4       1.82980450417
1       1.82980464167
2       1.83005124167
4       1.83005126250
1       1.83005138333
2       1.83020857083
2       1.83025830417
4       1.83025830417
1       1.83025844167
2       1.83072861667
4       1.83072863333
1       1.83072875417
2       1.83086308750
2       1.83099030833
4       1.83099032917
1       1.83099045000
2       1.83119234167
4       1.83119235833
1       1.83119247917
2       1.83131187917
2       1.83145233750
4       1.83145235417
1       1.83145247500
2       1.83145624583
2       1.83174380833
4       1.83174382500
1       1.83174394583
2       1.83189188750
2       1.83191602083
2       1.83202498750
4       1.83202500833
1       1.83202512500
2       1.83209765417
2       1.83212211667
2       1.83244941667
4       1.83244943750
1       1.83244955833
2       1.83267918750
4       1.83267920417
1       1.83267932500
2       1.83274410417
2       1.83275469167
2       1.83280110000
2       1.83282266667
2       1.83285144583
2       1.83285782083
2       1.83286834583
4       1.83286834583
1       1.83286848333
2       1.83307127083
4       1.83307128750
1       1.83307140833
2       1.83322474167
2       1.83329594167
4       1.83329596250
1       1.83329608333
2       1.83334136250
2       1.83347611250
4       1.83347612917
1       1.83347625000
2       1.83354379583
2       1.83362851667
2       1.83422107083
4       1.83422108750
1       1.83422120833
2       1.83433802917
2       1.83435161667
2       1.83436882917
2       1.83447977083
4       1.83447979167
1       1.83447991250
2       1.83451058333
2       1.83455138750
2       1.83463609583
2       1.83478516667
4       1.83478518333
1       1.83478530417
2       1.83491925000
2       1.83494643750
2       1.83507764583
4       1.83507764583
1       1.83507778333
2       1.83521702500
2       1.83528037917
4       1.83528040000
1       1.83528052083
2       1.83529066250
2       1.83529686250
2       1.83545621250
4       1.83545623333
1       1.83545635417
2       1.83548568750
2       1.83552974167
2       1.83554629583
2       1.83574405833
4       1.83574407917
1       1.83574419583
2       1.83580000833
2       1.83584640000
2       1.83596561250
4       1.83596563333
1       1.83596575417
2       1.83602031667
2       1.83605873333
2       1.83609219167
2       1.83609753750
2       1.83614185000
2       1.83628658750
4       1.83628660417
1       1.83628672500
2       1.83655126667
4       1.83655128333
1       1.83655140417
2       1.84249906667
4       1.84249908333
1       1.84249920417
2       1.84265910417
2       1.84269415000
2       1.84275895000
4       1.84275897083
1       1.84275909167
2       1.84278762917
2       1.84279062083
2       1.84317247083
4       1.84317248750
1       1.84317260833
2       1.84323677917
2       1.84324573333
2       1.84325824583
2       1.84328020417
2       1.84332351250
2       1.84337291250
4       1.84337293333
1       1.84337305000
2       1.84341695833
2       1.84355867083
4       1.84355868750
1       1.84355880833
2       1.84388237083
4       1.84388238750
1       1.84388250833
2       1.84388867917
2       1.84389782083
2       1.84400984583
2       1.84407345000
4       1.84407347083
1       1.84407359167
2       1.84450235833
4       1.84450237500
1       1.84450249583
2       1.84450818750
2       1.84478160833
4       1.84478162500
1       1.84478174583
2       1.84488193750
2       1.84526225417
4       1.84526227500
1       1.84526239583
2       1.84533505417
2       1.84544997500
2       1.84545128333
4       1.84545130000
1       1.84545142083
2       1.84554477083
2       1.84556360417
2       1.84572689167
4       1.84572691250
1       1.84572703333
2       1.84592267083
4       1.84592268750
1       1.84592280833
2       1.84604191250
2       1.84607828750
2       1.84617547917
4       1.84617549583
1       1.84617561667
2       1.84619628333
2       1.84628894167
2       1.84642455417
4       1.84642457500
1       1.84642469167
2       1.84654339167
2       1.84654968333
2       1.84656699167
2       1.84657392083
2       1.84669805000
4       1.84669806667
1       1.84669818750
2       1.84676969583
2       1.84685879167
2       1.84710315000
4       1.84710317083
1       1.84710329167
2       1.84715812500
2       1.84734033750
4       1.84734035833
1       1.84734047917
2       1.84744299583
2       1.84760300417
4       1.84760300417
1       1.84760314167
2       1.84768808750
2       1.84790833333
4       1.84790833333
1       1.84790847083
2       1.84819189167
4       1.84819191250
1       1.84819203333
2       1.84834329167
2       1.84843106250
4       1.84843107917
1       1.84843120000
2       1.84847439583
2       1.84848501250
2       1.84855854583
2       1.84859905417
2       1.84865137083
4       1.84865139167
1       1.84865151250
2       1.84907855833
4       1.84907857917
1       1.84907870000
2       1.84933566250
4       1.84933568333
1       1.84933580417
2       1.84938297083
2       1.84971023750
4       1.84971025833
1       1.84971037917
2       1.84993677500
4       1.84993679583
1       1.84993691250
2       1.85011109583
2       1.85025544583
4       1.85025546667
1       1.85025558750
2       1.85039197083
2       1.85042144167
2       1.85045679167
4       1.85045681250
1       1.85045692917
2       1.85059923333
2       1.85085504583
4       1.85085506667
1       1.85085518750
2       1.85095797500
2       1.85108049167
4       1.85108051250
1       1.85108063333
2       1.85145711667
4       1.85145713333
1       1.85145725417
2       1.85152273750
2       1.85181387083
4       1.85181388750
1       1.85181400833
2       1.85185788333
2       1.85192483333
2       1.85244681250
4       1.85244682917
1       1.85244695000
2       1.85252630417
2       1.85254554583
2       1.85258365000
2       1.85261669167
2       1.85266124167
4       1.85266125833
1       1.85266137917
2       1.85822610000
4       1.85822611667
1       1.85822623750
2       1.85834336250
2       1.85835723333
2       1.85838473750
2       1.85839734583
2       1.85862390000
4       1.85862391667
1       1.85862403750
2       1.85871893750
2       1.85874251667
2       1.85879017917
2       1.85881501250
4       1.85881502917
1       1.85881515000
2       1.85889355000
2       1.85892404583
2       1.85900053333
2       1.85913564167
4       1.85913565833
1       1.85913577917
2       1.85913732917
2       1.85919528750
2       1.85921456250
2       1.85921709583
2       1.85929135000
2       1.85929401250
2       1.85930123333
2       1.85934046250
4       1.85934047917
1       1.85934060000
2       1.85938477917
2       1.85938606667
2       1.85947545833
2       1.85948910417
2       1.85951200000
2       1.85954638750
4       1.85954640833
1       1.85954652917
2       1.85969969583
2       1.85992590833
4       1.85992592500
1       1.85992604583
2       1.86025619167
4       1.86025621250
1       1.86025633333
2       1.86029127917
2       1.86051421667
4       1.86051423333
1       1.86051435417
2       1.86062024583
2       1.86070042917
2       1.86072389167
4       1.86072390833
1       1.86072402917
2       1.86073879583
2       1.86076203333
2       1.86089309583
2       1.86091834583
4       1.86091834583
1       1.86091848333
2       1.86092260000
2       1.86092435000
2       1.86092458750
2       1.86096077083
2       1.86105743333
2       1.86122765417
4       1.86122767500
1       1.86122779583
2       1.86129958750
2       1.86142250417
2       1.86173909167
4       1.86173910833
1       1.86173922917
2       1.86174743333
2       1.86192232083
2       1.86196937500
4       1.86196939583
1       1.86196951250
2       1.86210320833
2       1.86226972500
4       1.86226972500
1       1.86226986250
2       1.86250757083
4       1.86250758750
1       1.86250770833
2       1.86267649583
2       1.86292364583
4       1.86292366667
1       1.86292378750
2       1.86302429167
2       1.86307563333
2       1.86313355833
4       1.86313357917
1       1.86313370000
2       1.86321901667
2       1.86326302917
2       1.86327235000
2       1.86334158333
4       1.86334160000
1       1.86334172083
2       1.86341638750
2       1.86376918750
4       1.86376920417
1       1.86376932500
2       1.86379115833
2       1.86383141667
2       1.86392050417
2       1.86392323333
2       1.86411495417
4       1.86411497500
1       1.86411509583
2       1.86411933750
2       1.86420109583
2       1.86429911667
2       1.86432461250
4       1.86432462917
1       1.86432475000
2       1.86434024583
2       1.86436507500
2       1.86488348750
4       1.86488350417
1       1.86488362500
2       1.86493249167
2       1.86493646250
2       1.86509939167
4       1.86509940833
1       1.86509952917
2       1.86518647500
2       1.86520244583
2       1.86523424167
2       1.86524354167
2       1.86535544167
4       1.86535546250
1       1.86535557917
2       1.86538889167
2       1.86577174583
4       1.86577174583
1       1.86577188333
2       1.86600898333
4       1.86600900417
1       1.86600912500
2       1.86601892500
2       1.86605734167
2       1.86610435417
2       1.86617259583
2       1.86625635000
4       1.86625636667
1       1.86625648750
2       1.86654043750
4       1.86654045417
1       1.86654057500
2       1.86672377917
4       1.86672380000
1       1.86672391667
2       1.86677875417
2       1.86713508333
4       1.86713510417
1       1.86713522500
2       1.86723914583
2       1.86726565000
2       1.86726933750
2       1.86728411667
2       1.86730500833
2       1.86732425833
2       1.86752925000
4       1.86752926667
1       1.86752938750
2       1.86753062083
2       1.86757666250
2       1.86808245417
4       1.86808247500
1       1.86808259167
2       1.86809401250
2       1.86828053333
2       1.86829677500
4       1.86829679583
1       1.86829691667
2       1.86831989167
2       1.86840742917
2       1.86860412917
4       1.86860414583
1       1.86860426667
2       1.86863955000
2       1.86869152500
2       1.86873561667
2       1.86890391250
4       1.86890392917
1       1.86890405000
2       1.86898242083
2       1.86904499167
2       1.86908310000
2       1.86916684167
4       1.86916686250
1       1.86916698333
2       1.86922981250
2       1.86930175833
2       1.86964846667
4       1.86964848333
1       1.86964860417
2       1.86978618333
2       1.86986209583
4       1.86986209583
1       1.86986223333
2       1.86987305417
2       1.86997271250
2       1.87017875417
4       1.87017877500
1       1.87017889583
2       1.87030858750
2       1.87033149167
2       1.87062433333
4       1.87062435417
1       1.87062447500
2       1.87111647500
4       1.87111649583
1       1.87111661667
2       1.87112273750
2       1.87122275833
2       1.87141387083
4       1.87141388750
1       1.87141400833
2       1.87159838750
4       1.87159840417
1       1.87159852500
2       1.87161130417
2       1.87173520000
2       1.87178186667
2       1.87182260833
4       1.87182262917
1       1.87182275000
2       1.87184453750
2       1.87198030000
2       1.87200788333
4       1.87200788333
1       1.87200802083
2       1.87208332500
2       1.87213103333
2       1.87238737083
4       1.87238739167
1       1.87238750833
2       1.87252418750
2       1.87254272083
2       1.87265901250
4       1.87265902917
1       1.87265915000
2       1.87275970000
2       1.87302274583
4       1.87302274583
1       1.87302288333
2       1.87320318333
2       1.87328892083
4       1.87328894167
1       1.87328906250
2       1.87348837083
4       1.87348838750
1       1.87348850833
2       1.87356354167
2       1.87367949583
2       1.87378086667
4       1.87378088750
1       1.87378100833
2       1.87381591250
2       1.87390712500
2       1.87404053333
4       1.87404055417
1       1.87404067500
2       1.87440759167
4       1.87440761250
1       1.87440773333
2       1.87461030000
4       1.87461031667
1       1.87461043750
2       1.87465065000
2       1.87475862917
2       1.87491670417
4       1.87491670417
1       1.87491684167
2       1.87494319167
2       1.87520249583
4       1.87520251667
1       1.87520263750
2       1.87533590833
2       1.87544090833
4       1.87544092500
1       1.87544104583
2       1.87547440000
2       1.87552042083
2       1.87552445833
2       1.87554860833
2       1.87568404583
4       1.87568404583
1       1.87568418333
2       1.87571029583
2       1.87572079583
2       1.87575833333
2       1.87580431250
2       1.87587861667
4       1.87587861667
1       1.87587875417
2       1.87598484583
2       1.87606563333
4       1.87606565417
1       1.87606577083
2       1.87622326250
2       1.87624522500
2       1.87646080833
4       1.87646082917
1       1.87646095000
2       1.87658005417
2       1.87675173750
4       1.87675175417
1       1.87675187500
2       1.87679137083
2       1.87685661250
2       1.87688980417
2       1.87711265417
4       1.87711267500
1       1.87711279583
2       1.87721334583
2       1.87725809167
2       1.87728258333
2       1.87749456250
4       1.87749457917
1       1.87749470000
2       1.87769867083
4       1.87769869167
1       1.87769881250
2       1.87786786250
2       1.87789270000
2       1.87805441250
4       1.87805443333
1       1.87805455417
2       1.87817155417
2       1.87831829167
4       1.87831830833
1       1.87831842917
2       1.87835784167
2       1.87847560833
2       1.87865615833
4       1.87865617500
1       1.87865629583
2       1.87867106250
2       1.87898445000
4       1.87898446667
1       1.87898458750
2       1.87901007083
2       1.87901849167
2       1.87919936667
4       1.87919938750
1       1.87919950833
2       1.87924585000
2       1.87939055833
2       1.87945937083
4       1.87945939167
1       1.87945951250
2       1.87953631250
2       1.87953893750
2       1.87963266667
2       1.87965681250
2       1.87966282917
2       1.87969433750
4       1.87969435833
1       1.87969447917
2       1.87984265000
2       1.87989130833
4       1.87989132917
1       1.87989145000
2       1.88000960417
2       1.88022092500
4       1.88022094583
1       1.88022106667
2       1.88026527917
2       1.88031330000
2       1.88032355417
2       1.88047227500
4       1.88047227500
1       1.88047241250
2       1.88056276667
2       1.88061304167
2       1.88069550417
4       1.88069552500
1       1.88069564583
2       1.88078236667
2       1.88084459167
2       1.88084824583
2       1.88096220000
4       1.88096222083
1       1.88096234167
2       1.88097141667
2       1.88120332500
4       1.88120332500
1       1.88120346250
2       1.88123376667
2       1.88124574583
2       1.88125101667
2       1.88126989583
2       1.88132392500
2       1.88150042500
4       1.88150044583
1       1.88150056250
2       1.88150437083
2       1.88160683333
2       1.88163597500
2       1.88166704583
2       1.88170253750
4       1.88170255417
1       1.88170267500
2       1.88201152500
4       1.88201152500
1       1.88201166250
2       1.88201413750
2       1.88211389583
2       1.88213110000
2       1.88215131250
2       1.88215257917
2       1.88237088750
4       1.88237090833
1       1.88237102917
2       1.88238940000
2       1.88258686250
4       1.88258688333
1       1.88258700417
2       1.88270279167
2       1.88278800833
4       1.88278802917
1       1.88278814583
2       1.88279022083
2       1.88285649583
2       1.88286999583
2       1.88292401667
2       1.88297505833
4       1.88297507917
1       1.88297520000
2       1.88298527917
2       1.88316984167
2       1.88317841250
4       1.88317843333
1       1.88317855000
2       1.88332987083
2       1.88338183333
4       1.88338185417
1       1.88338197500
2       1.88343780000
2       1.88344242083
2       1.88347456250
2       1.88353684583
2       1.88355437500
2       1.88356824167
2       1.88356860417
2       1.88363926667
4       1.88363928750
1       1.88363940833
2       1.88366265000
2       1.88369678750
2       1.88374015833
2       1.88376532917
2       1.88396502917
4       1.88396504583
1       1.88396516667
2       1.88396849583
2       1.88420457917
4       1.88420459583
1       1.88420471667
2       1.88479744583
4       1.88479744583
1       1.88479758333
2       1.88482433750
2       1.88502010833
4       1.88502012500
1       1.88502024583
2       1.88505745833
2       1.88512543333
2       1.88514030417
2       1.88551427917
4       1.88551429583
1       1.88551441667
2       1.88570006250
4       1.88570008333
1       1.88570020417
2       1.88572594583
2       1.88579211250
2       1.88588190417
4       1.88588192500
1       1.88588204167
2       1.88591333333
2       1.88601998750
2       1.88607533750
4       1.88607535417
1       1.88607547500
2       1.88609256667
2       1.88616672500
2       1.88617104167
2       1.88663872083
4       1.88663873750
1       1.88663885833
2       1.88665002500
2       1.88667885833
2       1.88676095833
2       1.88699415833
4       1.88699417500
1       1.88699429583
2       1.88711505000
2       1.88723564167
4       1.88723565833
1       1.88723577917
2       1.88728489167
2       1.88744626250
4       1.88744627917
1       1.88744640000
2       1.88749365417
2       1.88773570833
4       1.88773572500
1       1.88773584583
2       1.88776229167
2       1.88777760417
2       1.88793619583
4       1.88793619583
1       1.88793633333
2       1.88795871667
2       1.88803754167
2       1.88815578750
4       1.88815580417
1       1.88815592500
2       1.88827937500
2       1.88836976250
4       1.88836977917
1       1.88836990000
2       1.88837906667
2       1.88849300417
2       1.88863476667
4       1.88863478333
1       1.88863490417
2       1.88867544583
2       1.88870760417
2       1.88874937083
2       1.88878279167
2       1.88884281667
4       1.88884283750
1       1.88884295833
2       1.88885365000
2       1.88901958750
2       1.88902295417
2       1.88906270000
4       1.88906272083
1       1.88906284167
2       1.88948802083
4       1.88948803750
1       1.88948815833
2       1.88954365833
2       1.88960358333
2       1.88964269167
2       1.88971159583
4       1.88971159583
1       1.88971173333
2       1.88973772083
2       1.88979725417
2       1.88994000833
4       1.88994002917
1       1.88994015000
2       1.89006430417
2       1.89021802917
4       1.89021804583
1       1.89021816667
2       1.89022758750
2       1.89033860417
2       1.89034076667
2       1.89044583750
4       1.89044585833
1       1.89044597500
2       1.89046344583
2       1.89052767500
2       1.89055319583
2       1.89057247500
2       1.89059758750
2       1.89067552500
4       1.89067554583
1       1.89067566250
2       1.89074157500
2       1.89076054583
2       1.89078570833
2       1.89097818750
4       1.89097820833
1       1.89097832500
2       1.89116767917
2       1.89117857500
2       1.89121167917
4       1.89121169583
1       1.89121181667
2       1.89135080417
2       1.89139349167
4       1.89139350833
1       1.89139362917
2       1.89148990833
2       1.89152399583
2       1.89168005833
4       1.89168007917
1       1.89168020000
2       1.89181119167
2       1.89228317500
4       1.89228317500
1       1.89228331250
2       1.89254258750
4       1.89254260833
1       1.89254272917
2       1.89285984167
4       1.89285986250
1       1.89285997917
2       1.89306133333
4       1.89306135417
1       1.89306147500
2       1.89333054167
4       1.89333056250
1       1.89333068333
2       1.89338089167
2       1.89350243333
4       1.89350245417
1       1.89350257083
2       1.89361038750
2       1.89366908750
2       1.89396928333
4       1.89396930417
1       1.89396942500
2       1.89413713750
2       1.89438455000
4       1.89438456667
1       1.89438468750
2       1.89440301250
2       1.89459983333
4       1.89459985417
1       1.89459997500
2       1.89467500417
2       1.89475250000
2       1.89478629583
4       1.89478629583
1       1.89478643333
2       1.89489463750
2       1.89507872917
4       1.89507874583
1       1.89507886667
2       1.89583590000
4       1.89583592083
1       1.89583604167
2       1.89600652500
2       1.89606316250
4       1.89606318333
1       1.89606330417
2       1.89607440417
2       1.89640505833
4       1.89640507500
1       1.89640519583
2       1.89658023750
2       1.89659507917
4       1.89659510000
1       1.89659522083
2       1.89666840417
2       1.89675912917
2       1.89681337917
4       1.89681339583
1       1.89681351667
2       1.89692709583
2       1.89694751667
2       1.89700013750
4       1.89700015833
1       1.89700027917
2       1.89700286250
2       1.89701910417
2       1.89723511250
4       1.89723513333
1       1.89723525000
2       1.89733570000
2       1.89738079583
2       1.89751613333
4       1.89751613333
1       1.89751627083
2       1.89752952500
2       1.89765006667
2       1.89769007500
2       1.89777496667
4       1.89777498750
1       1.89777510833
2       1.89780276250
2       1.89790945417
2       1.89806375417
4       1.89806375417
1       1.89806389167
2       1.89807674167
2       1.89821747083
2       1.89823239167
2       1.89836125833
4       1.89836127500
1       1.89836139583
2       1.89841960833
2       1.89842152917
2       1.89852614583
2       1.89867584167
4       1.89867586250
1       1.89867598333
2       1.89880800000
2       1.89897398333
4       1.89897398333
1       1.89897412083
2       1.89946189583
4       1.89946189583
1       1.89946203333
2       1.89967415833
4       1.89967417917
1       1.89967430000
2       1.89989012500
4       1.89989014583
1       1.89989026250
2       1.90012531667
4       1.90012533333
1       1.90012545417
2       1.90013988750
2       1.90025945833
2       1.90034791250
4       1.90034792917
1       1.90034805000
2       1.90044367500
2       1.90054496667
4       1.90054498750
1       1.90054510833
2       1.90071426667
2       1.90086396250
4       1.90086397917
1       1.90086410000
2       1.90088785417
2       1.90096199167
2       1.90114550417
4       1.90114552500
1       1.90114564167
2       1.90139955000
4       1.90139956667
1       1.90139968750
2       1.90141385833
2       1.90145355417
2       1.90150581250
2       1.90150658750
2       1.90156484583
2       1.90171782917
4       1.90171785000
1       1.90171797083
2       1.90175601667
2       1.90198848750
4       1.90198850833
1       1.90198862917
2       1.90204349167
2       1.90208595000
2       1.90209982917
2       1.90227403750
4       1.90227405417
1       1.90227417500
2       1.90240687083
2       1.90241249167
2       1.90252046250
4       1.90252047917
1       1.90252060000
2       1.90266111667
2       1.90272282917
4       1.90272284583
1       1.90272296667
2       1.90274970000
2       1.90278180833
2       1.90284112083
2       1.90296129583
4       1.90296129583
1       1.90296143333
2       1.90307258333
2       1.90313516250
2       1.90346241667
4       1.90346243750
1       1.90346255833
2       1.90367872917
4       1.90367874583
1       1.90367886667
2       1.90373503333
2       1.90416497083
4       1.90416499167
1       1.90416511250
2       1.90429477917
2       1.90437769583
4       1.90437771667
1       1.90437783333
2       1.90446447500
2       1.90449492500
2       1.90451680833
2       1.90469569583
4       1.90469571667
1       1.90469583750
2       1.90474105417
2       1.90495986667
4       1.90495988750
1       1.90496000833
2       1.90523189583
4       1.90523189583
1       1.90523203333
2       1.90536534583
2       1.90545645833
4       1.90545647917
1       1.90545659583
2       1.90568789167
4       1.90568791250
1       1.90568802917
2       1.90583863333
2       1.90583897500
2       1.90585430417
2       1.90587872917
4       1.90587875000
1       1.90587886667
2       1.90591594167
2       1.90592682917
2       1.90624650000
4       1.90624652083
1       1.90624664167
2       1.90631467917
2       1.90641532083
2       1.90656410833
4       1.90656412917
1       1.90656425000
2       1.90684128750
4       1.90684130833
1       1.90684142917
2       1.90699732917
2       1.90707378750
4       1.90707380417
1       1.90707392500
2       1.90719803333
2       1.90752696250
4       1.90752697917
1       1.90752710000
2       1.90753553333
2       1.90762330000
2       1.90767070833
2       1.90785916667
4       1.90785918333
1       1.90785930417
2       1.90795486250
2       1.90819628750
4       1.90819630833
1       1.90819642917
2       1.90836566250
2       1.90846658333
4       1.90846660417
1       1.90846672500
2       1.90850271667
2       1.90857194167
2       1.90878822083
4       1.90878824167
1       1.90878835833
2       1.90886306250
2       1.90898671667
4       1.90898673750
1       1.90898685833
2       1.90926490833
4       1.90926492917
1       1.90926504583
2       1.90939999167
2       1.90945799583
4       1.90945799583
1       1.90945813333
2       1.90949008333
2       1.90972009167
4       1.90972011250
1       1.90972023333
2       1.90975312083
2       1.90985742917
2       1.90986372917
2       1.91018268333
4       1.91018270417
1       1.91018282500
2       1.91032151667
2       1.91061695833
4       1.91061697500
1       1.91061709583
2       1.91073183750
2       1.91080977083
4       1.91080978750
1       1.91080990833
2       1.91106280417
4       1.91106280417
1       1.91106294167
2       1.91123239167
2       1.91601793333
4       1.91601793333
1       1.91601807083
2       1.91610336667
2       1.91622095417
4       1.91622097500
1       1.91622109583
2       1.91648092500
4       1.91648092500
1       1.91648106250
2       1.91672215000
4       1.91672216667
1       1.91672228750
2       1.91676287500
2       1.91682313750
2       1.91699072083
4       1.91699073750
1       1.91699085833
2       1.91729648750
4       1.91729650833
1       1.91729662917
2       1.91734384583
2       1.91745476250
2       1.91762668333
4       1.91762670417
1       1.91762682500
2       1.91762834583
2       1.91766744583
2       1.91772677500
2       1.91781119583
2       1.91794211667
4       1.91794213333
1       1.91794225417
2       1.91794868333
2       1.91818446667
4       1.91818448750
1       1.91818460833
2       1.91842329167
4       1.91842330833
1       1.91842342917
2       1.91850545000
2       1.91850707917
2       1.91871906250
4       1.91871908333
1       1.91871920417
2       1.91925271250
4       1.91925273333
1       1.91925285417
2       1.91930667083
2       1.91977001250
4       1.91977002917
1       1.91977015000
2       1.92020233750
4       1.92020235833
1       1.92020247917
2       1.92034237083
2       1.92036031250
2       1.92054982083
4       1.92054983750
1       1.92054995833
2       1.92101944583
4       1.92101944583
1       1.92101958333
2       1.92113699583
2       1.92115495000
2       1.92116287917
2       1.92117682917
2       1.92141399167
4       1.92141401250
1       1.92141412917
2       1.92143115000
2       1.92152227917
2       1.92153289583
2       1.92157955000
2       1.92160641667
2       1.92201712917
4       1.92201714583
1       1.92201726667
2       1.92204161667
2       1.92207872500
2       1.92208496667
2       1.92253714583
4       1.92253716667
1       1.92253728750
2       1.92273781250
4       1.92273783333
1       1.92273795417
2       1.92303597083
4       1.92303598750
1       1.92303610833
2       1.92315485833
2       1.92368151250
4       1.92368153333
1       1.92368165000
2       1.92401677083
4       1.92401678750
1       1.92401690833
2       1.92415883750
2       1.92466291667
4       1.92466293750
1       1.92466305833
2       1.92468651667
2       1.92469618333
2       1.92486339167
4       1.92486341250
1       1.92486353333
2       1.92488883333
2       1.92506100833
4       1.92506102500
1       1.92506114583
2       1.92533802500
4       1.92533804583
1       1.92533816250
2       1.92535752083
2       1.92553536250
4       1.92553537917
1       1.92553550000
2       1.92565296667
2       1.92583743750
4       1.92583745833
1       1.92583757917
2       1.92593815833
2       1.92597391667
2       1.92607032500
4       1.92607032500
1       1.92607046250
2       1.92618860000
2       1.92630746667
4       1.92630748333
1       1.92630760417
2       1.92645652083
2       1.92646555417
2       1.92674567500
4       1.92674569583
1       1.92674581667
2       1.92683547500
2       1.92695017083
4       1.92695019167
1       1.92695031250
2       1.92699511250
2       1.92736650000
4       1.92736652083
1       1.92736664167
2       1.92748462917
2       1.92765226250
4       1.92765227917
1       1.92765240000
2       1.92780297083
2       1.92799642500
4       1.92799644583
1       1.92799656250
2       1.92803943333
2       1.92814852083
2       1.92819779167
4       1.92819781250
1       1.92819793333
2       1.92845945833
4       1.92845947917
1       1.92845960000
2       1.92861283333
2       1.92876119167
4       1.92876121250
1       1.92876133333
2       1.92883204583
2       1.92925400833
4       1.92925402500
1       1.92925414583
2       1.92950179583
4       1.92950179583
1       1.92950193333
2       1.92960748333
2       1.92969632917
4       1.92969634583
1       1.92969646667
2       1.92993078333
4       1.92993080000
1       1.92993092083
2       1.92997347083
2       1.93008445000
2       1.93015197917
4       1.93015200000
1       1.93015211667
2       1.93027600000
2       1.93057368750
4       1.93057370833
1       1.93057382917
2       1.93072608750
2       1.93084627500
4       1.93084627500
1       1.93084641250
2       1.93098076667
2       1.93101021667
2       1.93132681667
4       1.93132683750
1       1.93132695417
2       1.93142922917
2       1.93173993750
4       1.93173995833
1       1.93174007500
2       1.93187807917
2       1.93191749583
2       1.93241565417
4       1.93241567500
1       1.93241579583
2       1.93245147917
2       1.93263159167
4       1.93263161250
1       1.93263172917
2       1.93266340417
2       1.93277367917
2       1.93296583333
4       1.93296585000
1       1.93296597083
2       1.93305596667
2       1.93310721667
2       1.93317284167
4       1.93317286250
1       1.93317298333
2       1.93331257083
2       1.93344974583
4       1.93344974583
1       1.93344988333
2       1.93408277500
4       1.93408277500
1       1.93408291250
2       1.93413501250
2       1.93454375833
4       1.93454377500
1       1.93454389583
2       1.93466562500
2       1.93480876667
4       1.93480878333
1       1.93480890417
2       1.93490883333
2       1.93494558750
2       1.93498596250
4       1.93498597917
1       1.93498610000
2       1.93519563750
4       1.93519565833
1       1.93519577917
2       1.93520096667
2       1.93530950833
2       1.93531026250
2       1.93552421667
4       1.93552423750
1       1.93552435833
2       1.93565904167
2       1.93572067500
4       1.93572069583
1       1.93572081667
2       1.93572730000
2       1.93582197917
2       1.93603061250
4       1.93603063333
1       1.93603075000
2       1.93606441250
2       1.93606875000
2       1.93618234583
2       1.93628699167
4       1.93628700833
1       1.93628712917
2       1.93634328333
2       1.93889114583
4       1.93889114583
1       1.93889128333
2       1.93900705417
2       1.93902894583
2       1.93904579583
2       1.93957910833
4       1.93957912917
1       1.93957925000
2       1.93960954167
2       1.93961347917
2       1.93972906667
2       1.94003155000
4       1.94003157083
1       1.94003169167
2       1.94005935417
2       1.94009609583
2       1.94011903333
2       1.94023654583
4       1.94023656667
1       1.94023668750
2       1.94031739167
2       1.94046586667
4       1.94046588333
1       1.94046600417
2       1.94048606667
2       1.94055057917
2       1.94056886667
2       1.94088809583
4       1.94088811667
1       1.94088823333
2       1.94094605417
2       1.94122228333
4       1.94122230417
1       1.94122242500
2       1.94151007917
4       1.94151010000
1       1.94151022083
2       1.94154719167
2       1.94157307083
2       1.94157839583
2       1.94160883750
2       1.94177608333
4       1.94177608333
1       1.94177622083
2       1.94190586250
2       1.94191227083
2       1.94191649167
2       1.94201355833
4       1.94201357500
1       1.94201369583
2       1.94211400833
2       1.94261740417
4       1.94261742500
1       1.94261754167
2       1.94271285417
2       1.94313284583
4       1.94313284583
1       1.94313298333
2       1.94335603750
4       1.94335605833
1       1.94335617917
2       1.94363270000
4       1.94363271667
1       1.94363283750
2       1.94363923750
2       1.94372073333
2       1.94374116250
2       1.94375413750
2       1.94422485833
4       1.94422487917
1       1.94422500000
2       1.94434080417
2       1.94444416250
4       1.94444418333
1       1.94444430417
2       1.94445910417
2       1.94462430417
2       1.94470810417
4       1.94470812500
1       1.94470824583
2       1.94476940833
2       1.94485680833
2       1.94511586667
4       1.94511588750
1       1.94511600833
2       1.94514071250
2       1.94527458750
2       1.94535469167
4       1.94535470833
1       1.94535482917
2       1.94550776250
2       1.94554710000
4       1.94554712083
1       1.94554724167
2       1.94572405000
2       1.94580078333
4       1.94580078333
1       1.94580092083
2       1.94601513333
4       1.94601515417
1       1.94601527083
2       1.94625066667
4       1.94625068750
1       1.94625080833
2       1.94630437500
2       1.94643482500
4       1.94643484583
1       1.94643496667
2       1.94667766667
4       1.94667768333
1       1.94667780417
2       1.94674481667
2       1.94676643333
2       1.94677867083
2       1.94679152500
2       1.94688748333
4       1.94688750417
1       1.94688762500
2       1.94707313750
4       1.94707315833
1       1.94707327917
2       1.94715858750
2       1.94719002083
2       1.94722507917
2       1.94743277500
4       1.94743279583
1       1.94743291667
2       1.94749569167
2       1.94760807917
2       1.94767395833
4       1.94767397500
1       1.94767409583
2       1.94777727500
2       1.94778987500
2       1.94798857500
4       1.94798859583
1       1.94798871667
2       1.94799362500
2       1.94807307917
2       1.94809191250
2       1.94840070833
4       1.94840072917
1       1.94840085000
2       1.94866868750
4       1.94866870417
1       1.94866882500
2       1.94867065417
2       1.94869542083
2       1.94874772917
2       1.94874942500
2       1.94876860833
2       1.95317988750
4       1.95317990833
1       1.95318002917
2       1.95319480000
2       1.95324549167
2       1.95330541250
2       1.95336077083
4       1.95336078750
1       1.95336090833
2       1.95336737917
2       1.95347601250
2       1.95358732083
4       1.95358733750
1       1.95358745833
2       1.95370850833
2       1.95389302083
4       1.95389304167
1       1.95389316250
2       1.95407156667
2       1.95410080000
4       1.95410082083
1       1.95410094167
2       1.95414673333
2       1.95416993750
2       1.95417586667
2       1.95426072917
2       1.95435278333
4       1.95435280417
1       1.95435292500
2       1.95447633333
2       1.95471849167
4       1.95471850833
1       1.95471862917
2       1.95486391667
2       1.95491882917
4       1.95491884583
1       1.95491896667
2       1.95549391250
4       1.95549393333
1       1.95549405417
2       1.95555179167
2       1.95586724583
4       1.95586724583
1       1.95586738333
2       1.95598440417
2       1.95602180833
2       1.95615800417
4       1.95615800417
1       1.95615814167
2       1.95617122917
2       1.95627027500
2       1.95665941250
4       1.95665943333
1       1.95665955417
2       1.95688537917
4       1.95688539583
1       1.95688551667
2       1.95715732917
4       1.95715735000
1       1.95715747083
2       1.95739771667
4       1.95739773333
1       1.95739785417
2       1.95764582083
4       1.95764584167
1       1.95764596250
2       1.95768099583
2       1.95777333333
2       1.95781183333
2       1.95781314583
2       1.95782635833
2       1.95790084583
4       1.95790084583
1       1.95790098333
2       1.95793069167
2       1.95795392917
2       1.95801845000
2       1.95809630417
4       1.95809630417
1       1.95809644167
2       1.95834172917
4       1.95834175000
1       1.95834186667
2       1.95862532917
4       1.95862535000
1       1.95862547083
2       1.95864540833
2       1.95876546250
2       1.95884285833
4       1.95884287500
1       1.95884299583
2       1.95904562500
4       1.95904564583
1       1.95904576667
2       1.95918700833
2       1.95933147083
4       1.95933149167
1       1.95933161250
2       1.95980409583
4       1.95980411667
1       1.95980423750
2       1.95982007500
2       1.95984945000
2       1.95999790833
4       1.95999792917
1       1.95999804583
2       1.96001150000
2       1.96006215833
2       1.96013994167
2       1.96018730833
4       1.96018732917
1       1.96018745000
2       1.96040068333
4       1.96040070417
1       1.96040082500
2       1.96040730417
2       1.96079986250
4       1.96079987917
1       1.96080000000
2       1.96087925417
2       1.96099855000
4       1.96099857083
1       1.96099869167
2       1.96129296667
4       1.96129298750
1       1.96129310833
2       1.96190333750
4       1.96190335417
1       1.96190347500
2       1.96195479167
2       1.96198489167
2       1.96204352083
2       1.96206609167
2       1.96214960833
4       1.96214962500
1       1.96214974583
2       1.96227741250
2       1.96746940833
4       1.96746942500
1       1.96746954583
2       1.96751171250
2       1.96760457500
2       1.96767568750
4       1.96767570417
1       1.96767582500
2       1.96772968750
2       1.96775718333
2       1.96782410000
2       1.96800695417
4       1.96800697500
1       1.96800709583
2       1.96821890417
4       1.96821892500
1       1.96821904583
2       1.96822057083
2       1.96824807083
2       1.96836366667
2       1.96836436667
2       1.96848488333
4       1.96848490417
1       1.96848502500
2       1.96860912083
2       1.96864255833
2       1.96871212917
4       1.96871214583
1       1.96871226667
2       1.96887311250
2       1.96891750000
4       1.96891751667
1       1.96891763750
2       1.96918448750
4       1.96918450417
1       1.96918462500
2       1.96935307500
4       1.96935309583
1       1.96935321667
2       1.96937620833
2       1.96939480833
2       1.96946568333
2       1.96948424583
2       1.96950202917
2       1.96956803333
4       1.96956805417
1       1.96956817500
2       1.96960348333
2       1.96965743333
2       1.96966373750
2       1.96970346667
2       1.96972935000
2       1.96982337083
4       1.96982339167
1       1.96982351250
2       1.96987277917
2       1.96990357917
2       1.96998707500
2       1.97013908333
4       1.97013910000
1       1.97013922083
2       1.97036892917
4       1.97036894583
1       1.97036906667
2       1.97037255000
2       1.97069854583
4       1.97069856667
1       1.97069868333
2       1.97077297500
2       1.97089097917
4       1.97089099583
1       1.97089111667
2       1.97111852500
4       1.97111852500
1       1.97111866250
2       1.97141595000
4       1.97141597083
1       1.97141609167
2       1.97156395000
2       1.97242457917
4       1.97242459583
1       1.97242471667
2       1.97255805417
2       1.97271924583
4       1.97271924583
1       1.97271938333
2       1.97284522500
2       1.97291573750
4       1.97291575417
1       1.97291587500
2       1.97314732917
4       1.97314734583
1       1.97314746667
2       1.97322410833
2       1.97325556250
2       1.97328205833
2       1.97328567917
2       1.97380243750
4       1.97380245833
1       1.97380257500
2       1.97385677500
2       1.97385844167
2       1.97389320417
2       1.97395578333
2       1.97399655417
4       1.97399657500
1       1.97399669583
2       1.97399946667
2       1.97423042500
4       1.97423044583
1       1.97423056667
2       1.97438243333
2       1.97443441667
4       1.97443443750
1       1.97443455833
2       1.97467880417
4       1.97467882500
1       1.97467894583
2       1.97477498333
2       1.97499126667
4       1.97499128333
1       1.97499140417
2       1.97504980000
2       1.97519260000
4       1.97519261667
1       1.97519273750
2       1.97522075833
2       1.97538102500
2       1.97538497500
4       1.97538497500
1       1.97538511250
2       1.97542011667
2       1.97545255000
2       1.97546743750
2       1.97555957083
2       1.97574468333
4       1.97574470417
1       1.97574482500
2       1.97582152917
2       1.97583647500
2       1.97598257500
4       1.97598257500
1       1.97598271250
2       1.97608161667
2       1.97614949583
2       1.97647679583
4       1.97647679583
1       1.97647693333
2       1.97648339583
2       1.97661883333
2       1.97668945000
4       1.97668947083
1       1.97668958750
2       1.97684278333
2       1.97694799583
4       1.97694801667
1       1.97694813750
2       1.97696694583
2       1.97710969167
2       1.97712526250
4       1.97712527917
1       1.97712540000
2       1.97722835417
2       1.97736944583
4       1.97736944583
1       1.97736958333
2       1.97747672917
2       1.97750759167
2       1.97752990000
2       1.97764566250
4       1.97764567917
1       1.97764580000
2       1.97764795833
2       1.97790861667
4       1.97790863750
1       1.97790875833
2       1.97808673750
4       1.97808675833
1       1.97808687500
2       1.97810376250
2       1.97836209583
4       1.97836209583
1       1.97836223333
2       1.98144615000
4       1.98144617083
1       1.98144628750
2       1.98157996250
2       1.98160547500
2       1.98165047500
4       1.98165049583
1       1.98165061667
2       1.98184554583
4       1.98184554583
1       1.98184568333
2       1.98191416667
2       1.98191744167
2       1.98192926250
2       1.98221954583
4       1.98221954583
1       1.98221968333
2       1.98223582083
2       1.98225602500
2       1.98233607917
2       1.98249575833
4       1.98249577500
1       1.98249589583
2       1.98277802083
4       1.98277803750
1       1.98277815833
2       1.98320058333
4       1.98320058333
1       1.98320072083
2       1.98337915833
4       1.98337917500
1       1.98337929583
2       1.98380420000
4       1.98380422083
1       1.98380433750
2       1.98388200000
2       1.98389786667
2       1.98391607083
2       1.98393297083
2       1.98421157500
4       1.98421157500
1       1.98421171250
2       1.98446166667
4       1.98446168750
1       1.98446180833
2       1.98448048750
2       1.98482032917
4       1.98482034583
1       1.98482046667
2       1.98493927500
2       1.98530527500
4       1.98530529583
1       1.98530541667
2       1.98535692083
2       1.98538942500
2       1.98543441667
2       1.98547648750
4       1.98547650833
1       1.98547662500
2       1.98558515000
2       1.98599284583
4       1.98599284583
1       1.98599298333
2       1.98599848750
2       1.98600182083
2       1.98617505000
2       1.98637150833
4       1.98637152500
1       1.98637164583
2       1.98640498333
2       1.98648509583
2       1.98656951250
4       1.98656952917
1       1.98656965000
2       1.98658335833
2       1.98664642917
2       1.98677524167
4       1.98677526250
1       1.98677538333
2       1.98685670000
2       1.98694383750
2       1.98715151250
4       1.98715152917
1       1.98715165000
2       1.98754964583
4       1.98754966667
1       1.98754978333
2       1.98771888750
2       1.98774243333
2       1.98789079583
4       1.98789081667
1       1.98789093750
2       1.98797828750
2       1.98809019167
4       1.98809020833
1       1.98809032917
2       1.98822866667
2       1.98837907917
4       1.98837910000
1       1.98837922083
2       1.98850264583
2       1.98868737083
4       1.98868739167
1       1.98868751250
2       1.98873178333
2       1.98901797500
4       1.98901799583
1       1.98901811667
2       1.98914781250
2       1.98931076667
4       1.98931078750
1       1.98931090833
2       1.98931578750
2       1.98949291667
4       1.98949293333
1       1.98949305417
2       1.98953302917
2       1.98958302500
2       1.98958807500
2       1.98966415000
2       1.98974569583
4       1.98974571667
1       1.98974583750
2       1.98986023333
2       1.98987614583
2       1.98994676250
4       1.98994677917
1       1.98994690000
2       1.99035941667
4       1.99035941667
1       1.99035955417
2       1.99036871250
2       1.99042864583
2       1.99104735000
4       1.99104737083
1       1.99104749167
2       1.99136400417
4       1.99136402500
1       1.99136414583
2       1.99154158333
2       1.99159455833
4       1.99159457917
1       1.99159470000
2       1.99219743333
4       1.99219743333
1       1.99219757083
2       1.99240207917
4       1.99240210000
1       1.99240221667
2       1.99242370417
2       1.99244806667
2       1.99254485417
2       1.99268760833
4       1.99268762500
1       1.99268774583
2       1.99272039583
2       1.99277702917
2       1.99566209167
4       1.99566211250
1       1.99566223333
2       1.99567220833
2       1.99580805417
2       1.99589557083
4       1.99589559167
1       1.99589571250
2       1.99590053333
2       1.99614230000
4       1.99614232083
1       1.99614244167
2       1.99619657500
2       1.99625955833
2       1.99626219583
2       1.99627282917
2       1.99708483750
4       1.99708485417
1       1.99708497500
2       1.99710447917
2       1.99743047083
4       1.99743048750
1       1.99743060833
2       1.99751825417
2       1.99776931667
4       1.99776933750
1       1.99776945417
2       1.99780504583
2       1.99791865417
2       1.99793755000
2       1.99816780000
4       1.99816781667
1       1.99816793750
2       1.99836973750
4       1.99836975833
1       1.99836987500
2       1.99907335833
4       1.99907337917
1       1.99907349583
2       1.99907664167
2       1.99922534167
2       1.99936217500
4       1.99936219583
1       1.99936231667
2       1.99951847083
2       1.99957143750
4       1.99957145417
1       1.99957157500
2       1.99958840833
2       1.99971388333
2       1.99990077083
4       1.99990079167
1       1.99990091250
2       2.00002694583
2       2.00021241250
4       2.00021242917
1       2.00021255000
2       2.00021409167
2       2.00022405417
2       2.00023927917
2       2.00032831667
2       2.00048469167
4       2.00048471250
1       2.00048482917
2       2.00077981250
4       2.00077982917
1       2.00077995000
2       2.00108722500
4       2.00108722500
1       2.00108736250
2       2.00108748750
2       2.00112128333
2       2.00123197500
2       2.00163966667
4       2.00163968750
1       2.00163980833
2       2.00194999583
4       2.00195001667
1       2.00195013750
2       2.00197086250
2       2.00204707917
2       2.00209080833
2       2.00217465833
4       2.00217467917
1       2.00217479583
2       2.00222063750
2       2.00288841250
4       2.00288843333
1       2.00288855417
2       2.00302057083
2       2.00303850417
2       2.00321859583
4       2.00321859583
1       2.00321873333
2       2.00333005417
2       2.00334154583
2       2.00341838333
2       2.00344712083
4       2.00344714167
1       2.00344726250
2       2.00353231667
2       2.00364851250
4       2.00364853333
1       2.00364865417
2       2.00388642917
4       2.00388644583
1       2.00388656667
2       2.00396355417
2       2.00400293333
2       2.00446468750
4       2.00446470417
1       2.00446482500
2       2.00468564167
4       2.00468565833
1       2.00468577917
2       2.00470915000
2       2.00478830417
2       2.00514437500
4       2.00514437500
1       2.00514451250
2       2.00526625417
2       2.00535005833
4       2.00535007917
1       2.00535020000
2       2.00996572083
4       2.00996573750
1       2.00996585833
2       2.01011445000
2       2.01042813333
4       2.01042815417
1       2.01042827083
2       2.01070032500
4       2.01070034583
1       2.01070046667
2       2.01086131667
2       2.01116311250
4       2.01116313333
1       2.01116325417
2       2.01124588750
2       2.01160003750
4       2.01160005833
1       2.01160017500
2       2.01191527917
4       2.01191530000
1       2.01191542083
2       2.01194278333
2       2.01197424167
2       2.01217172083
4       2.01217173750
1       2.01217185833
2       2.01224021667
2       2.01234920417
2       2.01288774167
4       2.01288775833
1       2.01288787917
2       2.01290171250
2       2.01293445833
2       2.01294869583
2       2.01313119583
4       2.01313121667
1       2.01313133750
2       2.01314044583
2       2.01323357083
2       2.01332896667
4       2.01332896667
1       2.01332910417
2       2.01364760833
4       2.01364762917
1       2.01364774583
2       2.01429220833
4       2.01429222500
1       2.01429234583
2       2.01433823750
2       2.01433895417
2       2.01449489167
4       2.01449491250
1       2.01449503333
2       2.01460816667
2       2.01518547083
4       2.01518549167
1       2.01518561250
2       2.01527827083
2       2.01542638333
4       2.01542640417
1       2.01542652083
2       2.01615270000
4       2.01615272083
1       2.01615284167
2       2.01618845000
2       2.01621828333
2       2.01633357083
2       2.01666379583
4       2.01666381667
1       2.01666393333
2       2.01683163333
2       2.01686910417
4       2.01686912500
1       2.01686924583
2       2.01689427917
2       2.01704926250
4       2.01704928333
1       2.01704940417
2       2.01723902917
2       2.01730765000
4       2.01730767083
1       2.01730779167
2       2.01751200000
4       2.01751202083
1       2.01751214167
2       2.01763687917
2       2.01783001667
4       2.01783003333
1       2.01783015417
2       2.01785948333
2       2.01793664583
2       2.01794525417
2       2.01816314167
4       2.01816315833
1       2.01816327917
2       2.01819731250
2       2.01836924583
4       2.01836926667
1       2.01836938750
2       2.01844905417
2       2.01846761250
2       2.01913235833
4       2.01913237917
1       2.01913249583
2       2.02027011250
4       2.02027012917
1       2.02027025000
2       2.02030492917
2       2.02088845000
4       2.02088846667
1       2.02088858750
2       2.02149632917
4       2.02149635000
1       2.02149647083
2       2.02173612917
4       2.02173614583
1       2.02173626667
2       2.02205206250
4       2.02205208333
1       2.02205220417
2       2.02248638333
4       2.02248640417
1       2.02248652500
2       2.02258274167
2       2.02275425000
4       2.02275426667
1       2.02275438750
2       2.02280604167
2       2.02286234583
2       2.02290174167
2       2.02312297500
4       2.02312297500
1       2.02312311250
2       2.02314914583
2       2.02507725417
4       2.02507727500
1       2.02507739583
2       2.02569829167
4       2.02569831250
1       2.02569843333
2       2.02583374583
2       2.02616962083
4       2.02616963750
1       2.02616975833
2       2.02628625000
2       2.02650081250
4       2.02650082917
1       2.02650095000
2       2.02677738333
4       2.02677740417
1       2.02677752500
2       2.02699207500
4       2.02699207500
1       2.02699221250
2       2.02755671250
4       2.02755672917
1       2.02755685000
2       2.02781052917
4       2.02781054583
1       2.02781066667
2       2.02812849167
4       2.02812850833
1       2.02812862917
2       2.02905755000
4       2.02905756667
1       2.02905768750
2       2.02910988750
2       2.02923842500
4       2.02923844583
1       2.02923856667
2       2.02962335000
4       2.02962337083
1       2.02962348750
2       2.02962785000
2       2.02963827083
2       2.03136952500
4       2.03136952500
1       2.03136966250
2       2.03196672917
4       2.03196674583
1       2.03196686667
2       2.03277363750
4       2.03277365833
1       2.03277377500
2       2.03299289583
4       2.03299291667
1       2.03299303750
2       2.03353446250
4       2.03353448333
1       2.03353460417
2       2.03534393333
4       2.03534395417
1       2.03534407083
2       2.03845651667
4       2.03845653750
1       2.03845665833
2       2.03925639167
4       2.03925640833
1       2.03925652917
2       2.04242790000
4       2.04242791667
1       2.04242803750
2       2.04446012917
4       2.04446015000
1       2.04446027083
2       2.04834389583
4       2.04834389583
1       2.04834403333
2       2.04919217083
4       2.04919219167
1       2.04919231250
2       2.04947341250
4       2.04947342917
1       2.04947355000
2       2.05077077500
4       2.05077079583
1       2.05077091667
2       2.05557524167
4       2.05557525833
1       2.05557537917
2       2.05610854583
4       2.05610856667
1       2.05610868333
2       2.05913823750
4       2.05913825833
1       2.05913837917
2       2.06369179167
4       2.06369180833
1       2.06369192917
2       2.06973444167
4       2.06973446250
1       2.06973458333
2       2.07297652917
4       2.07297654583
1       2.07297666667
2       14.76391027500
4       14.76391029583
1       14.76391041667
2       14.76503658333
4       14.76503658333
1       14.76503672083
2       14.76949442917
4       14.76949444583
1       14.76949456667
2       14.76965493333
2       14.77107696667
4       14.77107698750
1       14.77107710833
2       14.77315342917
4       14.77315345000
1       14.77315356667
2       14.77332341250
2       14.77444659583
4       14.77444661667
1       14.77444673750
2       14.77693850000
4       14.77693852083
1       14.77693864167
2       14.77804514583
4       14.77804514583
1       14.77804528333
2       14.77907420833
4       14.77907422917
1       14.77907435000
2       14.77982552917
4       14.77982554583
1       14.77982566667
2       14.78245549167
4       14.78245550833
1       14.78245562917
2       14.78391860417
4       14.78391862500
1       14.78391874167
2       14.78638060417
4       14.78638062500
1       14.78638074583
2       14.78659026250
4       14.78659028333
1       14.78659040417
2       14.78742585000
4       14.78742587083
1       14.78742599167
2       14.78750139167
2       14.78889189167
4       14.78889190833
1       14.78889202917
2       14.78957950417
4       14.78957950417
1       14.78957964167
2       14.79001837083
4       14.79001839167
1       14.79001850833
2       14.79125161667
4       14.79125163333
1       14.79125175417
2       14.79343506250
4       14.79343508333
1       14.79343520000
2       14.79387194167
4       14.79387195833
1       14.79387207917
2       14.79531053333
4       14.79531053333
1       14.79531067083
2       14.79751878750
4       14.79751880833
1       14.79751892500
2       14.79763174167
2       14.79775364167
4       14.79775366250
1       14.79775377917
2       14.79779423750
2       14.79784874583
2       14.79845187917
4       14.79845190000
1       14.79845202083
2       14.79895297917
4       14.79895299583
1       14.79895311667
2       14.79908780000
2       14.80089769167
4       14.80089771250
1       14.80089783333
2       14.80103138333
2       14.80196849167
4       14.80196851250
1       14.80196863333
2       14.80233424167
4       14.80233425833
1       14.80233437917
2       14.80241838750
2       14.80258299167
4       14.80258301250
1       14.80258313333
2       14.80351905417
4       14.80351907500
1       14.80351919167
2       14.80444745417
4       14.80444747500
1       14.80444759167
2       14.80490228333
4       14.80490230417
1       14.80490242500
2       14.80506181667
2       14.80595084583
4       14.80595086667
1       14.80595098750
2       14.80674257083
4       14.80674258750
1       14.80674270833
2       14.80765246667
4       14.80765248333
1       14.80765260417
2       14.80782628750
4       14.80782630417
1       14.80782642500
2       14.80827709167
4       14.80827711250
1       14.80827723333
2       14.80931282500
4       14.80931282500
1       14.80931296250
2       14.80953712500
4       14.80953714583
1       14.80953726250
2       14.81001280000
4       14.81001282083
1       14.81001294167
2       14.81008918750
2       14.81014518333
2       14.81018129583
4       14.81018131667
1       14.81018143750
2       14.81028042083
2       14.81093581667
4       14.81093583750
1       14.81093595833
2       14.81094020000
2       14.81151020417
4       14.81151022500
1       14.81151034583
2       14.81167242500
2       14.81171187917
4       14.81171190000
1       14.81171202083
2       14.81172387917
2       14.81266489583
4       14.81266491667
1       14.81266503750
2       14.81282426667
2       14.81320549583
4       14.81320551667
1       14.81320563750
2       14.81354137083
4       14.81354139167
1       14.81354150833
2       14.81390631250
4       14.81390633333
1       14.81390645000
2       14.81426312083
4       14.81426314167
1       14.81426326250
2       14.81439725000
2       14.81446909583
4       14.81446911667
1       14.81446923750
2       14.81452075417
2       14.81515775000
4       14.81515777083
1       14.81515788750
2       14.81522035000
2       14.81534851667
4       14.81534853750
1       14.81534865833
2       14.81557335000
4       14.81557336667
1       14.81557348750
2       14.81588172083
4       14.81588174167
1       14.81588186250
2       14.81611296667
4       14.81611298750
1       14.81611310833
2       14.81619635000
2       14.81648955000
4       14.81648957083
1       14.81648969167
2       14.81653004583
2       14.81657240000
2       14.81668101667
4       14.81668103750
1       14.81668115833
2       14.81684170417
2       14.81692188750
4       14.81692190833
1       14.81692202500
2       14.81698843750
2       14.81699572083
2       14.81714200417
4       14.81714202500
1       14.81714214583
2       14.81723518750
2       14.81776876250
4       14.81776878333
1       14.81776890417
2       14.81781650833
2       14.81805927500
4       14.81805929583
1       14.81805941667
2       14.81821792083
2       14.81862011250
4       14.81862013333
1       14.81862025417
2       14.81872136250
2       14.81920203333
4       14.81920205417
1       14.81920217083
2       14.81974658750
4       14.81974660833
1       14.81974672917
2       14.81989857917
2       14.82004692917
4       14.82004695000
1       14.82004706667
2       14.82012185833
2       14.82017678750
2       14.82027589167
4       14.82027590833
1       14.82027602917
2       14.82073092083
4       14.82073093750
1       14.82073105833
2       14.82087767917
2       14.82095821250
4       14.82095823333
1       14.82095835000
2       14.82101775833
2       14.82102439583
2       14.82110725417
2       14.82117450417
4       14.82117450417
1       14.82117464167
2       14.82120097500
2       14.82122156250
2       14.82126355000
2       14.82142052500
4       14.82142052500
1       14.82142066250
2       14.82181212500
4       14.82181214583
1       14.82181226667
2       14.82196810000
2       14.82214184583
4       14.82214186667
1       14.82214198333
2       14.82226154167
2       14.82229062917
2       14.82236132083
4       14.82236133750
1       14.82236145833
2       14.82261197917
4       14.82261200000
1       14.82261212083
2       14.82273651667
2       14.82298632500
4       14.82298634583
1       14.82298646667
2       14.82308866667
2       14.82310683333
2       14.82328106667
4       14.82328108333
1       14.82328120417
2       14.82334107083
2       14.82336289167
2       14.82344705417
2       14.82393885833
4       14.82393887500
1       14.82393899583
2       14.82402132500
2       14.82418534167
4       14.82418535833
1       14.82418547917
2       14.82420584167
2       14.82427077500
2       14.82439734167
4       14.82439735833
1       14.82439747917
2       14.82444931250
2       14.82459171250
4       14.82459173333
1       14.82459185000
2       14.82460596250
2       14.82461259167
2       14.82461687083
2       14.82468180417
2       14.82468412500
2       14.82478449167
4       14.82478451250
1       14.82478463333
2       14.82482167083
2       14.82484580417
2       14.82488289167
2       14.82520416250
4       14.82520418333
1       14.82520430417
2       14.82534098333
2       14.82538303333
2       14.82543040000
4       14.82543042083
1       14.82543053750
2       14.82556229583
2       14.82575998750
4       14.82576000833
1       14.82576012917
2       14.82579307917
2       14.82581617083
2       14.82585007917
2       14.82601139583
4       14.82601139583
1       14.82601153333
2       14.82601557500
2       14.82601673333
2       14.82607065417
2       14.82610646250
2       14.82629292917
4       14.82629294583
1       14.82629306667
2       14.82631353333
2       14.82640587083
2       14.82646050417
2       14.82658206667
4       14.82658208750
1       14.82658220833
2       14.82658972917
2       14.82671762500
2       14.82676423333
4       14.82676425417
1       14.82676437500
2       14.82684245833
2       14.82687356667
2       14.82697657917
4       14.82697660000
1       14.82697672083
2       14.82704617917
2       14.82713234167
2       14.82713495000
2       14.82713858750
2       14.82715315000
2       14.82730782083
4       14.82730783750
1       14.82730795833
2       14.82745723333
2       14.82747317917
2       14.82751385833
4       14.82751387917
1       14.82751400000
2       14.82778018750
4       14.82778020417
1       14.82778032500
2       14.82779113333
2       14.82808151667
4       14.82808153750
1       14.82808165417
2       14.82810234583
2       14.82812238750
2       14.82815078333
2       14.82838966667
4       14.82838968750
1       14.82838980833
2       14.82839697083
2       14.82842912083
2       14.82845190833
2       14.82846088750
2       14.82846905417
2       14.82847052083
2       14.82851144583
2       14.82894943750
4       14.82894945417
1       14.82894957500
2       14.82908850000
2       14.82909515417
2       14.82909947083
2       14.82916365000
4       14.82916366667
1       14.82916378750
2       14.82916601667
2       14.82921142917
2       14.82926275833
2       14.82928324583
2       14.82946574167
4       14.82946575833
1       14.82946587917
2       14.82966911250
4       14.82966912917
1       14.82966925000
2       14.82975397917
2       14.82976782083
2       14.82977177917
2       14.82979067500
2       14.82992712500
4       14.82992714583
1       14.82992726250
2       14.82993180417
2       14.82993343750
2       14.82997128750
2       14.83012821667
4       14.83012823333
1       14.83012835417
2       14.83014580417
2       14.83025002917
2       14.83025837500
2       14.83044754583
4       14.83044754583
1       14.83044768333
2       14.83049492083
2       14.83054424583
2       14.83056511667
2       14.83065055833
4       14.83065057500
1       14.83065069583
2       14.83073467500
2       14.83074888333
2       14.83086521667
4       14.83086523333
1       14.83086535417
2       14.83095802500
2       14.83096558333
2       14.83109180417
4       14.83109180417
1       14.83109194167
2       14.83111529167
2       14.83117126250
2       14.83124685833
2       14.83144152917
4       14.83144154583
1       14.83144166667
2       14.83145975833
2       14.83158160417
2       14.83169291667
4       14.83169293750
1       14.83169305833
2       14.83169722917
2       14.83196157500
4       14.83196157500
1       14.83196171250
2       14.83204534583
2       14.83216599167
4       14.83216600833
1       14.83216612917
2       14.83220898333
2       14.83226563750
2       14.83234507500
4       14.83234507500
1       14.83234521250
2       14.83257831250
4       14.83257833333
1       14.83257845417
2       14.83272145000
2       14.83274985417
2       14.83279695833
4       14.83279697500
1       14.83279709583
2       14.83294172500
2       14.83311861250
4       14.83311863333
1       14.83311875417
2       14.83314508750
2       14.83317619583
2       14.83320375833
2       14.83323246667
2       14.83334154167
4       14.83334155833
1       14.83334167917
2       14.83353389583
4       14.83353391667
1       14.83353403333
2       14.83358060417
2       14.83371441667
4       14.83371443750
1       14.83371455833
2       14.83387311250
2       14.83387348333
2       14.83387872500
2       14.83389924583
4       14.83389924583
1       14.83389938333
2       14.83393734167
2       14.83396291667
2       14.83401679583
2       14.83406461667
2       14.83406716250
2       14.83406986667
2       14.83414900833
4       14.83414902917
1       14.83414915000
2       14.83417813333
2       14.83419341667
2       14.83419410000
2       14.83419471250
2       14.83424771250
2       14.83424875833
2       14.83431032083
2       14.83431927917
2       14.83438982500
4       14.83438984583
1       14.83438996667
2       14.83440875417
2       14.83444253750
2       14.83446995417
2       14.83447159583
2       14.83448485833
2       14.83458135833
4       14.83458137500
1       14.83458149583
2       14.83483861667
4       14.83483863333
1       14.83483875417
2       14.83490815833
2       14.83492044167
2       14.83494169167
2       14.83506061667
4       14.83506063333
1       14.83506075417
2       14.83509473750
2       14.83513040417
2       14.83517713333
2       14.83532161667
4       14.83532163750
1       14.83532175833
2       14.83538845417
2       14.83547624167
2       14.83551439167
4       14.83551441250
1       14.83551453333
2       14.83551537500
2       14.83552330000
2       14.83561767917
2       14.83564591667
2       14.83584329583
4       14.83584331667
1       14.83584343750
2       14.83587933333
2       14.83592770417
2       14.83603237500
4       14.83603237500
1       14.83603251250
2       14.83606456667
2       14.83610195833
2       14.83622082917
4       14.83622084583
1       14.83622096667
2       14.83622935417
2       14.83626287500
2       14.83628208333
2       14.83639144167
2       14.83639844583
2       14.83640603333
4       14.83640603333
1       14.83640617083
2       14.83655415833
2       14.83680448333
4       14.83680450000
1       14.83680462083
2       14.83682106250
2       14.83683125417
2       14.83688989583
2       14.83690051667
2       14.83700120833
4       14.83700122917
1       14.83700135000
2       14.83709159167
2       14.83711950417
2       14.83721084167
4       14.83721085833
1       14.83721097917
2       14.83722430417
2       14.83732612500
2       14.83745235417
4       14.83745237500
1       14.83745249583
2       14.83745367500
2       14.83751530417
2       14.83752296250
2       14.83766852500
4       14.83766854583
1       14.83766866667
2       14.83790979583
4       14.83790981667
1       14.83790993750
2       14.83794915000
2       14.83796281250
2       14.83803902083
2       14.83809427917
2       14.83809589583
2       14.83809952500
2       14.83818706667
4       14.83818706667
1       14.83818720417
2       14.83832617500
2       14.83836291250
4       14.83836293333
1       14.83836305417
2       14.83840428750
2       14.83840630833
2       14.83854242083
4       14.83854243750
1       14.83854255833
2       14.83862654583
2       14.83878382917
4       14.83878385000
1       14.83878397083
2       14.83883293750
2       14.83892536667
2       14.83892962500
2       14.83898760000
4       14.83898762083
1       14.83898774167
2       14.83903595833
2       14.83904623333
2       14.83906511250
2       14.83911580833
2       14.83912742500
2       14.83913894583
2       14.83923222083
4       14.83923223750
1       14.83923235833
2       14.83924127500
2       14.83938046667
2       14.83941125000
2       14.83943244583
4       14.83943246667
1       14.83943258750
2       14.83947615833
2       14.83958943333
2       14.83961435417
4       14.83961437500
1       14.83961449167
2       14.83964140000
2       14.83973220833
2       14.83986840417
4       14.83986842500
1       14.83986854167
2       14.84001307917
2       14.84013662083
4       14.84013663750
1       14.84013675833
2       14.84014397083
2       14.84015989583
2       14.84017869167
2       14.84022040833
2       14.84026442500
2       14.84032051250
4       14.84032053333
1       14.84032065417
2       14.84040991667
2       14.84043414583
2       14.84044499583
2       14.84054440833
4       14.84054442917
1       14.84054455000
2       14.84086427500
4       14.84086429583
1       14.84086441250
2       14.84092527083
2       14.84094423750
2       14.84099485417
2       14.84100707083
2       14.84104750833
4       14.84104752917
1       14.84104764583
2       14.84106513333
2       14.84116012083
2       14.84117968750
2       14.84128792083
4       14.84128794167
1       14.84128806250
2       14.84135458750
2       14.84142244583
2       14.84152510833
4       14.84152512917
1       14.84152525000
2       14.84159002917
2       14.84179608333
4       14.84179610417
1       14.84179622083
2       14.84183093333
2       14.84187951667
2       14.84191731250
2       14.84196167917
2       14.84206007500
4       14.84206007500
1       14.84206021250
2       14.84227800000
4       14.84227802083
1       14.84227814167
2       14.84230887500
2       14.84232079167
2       14.84234560417
2       14.84234917083
2       14.84237079167
2       14.84250260417
4       14.84250260417
1       14.84250274167
2       14.84252966667
2       14.84256886667
2       14.84258206667
2       14.84263347917
2       14.84269007083
4       14.84269008750
1       14.84269020833
2       14.84272285417
2       14.84280175417
2       14.84283579167
2       14.84284441667
2       14.84286095000
2       14.84286202083
4       14.84286204167
1       14.84286216250
2       14.84298054167
2       14.84303556250
2       14.84307439167
4       14.84307440833
1       14.84307452917
2       14.84307490833
2       14.84309382917
2       14.84318101250
2       14.84328730417
4       14.84328730417
1       14.84328744167
2       14.84331607083
2       14.84337901250
2       14.84343342500
2       14.84361850417
4       14.84361850417
1       14.84361864167
2       14.84381197083
4       14.84381198750
1       14.84381210833
2       14.84384671667
2       14.84425049167
4       14.84425051250
1       14.84425063333
2       14.84451215417
4       14.84451217500
1       14.84451229167
2       14.84455546667
2       14.84456811667
2       14.84461985417
2       14.84466878750
2       14.84477435833
4       14.84477437500
1       14.84477449583
2       14.84480797083
2       14.84485132083
2       14.84493780417
2       14.84496028750
4       14.84496030833
1       14.84496042917
2       14.84496496250
2       14.84502716667
2       14.84508779167
2       14.84510576250
2       14.84516402083
4       14.84516403750
1       14.84516415833
2       14.84530883750
2       14.84535478333
4       14.84535480417
1       14.84535492083
2       14.84545117500
2       14.84547867083
2       14.84552868333
2       14.84556679167
4       14.84556680833
1       14.84556692917
2       14.84586492500
4       14.84586494583
1       14.84586506250
2       14.84590862500
2       14.84592714167
2       14.84592985000
2       14.84600997500
2       14.84608448333
4       14.84608448333
1       14.84608462083
2       14.84623889583
2       14.84633097500
4       14.84633097500
1       14.84633111250
2       14.84639057500
2       14.84642170833
2       14.84646011667
2       14.84648526250
2       14.84649551667
2       14.84660244583
4       14.84660246667
1       14.84660258750
2       14.84665718750
2       14.84666383333
2       14.84680579583
4       14.84680581667
1       14.84680593333
2       14.84693248333
2       14.84694000833
2       14.84698839167
2       14.84701983333
4       14.84701985417
1       14.84701997083
2       14.84703708750
2       14.84705901667
2       14.84713556250
2       14.84718217917
2       14.84745749583
4       14.84745751667
1       14.84745763750
2       14.84751274583
2       14.84758231250
2       14.84766183333
4       14.84766185417
1       14.84766197500
2       14.84769957083
2       14.84776318333
2       14.84778729167
2       14.84782710417
2       14.84787680417
4       14.84787680417
1       14.84787694167
2       14.84791118750
2       14.84794373333
2       14.84803080417
2       14.84808217917
4       14.84808220000
1       14.84808232083
2       14.84811923333
2       14.84824039167
2       14.84829348750
4       14.84829350833
1       14.84829362500
2       14.84832762917
2       14.84837692917
2       14.84841902500
2       14.84847960000
2       14.84848099167
4       14.84848100833
1       14.84848112917
2       14.84853435000
2       14.84856573750
2       14.84861347500
2       14.84862002917
2       14.84864228750
2       14.84866683750
2       14.84870221667
2       14.84877573333
4       14.84877575417
1       14.84877587083
2       14.84881710833
2       14.84887213750
2       14.84891615833
2       14.84905425833
4       14.84905427917
1       14.84905439583
2       14.84906488750
2       14.84907314167
2       14.84907550833
2       14.84919577917
2       14.84933819167
4       14.84933820833
1       14.84933832917
2       14.84954082500
4       14.84954082500
1       14.84954096250
2       14.84957867917
2       14.84960179167
2       14.84965647917
2       14.84971744583
2       14.84975287083
4       14.84975289167
1       14.84975301250
2       14.84979098750
2       14.84993733333
4       14.84993735417
1       14.84993747500
2       14.84997615000
2       14.85000226667
2       14.85000855000
2       14.85011985833
4       14.85011987917
1       14.85012000000
2       14.85018287917
2       14.85022850417
2       14.85029607917
4       14.85029609583
1       14.85029621667
2       14.85041765000
2       14.85046367083
2       14.85050877083
4       14.85050879167
1       14.85050891250
2       14.85053287917
2       14.85070045833
4       14.85070047500
1       14.85070059583
2       14.85073497917
2       14.85086840833
2       14.85090222083
4       14.85090224167
1       14.85090236250
2       14.85091550833
2       14.85099534167
2       14.85100757917
2       14.85115789583
4       14.85115791667
1       14.85115803750
2       14.85127784167
2       14.85135696250
4       14.85135698333
1       14.85135710417
2       14.85157932083
4       14.85157933750
1       14.85157945833
2       14.85173167083
2       14.85184788333
4       14.85184788333
1       14.85184802083
2       14.85198736667
2       14.85206317500
4       14.85206319583
1       14.85206331667
2       14.85215024583
2       14.85237417083
4       14.85237419167
1       14.85237431250
2       14.85248252917
2       14.85253815417
2       14.85257321667
4       14.85257323750
1       14.85257335833
2       14.85258419583
2       14.85266357500
2       14.85273330000
2       14.85275247500
4       14.85275249583
1       14.85275261250
2       14.85275284167
2       14.85282369583
2       14.85289849167
2       14.85296576667
4       14.85296578750
1       14.85296590833
2       14.85302509167
2       14.85303100417
2       14.85305687917
2       14.85306318333
2       14.85308100833
2       14.85312310833
2       14.85313372083
2       14.85314628333
4       14.85314628333
1       14.85314642083
2       14.85316316250
2       14.85326525833
2       14.85328113333
2       14.85341921667
4       14.85341923750
1       14.85341935833
2       14.85344405833
2       14.85369147500
4       14.85369147500
1       14.85369161250
2       14.85372564167
2       14.85372995000
2       14.85385076250
2       14.85388432083
4       14.85388433750
1       14.85388445833
2       14.85401007500
2       14.85408995417
4       14.85408997500
1       14.85409009583
2       14.85410453750
2       14.85417374583
2       14.85423040000
2       14.85449111667
4       14.85449113750
1       14.85449125833
2       14.85450298750
2       14.85458282500
2       14.85458910833
2       14.85467723333
4       14.85467725417
1       14.85467737500
2       14.85472332917
2       14.85472991250
2       14.85480076250
2       14.85480345417
2       14.85485215833
2       14.85489513750
4       14.85489515833
1       14.85489527917
2       14.85492662083
2       14.85499781250
2       14.85501507500
2       14.85537614583
4       14.85537614583
1       14.85537628333
2       14.85542185417
2       14.85542612083
2       14.85557323750
4       14.85557325833
1       14.85557337917
2       14.85567125000
2       14.85576132083
4       14.85576134167
1       14.85576146250
2       14.85579273750
2       14.85579676250
2       14.85580106250
2       14.85583090417
2       14.85583788750
2       14.85596175000
4       14.85596177083
1       14.85596189167
2       14.85605276667
2       14.85607919583
2       14.85608661250
2       14.85612668333
2       14.85614366250
2       14.85614919167
2       14.85621520417
4       14.85621522500
1       14.85621534167
2       14.85621550000
2       14.85633275833
2       14.85633905417
2       14.85668120417
4       14.85668122500
1       14.85668134583
2       14.85668913333
2       14.85671171667
2       14.85671792083
2       14.85681431250
2       14.85682859167
2       14.85699915000
4       14.85699917083
1       14.85699929167
2       14.85718760417
4       14.85718760417
1       14.85718774167
2       14.85726483333
2       14.85753607500
4       14.85753609583
1       14.85753621667
2       14.85758642917
2       14.85768985000
2       14.85785434167
4       14.85785436250
1       14.85785448333
2       14.85789640833
2       14.85796273333
2       14.85801167083
2       14.85804979167
4       14.85804980833
1       14.85804992917
2       14.85807263750
2       14.85823790417
4       14.85823790417
1       14.85823804167
2       14.85823857917
2       14.85841520417
2       14.85846945417
4       14.85846947500
1       14.85846959583
2       14.85850689167
2       14.85851390000
2       14.85852342083
2       14.85853836667
2       14.85870159583
4       14.85870161667
1       14.85870173750
2       14.85870987083
2       14.85883387500
2       14.85894112500
4       14.85894114583
1       14.85894126250
2       14.85902061667
2       14.85902166667
2       14.85907726250
2       14.85910315417
2       14.85917830417
4       14.85917830417
1       14.85917844167
2       14.85926175000
2       14.85927233750
2       14.85930580000
2       14.85931184583
2       14.85947805833
4       14.85947807917
1       14.85947820000
2       14.85950748750
2       14.85958037917
2       14.85960785833
2       14.85964958333
2       14.85965185833
2       14.85969237500
4       14.85969239583
1       14.85969251667
2       14.85971253750
2       14.85974202083
2       14.85975892083
2       14.85980495000
2       14.85985367917
2       14.85992826667
4       14.85992828750
1       14.85992840417
2       14.85995795833
2       14.86005238750
2       14.86006926250
2       14.86009008333
2       14.86030447917
4       14.86030449583
1       14.86030461667
2       14.86035051250
2       14.86036271667
2       14.86043500833
2       14.86044895417
2       14.86050821250
4       14.86050822917
1       14.86050835000
2       14.86054956250
2       14.86058964167
2       14.86070726250
4       14.86070728333
1       14.86070740417
2       14.86079570000
2       14.86081193333
2       14.86085361667
2       14.86085403333
2       14.86099642083
4       14.86099643750
1       14.86099655833
2       14.86107123750
2       14.86140777500
4       14.86140779583
1       14.86140791667
2       14.86142004583
2       14.86146173333
2       14.86147273333
2       14.86155612083
2       14.86158332500
2       14.86158566250
4       14.86158567917
1       14.86158580000
2       14.86162515417
2       14.86172174167
2       14.86174297917
2       14.86174404167
2       14.86178972917
4       14.86178974583
1       14.86178986667
2       14.86181290000
2       14.86186256667
2       14.86187081250
2       14.86190230417
2       14.86196525417
2       14.86201129167
4       14.86201130833
1       14.86201142917
2       14.86225276667
4       14.86225278750
1       14.86225290833
2       14.86232000417
2       14.86235975417
2       14.86239518750
2       14.86245585833
4       14.86245587917
1       14.86245600000
2       14.86248432917
2       14.86261111250
2       14.86262173750
2       14.86268665833
4       14.86268667500
1       14.86268679583
2       14.86273339167
2       14.86286049167
2       14.86297417083
4       14.86297418750
1       14.86297430833
2       14.86298710833
2       14.86302053333
2       14.86308078750
2       14.86313815000
2       14.86331502500
4       14.86331502500
1       14.86331516250
2       14.86335375833
2       14.86339352083
2       14.86341740417
2       14.86342936667
2       14.86343755000
2       14.86345248333
2       14.86358262917
4       14.86358264583
1       14.86358276667
2       14.86366248333
2       14.86369990417
2       14.86379626667
4       14.86379628333
1       14.86379640417
2       14.86388309583
2       14.86394696667
2       14.86405465833
4       14.86405467500
1       14.86405479583
2       14.86428285833
4       14.86428287917
1       14.86428300000
2       14.86429777083
2       14.86438781667
2       14.86451312917
4       14.86451315000
1       14.86451326667
2       14.86462894583
2       14.86479568750
4       14.86479570833
1       14.86479582917
2       14.86500601667
4       14.86500603750
1       14.86500615417
2       14.86504597917
2       14.86505100000
2       14.86505240417
2       14.86505600000
2       14.86524770000
4       14.86524771667
1       14.86524783750
2       14.86534878750
2       14.86537066667
2       14.86537732083
2       14.86540039167
2       14.86544947917
4       14.86544950000
1       14.86544962083
2       14.86546996250
2       14.86562695833
2       14.86562963750
2       14.86563523333
2       14.86566481667
4       14.86566483333
1       14.86566495417
2       14.86571145833
2       14.86578267500
2       14.86584232917
2       14.86598173333
4       14.86598175417
1       14.86598187500
2       14.86606157083
2       14.86609673333
2       14.86612847083
2       14.86615584583
2       14.86630268333
4       14.86630270417
1       14.86630282500
2       14.86630373333
2       14.86636561250
2       14.86645571250
2       14.86658030000
4       14.86658032083
1       14.86658044167
2       14.86665478333
2       14.86674915000
2       14.86685183750
4       14.86685185833
1       14.86685197500
2       14.86688331667
2       14.86691081667
2       14.86692102083
2       14.86692736250
2       14.86703633333
4       14.86703635417
1       14.86703647500
2       14.86704033750
2       14.86705323333
2       14.86705757083
2       14.86714169583
2       14.86736824583
4       14.86736824583
1       14.86736838333
2       14.86739702500
2       14.86746427500
2       14.86749809167
2       14.86754980833
4       14.86754982500
1       14.86754994583
2       14.86771405417
2       14.86774116250
4       14.86774118333
1       14.86774130417
2       14.86775018750
2       14.86781707917
2       14.86800984167
4       14.86800986250
1       14.86800998333
2       14.86810423750
2       14.86812383333
2       14.86813805417
2       14.86828244583
4       14.86828244583
1       14.86828258333
2       14.86834908750
2       14.86851297083
4       14.86851298750
1       14.86851310833
2       14.86882868333
4       14.86882870000
1       14.86882882083
2       14.86891178333
2       14.86895153750
2       14.86896572917
2       14.86905220833
4       14.86905222500
1       14.86905234583
2       14.86913400417
2       14.86932820833
4       14.86932822917
1       14.86932835000
2       14.86939171250
2       14.86945105000
2       14.86945699167
2       14.86955530833
4       14.86955532500
1       14.86955544583
2       14.86960767083
2       14.86987305000
4       14.86987307083
1       14.86987319167
2       14.86999692917
2       14.87000679583
2       14.87013072083
4       14.87013073750
1       14.87013085833
2       14.87021951250
2       14.87033177500
4       14.87033179583
1       14.87033191667
2       14.87036393750
2       14.87036918333
2       14.87039200000
2       14.87042150417
2       14.87056000833
4       14.87056002917
1       14.87056015000
2       14.87080912083
4       14.87080913750
1       14.87080925833
2       14.87094847083
2       14.87099817500
4       14.87099817500
1       14.87099831250
2       14.87099852917
2       14.87121880417
4       14.87121880417
1       14.87121894167
2       14.87133566667
2       14.87142144167
4       14.87142145833
1       14.87142157917
2       14.87147517083
2       14.87161492500
2       14.87162947083
4       14.87162948750
1       14.87162960833
2       14.87175535417
2       14.87179114167
2       14.87182458333
4       14.87182460417
1       14.87182472500
2       14.87187495000
2       14.87209520417
4       14.87209520417
1       14.87209534167
2       14.87226906250
2       14.87250228750
4       14.87250230833
1       14.87250242917
2       14.87264039583
2       14.87265927083
2       14.87272920833
4       14.87272922500
1       14.87272934583
2       14.87283851667
2       14.87286964583
2       14.87296995833
4       14.87296997917
1       14.87297009583
2       14.87304587083
2       14.87330192500
4       14.87330192500
1       14.87330206250
2       14.87343301250
2       14.87345225417
2       14.87349594583
4       14.87349596667
1       14.87349608750
2       14.87352536667
2       14.87355890000
2       14.87364975000
2       14.87369870000
4       14.87369872083
1       14.87369883750
2       14.87376656667
2       14.87378970833
2       14.87379209583
2       14.87385500417
2       14.87390304167
4       14.87390305833
1       14.87390317917
2       14.87398916667
2       14.87405082917
2       14.87410012917
4       14.87410015000
1       14.87410027083
2       14.87415849167
2       14.87416934167
2       14.87424055833
2       14.87426375833
2       14.87427004583
4       14.87427004583
1       14.87427018333
2       14.87439497083
2       14.87452045417
4       14.87452047500
1       14.87452059583
2       14.87457349167
2       14.87458471250
2       14.87460556250
2       14.87465067500
2       14.87476681667
4       14.87476683750
1       14.87476695833
2       14.87484150833
2       14.87488284583
2       14.87490007083
2       14.87498262917
4       14.87498264583
1       14.87498276667
2       14.87499183333
2       14.87499771667
2       14.87502715000
2       14.87520541250
4       14.87520542917
1       14.87520555000
2       14.87525482917
2       14.87526810000
2       14.87535645000
2       14.87540053333
4       14.87540053333
1       14.87540067083
2       14.87540448333
2       14.87542275000
2       14.87549994167
2       14.87554724167
2       14.87558732917
4       14.87558734583
1       14.87558746667
2       14.87565226667
2       14.87585435417
4       14.87585437500
1       14.87585449583
2       14.87594347917
2       14.87599370833
2       14.87624420833
4       14.87624422500
1       14.87624434583
2       14.87626037500
2       14.87640785833
2       14.87642904583
4       14.87642904583
1       14.87642918333
2       14.87645742917
2       14.87649401250
2       14.87652076667
2       14.87671551250
4       14.87671552917
1       14.87671565000
2       14.87675199167
2       14.87676759167
2       14.87690826250
4       14.87690828333
1       14.87690840000
2       14.87710671250
4       14.87710672917
1       14.87710685000
2       14.87712527500
2       14.87756907917
4       14.87756909583
1       14.87756921667
2       14.87763002500
2       14.87765088750
2       14.87768001667
2       14.87768013750
2       14.87772117083
2       14.87772677083
2       14.87780585417
4       14.87780587500
1       14.87780599167
2       14.87781755000
2       14.87785065417
2       14.87791018750
2       14.87802327500
4       14.87802329583
1       14.87802341667
2       14.87815201250
2       14.87823425833
4       14.87823427500
1       14.87823439583
2       14.87826330833
2       14.87835968333
2       14.87838920417
2       14.87844811667
4       14.87844813333
1       14.87844825417
2       14.87846939583
2       14.87847929167
2       14.87852405000
2       14.87856307917
2       14.87866018750
4       14.87866020417
1       14.87866032500
2       14.87866645833
2       14.87881050000
2       14.87888473750
4       14.87888475833
1       14.87888487917
2       14.87888837083
2       14.87893312500
2       14.87897209167
2       14.87901525417
2       14.87914874167
4       14.87914875833
1       14.87914887917
2       14.87918180417
2       14.87945812500
4       14.87945814583
1       14.87945826667
2       14.87954840417
2       14.87990949167
4       14.87990951250
1       14.87990963333
2       14.87997945417
2       14.88000105000
2       14.88002982083
2       14.88008771667
4       14.88008773750
1       14.88008785833
2       14.88008807083
2       14.88014074167
2       14.88039252500
4       14.88039252500
1       14.88039266250
2       14.88051800000
2       14.88054947917
2       14.88057500417
4       14.88057502500
1       14.88057514167
2       14.88067732917
2       14.88084857917
4       14.88084860000
1       14.88084871667
2       14.88090621667
2       14.88092472083
2       14.88094200833
2       14.88099787917
2       14.88105047083
4       14.88105049167
1       14.88105060833
2       14.88105060833
2       14.88115967500
2       14.88118907500
2       14.88128717083
4       14.88128719167
1       14.88128731250
2       14.88139770417
2       14.88144582500
2       14.88149111667
4       14.88149111667
1       14.88149125417
2       14.88175111250
4       14.88175112917
1       14.88175125000
2       14.88177247083
2       14.88177472500
2       14.88178892500
2       14.88183931667
2       14.88191282083
2       14.88214998333
4       14.88214998333
1       14.88215012083
2       14.88227946250
2       14.88232392500
4       14.88232392500
1       14.88232406250
2       14.88234911250
2       14.88243049167
2       14.88250310833
2       14.88251875000
4       14.88251877083
1       14.88251889167
2       14.88267266250
2       14.88270053750
2       14.88274088750
4       14.88274090833
1       14.88274102917
2       14.88278328750
2       14.88282562083
2       14.88285214583
2       14.88301887917
4       14.88301889583
1       14.88301901667
2       14.88307648333
2       14.88309560833
2       14.88309959167
2       14.88312482917
2       14.88332288750
4       14.88332290833
1       14.88332302917
2       14.88336391667
2       14.88349175833
2       14.88358032500
4       14.88358034583
1       14.88358046667
2       14.88368055833
2       14.88397633333
4       14.88397633333
1       14.88397647083
2       14.88398697500
2       14.88401016667
2       14.88402247500
2       14.88404866667
2       14.88405781250
2       14.88420138333
4       14.88420140417
1       14.88420152500
2       14.88420790833
2       14.88433332500
2       14.88437260000
2       14.88440464583
4       14.88440466667
1       14.88440478750
2       14.88445535833
2       14.88447327917
2       14.88457827083
2       14.88461829583
4       14.88461831667
1       14.88461843333
2       14.88466001667
2       14.88477127917
2       14.88478155417
2       14.88496439167
4       14.88496441250
1       14.88496453333
2       14.88531057917
4       14.88531060000
1       14.88531072083
2       14.88543838333
2       14.88553277917
4       14.88553279583
1       14.88553291667
2       14.88559351667
2       14.88561229583
2       14.88561858333
2       14.88563317083
2       14.88576565833
4       14.88576567917
1       14.88576580000
2       14.88581337500
2       14.88583395833
2       14.88585340833
2       14.88589390000
2       14.88589550417
2       14.88598196250
4       14.88598197917
1       14.88598210000
2       14.88605948333
2       14.88618064167
4       14.88618065833
1       14.88618077917
2       14.88637342500
4       14.88637344583
1       14.88637356667
2       14.88641619167
2       14.88656925417
4       14.88656925417
1       14.88656939167
2       14.88689685417
4       14.88689685417
1       14.88689699167
2       14.88695383750
2       14.88700279167
2       14.88709158750
4       14.88709160833
1       14.88709172500
2       14.88722500833
2       14.88736151667
4       14.88736153333
1       14.88736165417
2       14.88748375833
2       14.88753180417
2       14.88758118750
4       14.88758120833
1       14.88758132500
2       14.88772653333
2       14.88775765000
4       14.88775767083
1       14.88775779167
2       14.88781930833
2       14.88794250000
4       14.88794252083
1       14.88794263750
2       14.88796568333
2       14.88799745000
2       14.88800215417
2       14.88803696250
2       14.88817931667
4       14.88817933333
1       14.88817945417
2       14.88818370000
2       14.88843139167
4       14.88843141250
1       14.88843153333
2       14.88843412083
2       14.88844596250
2       14.88845187083
2       14.88850733333
2       14.88851485833
2       14.88864895000
4       14.88864897083
1       14.88864909167
2       14.88866800000
2       14.88887554167
4       14.88887556250
1       14.88887568333
2       14.88891958333
2       14.88913789583
4       14.88913791667
1       14.88913803750
2       14.88917762083
2       14.88921140417
2       14.88923999167
2       14.88926377500
2       14.88929393750
2       14.88933168333
2       14.88934755417
4       14.88934755417
1       14.88934769167
2       14.88935882500
2       14.88958436667
4       14.88958438333
1       14.88958450417
2       14.88958504583
2       14.88967245417
2       14.88992230417
4       14.88992232500
1       14.88992244167
2       14.88996834167
2       14.89005678750
2       14.89009093333
2       14.89025542500
4       14.89025542500
1       14.89025556250
2       14.89029759167
2       14.89032576250
2       14.89034156250
2       14.89038200833
2       14.89063604167
4       14.89063605833
1       14.89063617917
2       14.89065366667
2       14.89068744167
2       14.89075297500
2       14.89080829167
2       14.89100665833
4       14.89100667500
1       14.89100679583
2       14.89118712083
2       14.89127062083
4       14.89127063750
1       14.89127075833
2       14.89141568750
2       14.89144721250
2       14.89145954167
4       14.89145956250
1       14.89145968333
2       14.89156187917
2       14.89176024167
4       14.89176026250
1       14.89176038333
2       14.89188613750
2       14.89203842917
4       14.89203844583
1       14.89203856667
2       14.89215371250
2       14.89217286250
2       14.89241640417
4       14.89241642500
1       14.89241654583
2       14.89244087500
2       14.89246313750
2       14.89253131667
2       14.89255217917
2       14.89263902917
4       14.89263904583
1       14.89263916667
2       14.89267409583
2       14.89279760833
2       14.89291159583
4       14.89291161667
1       14.89291173750
2       14.89301987500
2       14.89306626250
2       14.89309575000
4       14.89309576667
1       14.89309588750
2       14.89313547500
2       14.89346039583
4       14.89346041667
1       14.89346053750
2       14.89353433333
2       14.89371880833
4       14.89371882917
1       14.89371895000
2       14.89381819583
2       14.89382608333
2       14.89384431667
2       14.89415538750
4       14.89415540417
1       14.89415552500
2       14.89434451250
4       14.89434453333
1       14.89434465417
2       14.89436429167
2       14.89454227917
4       14.89454229583
1       14.89454241667
2       14.89458995417
2       14.89459991667
2       14.89471676667
2       14.89471944583
2       14.89487416667
4       14.89487418750
1       14.89487430833
2       14.89498874167
2       14.89499170417
2       14.89518345417
4       14.89518347500
1       14.89518359583
2       14.89523050417
2       14.89524775417
2       14.89535007083
2       14.89538976667
4       14.89538978333
1       14.89538990417
2       14.89540747083
2       14.89545901250
2       14.89559515833
4       14.89559517917
1       14.89559530000
2       14.89566506667
2       14.89572371250
2       14.89572760417
2       14.89574332500
2       14.89575284583
2       14.89586950000
4       14.89586951667
1       14.89586963750
2       14.89596286250
2       14.89607520000
4       14.89607522083
1       14.89607534167
2       14.89613044167
2       14.89618149167
2       14.89630862917
4       14.89630865000
1       14.89630877083
2       14.89633814583
2       14.89651830833
4       14.89651832917
1       14.89651844583
2       14.89660839167
2       14.89671443750
4       14.89671445417
1       14.89671457500
2       14.89676375000
2       14.89683720000
2       14.89686085833
2       14.89697970833
4       14.89697972917
1       14.89697985000
2       14.89707049167
2       14.89715766250
2       14.89724403750
4       14.89724405417
1       14.89724417500
2       14.89762965417
4       14.89762967500
1       14.89762979583
2       14.89765938333
2       14.89767195417
2       14.89770574583
2       14.89772627500
2       14.89789817500
4       14.89789817500
1       14.89789831250
2       14.89791648333
2       14.89796587083
2       14.89799693333
2       14.89800105833
2       14.89816060833
4       14.89816062500
1       14.89816074583
2       14.89816915417
2       14.89819004583
2       14.89852520000
4       14.89852521667
1       14.89852533750
2       14.89855177083
2       14.89860115417
2       14.89869508333
2       14.89869710000
2       14.89878791250
4       14.89878793333
1       14.89878805000
2       14.89888298333
2       14.89899390417
4       14.89899390417
1       14.89899404167
2       14.89908602917
2       14.89957062083
4       14.89957064167
1       14.89957076250
2       14.89957527083
2       14.89967796667
2       14.89968568750
2       14.89993931667
4       14.89993933333
1       14.89993945417
2       14.89996777083
2       14.89997340417
2       14.90000415000
2       14.90004787083
2       14.90017210417
4       14.90017212500
1       14.90017224583
2       14.90018830417
2       14.90030392500
2       14.90038711250
4       14.90038712917
1       14.90038725000
2       14.90040531250
2       14.90045132083
2       14.90063619583
4       14.90063619583
1       14.90063633333
2       14.90065635417
2       14.90065827917
2       14.90076996667
2       14.90079317917
2       14.90080810000
2       14.90082198750
2       14.90089352500
4       14.90089354583
1       14.90089366250
2       14.90089945417
2       14.90113069583
4       14.90113071667
1       14.90113083750
2       14.90122615417
2       14.90122672500
2       14.90123335833
2       14.90129265000
2       14.90131482917
4       14.90131484583
1       14.90131496667
2       14.90149143333
2       14.90150500000
4       14.90150502083
1       14.90150514167
2       14.90155637500
2       14.90156334583
2       14.90182224167
4       14.90182226250
1       14.90182237917
2       14.90185838750
2       14.90191702083
2       14.90197995000
2       14.90211372083
4       14.90211374167
1       14.90211386250
2       14.90225790000
2       14.90227573333
2       14.90243505417
4       14.90243505417
1       14.90243519167
2       14.90260104167
2       14.90262781250
4       14.90262782917
1       14.90262795000
2       14.90268474167
2       14.90270997917
2       14.90272023750
2       14.90277357500
2       14.90282956667
4       14.90282958333
1       14.90282970417
2       14.90287593750
2       14.90290632083
2       14.90291335833
2       14.90291834583
2       14.90298422083
2       14.90311442083
4       14.90311444167
1       14.90311456250
2       14.90317924583
2       14.90324096667
2       14.90324555417
2       14.90325785417
2       14.90339362917
4       14.90339364583
1       14.90339376667
2       14.90350062500
2       14.90350687083
2       14.90351981250
2       14.90358407083
4       14.90358409167
1       14.90358421250
2       14.90359701667
2       14.90379082917
4       14.90379084583
1       14.90379096667
2       14.90407493750
4       14.90407495833
1       14.90407507917
2       14.90422175833
2       14.90426609167
4       14.90426611250
1       14.90426623333
2       14.90443761250
2       14.90450920833
4       14.90450922917
1       14.90450934583
2       14.90469137500
4       14.90469139583
1       14.90469151667
2       14.90473248333
2       14.90478215833
2       14.90479238333
2       14.90479797083
2       14.90483810417
2       14.90490135833
4       14.90490137917
1       14.90490150000
2       14.90500638333
2       14.90543235417
4       14.90543237500
1       14.90543249583
2       14.90551345833
2       14.90557241250
2       14.90559406250
2       14.90559434583
2       14.90564202083
4       14.90564204167
1       14.90564216250
2       14.90566289167
2       14.90580527083
2       14.90597483750
4       14.90597485417
1       14.90597497500
2       14.90598815833
2       14.90599876667
2       14.90599978333
2       14.90604211667
2       14.90612634167
2       14.90623284167
4       14.90623286250
1       14.90623298333
2       14.90625384167
2       14.90629218750
2       14.90635752917
2       14.90652473750
4       14.90652475833
1       14.90652487917
2       14.90673008750
4       14.90673010833
1       14.90673022917
2       14.90674464167
2       14.90680916250
2       14.90683273333
2       14.90684133750
2       14.90696760833
4       14.90696762917
1       14.90696775000
2       14.90697958333
2       14.90697981667
2       14.90701320417
2       14.90708449167
2       14.90709553750
2       14.90721069583
4       14.90721071667
1       14.90721083750
2       14.90740308750
4       14.90740310833
1       14.90740322917
2       14.90762140417
4       14.90762142500
1       14.90762154583
2       14.90781452917
4       14.90781455000
1       14.90781467083
2       14.90793510000
2       14.90797590833
2       14.90805994583
4       14.90805994583
1       14.90806008333
2       14.90809980000
2       14.90812685417
2       14.90815213333
2       14.90815343750
2       14.90824244583
4       14.90824244583
1       14.90824258333
2       14.90835773333
2       14.90846507083
4       14.90846509167
1       14.90846521250
2       14.90864795000
4       14.90864797083
1       14.90864809167
2       14.90865854167
2       14.90866576667
2       14.90880061667
2       14.90881622083
4       14.90881623750
1       14.90881635833
2       14.90888244583
2       14.90910630833
4       14.90910632917
1       14.90910645000
2       14.90912554167
2       14.90922392083
2       14.90924281250
2       14.90925337083
2       14.90940246667
4       14.90940248333
1       14.90940260417
2       14.90945910000
2       14.90953066667
2       14.90969358750
4       14.90969360417
1       14.90969372500
2       14.90973762917
2       14.90976779167
2       14.90977675417
2       14.90980487083
2       14.90986390417
2       14.91008142917
4       14.91008144583
1       14.91008156667
2       14.91012379167
2       14.91017226667
2       14.91024015417
2       14.91026192083
4       14.91026194167
1       14.91026206250
2       14.91029552917
2       14.91030799583
2       14.91041300000
2       14.91054259167
4       14.91054261250
1       14.91054273333
2       14.91087203333
4       14.91087203333
1       14.91087217083
2       14.91087438750
2       14.91088373333
2       14.91092018333
2       14.91111349167
4       14.91111351250
1       14.91111363333
2       14.91124209583
2       14.91134605417
4       14.91134605417
1       14.91134619167
2       14.91135176250
2       14.91152029583
4       14.91152029583
1       14.91152043333
2       14.91153554583
2       14.91175082917
4       14.91175084583
1       14.91175096667
2       14.91187471250
2       14.91191715833
2       14.91193568333
4       14.91193568333
1       14.91193582083
2       14.91195220833
2       14.91201583333
2       14.91212050417
4       14.91212050417
1       14.91212064167
2       14.91222084167
2       14.91222790833
2       14.91238886250
4       14.91238888333
1       14.91238900000
2       14.91247100417
2       14.91276206250
4       14.91276207917
1       14.91276220000
2       14.91277045000
2       14.91277071667
2       14.91280413333
2       14.91282502083
2       14.91296512083
4       14.91296513750
1       14.91296525833
2       14.91319205417
4       14.91319207500
1       14.91319219583
2       14.91319263333
2       14.91323443333
2       14.91326200000
2       14.91333280833
2       14.91348487083
4       14.91348488750
1       14.91348500833
2       14.91352392917
2       14.91356722917
2       14.91359670833
2       14.91361762917
2       14.91362392917
2       14.91370480000
4       14.91370482083
1       14.91370494167
2       14.91376432917
2       14.91398031250
4       14.91398032917
1       14.91398045000
2       14.91406250000
2       14.91412847917
2       14.91447120000
4       14.91447122083
1       14.91447134167
2       14.91448879167
2       14.91486136250
4       14.91486137917
1       14.91486150000
2       14.91494716667
2       14.91498130833
2       14.91501512083
2       14.91519332500
4       14.91519332500
1       14.91519346250
2       14.91519455417
2       14.91546091250
4       14.91546092917
1       14.91546105000
2       14.91556660000
2       14.91561661667
2       14.91561762083
2       14.91589317500
4       14.91589317500
1       14.91589331250
2       14.91592965833
2       14.91593092083
2       14.91596142083
2       14.91598953333
2       14.91613467083
4       14.91613468750
1       14.91613480833
2       14.91627577917
2       14.91627778750
2       14.91632146667
2       14.91632387500
2       14.91653939167
4       14.91653940833
1       14.91653952917
2       14.91654536250
2       14.91667628750
2       14.91674475833
4       14.91674477917
1       14.91674490000
2       14.91695347083
4       14.91695349167
1       14.91695361250
2       14.91698146250
2       14.91699055417
2       14.91710149167
2       14.91715781667
4       14.91715783750
1       14.91715795417
2       14.91734600417
4       14.91734600417
1       14.91734614167
2       14.91740555000
2       14.91741350417
2       14.91743866250
2       14.91746822500
2       14.91747584167
2       14.91749763333
2       14.91752223750
4       14.91752225833
1       14.91752237500
2       14.91762980833
2       14.91765659167
2       14.91770927500
4       14.91770929583
1       14.91770941667
2       14.91776895417
2       14.91817103750
4       14.91817105833
1       14.91817117917
2       14.91821812083
2       14.91829255000
2       14.91830786250
2       14.91855688333
4       14.91855690417
1       14.91855702500
2       14.91859606667
2       14.91862554167
2       14.91882752500
4       14.91882752500
1       14.91882766250
2       14.91898290000
2       14.91913790000
4       14.91913792083
1       14.91913804167
2       14.91960556667
4       14.91960558750
1       14.91960570833
2       14.91966395417
2       14.91966427083
2       14.91968082917
2       14.91980499583
4       14.91980501667
1       14.91980513333
2       14.91995403750
2       14.92006302917
4       14.92006304583
1       14.92006316667
2       14.92007633333
2       14.92022161250
2       14.92025648750
4       14.92025650417
1       14.92025662500
2       14.92034622917
2       14.92035225000
2       14.92053900000
4       14.92053901667
1       14.92053913750
2       14.92062478333
2       14.92075059583
4       14.92075059583
1       14.92075073333
2       14.92084301250
2       14.92091029583
2       14.92091563750
2       14.92102951250
4       14.92102953333
1       14.92102965417
2       14.92106600417
2       14.92108813333
2       14.92109081667
2       14.92133231667
4       14.92133233333
1       14.92133245417
2       14.92136937500
2       14.92150325833
2       14.92161680000
4       14.92161681667
1       14.92161693750
2       14.92161983750
2       14.92167016250
2       14.92193052917
4       14.92193055000
1       14.92193067083
2       14.92194541667
2       14.92196267917
2       14.92197551667
2       14.92217134583
4       14.92217136667
1       14.92217148750
2       14.92217889583
2       14.92223389167
2       14.92249587083
4       14.92249589167
1       14.92249601250
2       14.92258930833
2       14.92261519167
2       14.92267910833
2       14.92268430833
4       14.92268432917
1       14.92268445000
2       14.92274761667
2       14.92281055000
2       14.92288876667
2       14.92293607500
4       14.92293609583
1       14.92293621250
2       14.92300764167
2       14.92309776250
2       14.92313316250
4       14.92313317917
1       14.92313330000
2       14.92319477917
2       14.92328790417
2       14.92340749583
4       14.92340751667
1       14.92340763750
2       14.92344295833
2       14.92347097500
2       14.92348985833
2       14.92370783750
4       14.92370785833
1       14.92370797500
2       14.92372707083
2       14.92382740833
2       14.92383509167
2       14.92387550417
2       14.92395561667
4       14.92395563333
1       14.92395575417
2       14.92431037917
4       14.92431039583
1       14.92431051667
2       14.92434745000
2       14.92440245417
2       14.92447993750
2       14.92451082917
4       14.92451084583
1       14.92451096667
2       14.92452504583
2       14.92456115417
2       14.92462507083
2       14.92491254583
4       14.92491254583
1       14.92491268333
2       14.92491685417
2       14.92494530000
2       14.92499161667
2       14.92510834167
4       14.92510835833
1       14.92510847917
2       14.92556405833
4       14.92556407917
1       14.92556420000
2       14.92565844167
2       14.92571903333
2       14.92579690000
4       14.92579691667
1       14.92579703750
2       14.92585523750
2       14.92596450000
2       14.92597544583
4       14.92597546667
1       14.92597558750
2       14.92597578750
2       14.92603639583
2       14.92610861667
2       14.92625618333
4       14.92625620417
1       14.92625632500
2       14.92630771250
2       14.92635574167
2       14.92640836250
2       14.92640933333
2       14.92661936250
4       14.92661937917
1       14.92661950000
2       14.92678892917
2       14.92683731250
4       14.92683733333
1       14.92683745000
2       14.92698607917
2       14.92720203750
4       14.92720205417
1       14.92720217500
2       14.92721652917
2       14.92739939167
4       14.92739940833
1       14.92739952917
2       14.92744810833
2       14.92748092083
2       14.92749973333
2       14.92760017083
4       14.92760019167
1       14.92760030833
2       14.92768797083
2       14.92790485833
4       14.92790487500
1       14.92790499583
2       14.92803700417
2       14.92818372500
4       14.92818374583
1       14.92818386667
2       14.92829072917
2       14.92833441667
2       14.92867229167
4       14.92867231250
1       14.92867243333
2       14.92867423750
2       14.92872062917
2       14.92879383750
2       14.92889429167
4       14.92889430833
1       14.92889442917
2       14.92896610000
2       14.92909856667
4       14.92909858750
1       14.92909870417
2       14.92920130417
2       14.92931812917
4       14.92931814583
1       14.92931826667
2       14.92941689583
2       14.92945953750
2       14.92957455000
4       14.92957457083
1       14.92957469167
2       14.92960173333
2       14.92969580833
2       14.92970639583
2       14.92984394167
4       14.92984395833
1       14.92984407917
2       14.92991346667
2       14.92997339583
2       14.93009167500
4       14.93009169583
1       14.93009181250
2       14.93012607083
2       14.93017146667
2       14.93028572083
4       14.93028574167
1       14.93028586250
2       14.93029271250
2       14.93033142083
2       14.93043607083
2       14.93044668750
2       14.93047818333
2       14.93075312917
4       14.93075315000
1       14.93075327083
2       14.93080645000
2       14.93081764167
2       14.93082432500
2       14.93099797083
4       14.93099799167
1       14.93099811250
2       14.93111247500
2       14.93118499583
2       14.93122810000
4       14.93122812083
1       14.93122824167
2       14.93123961250
2       14.93128239167
2       14.93129963750
2       14.93141686250
4       14.93141687917
1       14.93141700000
2       14.93147899583
2       14.93152481667
2       14.93155368333
2       14.93161026667
4       14.93161028750
1       14.93161040833
2       14.93167495833
2       14.93168017500
2       14.93177424583
2       14.93177526250
2       14.93180143333
4       14.93180145417
1       14.93180157500
2       14.93180965417
2       14.93181071667
2       14.93193985000
2       14.93194846250
2       14.93198528333
4       14.93198530417
1       14.93198542083
2       14.93206147917
2       14.93208862917
2       14.93209286667
2       14.93237876667
4       14.93237878750
1       14.93237890833
2       14.93246848750
2       14.93251452500
2       14.93278944167
4       14.93278945833
1       14.93278957917
2       14.93280242500
2       14.93283513333
2       14.93284447500
2       14.93294048750
2       14.93296073333
2       14.93300844167
4       14.93300845833
1       14.93300857917
2       14.93320642917
4       14.93320645000
1       14.93320656667
2       14.93329558750
2       14.93331581250
2       14.93337672500
2       14.93360268750
4       14.93360270417
1       14.93360282500
2       14.93360293750
2       14.93366294583
2       14.93380775000
2       14.93388454583
4       14.93388456667
1       14.93388468750
2       14.93389277500
2       14.93393322917
2       14.93395674167
2       14.93397621667
2       14.93423891667
4       14.93423893750
1       14.93423905833
2       14.93470461667
4       14.93470463750
1       14.93470475833
2       14.93471989583
2       14.93472653750
2       14.93476055833
2       14.93485533333
2       14.93501697083
4       14.93501699167
1       14.93501711250
2       14.93503226250
2       14.93529558333
4       14.93529558333
1       14.93529572083
2       14.93535213750
2       14.93537138333
2       14.93553902500
4       14.93553902500
1       14.93553916250
2       14.93560819583
2       14.93563373750
2       14.93568006250
2       14.93571516667
2       14.93571752083
2       14.93577648750
4       14.93577650833
1       14.93577662917
2       14.93581391667
2       14.93603812917
4       14.93603815000
1       14.93603826667
2       14.93605574583
2       14.93647632917
4       14.93647635000
1       14.93647647083
2       14.93651281667
2       14.93655459167
2       14.93656083333
2       14.93656244583
2       14.93656554167
2       14.93670918750
4       14.93670920833
1       14.93670932917
2       14.93678040833
2       14.93678342500
2       14.93682119167
2       14.93685827083
2       14.93717889583
4       14.93717889583
1       14.93717903333
2       14.93732370833
2       14.93743525833
4       14.93743527500
1       14.93743539583
2       14.93753328333
2       14.93785227917
4       14.93785229583
1       14.93785241667
2       14.93793482917
2       14.93837695417
4       14.93837697500
1       14.93837709583
2       14.93845642917
2       14.93865780833
4       14.93865782500
1       14.93865794583
2       14.93898041250
4       14.93898042917
1       14.93898055000
2       14.93903549583
2       14.93904569583
2       14.93923683333
4       14.93923683333
1       14.93923697083
2       14.93936075417
2       14.93937922500
2       14.93941266250
2       14.93945612917
4       14.93945615000
1       14.93945626667
2       14.93946733333
2       14.93951838333
2       14.93955416667
2       14.93980754583
4       14.93980754583
1       14.93980768333
2       14.93985525000
2       14.93986150000
2       14.93990121250
2       14.93996650833
2       14.93999562917
2       14.94023248750
4       14.94023250833
1       14.94023262917
2       14.94029566250
2       14.94058325417
4       14.94058325417
1       14.94058339167
2       14.94078302500
4       14.94078304583
1       14.94078316667
2       14.94078533333
2       14.94082205417
2       14.94086278750
2       14.94089757500
2       14.94090188750
2       14.94090585000
2       14.94094033750
2       14.94103444167
4       14.94103446250
1       14.94103458333
2       14.94115165000
2       14.94117121250
2       14.94131661667
4       14.94131661667
1       14.94131675417
2       14.94140373333
2       14.94150172917
4       14.94150175000
1       14.94150187083
2       14.94160441250
2       14.94163155000
2       14.94167795833
4       14.94167797917
1       14.94167810000
2       14.94170907083
2       14.94179697083
2       14.94190590833
4       14.94190592500
1       14.94190604583
2       14.94210550417
4       14.94210550417
1       14.94210564167
2       14.94216556250
2       14.94227547500
2       14.94233877083
4       14.94233878750
1       14.94233890833
2       14.94240170417
2       14.94247093333
2       14.94249014583
2       14.94256263750
4       14.94256265417
1       14.94256277500
2       14.94257135000
2       14.94276204583
4       14.94276204583
1       14.94276218333
2       14.94292577083
2       14.94294060417
2       14.94295085417
2       14.94295912500
4       14.94295914583
1       14.94295926250
2       14.94298856250
2       14.94312077917
2       14.94322250833
4       14.94322252917
1       14.94322265000
2       14.94329069167
2       14.94336818333
2       14.94347949167
4       14.94347950833
1       14.94347962917
2       14.94371608333
4       14.94371608333
1       14.94371622083
2       14.94372402500
2       14.94384650000
2       14.94407305417
4       14.94407305417
1       14.94407319167
2       14.94422375833
2       14.94422408750
2       14.94425717500
4       14.94425719583
1       14.94425731667
2       14.94430557083
2       14.94435194167
2       14.94438143333
2       14.94442618333
2       14.94446919583
4       14.94446921667
1       14.94446933750
2       14.94448284583
2       14.94452781250
2       14.94455731250
2       14.94463058333
2       14.94467531250
4       14.94467533333
1       14.94467545417
2       14.94471066667
2       14.94473818750
2       14.94484155833
2       14.94486135417
4       14.94486137500
1       14.94486149583
2       14.94486673333
2       14.94506275417
4       14.94506277500
1       14.94506289167
2       14.94507567917
2       14.94518510417
2       14.94518700417
2       14.94519292917
2       14.94538107500
4       14.94538107500
1       14.94538121250
2       14.94545924583
2       14.94547417083
2       14.94557886250
4       14.94557887917
1       14.94557900000
2       14.94562425833
2       14.94577185000
2       14.94582533750
4       14.94582535833
1       14.94582547500
2       14.94592358333
2       14.94593227083
2       14.94611772500
4       14.94611772500
1       14.94611786250
2       14.94612236667
2       14.94645355000
4       14.94645357083
1       14.94645369167
2       14.94654798750
2       14.94670472917
4       14.94670474583
1       14.94670486667
2       14.94683552083
2       14.94689019167
2       14.94694451667
4       14.94694451667
1       14.94694465417
2       14.94697732083
2       14.94701766250
2       14.94716906667
4       14.94716908750
1       14.94716920417
2       14.94724260417
2       14.94738906667
4       14.94738908750
1       14.94738920833
2       14.94741416250
2       14.94741812500
2       14.94742905000
2       14.94745856667
2       14.94764271250
4       14.94764272917
1       14.94764285000
2       14.94771205000
2       14.94806932917
4       14.94806935000
1       14.94806947083
2       14.94807065833
2       14.94808790833
2       14.94810447917
2       14.94814857083
2       14.94829920833
4       14.94829922500
1       14.94829934583
2       14.94834326667
2       14.94847111667
2       14.94876822917
4       14.94876824583
1       14.94876836667
2       14.94881363750
2       14.94881431667
2       14.94882786250
2       14.94885499583
2       14.94903320000
4       14.94903322083
1       14.94903334167
2       14.94907037917
2       14.94922507083
4       14.94922509167
1       14.94922521250
2       14.94926907500
2       14.94936012083
2       14.94946122500
4       14.94946124583
1       14.94946136250
2       14.94954331667
2       14.94984265833
4       14.94984267917
1       14.94984280000
2       14.95002919167
4       14.95002921250
1       14.95002932917
2       14.95003849583
2       14.95004844167
2       14.95008217083
2       14.95018257500
2       14.95021202500
2       14.95036704583
4       14.95036704583
1       14.95036718333
2       14.95078435417
4       14.95078437500
1       14.95078449583
2       14.95080131250
2       14.95089535000
2       14.95118717917
4       14.95118720000
1       14.95118732083
2       14.95131839583
2       14.95134415833
2       14.95139679583
4       14.95139679583
1       14.95139693333
2       14.95146405417
2       14.95166580417
4       14.95166580417
1       14.95166594167
2       14.95184368750
4       14.95184370417
1       14.95184382500
2       14.95187514583
2       14.95192151667
2       14.95200000000
2       14.95216302500
4       14.95216302500
1       14.95216316250
2       14.95217722917
2       14.95228065000
2       14.95228585417
2       14.95243291250
4       14.95243293333
1       14.95243305000
2       14.95268301250
4       14.95268302917
1       14.95268315000
2       14.95271484167
2       14.95272050417
2       14.95274331250
2       14.95275781667
2       14.95278999583
2       14.95287146250
4       14.95287148333
1       14.95287160417
2       14.95287950833
2       14.95290528333
2       14.95294265833
2       14.95309805417
4       14.95309807500
1       14.95309819583
2       14.95319512083
2       14.95330176667
4       14.95330176667
1       14.95330190417
2       14.95337657500
2       14.95341667083
2       14.95351771667
4       14.95351773333
1       14.95351785417
2       14.95374149167
4       14.95374151250
1       14.95374163333
2       14.95380020417
2       14.95381276667
2       14.95383472500
2       14.95388970417
2       14.95400393333
4       14.95400393333
1       14.95400407083
2       14.95414238750
2       14.95455809583
4       14.95455809583
1       14.95455823333
2       14.95462266250
2       14.95470320833
2       14.95472965417
2       14.95485949167
4       14.95485951250
1       14.95485963333
2       14.95494992500
2       14.95514675417
4       14.95514675417
1       14.95514689167
2       14.95521865000
2       14.95537554167
4       14.95537556250
1       14.95537568333
2       14.95547064583
2       14.95549512917
2       14.95580091667
4       14.95580093333
1       14.95580105417
2       14.95593435417
2       14.95610955000
4       14.95610957083
1       14.95610969167
2       14.95615197083
2       14.95624375417
2       14.95642227917
4       14.95642230000
1       14.95642242083
2       14.95653980833
2       14.95655082917
2       14.95659450000
2       14.95662561250
4       14.95662563333
1       14.95662575000
2       14.95663855000
2       14.95670645833
2       14.95673724583
2       14.95688328750
4       14.95688330833
1       14.95688342917
2       14.95692965000
2       14.95700129583
2       14.95700652500
2       14.95702605000
2       14.95721391667
4       14.95721393333
1       14.95721405417
2       14.95725064167
2       14.95737411667
2       14.95763220417
4       14.95763222500
1       14.95763234583
2       14.95767296667
2       14.95768292083
2       14.95779056250
2       14.95793662500
4       14.95793662500
1       14.95793676250
2       14.95796967500
2       14.95813135417
4       14.95813135417
1       14.95813149167
2       14.95817972917
2       14.95825954167
2       14.95829499167
2       14.95835205000
4       14.95835206667
1       14.95835218750
2       14.95839576250
2       14.95845697917
2       14.95849206250
2       14.95856070000
4       14.95856071667
1       14.95856083750
2       14.95869807500
2       14.95916586250
4       14.95916588333
1       14.95916600417
2       14.95919693333
2       14.95926020833
2       14.95936882500
4       14.95936884583
1       14.95936896250
2       14.95978125000
4       14.95978126667
1       14.95978138750
2       14.95988254167
2       14.95998662083
4       14.95998664167
1       14.95998676250
2       14.96016714583
2       14.96019093750
4       14.96019095833
1       14.96019107917
2       14.96023142917
2       14.96032148333
2       14.96070672917
4       14.96070675000
1       14.96070686667
2       14.96074675000
2       14.96078587083
2       14.96078980417
2       14.96091035417
4       14.96091035417
1       14.96091049167
2       14.96092300417
2       14.96093423333
2       14.96098027917
2       14.96106710417
2       14.96108226667
2       14.96112630833
4       14.96112632500
1       14.96112644583
2       14.96121011250
2       14.96121288333
2       14.96131780833
4       14.96131782917
1       14.96131794583
2       14.96146361250
2       14.96146883333
2       14.96167815000
4       14.96167817083
1       14.96167829167
2       14.96180237500
2       14.96183190417
2       14.96189841667
4       14.96189843333
1       14.96189855417
2       14.96194478750
2       14.96196638750
2       14.96196963333
2       14.96197405000
2       14.96197825000
2       14.96218625833
4       14.96218627917
1       14.96218640000
2       14.96228427917
2       14.96237579583
4       14.96237581667
1       14.96237593750
2       14.96244795000
2       14.96254234583
4       14.96254236667
1       14.96254248750
2       14.96257778333
2       14.96258837500
2       14.96267917500
2       14.96271588750
2       14.96282320833
4       14.96282322917
1       14.96282335000
2       14.96291397500
2       14.96293455000
2       14.96314652500
4       14.96314654583
1       14.96314666667
2       14.96316929583
2       14.96342306250
4       14.96342307917
1       14.96342320000
2       14.96393317917
4       14.96393319583
1       14.96393331667
2       14.96394110417
2       14.96394569167
2       14.96395765000
2       14.96398587083
2       14.96438832083
4       14.96438833750
1       14.96438845833
2       14.96443629167
2       14.96450982917
2       14.96468082500
4       14.96468082500
1       14.96468096250
2       14.96469140417
2       14.96473606250
2       14.96509450833
4       14.96509452917
1       14.96509465000
2       14.96516206667
2       14.96518946667
2       14.96537742917
4       14.96537745000
1       14.96537757083
2       14.96546573750
2       14.96564232500
4       14.96564232500
1       14.96564246250
2       14.96575064583
2       14.96583502917
4       14.96583505000
1       14.96583517083
2       14.96583678333
2       14.96584567500
2       14.96589564583
2       14.96591654583
2       14.96608415833
4       14.96608417917
1       14.96608430000
2       14.96618857917
2       14.96621302083
2       14.96623577500
2       14.96633497083
4       14.96633498750
1       14.96633510833
2       14.96641803333
2       14.96641907083
2       14.96661551667
4       14.96661553333
1       14.96661565417
2       14.96669690417
2       14.96672448333
2       14.96673269167
2       14.96681756250
4       14.96681758333
1       14.96681770417
2       14.96684829167
2       14.96699500833
4       14.96699502500
1       14.96699514583
2       14.96712125417
2       14.96712880833
2       14.96717862917
2       14.96751307083
4       14.96751309167
1       14.96751321250
2       14.96763300000
2       14.96785920000
4       14.96785921667
1       14.96785933750
2       14.96786421667
2       14.96788505417
2       14.96795558333
2       14.96802585000
2       14.96845078333
4       14.96845080000
1       14.96845092083
2       14.96852131250
2       14.96870652083
4       14.96870654167
1       14.96870665833
2       14.96873561250
2       14.96878339167
2       14.96881183750
2       14.96892874167
4       14.96892875833
1       14.96892887917
2       14.96895620833
2       14.96919468333
4       14.96919468333
1       14.96919482083
2       14.96921783333
2       14.96937228333
4       14.96937230417
1       14.96937242500
2       14.96951736667
2       14.96960380000
4       14.96960382083
1       14.96960393750
2       14.96960850000
2       14.96971075417
2       14.96984531250
4       14.96984532917
1       14.96984545000
2       14.97005496667
4       14.97005498333
1       14.97005510417
2       14.97017014583
2       14.97055676250
4       14.97055677917
1       14.97055690000
2       14.97060835417
2       14.97064285000
2       14.97096276250
4       14.97096277917
1       14.97096290000
2       14.97113281667
4       14.97113283750
1       14.97113295417
2       14.97113341250
2       14.97120925833
2       14.97148584167
4       14.97148586250
1       14.97148597917
2       14.97153383333
2       14.97160304583
2       14.97171799167
4       14.97171801250
1       14.97171813333
2       14.97172867917
2       14.97186002083
2       14.97200422917
4       14.97200425000
1       14.97200436667
2       14.97202438333
2       14.97204430833
2       14.97214360417
2       14.97219104583
4       14.97219104583
1       14.97219118333
2       14.97231260833
2       14.97238042083
4       14.97238043750
1       14.97238055833
2       14.97244115417
2       14.97250537500
2       14.97263457500
4       14.97263457500
1       14.97263471250
2       14.97268984167
2       14.97283965000
4       14.97283966667
1       14.97283978750
2       14.97290310000
2       14.97293562500
2       14.97297001667
2       14.97301680000
2       14.97303364167
4       14.97303365833
1       14.97303377917
2       14.97314264167
2       14.97329436250
4       14.97329437917
1       14.97329450000
2       14.97373978333
4       14.97373978333
1       14.97373992083
2       14.97381667917
2       14.97390973333
4       14.97390975417
1       14.97390987500
2       14.97409951667
4       14.97409953750
1       14.97409965833
2       14.97412008333
2       14.97423268333
2       14.97433274583
4       14.97433274583
1       14.97433288333
2       14.97441854167
2       14.97452413750
4       14.97452415833
1       14.97452427917
2       14.97453251667
2       14.97467396667
2       14.97474217500
4       14.97474219583
1       14.97474231667
2       14.97482460000
2       14.97490942917
2       14.97491904583
4       14.97491906667
1       14.97491918750
2       14.97505476667
2       14.97507401667
2       14.97513856667
4       14.97513858750
1       14.97513870833
2       14.97515220000
2       14.97519981667
2       14.97529732083
2       14.97533204167
4       14.97533205833
1       14.97533217917
2       14.97536851250
2       14.97542802917
2       14.97546788750
2       14.97547878750
2       14.97558109583
4       14.97558111667
1       14.97558123333
2       14.97560257917
2       14.97567549583
2       14.97570930000
2       14.97573213750
2       14.97581103333
4       14.97581105417
1       14.97581117500
2       14.97586733750
2       14.97588784167
2       14.97595471250
2       14.97600212917
4       14.97600214583
1       14.97600226667
2       14.97607827083
2       14.97608525000
2       14.97611637083
2       14.97622044167
4       14.97622046250
1       14.97622057917
2       14.97630283750
2       14.97634689167
2       14.97656520417
4       14.97656522500
1       14.97656534583
2       14.97657025000
2       14.97658204583
2       14.97665799167
2       14.97671165833
2       14.97672986667
2       14.97680467917
4       14.97680470000
1       14.97680482083
2       14.97682089583
2       14.97683519167
2       14.97689242083
2       14.97701469167
4       14.97701471250
1       14.97701483333
2       14.97703823333
2       14.97717132500
2       14.97720978333
4       14.97720980417
1       14.97720992500
2       14.97728031667
2       14.97737270000
2       14.97739683333
4       14.97739685417
1       14.97739697500
2       14.97750057083
2       14.97760560000
4       14.97760561667
1       14.97760573750
2       14.97771420000
2       14.97782363333
4       14.97782365417
1       14.97782377500
2       14.97784042083
2       14.97787585417
2       14.97794973333
2       14.97800134167
4       14.97800135833
1       14.97800147917
2       14.97802720417
2       14.97808424167
2       14.97823025833
4       14.97823027500
1       14.97823039583
2       14.97823457500
2       14.97824743750
2       14.97843200000
4       14.97843201667
1       14.97843213750
2       14.97846310833
2       14.97861883750
4       14.97861885833
1       14.97861897917
2       14.97864760000
2       14.97870732083
2       14.97883682917
4       14.97883684583
1       14.97883696667
2       14.97885097917
2       14.97893512917
2       14.97896030833
2       14.97897657917
2       14.97904605417
4       14.97904607500
1       14.97904619583
2       14.97910307500
2       14.97936073750
4       14.97936075833
1       14.97936087917
2       14.97941674583
2       14.97944660000
2       14.97971154583
4       14.97971156667
1       14.97971168750
2       14.97977748750
2       14.98003747083
4       14.98003748750
1       14.98003760833
2       14.98006107083
2       14.98021671250
4       14.98021672917
1       14.98021685000
2       14.98029019167
2       14.98038218333
2       14.98051046667
4       14.98051048750
1       14.98051060417
2       14.98054985000
2       14.98066849167
2       14.98069665833
4       14.98069667917
1       14.98069680000
2       14.98072177500
2       14.98094038333
4       14.98094040417
1       14.98094052500
2       14.98117394167
4       14.98117396250
1       14.98117408333
2       14.98124841250
2       14.98128453750
2       14.98130074583
2       14.98134281667
4       14.98134283750
1       14.98134295833
2       14.98135514167
2       14.98138454167
2       14.98143525000
2       14.98144653333
2       14.98154095000
4       14.98154096667
1       14.98154108750
2       14.98177670417
4       14.98177672500
1       14.98177684583
2       14.98188801667
2       14.98201652083
4       14.98201654167
1       14.98201666250
2       14.98202846250
2       14.98203941250
2       14.98236305000
4       14.98236306667
1       14.98236318750
2       14.98248666667
2       14.98249881250
2       14.98267865000
4       14.98267866667
1       14.98267878750
2       14.98286121667
4       14.98286123750
1       14.98286135833
2       14.98304798750
4       14.98304800833
1       14.98304812917
2       14.98311255000
2       14.98313410417
2       14.98320403333
2       14.98321665833
2       14.98351596667
4       14.98351598750
1       14.98351610833
2       14.98352395417
2       14.98363758750
2       14.98374755833
4       14.98374757917
1       14.98374770000
2       14.98384922500
2       14.98385985417
2       14.98393899167
2       14.98394158333
4       14.98394158333
1       14.98394172083
2       14.98398336667
2       14.98404338333
2       14.98438388333
4       14.98438388333
1       14.98438402083
2       14.98438451667
2       14.98443321250
2       14.98465011667
4       14.98465013750
1       14.98465025417
2       14.98487248333
4       14.98487250417
1       14.98487262500
2       14.98489159167
2       14.98489986667
2       14.98499597083
2       14.98511624167
4       14.98511626250
1       14.98511638333
2       14.98515790000
2       14.98526886250
2       14.98538645417
4       14.98538647500
1       14.98538659583
2       14.98540042083
2       14.98540243750
2       14.98540767500
2       14.98543646250
2       14.98547096250
2       14.98553781667
2       14.98554483333
2       14.98555080833
2       14.98562128333
4       14.98562128333
1       14.98562142083
2       14.98566799583
2       14.98576405417
2       14.98577535417
2       14.98604500000
4       14.98604501667
1       14.98604513750
2       14.98610983750
2       14.98622982500
4       14.98622984583
1       14.98622996667
2       14.98636652917
2       14.98673090833
4       14.98673092500
1       14.98673104583
2       14.98685908333
2       14.98696011667
4       14.98696013750
1       14.98696025833
2       14.98708329583
2       14.98765842917
4       14.98765845000
1       14.98765856667
2       14.98769966667
2       14.98776102500
2       14.98787162917
4       14.98787165000
1       14.98787177083
2       14.98795185833
2       14.98797338333
2       14.98798566667
2       14.98801440833
2       14.98808597500
4       14.98808597500
1       14.98808611250
2       14.98814922917
2       14.98828502083
4       14.98828503750
1       14.98828515833
2       14.98831987083
2       14.98848344167
4       14.98848345833
1       14.98848357917
2       14.98852650000
2       14.98854702083
2       14.98858651667
2       14.98863319167
2       14.98865470000
2       14.98870373333
4       14.98870375417
1       14.98870387500
2       14.98875703750
2       14.98895805833
4       14.98895807500
1       14.98895819583
2       14.98900050000
2       14.98909485417
2       14.98940132083
4       14.98940134167
1       14.98940146250
2       14.98950429583
2       14.98959997500
4       14.98959999583
1       14.98960011667
2       14.98973812083
2       14.98977419167
2       14.98978285000
4       14.98978287083
1       14.98978299167
2       14.98980441250
2       14.98984543333
2       14.98986451250
2       14.99004424167
4       14.99004425833
1       14.99004437917
2       14.99009882083
2       14.99012862500
2       14.99022070833
4       14.99022072500
1       14.99022084583
2       14.99030086250
2       14.99031814583
2       14.99034226250
2       14.99039697083
2       14.99046057083
4       14.99046058750
1       14.99046070833
2       14.99046850000
2       14.99050631250
2       14.99065631667
4       14.99065633333
1       14.99065645417
2       14.99094443333
4       14.99094445417
1       14.99094457500
2       14.99100971250
2       14.99101205000
2       14.99101835417
2       14.99111476667
2       14.99114619583
4       14.99114621667
1       14.99114633750
2       14.99134723333
4       14.99134723333
1       14.99134737083
2       14.99142410417
2       14.99151784167
2       14.99155662500
4       14.99155664583
1       14.99155676667
2       14.99165664583
2       14.99171458333
2       14.99171896250
2       14.99178336250
4       14.99178338333
1       14.99178350000
2       14.99182422917
2       14.99186329583
2       14.99187353333
2       14.99192028333
2       14.99192586667
2       14.99198250417
4       14.99198252500
1       14.99198264583
2       14.99205079167
2       14.99219246667
4       14.99219248750
1       14.99219260833
2       14.99232703750
2       14.99242537917
4       14.99242540000
1       14.99242552083
2       14.99246087500
2       14.99249025000
2       14.99251548750
2       14.99255684583
2       14.99260324167
2       14.99271556250
4       14.99271558333
1       14.99271570417
2       14.99274238750
2       14.99280263333
2       14.99285296667
2       14.99293451250
4       14.99293453333
1       14.99293465417
2       14.99301932500
2       14.99315710000
4       14.99315712083
1       14.99315724167
2       14.99323557500
2       14.99333231667
2       14.99338795417
4       14.99338795417
1       14.99338809167
2       14.99347601250
2       14.99350890000
2       14.99360260417
4       14.99360260417
1       14.99360274167
2       14.99361350000
2       14.99361646250
2       14.99371881667
2       14.99374536250
2       14.99375060417
2       14.99375725000
2       14.99387647917
4       14.99387649583
1       14.99387661667
2       14.99390592917
2       14.99393973333
2       14.99404345833
2       14.99406999167
4       14.99407001250
1       14.99407013333
2       14.99428121667
4       14.99428123333
1       14.99428135417
2       14.99430636250
2       14.99433295417
2       14.99436967083
2       14.99443237083
2       14.99452039167
4       14.99452041250
1       14.99452053333
2       14.99465988750
2       14.99477944583
4       14.99477944583
1       14.99477958333
2       14.99481419167
2       14.99489642083
2       14.99492316667
2       14.99507720000
4       14.99507722083
1       14.99507734167
2       14.99513943750
2       14.99522534583
2       14.99523856250
2       14.99527790833
4       14.99527792917
1       14.99527805000
2       14.99544353750
2       14.99550049583
4       14.99550049583
1       14.99550063333
2       14.99550222083
2       14.99566846667
2       14.99571620833
4       14.99571622917
1       14.99571635000
2       14.99572207917
2       14.99630607083
4       14.99630608750
1       14.99630620833
2       14.99644517500
2       14.99647529583
2       14.99659676250
4       14.99659678333
1       14.99659690417
2       14.99665255000
2       14.99673531667
2       14.99675483750
2       14.99687805417
4       14.99687807500
1       14.99687819583
2       14.99688806250
2       14.99690527500
2       14.99697680000
2       14.99698074167
2       14.99704135833
2       14.99707715833
4       14.99707717917
1       14.99707729583
2       14.99741895417
4       14.99741895417
1       14.99741909167
2       14.99742828333
2       14.99752827083
2       14.99755913750
2       14.99763722500
4       14.99763722500
1       14.99763736250
2       14.99778238750
2       14.99795588333
4       14.99795588333
1       14.99795602083
2       14.99821600833
4       14.99821602500
1       14.99821614583
2       14.99842823333
4       14.99842825000
1       14.99842837083
2       14.99843612500
2       14.99857302917
2       14.99858428333
2       14.99871811250
4       14.99871813333
1       14.99871825417
2       14.99934241667
4       14.99934243750
1       14.99934255833
2       14.99943646667
2       14.99948011667
2       14.99953946250
4       14.99953947917
1       14.99953960000
2       14.99963826667
2       14.99999330417
4       14.99999332500
1       14.99999344583
2       15.00001147500
2       15.00033199583
4       15.00033201667
1       15.00033213750
2       15.00037260833
2       15.00075843750
4       15.00075845417
1       15.00075857500
2       15.00091443333
2       15.00097604583
4       15.00097606667
1       15.00097618333
2       15.00099228750
2       15.00102038333
2       15.00113333750
2       15.00119626667
4       15.00119628750
1       15.00119640833
2       15.00128205417
2       15.00153682500
4       15.00153684583
1       15.00153696250
2       15.00165177500
2       15.00165371667
2       15.00172921667
4       15.00172923750
1       15.00172935833
2       15.00185474167
2       15.00188000417
2       15.00188458750
2       15.00201244583
4       15.00201244583
1       15.00201258333
2       15.00202036667
2       15.00210880417
2       15.00216681250
2       15.00217371667
2       15.00261187917
4       15.00261190000
1       15.00261202083
2       15.00261625833
2       15.00264967917
2       15.00271702083
2       15.00276098333
2       15.00285569583
4       15.00285571667
1       15.00285583333
2       15.00338206667
4       15.00338208333
1       15.00338220417
2       15.00364173750
4       15.00364175833
1       15.00364187500
2       15.00375929583
2       15.00386035000
4       15.00386037083
1       15.00386049167
2       15.00393718750
2       15.00412441250
4       15.00412443333
1       15.00412455417
2       15.00416909583
2       15.00437174167
4       15.00437175833
1       15.00437187917
2       15.00449133750
2       15.00466031250
4       15.00466033333
1       15.00466045000
2       15.00471926250
2       15.00503253750
4       15.00503255417
1       15.00503267500
2       15.00509980833
2       15.00516077500
2       15.00532277083
4       15.00532279167
1       15.00532291250
2       15.00540420833
2       15.00543497500
2       15.00550430000
4       15.00550432083
1       15.00550444167
2       15.00559904583
2       15.00560956667
2       15.00568316667
4       15.00568318750
1       15.00568330833
2       15.00574070417
2       15.00576594167
2       15.00609573750
4       15.00609575833
1       15.00609587917
2       15.00612131667
2       15.00631637917
4       15.00631640000
1       15.00631651667
2       15.00638564583
2       15.00649893333
2       15.00654097083
4       15.00654098750
1       15.00654110833
2       15.00667618333
2       15.00711694583
4       15.00711696667
1       15.00711708750
2       15.00728093750
2       15.00729386250
4       15.00729387917
1       15.00729400000
2       15.00730844583
2       15.00737732500
2       15.00762215833
4       15.00762217917
1       15.00762230000
2       15.00766160417
2       15.00787216667
4       15.00787218333
1       15.00787230417
2       15.00789139583
2       15.00794278333
2       15.00805069167
4       15.00805071250
1       15.00805083333
2       15.00809544583
2       15.00813215417
2       15.00815246667
2       15.00815408750
2       15.00825450000
4       15.00825451667
1       15.00825463750
2       15.00846701667
4       15.00846703333
1       15.00846715417
2       15.00848996250
2       15.00854495833
2       15.00857144167
2       15.00863761667
2       15.00868796250
4       15.00868798333
1       15.00868810417
2       15.00894830000
4       15.00894832083
1       15.00894844167
2       15.00896756250
2       15.00903643333
2       15.00911636250
2       15.00926903333
4       15.00926905000
1       15.00926917083
2       15.00937259583
2       15.00939818333
2       15.00948092500
4       15.00948092500
1       15.00948106250
2       15.00954187500
2       15.00966607917
4       15.00966610000
1       15.00966622083
2       15.00974860000
2       15.01001100000
4       15.01001102083
1       15.01001114167
2       15.01014372500
2       15.01015503333
2       15.01020141250
4       15.01020142917
1       15.01020155000
2       15.01023682500
2       15.01036597083
2       15.01038322500
2       15.01039537083
4       15.01039539167
1       15.01039551250
2       15.01044347917
2       15.01053462083
2       15.01058994583
4       15.01058996667
1       15.01059008750
2       15.01072442917
2       15.01084856667
4       15.01084858750
1       15.01084870417
2       15.01104765000
4       15.01104767083
1       15.01104779167
2       15.01116790000
2       15.01126628333
4       15.01126630417
1       15.01126642500
2       15.01131034583
2       15.01138654583
2       15.01147758333
4       15.01147760417
1       15.01147772500
2       15.01154554167
2       15.01160380417
2       15.01169925417
4       15.01169927500
1       15.01169939583
2       15.01175293333
2       15.01185749583
2       15.01190786250
4       15.01190788333
1       15.01190800417
2       15.01215691250
4       15.01215692917
1       15.01215705000
2       15.01248651250
4       15.01248652917
1       15.01248665000
2       15.01305883333
4       15.01305885417
1       15.01305897500
2       15.01307082083
2       15.01315362917
2       15.01334207500
4       15.01334207500
1       15.01334221250
2       15.01343549583
2       15.01350799583
2       15.01357367083
4       15.01357369167
1       15.01357380833
2       15.01359377083
2       15.01377500417
4       15.01377500417
1       15.01377514167
2       15.01392008750
2       15.01403898750
4       15.01403900417
1       15.01403912500
2       15.01406357500
2       15.01408897917
2       15.01410552083
2       15.01412082083
2       15.01423140000
4       15.01423142083
1       15.01423154167
2       15.01423567917
2       15.01426052083
2       15.01435097083
2       15.01436984583
2       15.01443943750
4       15.01443945417
1       15.01443957500
2       15.01445600000
2       15.01453147083
2       15.01487529583
4       15.01487529583
1       15.01487543333
2       15.01498264167
2       15.01537877083
4       15.01537878750
1       15.01537890833
2       15.01540033333
2       15.01546721667
2       15.01553782917
2       15.01574017917
4       15.01574019583
1       15.01574031667
2       15.01579948750
2       15.01587995417
2       15.01623435000
4       15.01623437083
1       15.01623449167
2       15.01636916667
2       15.01639902917
2       15.01641657917
2       15.01670635417
4       15.01670637500
1       15.01670649583
2       15.01689944167
2       15.01695284167
4       15.01695285833
1       15.01695297917
2       15.01699022500
2       15.01700050833
2       15.01703194583
2       15.01726209583
4       15.01726211667
1       15.01726223750
2       15.01736549583
2       15.01765438333
4       15.01765440000
1       15.01765452083
2       15.01780334167
2       15.01808493333
4       15.01808495417
1       15.01808507083
2       15.01824155833
2       15.01824785417
2       15.01827968750
4       15.01827970417
1       15.01827982500
2       15.01832739583
2       15.01839365000
2       15.01843106250
2       15.01845582917
4       15.01845585000
1       15.01845597083
2       15.01852477500
2       15.01858073750
2       15.01866361250
4       15.01866363333
1       15.01866375417
2       15.01871153750
2       15.01879337083
2       15.01882324167
2       15.01893187083
4       15.01893188750
1       15.01893200833
2       15.01913125833
2       15.01920119583
4       15.01920119583
1       15.01920133333
2       15.01920712917
2       15.01921503750
2       15.01935317083
2       15.01952705833
4       15.01952707500
1       15.01952719583
2       15.01960525417
2       15.01963078333
2       15.01966388333
2       15.01967844167
2       15.01974368750
4       15.01974370833
1       15.01974382917
2       15.01988845417
2       15.01993092083
2       15.02004318333
4       15.02004320417
1       15.02004332083
2       15.02009416250
2       15.02015286250
2       15.02018890000
2       15.02037571667
4       15.02037573750
1       15.02037585833
2       15.02048671250
2       15.02057178750
4       15.02057180417
1       15.02057192500
2       15.02059564583
2       15.02061780417
2       15.02063607917
2       15.02064829583
2       15.02066841667
2       15.02069132917
2       15.02079004167
4       15.02079006250
1       15.02079018333
2       15.02084273333
2       15.02086194583
2       15.02108187917
4       15.02108190000
1       15.02108202083
2       15.02109083750
2       15.02112127083
2       15.02112358750
2       15.02120378333
2       15.02163730833
4       15.02163732500
1       15.02163744583
2       15.02170132917
2       15.02170221667
2       15.02171085000
2       15.02181586667
4       15.02181588333
1       15.02181600417
2       15.02182250417
2       15.02187057917
2       15.02188677500
2       15.02191525417
2       15.02202152083
4       15.02202154167
1       15.02202166250
2       15.02216170833
2       15.02217851667
2       15.02228717083
4       15.02228718750
1       15.02228730833
2       15.02247431250
2       15.02250153333
4       15.02250153333
1       15.02250167083
2       15.02273199583
4       15.02273201667
1       15.02273213750
2       15.02299074167
4       15.02299076250
1       15.02299088333
2       15.02302350000
2       15.02307986250
2       15.02310165833
2       15.02313986667
2       15.02316696250
2       15.02326061667
4       15.02326063333
1       15.02326075417
2       15.02343291667
2       15.02359095417
4       15.02359095417
1       15.02359109167
2       15.02362377500
2       15.02363636667
2       15.02364825833
2       15.02371118750
2       15.02376646250
4       15.02376648333
1       15.02376660417
2       15.02378067500
2       15.02394898750
4       15.02394900417
1       15.02394912500
2       15.02409645000
2       15.02434417083
4       15.02434419167
1       15.02434430833
2       15.02473236250
4       15.02473237917
1       15.02473250000
2       15.02475453750
2       15.02490322083
2       15.02502947083
4       15.02502948750
1       15.02502960833
2       15.02503380417
2       15.02520331250
4       15.02520333333
1       15.02520345417
2       15.02526361250
2       15.02526989583
2       15.02530109167
2       15.02536497917
2       15.02536662917
4       15.02536665000
1       15.02536676667
2       15.02538023750
2       15.02540938333
2       15.02541570833
2       15.02555506667
4       15.02555506667
1       15.02555520417
2       15.02556790833
2       15.02560877917
2       15.02562462917
2       15.02566636250
2       15.02569951667
2       15.02573124583
4       15.02573126667
1       15.02573138750
2       15.02590262500
2       15.02607379583
4       15.02607381667
1       15.02607393750
2       15.02618541667
2       15.02619400000
2       15.02635206667
4       15.02635208750
1       15.02635220833
2       15.02639836250
2       15.02642990833
2       15.02643648750
2       15.02656245833
4       15.02656247500
1       15.02656259583
2       15.02661037917
2       15.02669611250
2       15.02674942500
4       15.02674944583
1       15.02674956250
2       15.02679882083
2       15.02693168750
4       15.02693170833
1       15.02693182500
2       15.02721221250
4       15.02721222917
1       15.02721235000
2       15.02726288333
2       15.02727590000
2       15.02728737500
2       15.02734040000
2       15.02754082917
4       15.02754085000
1       15.02754097083
2       15.02754108750
2       15.02764015000
2       15.02764845000
2       15.02769245833
2       15.02769874583
2       15.02794929167
4       15.02794930833
1       15.02794942917
2       15.02813265000
2       15.02820653750
4       15.02820655417
1       15.02820667500
2       15.02823603333
2       15.02829039583
2       15.02829305833
2       15.02830095833
2       15.02833408333
2       15.02839566250
4       15.02839567917
1       15.02839580000
2       15.02840387917
2       15.02846853333
2       15.02851330000
2       15.02859045833
4       15.02859047917
1       15.02859060000
2       15.02874580833
2       15.02875012083
2       15.02901483333
4       15.02901485417
1       15.02901497500
2       15.02905780417
2       15.02906851667
2       15.02934996250
4       15.02934998333
1       15.02935010417
2       15.02936023333
2       15.02937315000
2       15.02938073750
2       15.02945822917
2       15.02951482500
2       15.02996875000
4       15.02996877083
1       15.02996889167
2       15.03002403750
2       15.03010679583
2       15.03012907083
2       15.03019223750
4       15.03019225833
1       15.03019237917
2       15.03033966250
2       15.03042346250
4       15.03042347917
1       15.03042360000
2       15.03044007500
2       15.03049179583
2       15.03060165833
2       15.03064805000
4       15.03064806667
1       15.03064818750
2       15.03066961250
2       15.03097262500
4       15.03097264583
1       15.03097276250
2       15.03105616250
2       15.03112366667
2       15.03117210417
4       15.03117210417
1       15.03117224167
2       15.03129983333
2       15.03130417083
2       15.03131048750
2       15.03169469583
4       15.03169471667
1       15.03169483750
2       15.03180963750
2       15.03189346667
4       15.03189348750
1       15.03189360833
2       15.03190110000
2       15.03199052917
2       15.03201742500
2       15.03203189583
2       15.03214945833
4       15.03214947500
1       15.03214959583
2       15.03218093750
2       15.03218956250
2       15.03269897500
4       15.03269899583
1       15.03269911250
2       15.03276162917
2       15.03276390000
2       15.03300277917
4       15.03300279583
1       15.03300291667
2       15.03310244583
2       15.03311965417
2       15.03312132500
2       15.03318992500
4       15.03318992500
1       15.03319006250
2       15.03320314583
2       15.03323355417
2       15.03334952917
2       15.03339360417
4       15.03339362500
1       15.03339374583
2       15.03368309167
4       15.03368311250
1       15.03368323333
2       15.03371126667
2       15.03423420000
4       15.03423421667
1       15.03423433750
2       15.03425508333
2       15.03451577917
4       15.03451580000
1       15.03451592083
2       15.03469076250
2       15.03480495417
4       15.03480495417
1       15.03480509167
2       15.03486028750
2       15.03491553750
2       15.03539849583
4       15.03539851667
1       15.03539863750
2       15.03540907083
2       15.03548638333
2       15.03550350833
2       15.03562470000
4       15.03562472083
1       15.03562484167
2       15.03584497083
4       15.03584499167
1       15.03584511250
2       15.03602851250
4       15.03602853333
1       15.03602865417
2       15.03603915833
2       15.03605866250
2       15.03620965000
4       15.03620966667
1       15.03620978750
2       15.03625048750
2       15.03633991250
2       15.03651641667
4       15.03651641667
1       15.03651655417
2       15.03652034583
2       15.03677243750
4       15.03677245833
1       15.03677257917
2       15.03703476667
4       15.03703478750
1       15.03703490833
2       15.03705762083
2       15.03713313750
2       15.03716427083
2       15.03717561250
2       15.03720150417
2       15.03723149583
4       15.03723149583
1       15.03723163333
2       15.03736400833
2       15.03745842083
4       15.03745844167
1       15.03745856250
2       15.03751903750
2       15.03760081667
2       15.03775759167
4       15.03775761250
1       15.03775773333
2       15.03783963333
2       15.03788962083
2       15.03799896667
4       15.03799898750
1       15.03799910417
2       15.03801817917
2       15.03815372083
2       15.03817086667
2       15.03818974167
4       15.03818975833
1       15.03818987917
2       15.03831862083
2       15.03833745000
2       15.03860749167
4       15.03860750833
1       15.03860762917
2       15.03866441250
2       15.03878363333
2       15.03891118750
4       15.03891120417
1       15.03891132500
2       15.03891223333
2       15.03902977500
2       15.03925634167
4       15.03925636250
1       15.03925648333
2       15.03928349583
2       15.03932883750
2       15.03943152083
2       15.03947625417
4       15.03947625417
1       15.03947639167
2       15.03964322083
2       15.03971867500
4       15.03971867500
1       15.03971881250
2       15.03972965000
2       15.03985719583
2       15.04005092917
4       15.04005094583
1       15.04005106667
2       15.04015498333
2       15.04026922083
4       15.04026924167
1       15.04026936250
2       15.04042586667
2       15.04053491250
4       15.04053493333
1       15.04053505417
2       15.04057268333
2       15.04075023750
4       15.04075025417
1       15.04075037500
2       15.04087530000
2       15.04107840833
4       15.04107842500
1       15.04107854583
2       15.04119726250
2       15.04159514583
4       15.04159514583
1       15.04159528333
2       15.04171960833
2       15.04174287500
2       15.04192131667
4       15.04192133333
1       15.04192145417
2       15.04205652917
2       15.04208926667
2       15.04229857500
4       15.04229859583
1       15.04229871667
2       15.04232844167
2       15.04236094167
2       15.04274612500
4       15.04274614583
1       15.04274626667
2       15.04284588333
2       15.04312736250
4       15.04312738333
1       15.04312750417
2       15.04316613750
2       15.04340404167
4       15.04340406250
1       15.04340418333
2       15.04347286250
2       15.04362218750
4       15.04362220417
1       15.04362232500
2       15.04379049167
2       15.04384848750
4       15.04384850417
1       15.04384862500
2       15.04401935000
2       15.04446190000
4       15.04446192083
1       15.04446204167
2       15.04446925417
2       15.04451694167
2       15.04479379583
4       15.04479379583
1       15.04479393333
2       15.04482192917
2       15.04498820833
4       15.04498822917
1       15.04498835000
2       15.04507329583
2       15.04518230000
4       15.04518231667
1       15.04518243750
2       15.04522701667
2       15.04555357917
4       15.04555359583
1       15.04555371667
2       15.04588150417
4       15.04588150417
1       15.04588164167
2       15.04592126667
2       15.04592295833
2       15.04627172083
4       15.04627173750
1       15.04627185833
2       15.04634388750
2       15.04650617500
4       15.04650619583
1       15.04650631250
2       15.04670560000
4       15.04670562083
1       15.04670574167
2       15.04671423750
2       15.04676855833
2       15.04686754583
2       15.04692458333
4       15.04692458333
1       15.04692472083
2       15.04704812500
2       15.04705840000
2       15.04712495417
4       15.04712495417
1       15.04712509167
2       15.04737202917
4       15.04737204583
1       15.04737216667
2       15.04738030417
2       15.04755683750
4       15.04755685417
1       15.04755697500
2       15.04771793333
2       15.04776454583
4       15.04776456667
1       15.04776468750
2       15.04776595000
2       15.04776686667
2       15.04777684167
2       15.04782550417
2       15.04785660833
2       15.04795407917
4       15.04795409583
1       15.04795421667
2       15.04809577083
2       15.04816405000
4       15.04816406667
1       15.04816418750
2       15.04821998750
2       15.04859724167
4       15.04859726250
1       15.04859738333
2       15.04872905417
2       15.04875062083
2       15.04875614583
2       15.04878009167
4       15.04878010833
1       15.04878022917
2       15.04902890417
4       15.04902890417
1       15.04902904167
2       15.04935235833
4       15.04935237917
1       15.04935250000
2       15.04940279167
2       15.04953892500
4       15.04953894583
1       15.04953906667
2       15.04961182083
2       15.04975721250
4       15.04975722917
1       15.04975735000
2       15.04980356667
2       15.04987515000
2       15.04988270833
2       15.05007222083
4       15.05007224167
1       15.05007235833
2       15.05038060417
4       15.05038062500
1       15.05038074583
2       15.05054152917
2       15.05078472917
4       15.05078474583
1       15.05078486667
2       15.05098440833
4       15.05098442917
1       15.05098455000
2       15.05141037500
4       15.05141039583
1       15.05141051250
2       15.05161335000
4       15.05161336667
1       15.05161348750
2       15.05178733333
2       15.05180523750
4       15.05180525833
1       15.05180537500
2       15.05196417500
2       15.05212489167
4       15.05212491250
1       15.05212502917
2       15.05219203333
2       15.05238480417
4       15.05238480417
1       15.05238494167
2       15.05240799167
2       15.05258222083
4       15.05258223750
1       15.05258235833
2       15.05260719167
2       15.05261946250
2       15.05266165417
2       15.05268233333
2       15.05276582500
4       15.05276584583
1       15.05276596667
2       15.05282009583
2       15.05296090833
4       15.05296092917
1       15.05296105000
2       15.05319037500
4       15.05319037500
1       15.05319051250
2       15.05330568333
2       15.05333121667
2       15.05347119583
4       15.05347119583
1       15.05347133333
2       15.05359115417
2       15.05364617917
2       15.05390360417
4       15.05390360417
1       15.05390374167
2       15.05394955000
2       15.05425664167
4       15.05425665833
1       15.05425677917
2       15.05431598333
2       15.05440143333
2       15.05448587083
4       15.05448588750
1       15.05448600833
2       15.05463387500
2       15.05471569583
4       15.05471571667
1       15.05471583750
2       15.05486712917
2       15.05487405000
2       15.05513577083
4       15.05513579167
1       15.05513591250
2       15.05519993750
2       15.05524432500
2       15.05550831667
4       15.05550833333
1       15.05550845417
2       15.05557430833
2       15.05561368333
2       15.05577602083
4       15.05577603750
1       15.05577615833
2       15.05582069583
2       15.05582893750
2       15.05589687917
2       15.05609264583
4       15.05609264583
1       15.05609278333
2       15.05614132500
2       15.05620654583
2       15.05624462917
2       15.05628436667
2       15.05648805417
4       15.05648805417
1       15.05648819167
2       15.05649052500
2       15.05655662083
2       15.05656037083
2       15.05659273333
2       15.05675802917
4       15.05675804583
1       15.05675816667
2       15.05702472500
4       15.05702474583
1       15.05702486667
2       15.05715445000
2       15.05728340417
4       15.05728340417
1       15.05728354167
2       15.05735929583
2       15.05738275000
2       15.05744004167
2       15.05745330833
2       15.05749200833
4       15.05749202917
1       15.05749215000
2       15.05750490000
2       15.05800177917
4       15.05800180000
1       15.05800191667
2       15.05818824167
4       15.05818825833
1       15.05818837917
2       15.05850722083
4       15.05850723750
1       15.05850735833
2       15.05879016667
4       15.05879018750
1       15.05879030833
2       15.05893093333
2       15.05897198333
4       15.05897200417
1       15.05897212500
2       15.05904019583
2       15.05928106250
4       15.05928108333
1       15.05928120417
2       15.05935982500
2       15.05938427917
2       15.05945539167
4       15.05945541250
1       15.05945553333
2       15.05964344583
4       15.05964344583
1       15.05964358333
2       15.05988512917
4       15.05988514583
1       15.05988526667
2       15.05996730000
2       15.06000901250
2       15.06007622500
4       15.06007622500
1       15.06007636250
2       15.06034126667
4       15.06034128333
1       15.06034140417
2       15.06040187083
2       15.06048761250
2       15.06050987500
2       15.06057914583
4       15.06057916667
1       15.06057928333
2       15.06066057500
2       15.06079081667
4       15.06079081667
1       15.06079095417
2       15.06082095417
2       15.06108284167
4       15.06108286250
1       15.06108298333
2       15.06111171250
2       15.06115679583
2       15.06141675833
4       15.06141677917
1       15.06141690000
2       15.06151022500
2       15.06166813750
4       15.06166815417
1       15.06166827500
2       15.06167477083
2       15.06172251250
2       15.06188979583
4       15.06188979583
1       15.06188993333
2       15.06190670833
2       15.06192486250
2       15.06225445417
4       15.06225447500
1       15.06225459583
2       15.06226012083
2       15.06226565000
2       15.06231267500
2       15.06232493333
2       15.06234584583
2       15.06259128333
4       15.06259130417
1       15.06259142500
2       15.06279035000
4       15.06279036667
1       15.06279048750
2       15.06281421250
2       15.06283119167
2       15.06287646667
2       15.06348328333
4       15.06348330417
1       15.06348342500
2       15.06360219167
2       15.06368827917
4       15.06368829583
1       15.06368841667
2       15.06392082917
4       15.06392084583
1       15.06392096667
2       15.06394362500
2       15.06394833750
2       15.06394867083
2       15.06407382083
2       15.06439781667
4       15.06439783750
1       15.06439795833
2       15.06440501667
2       15.06444552083
2       15.06460257083
4       15.06460259167
1       15.06460270833
2       15.06462333750
2       15.06496911250
4       15.06496913333
1       15.06496925417
2       15.06498043333
2       15.06511260000
2       15.06513577917
2       15.06520432500
4       15.06520432500
1       15.06520446250
2       15.06537158750
2       15.06543621250
4       15.06543623333
1       15.06543635417
2       15.06548432917
2       15.06567645000
4       15.06567647083
1       15.06567659167
2       15.06574821250
2       15.06588166667
4       15.06588168333
1       15.06588180417
2       15.06594400833
2       15.06613909583
4       15.06613911667
1       15.06613923750
2       15.06627755000
2       15.06640239583
4       15.06640241667
1       15.06640253333
2       15.06659908750
4       15.06659910417
1       15.06659922500
2       15.06676110833
2       15.06698009167
4       15.06698011250
1       15.06698023333
2       15.06698137917
2       15.06731100417
4       15.06731100417
1       15.06731114167
2       15.06735398750
2       15.06735735833
2       15.06753457917
4       15.06753460000
1       15.06753472083
2       15.06778496667
4       15.06778496667
1       15.06778510417
2       15.06793132500
2       15.06795418333
4       15.06795418333
1       15.06795432083
2       15.06805624167
2       15.06808632083
2       15.06810558333
2       15.06815125417
4       15.06815125417
1       15.06815139167
2       15.06829136667
2       15.06848248333
4       15.06848250417
1       15.06848262500
2       15.06863151667
2       15.06874246667
4       15.06874248750
1       15.06874260833
2       15.06878057917
2       15.06896349167
4       15.06896351250
1       15.06896363333
2       15.06900026667
2       15.06901641250
2       15.06928401250
4       15.06928402917
1       15.06928415000
2       15.06931949583
2       15.06933277917
2       15.06936587917
2       15.06937181250
2       15.06960140417
4       15.06960140417
1       15.06960154167
2       15.06973676667
2       15.06993427500
4       15.06993427500
1       15.06993441250
2       15.07028669167
4       15.07028670833
1       15.07028682917
2       15.07060930833
4       15.07060932500
1       15.07060944583
2       15.07112604167
4       15.07112606250
1       15.07112618333
2       15.07116182500
2       15.07124499583
2       15.07130615000
4       15.07130617083
1       15.07130629167
2       15.07134170833
2       15.07145096667
2       15.07150562500
4       15.07150562500
1       15.07150576250
2       15.07177692083
4       15.07177693750
1       15.07177705833
2       15.07178182917
2       15.07194417917
2       15.07202925417
4       15.07202925417
1       15.07202939167
2       15.07207598333
2       15.07211477500
2       15.07212599167
2       15.07229693333
4       15.07229695417
1       15.07229707500
2       15.07248937917
4       15.07248939583
1       15.07248951667
2       15.07250320833
2       15.07251979583
2       15.07321079167
4       15.07321080833
1       15.07321092917
2       15.07323293333
2       15.07324456667
2       15.07324783750
2       15.07326310833
2       15.07332836250
2       15.07334058333
2       15.07335483750
2       15.07352078333
4       15.07352078333
1       15.07352092083
2       15.07362351250
2       15.07365458750
2       15.07374474167
4       15.07374476250
1       15.07374488333
2       15.07387820417
2       15.07405503333
4       15.07405503333
1       15.07405517083
2       15.07415211250
2       15.07426306250
4       15.07426307917
1       15.07426320000
2       15.07444158750
2       15.07462643333
4       15.07462645417
1       15.07462657500
2       15.07468237917
2       15.07468734583
2       15.07493549583
4       15.07493549583
1       15.07493563333
2       15.07498515833
2       15.07504810833
2       15.07517561250
4       15.07517563333
1       15.07517575417
2       15.07520311250
2       15.07533759167
2       15.07535380000
4       15.07535382083
1       15.07535393750
2       15.07535483750
2       15.07536447083
2       15.07549460000
2       15.07585097083
4       15.07585099167
1       15.07585111250
2       15.07606202917
4       15.07606205000
1       15.07606216667
2       15.07652113333
4       15.07652115000
1       15.07652127083
2       15.07662937083
2       15.07712585417
4       15.07712585417
1       15.07712599167
2       15.07734290417
4       15.07734292500
1       15.07734304583
2       15.07750476667
2       15.07754589583
2       15.07772407917
4       15.07772410000
1       15.07772421667
2       15.07786650000
2       15.07790725833
4       15.07790727917
1       15.07790740000
2       15.07810296667
4       15.07810298750
1       15.07810310833
2       15.07814151250
2       15.07819968333
2       15.07859814583
4       15.07859814583
1       15.07859828333
2       15.07882734583
4       15.07882734583
1       15.07882748333
2       15.07886941667
2       15.07896316667
2       15.07929180000
4       15.07929182083
1       15.07929194167
2       15.07944740833
2       15.07945542083
2       15.07960275833
4       15.07960277917
1       15.07960290000
2       15.07964913333
2       15.07974552917
2       15.07978431667
4       15.07978433750
1       15.07978445833
2       15.07979393333
2       15.08021623750
4       15.08021625417
1       15.08021637500
2       15.08024269167
2       15.08036529167
2       15.08050975417
4       15.08050975417
1       15.08050989167
2       15.08059478750
2       15.08067003750
2       15.08076311667
4       15.08076313333
1       15.08076325417
2       15.08083822083
2       15.08086141250
2       15.08105453750
4       15.08105455417
1       15.08105467500
2       15.08116216667
2       15.08120394583
2       15.08121987500
2       15.08149706667
4       15.08149708333
1       15.08149720417
2       15.08155807500
2       15.08163556667
2       15.08173459583
4       15.08173459583
1       15.08173473333
2       15.08173721667
2       15.08205188333
4       15.08205190000
1       15.08205202083
2       15.08218465833
2       15.08218934583
2       15.08220027500
2       15.08222051667
2       15.08227643333
4       15.08227645417
1       15.08227657500
2       15.08230528750
2       15.08235491250
2       15.08248906667
4       15.08248908750
1       15.08248920417
2       15.08360542500
4       15.08360542500
1       15.08360556250
2       15.08363748333
2       15.08406833333
4       15.08406835417
1       15.08406847500
2       15.08426651250
4       15.08426653333
1       15.08426665417
2       15.08427870833
2       15.08429134167
2       15.08437183333
2       15.08444829583
4       15.08444829583
1       15.08444843333
2       15.08446446250
2       15.08459373750
2       15.08476234167
4       15.08476235833
1       15.08476247917
2       15.08495575417
4       15.08495575417
1       15.08495589167
2       15.08509092083
2       15.08514925417
4       15.08514927500
1       15.08514939583
2       15.08537902917
4       15.08537904583
1       15.08537916667
2       15.08539565000
2       15.08544824583
2       15.08558218750
4       15.08558220833
1       15.08558232500
2       15.08578720000
4       15.08578721667
1       15.08578733750
2       15.08583716667
2       15.08590735000
2       15.08670727083
4       15.08670729167
1       15.08670740833
2       15.08705442500
4       15.08705444583
1       15.08705456667
2       15.08718392917
2       15.08726142917
4       15.08726144583
1       15.08726156667
2       15.08733264583
2       15.08734912917
2       15.08739332917
2       15.08743797917
4       15.08743799583
1       15.08743811667
2       15.08764205000
4       15.08764206667
1       15.08764218750
2       15.08765995000
2       15.08772575833
2       15.08773511667
2       15.08781850833
4       15.08781852917
1       15.08781865000
2       15.08791986667
2       15.08795964167
2       15.08799212500
2       15.08801963750
4       15.08801965833
1       15.08801977917
2       15.08804540000
2       15.08816006250
2       15.08828323750
4       15.08828325833
1       15.08828337917
2       15.08828792083
2       15.08841940833
2       15.08843290417
2       15.08845887917
4       15.08845889583
1       15.08845901667
2       15.08859655833
2       15.08864233750
2       15.08878009167
4       15.08878010833
1       15.08878022917
2       15.08888805000
2       15.08893644167
2       15.08897641667
4       15.08897643750
1       15.08897655833
2       15.08921528750
4       15.08921530417
1       15.08921542500
2       15.08930375833
2       15.08974530000
4       15.08974531667
1       15.08974543750
2       15.08986655000
2       15.09017325417
4       15.09017327500
1       15.09017339583
2       15.09040843750
4       15.09040845833
1       15.09040857500
2       15.09050118333
2       15.09052829583
2       15.09058630833
2       15.09059948750
4       15.09059950417
1       15.09059962500
2       15.09088570000
4       15.09088571667
1       15.09088583750
2       15.09109469583
4       15.09109469583
1       15.09109483333
2       15.09111622917
2       15.09113312917
2       15.09131100417
4       15.09131102500
1       15.09131114583
2       15.09137099583
2       15.09150610417
4       15.09150612500
1       15.09150624167
2       15.09156970417
2       15.09164032500
2       15.09184797500
4       15.09184797500
1       15.09184811250
2       15.09193869583
2       15.09194670833
2       15.09206420833
4       15.09206422500
1       15.09206434583
2       15.09210430000
2       15.09213479583
2       15.09244287500
4       15.09244287500
1       15.09244301250
2       15.09268457500
4       15.09268457500
1       15.09268471250
2       15.09269982500
2       15.09282606667
2       15.09291709167
4       15.09291711250
1       15.09291723333
2       15.09314865417
4       15.09314867500
1       15.09314879583
2       15.09317819167
2       15.09336858750
4       15.09336860417
1       15.09336872500
2       15.09337752917
2       15.09340997500
2       15.09349253333
2       15.09355142500
4       15.09355144583
1       15.09355156667
2       15.09363126667
2       15.09369350833
2       15.09386406667
4       15.09386408333
1       15.09386420417
2       15.09424730000
4       15.09424731667
1       15.09424743750
2       15.09441163333
2       15.09441256667
2       15.09492571667
4       15.09492573333
1       15.09492585417
2       15.09497501667
2       15.09502769167
2       15.09519133333
4       15.09519133333
1       15.09519147083
2       15.09536917500
2       15.09543046250
4       15.09543047917
1       15.09543060000
2       15.09546186667
2       15.09549112500
2       15.09549538750
2       15.09584294167
4       15.09584296250
1       15.09584308333
2       15.09663879167
4       15.09663881250
1       15.09663893333
2       15.09694026667
4       15.09694028333
1       15.09694040417
2       15.09709495417
2       15.09721580000
4       15.09721582083
1       15.09721594167
2       15.09728865417
2       15.09747121250
4       15.09747122917
1       15.09747135000
2       15.09762950000
2       15.09765039583
2       15.09800197917
4       15.09800200000
1       15.09800211667
2       15.09814421667
2       15.09818789167
4       15.09818791250
1       15.09818803333
2       15.09826346667
2       15.09835583750
2       15.09863249167
4       15.09863250833
1       15.09863262917
2       15.09865627083
2       15.10136767083
4       15.10136769167
1       15.10136781250
2       15.10139752083
2       15.10148527083
2       15.10157577500
4       15.10157579583
1       15.10157591667
2       15.10185459167
4       15.10185461250
1       15.10185473333
2       15.10186526667
2       15.10188210417
2       15.10188238333
2       15.10189935417
2       15.10204734583
4       15.10204734583
1       15.10204748333
2       15.10204968750
2       15.10211926250
2       15.10222824583
4       15.10222824583
1       15.10222838333
2       15.10228144167
2       15.10238399167
2       15.10245212500
4       15.10245214583
1       15.10245226667
2       15.10275851250
4       15.10275852917
1       15.10275865000
2       15.10288542083
2       15.10325405833
4       15.10325407500
1       15.10325419583
2       15.10333190000
2       15.10338353750
2       15.10361148333
4       15.10361150000
1       15.10361162083
2       15.10373502500
2       15.10406926250
4       15.10406928333
1       15.10406940417
2       15.10422487500
2       15.10429875833
4       15.10429877917
1       15.10429890000
2       15.10431892917
2       15.10485139583
4       15.10485139583
1       15.10485153333
2       15.10505031667
2       15.10508867083
4       15.10508869167
1       15.10508881250
2       15.10512215000
2       15.10512549583
2       15.10540275417
4       15.10540277500
1       15.10540289583
2       15.10541240000
2       15.10549982917
2       15.10561636667
4       15.10561638750
1       15.10561650417
2       15.10567304167
2       15.10587710417
4       15.10587710417
1       15.10587724167
2       15.10617547500
4       15.10617547500
1       15.10617561250
2       15.10642918750
4       15.10642920417
1       15.10642932500
2       15.10647917500
2       15.10662882083
4       15.10662884167
1       15.10662896250
2       15.10665244583
2       15.10677437083
2       15.10681047083
4       15.10681049167
1       15.10681061250
2       15.10705813750
4       15.10705815833
1       15.10705827500
2       15.10710464583
2       15.10712937917
2       15.10728041667
4       15.10728043333
1       15.10728055417
2       15.10733704167
2       15.10733940000
2       15.10743282917
2       15.10745034583
2       15.10746167917
4       15.10746170000
1       15.10746182083
2       15.10759215000
2       15.10770275833
4       15.10770277917
1       15.10770290000
2       15.10782737083
2       15.10797034167
4       15.10797036250
1       15.10797047917
2       15.10802370833
2       15.10811580833
2       15.10824394583
4       15.10824396667
1       15.10824408750
2       15.10831792500
2       15.10844075417
4       15.10844077500
1       15.10844089583
2       15.10854935000
2       15.10904160833
4       15.10904162917
1       15.10904174583
2       15.10938046250
4       15.10938047917
1       15.10938060000
2       15.10940163333
2       15.10993132500
4       15.10993132500
1       15.10993146250
2       15.11004248750
2       15.11015849167
4       15.11015850833
1       15.11015862917
2       15.11024853333
2       15.11040355833
4       15.11040357917
1       15.11040370000
2       15.11044469167
2       15.11056985833
2       15.11094742083
4       15.11094744167
1       15.11094756250
2       15.11102298750
2       15.11104821250
2       15.11111212083
4       15.11111214167
1       15.11111226250
2       15.11122670000
2       15.11162213333
4       15.11162215417
1       15.11162227500
2       15.11490494583
4       15.11490494583
1       15.11490508333
2       15.11497726667
2       15.11510789167
4       15.11510791250
1       15.11510803333
2       15.11516865417
2       15.11523090000
2       15.11523813333
2       15.11531701667
4       15.11531703750
1       15.11531715833
2       15.11532227917
2       15.11556535000
4       15.11556537083
1       15.11556549167
2       15.11569720833
2       15.11580652500
4       15.11580652500
1       15.11580666250
2       15.11610041250
4       15.11610043333
1       15.11610055417
2       15.11610465417
2       15.11617989583
2       15.11650077917
4       15.11650079583
1       15.11650091667
2       15.11663092917
2       15.11664321667
2       15.11666041667
2       15.11666509167
2       15.11666834583
2       15.11683275417
4       15.11683277500
1       15.11683289583
2       15.11691882500
2       15.11693297083
2       15.11728778333
4       15.11728778333
1       15.11728792083
2       15.11733621250
2       15.11734410000
2       15.11741134167
2       15.11751343333
4       15.11751345417
1       15.11751357500
2       15.11788800000
4       15.11788802083
1       15.11788814167
2       15.11807413333
4       15.11807413333
1       15.11807427083
2       15.11812612083
2       15.11817482500
2       15.11818544167
2       15.11818640833
2       15.11833517500
4       15.11833519583
1       15.11833531667
2       15.11834803750
2       15.11835007500
2       15.11839848333
2       15.11853120000
4       15.11853121667
1       15.11853133750
2       15.11865353333
2       15.11896148333
4       15.11896150417
1       15.11896162500
2       15.11936798750
4       15.11936800417
1       15.11936812500
2       15.11954211250
2       15.12012910000
4       15.12012912083
1       15.12012924167
2       15.12039965000
4       15.12039967083
1       15.12039979167
2       15.12052749583
2       15.12060740833
4       15.12060742917
1       15.12060755000
2       15.12095148333
4       15.12095148333
1       15.12095162083
2       15.12102966250
2       15.12111215833
2       15.12134904167
4       15.12134906250
1       15.12134918333
2       15.12143319583
2       15.12175700833
4       15.12175702917
1       15.12175714583
2       15.12179223750
2       15.12184521667
2       15.12200237917
4       15.12200239583
1       15.12200251667
2       15.12204524583
2       15.12213859167
2       15.12217937083
2       15.12256860417
4       15.12256862500
1       15.12256874583
2       15.12279445000
4       15.12279447083
1       15.12279458750
2       15.12286235833
2       15.12289181667
2       15.12310341250
4       15.12310343333
1       15.12310355417
2       15.12333198750
4       15.12333200833
1       15.12333212917
2       15.12347351250
2       15.12364667083
4       15.12364669167
1       15.12364680833
2       15.12376027917
2       15.12379570000
2       15.12383747083
4       15.12383748750
1       15.12383760833
2       15.12389047500
2       15.12928983750
4       15.12928985417
1       15.12928997500
2       15.12955382083
4       15.12955383750
1       15.12955395833
2       15.12978865833
4       15.12978867500
1       15.12978879583
2       15.13009858750
4       15.13009860833
1       15.13009872500
2       15.13017811667
2       15.13030175417
4       15.13030177500
1       15.13030189167
2       15.13033518750
2       15.13035667917
2       15.13039054167
2       15.13040866250
2       15.13042029167
2       15.13043787500
2       15.13053000000
4       15.13053001667
1       15.13053013750
2       15.13062405833
2       15.13090790000
4       15.13090791667
1       15.13090803750
2       15.13113543333
4       15.13113543333
1       15.13113557083
2       15.13124535000
2       15.13139577917
4       15.13139580000
1       15.13139592083
2       15.13183863750
4       15.13183865833
1       15.13183877917
2       15.13187702083
2       15.13230837083
4       15.13230839167
1       15.13230850833
2       15.13239410000
2       15.13247919167
2       15.13265970000
4       15.13265972083
1       15.13265984167
2       15.13287132500
4       15.13287132500
1       15.13287146250
2       15.13330096667
4       15.13330098750
1       15.13330110833
2       15.13437847917
4       15.13437850000
1       15.13437862083
2       15.13441751667
2       15.13448910000
2       15.13458769583
4       15.13458771667
1       15.13458783750
2       15.13528273750
4       15.13528275417
1       15.13528287500
2       15.13530726667
2       15.13583228750
4       15.13583230417
1       15.13583242500
2       15.13589973750
2       15.13590113333
2       15.13591105833
2       15.13646224583
4       15.13646224583
1       15.13646238333
2       15.13690971667
4       15.13690973750
1       15.13690985417
2       15.13694482500
2       15.13702998333
2       15.13740391250
4       15.13740392917
1       15.13740405000
2       15.13771462083
4       15.13771464167
1       15.13771476250
2       15.13773809167
2       15.13778379583
2       15.13817166250
4       15.13817168333
1       15.13817180000
2       15.13818032917
2       15.13837070833
4       15.13837072500
1       15.13837084583
2       15.13861449167
4       15.13861450833
1       15.13861462917
2       15.13871090833
2       15.13872777917
2       15.13878046667
2       15.14134277917
4       15.14134280000
1       15.14134291667
2       15.14143120833
2       15.14156415833
4       15.14156417500
1       15.14156429583
2       15.14158598333
2       15.14158819167
2       15.14174765000
4       15.14174766667
1       15.14174778750
2       15.14194628750
4       15.14194630417
1       15.14194642500
2       15.14216555833
4       15.14216557917
1       15.14216570000
2       15.14232259583
2       15.14232619583
2       15.14236042500
4       15.14236042500
1       15.14236056250
2       15.14260323750
4       15.14260325417
1       15.14260337500
2       15.14314842083
4       15.14314844167
1       15.14314856250
2       15.14317882917
2       15.14322417917
2       15.14324177083
2       15.14335935833
4       15.14335937500
1       15.14335949583
2       15.14344550000
2       15.14370352083
4       15.14370354167
1       15.14370366250
2       15.14371807917
2       15.14384591667
2       15.14417787083
4       15.14417789167
1       15.14417801250
2       15.14419095000
2       15.14426055417
2       15.14427754167
2       15.14433750417
2       15.14455636250
4       15.14455638333
1       15.14455650417
2       15.14457526250
2       15.14476569583
4       15.14476571667
1       15.14476583750
2       15.14489828333
2       15.14497838333
4       15.14497838333
1       15.14497852083
2       15.14502644167
2       15.14505087500
2       15.14547432500
4       15.14547432500
1       15.14547446250
2       15.14581269583
4       15.14581271667
1       15.14581283333
2       15.14588195833
2       15.14596642917
2       15.14596908333
2       15.14604532917
4       15.14604535000
1       15.14604547083
2       15.14606984167
2       15.14607040833
2       15.14608703333
2       15.14618637083
2       15.14636955833
4       15.14636957500
1       15.14636969583
2       15.14653820833
2       15.14664057500
4       15.14664059583
1       15.14664071667
2       15.14672004583
2       15.14684448750
4       15.14684450417
1       15.14684462500
2       15.14705846667
4       15.14705848333
1       15.14705860417
2       15.14710648333
2       15.14713638333
2       15.14714063333
2       15.14718701667
2       15.14719300000
2       15.14729399167
4       15.14729400833
1       15.14729412917
2       15.14737091667
2       15.14753442500
4       15.14753444583
1       15.14753456667
2       15.14771062917
2       15.14782358750
4       15.14782360417
1       15.14782372500
2       15.14797104583
2       15.14826550000
4       15.14826551667
1       15.14826563750
2       15.14831282500
2       15.14837144167
2       15.14861093333
4       15.14861095417
1       15.14861107500
2       15.14869635833
2       15.14902362500
4       15.14902362500
1       15.14902376250
2       15.14914430000
2       15.14927440000
4       15.14927441667
1       15.14927453750
2       15.14928993750
2       15.14974314167
4       15.14974316250
1       15.14974327917
2       15.14975803333
2       15.14980401250
2       15.14988354583
2       15.14988978750
2       15.14993621667
4       15.14993623750
1       15.14993635833
2       15.15009384583
2       15.15014615000
4       15.15014617083
1       15.15014629167
2       15.15030709583
2       15.15056458333
4       15.15056460417
1       15.15056472083
2       15.15076886250
4       15.15076887917
1       15.15076900000
2       15.15082317083
2       15.15201332500
4       15.15201334583
1       15.15201346667
2       15.15204250000
2       15.15213824583
2       15.15225142500
4       15.15225144583
1       15.15225156250
2       15.15234259167
2       15.15235648333
2       15.15248031667
4       15.15248033333
1       15.15248045417
2       15.15249875000
2       15.15252299167
2       15.15293608750
4       15.15293610417
1       15.15293622500
2       15.15297781667
2       15.15311360833
2       15.15323585833
4       15.15323587500
1       15.15323599583
2       15.15326662500
2       15.15334644167
2       15.15359491667
4       15.15359491667
1       15.15359505417
2       15.15375785417
2       15.15376450417
4       15.15376450417
1       15.15376464167
2       15.15384567083
2       15.15399667083
4       15.15399668750
1       15.15399680833
2       15.15413777500
2       15.15444525000
4       15.15444526667
1       15.15444538750
2       15.15447295000
2       15.15457562083
2       15.15481908750
4       15.15481910833
1       15.15481922917
2       15.15490488750
2       15.15490720833
2       15.15536300000
4       15.15536302083
1       15.15536314167
2       15.15574972083
4       15.15574973750
1       15.15574985833
2       15.15580852083
2       15.15593337500
4       15.15593337500
1       15.15593351250
2       15.15606325417
2       15.15611285000
4       15.15611286667
1       15.15611298750
2       15.15646432500
4       15.15646434583
1       15.15646446667
2       15.15657062917
2       15.15663356250
2       15.15687633333
4       15.15687635417
1       15.15687647500
2       15.15698532500
2       15.15704227917
2       15.15705427500
2       15.15721657500
4       15.15721657500
1       15.15721671250
2       15.15722814167
2       15.15737024167
2       15.15738247083
2       15.15739612083
2       15.15773989583
4       15.15773991667
1       15.15774003333
2       15.15781240000
2       15.15799025417
4       15.15799027500
1       15.15799039583
2       15.15800051667
2       15.15816750000
4       15.15816751667
1       15.15816763750
2       15.15838545417
4       15.15838545417
1       15.15838559167
2       15.15845666667
2       15.15853579167
2       15.15864280000
4       15.15864282083
1       15.15864294167
2       15.15876865833
2       15.15897398750
4       15.15897400833
1       15.15897412500
2       15.15907505417
2       15.15924400833
4       15.15924402917
1       15.15924415000
2       15.15937751667
2       15.16018302083
4       15.16018304167
1       15.16018316250
2       15.16025387083
2       15.16036877917
4       15.16036880000
1       15.16036892083
2       15.16044930417
2       15.16063905833
4       15.16063907500
1       15.16063919583
2       15.16068944167
2       15.16105012083
4       15.16105013750
1       15.16105025833
2       15.16107167917
2       15.16117703333
2       15.16132710000
4       15.16132711667
1       15.16132723750
2       15.16138144167
2       15.16143035417
2       15.16152643750
2       15.16595694583
2       15.16608442083
4       15.16608443750
1       15.16608455833
2       15.16616427500
2       15.16623583750
2       15.16640102917
4       15.16640105000
1       15.16640117083
2       15.16643990000
2       15.16645576667
2       15.16657474583
2       15.16657498333
2       15.16665851250
4       15.16665852917
1       15.16665865000
2       15.16670248750
2       15.16673832917
2       15.16674922917
2       15.16676412917
2       15.16677542917
2       15.16681681250
2       15.16698740000
4       15.16698741667
1       15.16698753750
2       15.16712250417
2       15.16721259583
4       15.16721259583
1       15.16721273333
2       15.16746008750
4       15.16746010833
1       15.16746022917
2       15.16764718750
4       15.16764720417
1       15.16764732500
2       15.16780485000
2       15.16780846667
2       15.16782440833
4       15.16782442917
1       15.16782455000
2       15.16791121667
2       15.16793116250
2       15.16798236667
2       15.16807121667
4       15.16807123750
1       15.16807135833
2       15.16815065417
2       15.16816233333
2       15.16817614583
2       15.16821194167
2       15.16829902917
4       15.16829905000
1       15.16829916667
2       15.16839177917
2       15.16839340417
2       15.16849410833
4       15.16849412500
1       15.16849424583
2       15.16854947500
2       15.16876246667
4       15.16876248750
1       15.16876260833
2       15.16880315833
2       15.16891945417
2       15.16897042500
4       15.16897042500
1       15.16897056250
2       15.16898962083
2       15.16901681250
2       15.16912576667
2       15.16942525000
4       15.16942526667
1       15.16942538750
2       15.16951863333
2       15.16954912500
2       15.16961138750
4       15.16961140833
1       15.16961152917
2       15.16982666250
4       15.16982668333
1       15.16982680417
2       15.16998993333
2       15.17006920417
4       15.17006920417
1       15.17006934167
2       15.17013107500
2       15.17019762500
2       15.17024734583
2       15.17030221667
4       15.17030223750
1       15.17030235417
2       15.17047255000
2       15.17048820000
4       15.17048821667
1       15.17048833750
2       15.17061298333
2       15.17084783750
4       15.17084785833
1       15.17084797917
2       15.17095644583
2       15.17128800833
4       15.17128802500
1       15.17128814583
2       15.17138809583
2       15.17146225000
4       15.17146227083
1       15.17146239167
2       15.17154279167
2       15.17161982917
2       15.17187095000
4       15.17187096667
1       15.17187108750
2       15.17192991667
2       15.17204950417
2       15.17207665833
4       15.17207667917
1       15.17207680000
2       15.17225916250
2       15.17226812083
4       15.17226813750
1       15.17226825833
2       15.17238969167
2       15.17251751667
4       15.17251751667
1       15.17251765417
2       15.17253442917
2       15.17276097917
4       15.17276099583
1       15.17276111667
2       15.17295512083
4       15.17295514167
1       15.17295526250
2       15.17314022917
4       15.17314024583
1       15.17314036667
2       15.17320617917
2       15.17327901667
2       15.17350361250
4       15.17350363333
1       15.17350375417
2       15.17355325833
2       15.17360431250
2       15.17364767083
2       15.17376524167
4       15.17376526250
1       15.17376538333
2       15.17376993333
2       15.17386397083
2       15.17407598750
4       15.17407600833
1       15.17407612500
2       15.17409455000
2       15.17414285833
2       15.17416242917
2       15.17416768750
2       15.17420411667
2       15.17425881667
2       15.17433931250
4       15.17433932917
1       15.17433945000
2       15.17435009583
2       15.17448733333
2       15.17472151667
4       15.17472151667
1       15.17472165417
2       15.17472780000
2       15.17499587083
4       15.17499588750
1       15.17499600833
2       15.17509908750
2       15.17543463333
4       15.17543463333
1       15.17543477083
2       15.17551446667
2       15.17552273750
2       15.17554592917
2       15.17555326667
2       15.17577480833
4       15.17577482917
1       15.17577495000
2       15.17583541250
2       15.17999698333
4       15.17999698333
1       15.17999712083
2       15.18017513333
2       15.18029101250
4       15.18029102917
1       15.18029115000
2       15.18043916250
2       15.18050807500
4       15.18050807500
1       15.18050821250
2       15.18054814167
2       15.18065405417
2       15.18068723750
2       15.18088465417
4       15.18088467500
1       15.18088479583
2       15.18102009583
2       15.18116282500
4       15.18116284583
1       15.18116296250
2       15.18129969583
2       15.18138510833
4       15.18138512917
1       15.18138525000
2       15.18157425833
2       15.18167363750
4       15.18167365417
1       15.18167377500
2       15.18173822083
2       15.18176704167
2       15.18204983333
4       15.18204983333
1       15.18204997083
2       15.18207910417
2       15.18209730833
2       15.18211981250
2       15.18217480833
2       15.18219800000
2       15.18231256250
4       15.18231258333
1       15.18231270417
2       15.18240135417
2       15.18245532083
2       15.18253322917
4       15.18253325000
1       15.18253337083
2       15.18253921667
2       15.18303136250
4       15.18303137917
1       15.18303150000
2       15.18308937083
2       15.18340047083
4       15.18340048750
1       15.18340060833
2       15.18345828750
2       15.18352812500
2       15.18364349583
4       15.18364351667
1       15.18364363750
2       15.18382124167
4       15.18382126250
1       15.18382137917
2       15.18398590000
2       15.18401374167
4       15.18401376250
1       15.18401388333
2       15.18402867500
2       15.18425886250
4       15.18425887917
1       15.18425900000
2       15.18448444583
4       15.18448446667
1       15.18448458750
2       15.18449970833
2       15.18474316667
4       15.18474318750
1       15.18474330833
2       15.18481101250
2       15.18494483333
4       15.18494485417
1       15.18494497083
2       15.18497991667
2       15.18500337083
2       15.18511277083
4       15.18511278750
1       15.18511290833
2       15.18516145833
2       15.18526577500
2       15.18527147500
2       15.18537076667
4       15.18537078333
1       15.18537090417
2       15.18544794583
2       15.18548798333
2       15.18561327083
4       15.18561328750
1       15.18561340833
2       15.18592329583
4       15.18592331667
1       15.18592343750
2       15.18596339583
2       15.18604985000
2       15.18631682083
4       15.18631683750
1       15.18631695833
2       15.18645029583
2       15.18663342083
4       15.18663343750
1       15.18663355833
2       15.18666487083
2       15.18679046250
2       15.18695805000
4       15.18695806667
1       15.18695818750
2       15.18725085417
4       15.18725085417
1       15.18725099167
2       15.18766387083
4       15.18766389167
1       15.18766401250
2       15.18772419167
2       15.18782320833
2       15.18789839583
4       15.18789839583
1       15.18789853333
2       15.18792947917
2       15.18795235000
2       15.18813159583
4       15.18813159583
1       15.18813173333
2       15.18847173750
4       15.18847175833
1       15.18847187500
2       15.18847340000
2       15.18890402917
4       15.18890405000
1       15.18890417083
2       15.18902392083
2       15.18902418750
2       15.18919153333
4       15.18919153333
1       15.18919167083
2       15.18940815417
4       15.18940815417
1       15.18940829167
2       15.18957336667
2       15.18962206667
4       15.18962208750
1       15.18962220833
2       15.19421421667
4       15.19421423750
1       15.19421435417
2       15.19430362917
2       15.19465645000
4       15.19465647083
1       15.19465658750
2       15.19475982500
2       15.19491313333
4       15.19491315417
1       15.19491327500
2       15.19496442500
2       15.19514363333
4       15.19514365000
1       15.19514377083
2       15.19515324583
2       15.19524400833
2       15.19535890833
4       15.19535892500
1       15.19535904583
2       15.19541716250
2       15.19626910833
4       15.19626912917
1       15.19626925000
2       15.19645595000
4       15.19645596667
1       15.19645608750
2       15.19674282083
4       15.19674283750
1       15.19674295833
2       15.19683787500
2       15.19687365000
2       15.19691070417
2       15.19692166667
4       15.19692168750
1       15.19692180833
2       15.19702666667
2       15.19725225417
4       15.19725227500
1       15.19725239583
2       15.19765270000
4       15.19765271667
1       15.19765283750
2       15.19770761667
2       15.19772158750
2       15.19782322083
2       15.19804120417
4       15.19804122500
1       15.19804134583
2       15.19818162917
2       15.19826112500
4       15.19826114583
1       15.19826126667
2       15.19917395833
4       15.19917397500
1       15.19917409583
2       15.19927439583
2       15.19927666250
2       15.19936649583
4       15.19936649583
1       15.19936663333
2       15.19942374583
2       15.19943237083
2       15.19958700417
4       15.19958702500
1       15.19958714583
2       15.19971787083
2       15.20022067917
4       15.20022069583
1       15.20022081667
2       15.20030583333
2       15.20048137083
4       15.20048138750
1       15.20048150833
2       15.20056490417
2       15.20103250833
4       15.20103252917
1       15.20103265000
2       15.20123186667
4       15.20123188750
1       15.20123200833
2       15.20128729167
2       15.20138364583
2       15.20200402083
4       15.20200403750
1       15.20200415833
2       15.20215538333
2       15.20267674167
4       15.20267676250
1       15.20267688333
2       15.20273374167
2       15.20290317500
4       15.20290317500
1       15.20290331250
2       15.20311130417
4       15.20311130417
1       15.20311144167
2       15.20314905833
2       15.20398176667
4       15.20398178750
1       15.20398190833
2       15.20403934167
2       15.20439047917
4       15.20439050000
1       15.20439062083
2       15.20455350417
2       15.20457498333
4       15.20457500417
1       15.20457512083
2       15.20471144583
2       15.20494393333
4       15.20494395417
1       15.20494407500
2       15.20502084583
2       15.20521885000
4       15.20521886667
1       15.20521898750
2       15.20845291250
4       15.20845292917
1       15.20845305000
2       15.20899650000
4       15.20899651667
1       15.20899663750
2       15.20902374583
2       15.20927306250
4       15.20927307917
1       15.20927320000
2       15.20934565000
2       15.20949402500
4       15.20949402500
1       15.20949416250
2       15.21042476250
4       15.21042478333
1       15.21042490417
2       15.21233826667
4       15.21233828333
1       15.21233840417
2       15.21243397500
2       15.21335313750
4       15.21335315833
1       15.21335327917
2       15.21383213750
4       15.21383215833
1       15.21383227917
2       15.21421730417
4       15.21421730417
1       15.21421744167
2       15.21442030833
4       15.21442032500
1       15.21442044583
2       15.21511363333
4       15.21511365417
1       15.21511377500
2       15.21540408333
4       15.21540410417
1       15.21540422500
2       15.21570383333
4       15.21570385417
1       15.21570397500
2       15.21593506667
4       15.21593508333
1       15.21593520417
2       15.21610335000
4       15.21610336667
1       15.21610348750
2       15.21659091667
4       15.21659093750
1       15.21659105417
2       15.21716154167
4       15.21716156250
1       15.21716167917
2       15.21808704167
4       15.21808706250
1       15.21808718333
2       15.21827385833
4       15.21827387917
1       15.21827400000
2       15.21845167500
2       15.21869572917
4       15.21869575000
1       15.21869587083
2       15.21921981667
4       15.21921983750
1       15.21921995833
2       15.22021581250
4       15.22021583333
1       15.22021595417
2       15.22049206667
4       15.22049208750
1       15.22049220417
2       15.22072160417
4       15.22072160417
1       15.22072174167
2       15.22083126667
2       15.22101505833
4       15.22101507917
1       15.22101520000
2       15.22260267500
4       15.22260269583
1       15.22260281667
2       15.22473372500
4       15.22473372500
1       15.22473386250
2       15.22495305417
4       15.22495305417
1       15.22495319167
2       15.22582113750
4       15.22582115833
1       15.22582127917
2       15.22742661667
4       15.22742663333
1       15.22742675417
2       15.22801652083
4       15.22801654167
1       15.22801666250
2       15.23012012500
4       15.23012014583
1       15.23012026667
2       15.23081678333
4       15.23081680417
1       15.23081692500
2       15.23221090417
4       15.23221092500
1       15.23221104583
2       15.23410546250
4       15.23410547917
1       15.23410560000
2       15.23898242083
4       15.23898244167
1       15.23898256250
2       15.24219135833
4       15.24219137917
1       15.24219150000
2       15.25993453750
4       15.25993455417
1       15.25993467500
2       15.26506054583
4       15.26506056667
1       15.26506068333
2       15.26605490000
4       15.26605492083
1       15.26605503750
2       15.27034026667
4       15.27034028750
1       15.27034040833
2       15.27376360417
4       15.27376360417
1       15.27376374167
2       15.27886405417
4       15.27886407500
1       15.27886419583
2       15.30056562500
4       15.30056564583
1       15.30056576667
2       41.16521295417
4       41.16521295417
1       41.16521309167
2       41.16654332917
4       41.16654334583
1       41.16654346667
2       41.17689860000
4       41.17689861667
1       41.17689873750
2       41.17783762917
4       41.17783764583
1       41.17783776667
2       41.17850772917
4       41.17850774583
1       41.17850786667
2       41.18079236667
4       41.18079238333
1       41.18079250417
2       41.18219696250
4       41.18219697917
1       41.18219710000
2       41.18342414583
4       41.18342414583
1       41.18342428333
2       41.18470697917
4       41.18470699583
1       41.18470711667
2       41.18475137083
2       41.18538238333
4       41.18538238333
1       41.18538252083
2       41.18652543750
4       41.18652545833
1       41.18652557917
2       41.18756819167
4       41.18756820833
1       41.18756832917
2       41.19466615000
4       41.19466616667
1       41.19466628750
2       41.19564246250
4       41.19564248333
1       41.19564260417
2       41.19895645417
4       41.19895647500
1       41.19895659167
2       41.19930529167
4       41.19930531250
1       41.19930543333
2       41.19990583750
4       41.19990585417
1       41.19990597500
2       41.19998269583
2       41.20054376667
4       41.20054378750
1       41.20054390417
2       41.20127897917
4       41.20127900000
1       41.20127912083
2       41.20197789167
4       41.20197791250
1       41.20197803333
2       41.20202107083
2       41.20234364167
4       41.20234365833
1       41.20234377917
2       41.20243310417
2       41.20254859583
4       41.20254859583
1       41.20254873333
2       41.20417007500
4       41.20417009583
1       41.20417021667
2       41.20482853333
4       41.20482855417
1       41.20482867500
2       41.20551013333
4       41.20551015417
1       41.20551027500
2       41.20653867917
4       41.20653870000
1       41.20653882083
2       41.20666122917
2       41.20750011667
4       41.20750013750
1       41.20750025833
2       41.20761282083
2       41.20762213750
2       41.20787685833
4       41.20787687917
1       41.20787699583
2       41.20803849167
2       41.20904797917
4       41.20904799583
1       41.20904811667
2       41.20909170000
2       41.20929339583
4       41.20929339583
1       41.20929353333
2       41.20939948750
2       41.20949156250
4       41.20949158333
1       41.20949170417
2       41.20954559167
2       41.20959154583
2       41.20988935000
4       41.20988937083
1       41.20988948750
2       41.20999969167
2       41.21032030000
4       41.21032031667
1       41.21032043750
2       41.21092904583
4       41.21092904583
1       41.21092918333
2       41.21102915000
2       41.21104901250
2       41.21128836667
4       41.21128838333
1       41.21128850417
2       41.21145639167
2       41.21184327917
4       41.21184329583
1       41.21184341667
2       41.21197874167
2       41.21219073750
4       41.21219075417
1       41.21219087500
2       41.21237527083
4       41.21237529167
1       41.21237541250
2       41.21258323750
4       41.21258325833
1       41.21258337500
2       41.21312742917
4       41.21312744583
1       41.21312756667
2       41.21317380833
2       41.21338552917
4       41.21338554583
1       41.21338566667
2       41.21368562083
4       41.21368563750
1       41.21368575833
2       41.21379852500
2       41.21395219167
4       41.21395221250
1       41.21395233333
2       41.21396145833
2       41.21420320417
4       41.21420320417
2       41.21420330833
1       41.21420334167
2       41.21429073333
2       41.21440837500
4       41.21440837500
1       41.21440851250
2       41.21449145417
2       41.21519898750
4       41.21519900833
1       41.21519912500
2       41.21531879167
2       41.21569512500
4       41.21569514583
1       41.21569526667
2       41.21576077083
2       41.21589820833
4       41.21589822500
1       41.21589834583
2       41.21598101667
2       41.21611604583
4       41.21611604583
1       41.21611618333
2       41.21668875000
4       41.21668876667
1       41.21668888750
2       41.21717275833
4       41.21717277917
1       41.21717289583
2       41.21720053333
2       41.21762884167
4       41.21762886250
1       41.21762898333
2       41.21773152500
2       41.21827904167
4       41.21827905833
1       41.21827917917
2       41.21844326250
2       41.21917537917
4       41.21917539583
1       41.21917551667
2       41.21917560833
2       41.21935182917
2       41.21941882917
4       41.21941885000
1       41.21941896667
2       41.21945389167
2       41.21960428333
2       41.21961850417
4       41.21961852500
1       41.21961864583
2       41.21968772500
2       41.22035014167
4       41.22035016250
1       41.22035028333
2       41.22042965833
2       41.22123823333
4       41.22123825417
1       41.22123837500
2       41.22150460833
4       41.22150462500
1       41.22150474583
2       41.22181184583
4       41.22181184583
1       41.22181198333
2       41.22189137083
2       41.22195369583
2       41.22208785833
4       41.22208787500
1       41.22208799583
2       41.22213714583
2       41.22217993333
2       41.22308114167
4       41.22308116250
1       41.22308128333
2       41.22332334583
4       41.22332336667
1       41.22332348750
2       41.22334979167
2       41.22335384167
2       41.22371119583
4       41.22371121667
1       41.22371133750
2       41.22387880833
2       41.22390764167
4       41.22390765833
1       41.22390777917
2       41.22410897917
4       41.22410899583
1       41.22410911667
2       41.22414638333
2       41.22425602917
2       41.22435577500
4       41.22435577500
1       41.22435591250
2       41.22459520000
4       41.22459521667
1       41.22459533750
2       41.22517058750
4       41.22517060417
1       41.22517072500
2       41.22538488750
4       41.22538490417
1       41.22538502500
2       41.22544442083
2       41.22545937917
2       41.22549877500
2       41.22553920833
2       41.22557697917
4       41.22557699583
1       41.22557711667
2       41.22585550000
4       41.22585552083
1       41.22585564167
2       41.22598243333
2       41.22623346250
4       41.22623347917
1       41.22623360000
2       41.22626958750
2       41.22669456667
4       41.22669458750
1       41.22669470417
2       41.22671175417
2       41.22672831250
2       41.22717047917
4       41.22717050000
1       41.22717062083
2       41.22725265833
2       41.22730303333
2       41.22736593333
4       41.22736593333
1       41.22736607083
2       41.22754377083
2       41.22756605000
4       41.22756606667
1       41.22756618750
2       41.22762922083
2       41.22767102083
2       41.22767139167
2       41.22798895000
4       41.22798897083
1       41.22798909167
2       41.22808267083
2       41.22821452083
4       41.22821454167
1       41.22821466250
2       41.22829840833
2       41.22831794583
2       41.22837846667
2       41.22848887917
4       41.22848889583
1       41.22848901667
2       41.22866640000
4       41.22866642083
1       41.22866654167
2       41.22867659583
2       41.22888101250
4       41.22888103333
1       41.22888115000
2       41.22897001667
2       41.22910291667
4       41.22910293750
1       41.22910305833
2       41.22919859167
2       41.22920197917
2       41.22927212917
2       41.22928274583
2       41.22939201667
4       41.22939203750
1       41.22939215417
2       41.22940163750
2       41.22945267917
2       41.22947552500
2       41.22955731667
4       41.22955733750
1       41.22955745833
2       41.22958410417
2       41.22959381250
2       41.22966197917
2       41.22981940833
4       41.22981942917
1       41.22981955000
2       41.22984127500
2       41.22985880417
2       41.22994086667
2       41.23000785000
2       41.23001314167
4       41.23001315833
1       41.23001327917
2       41.23010251250
2       41.23013071250
2       41.23026682500
4       41.23026682500
1       41.23026696250
2       41.23029328750
2       41.23047150833
4       41.23047152917
1       41.23047165000
2       41.23050402083
2       41.23053054167
2       41.23054701250
2       41.23056396667
2       41.23058455417
2       41.23079172083
4       41.23079173750
1       41.23079185833
2       41.23083651667
2       41.23084748333
2       41.23084818333
2       41.23103628333
4       41.23103630417
1       41.23103642500
2       41.23130487083
4       41.23130488750
1       41.23130500833
2       41.23144373750
2       41.23154992917
4       41.23154995000
1       41.23155007083
2       41.23160234167
2       41.23163149583
2       41.23171726250
2       41.23190873333
4       41.23190873333
1       41.23190887083
2       41.23194183750
2       41.23200442917
2       41.23204485833
2       41.23206537083
2       41.23206548333
2       41.23206806667
2       41.23208223333
4       41.23208225417
1       41.23208237500
2       41.23214752917
2       41.23218586667
2       41.23218897500
2       41.23225627917
2       41.23234226250
4       41.23234228333
1       41.23234240417
2       41.23239890417
2       41.23245196667
2       41.23251486667
2       41.23251693333
2       41.23257512083
4       41.23257514167
1       41.23257525833
2       41.23263178333
2       41.23265135833
2       41.23273412500
2       41.23280443750
4       41.23280445417
1       41.23280457500
2       41.23282053750
2       41.23303329167
4       41.23303331250
1       41.23303343333
2       41.23308293333
2       41.23325043333
4       41.23325043333
1       41.23325057083
2       41.23326108750
2       41.23330288333
2       41.23348725833
4       41.23348727500
1       41.23348739583
2       41.23349432500
2       41.23356390000
2       41.23361227917
2       41.23364410417
2       41.23366192917
2       41.23402261667
4       41.23402263750
1       41.23402275833
2       41.23409384167
2       41.23420476667
4       41.23420476667
1       41.23420490417
2       41.23437282500
2       41.23454230417
4       41.23454232500
1       41.23454244583
2       41.23480462500
4       41.23480462500
1       41.23480476250
2       41.23482981250
2       41.23483175417
2       41.23496813750
2       41.23503947500
4       41.23503949583
1       41.23503961250
2       41.23508518750
2       41.23516137083
2       41.23517165417
2       41.23536405000
4       41.23536406667
1       41.23536418750
2       41.23538603750
2       41.23540718333
2       41.23546740833
2       41.23571452083
4       41.23571454167
1       41.23571465833
2       41.23573942500
2       41.23578582083
2       41.23579633750
2       41.23581625000
2       41.23590334167
4       41.23590335833
1       41.23590347917
2       41.23596590417
2       41.23597483750
2       41.23598458750
2       41.23608381667
2       41.23623260833
4       41.23623262917
1       41.23623275000
2       41.23627064167
2       41.23630610417
2       41.23632495000
2       41.23633781250
2       41.23638200417
2       41.23639454167
2       41.23642170417
2       41.23647206667
4       41.23647208333
1       41.23647220417
2       41.23648067500
2       41.23655652917
2       41.23663993333
2       41.23665023750
2       41.23667307500
4       41.23667309583
1       41.23667321667
2       41.23671352917
2       41.23680955417
2       41.23692947500
4       41.23692949583
1       41.23692961667
2       41.23699638333
2       41.23701990000
2       41.23705305000
2       41.23709472083
2       41.23714940000
4       41.23714942083
1       41.23714954167
2       41.23717197500
2       41.23727696250
2       41.23728978333
2       41.23739089167
4       41.23739090833
1       41.23739102917
2       41.23740282500
2       41.23740682917
2       41.23742432917
2       41.23745449167
2       41.23745742917
2       41.23746437083
2       41.23747003750
2       41.23747080833
2       41.23757574583
2       41.23761614167
4       41.23761615833
1       41.23761627917
2       41.23765051250
2       41.23779997500
4       41.23779997500
1       41.23780011250
2       41.23794540417
2       41.23795169167
2       41.23799863333
4       41.23799863333
1       41.23799877083
2       41.23802420000
2       41.23806195833
2       41.23808040417
2       41.23810606667
2       41.23820635000
4       41.23820637083
1       41.23820649167
2       41.23824205417
2       41.23828616667
2       41.23838126250
2       41.23854723333
4       41.23854725417
1       41.23854737083
2       41.23880020417
4       41.23880020417
1       41.23880034167
2       41.23895057500
2       41.23898871250
4       41.23898872917
1       41.23898885000
2       41.23903312083
2       41.23904700000
2       41.23907485417
2       41.23922786667
4       41.23922788333
1       41.23922800417
2       41.23929069167
2       41.23932221250
2       41.23935761250
2       41.23945838750
4       41.23945840417
1       41.23945852500
2       41.23950281250
2       41.23951439583
2       41.23952530000
2       41.23953596667
2       41.23956609167
2       41.23966340000
4       41.23966341667
1       41.23966353750
2       41.23968135833
2       41.23969752500
2       41.23970920417
2       41.23985557917
2       41.23986153750
4       41.23986155833
1       41.23986167917
2       41.23988005000
2       41.23988397917
2       41.23994834583
2       41.24009869583
4       41.24009871667
1       41.24009883750
2       41.24010428333
2       41.24012972083
2       41.24013910000
2       41.24025533333
2       41.24027654583
2       41.24032447083
4       41.24032449167
1       41.24032461250
2       41.24033712083
2       41.24046534167
2       41.24049050417
2       41.24056406250
4       41.24056408333
1       41.24056420417
2       41.24071870833
2       41.24071902500
2       41.24075880417
4       41.24075880417
1       41.24075894167
2       41.24080950417
2       41.24085319167
2       41.24086776667
2       41.24087636250
2       41.24093235000
4       41.24093237083
1       41.24093249167
2       41.24100030000
2       41.24100261250
2       41.24111520417
4       41.24111520417
1       41.24111534167
2       41.24120131250
2       41.24132090417
4       41.24132090417
1       41.24132104167
2       41.24146134167
2       41.24149187917
2       41.24169160833
4       41.24169162917
1       41.24169175000
2       41.24171073750
2       41.24171510417
2       41.24171668750
2       41.24172636667
2       41.24175119167
2       41.24186011667
2       41.24194161250
4       41.24194163333
1       41.24194175417
2       41.24201516667
2       41.24212250833
2       41.24212842917
2       41.24217880000
4       41.24217882083
1       41.24217894167
2       41.24219405833
2       41.24227013333
2       41.24228643750
2       41.24234940417
4       41.24234940417
1       41.24234954167
2       41.24237923750
2       41.24240568750
2       41.24247420000
2       41.24256665000
4       41.24256667083
1       41.24256679167
2       41.24270311250
2       41.24271839583
2       41.24274915000
4       41.24274917083
1       41.24274929167
2       41.24274952083
2       41.24275310833
2       41.24276412083
2       41.24276605417
2       41.24286509167
2       41.24289090000
2       41.24289181250
2       41.24307443750
4       41.24307445833
1       41.24307457917
2       41.24314042500
2       41.24317548333
2       41.24325887083
4       41.24325889167
1       41.24325901250
2       41.24327452917
2       41.24334969583
2       41.24340960000
2       41.24347252083
4       41.24347253750
1       41.24347265833
2       41.24352953750
2       41.24358776250
2       41.24367825000
4       41.24367827083
1       41.24367839167
2       41.24373255000
2       41.24374619167
2       41.24377202917
2       41.24389024167
4       41.24389026250
1       41.24389038333
2       41.24398860000
2       41.24401680417
2       41.24403892917
2       41.24407377083
2       41.24409557083
4       41.24409558750
1       41.24409570833
2       41.24409990000
2       41.24410615833
2       41.24410781250
2       41.24424663333
2       41.24436185833
4       41.24436187917
1       41.24436200000
2       41.24436423333
2       41.24436589583
2       41.24443310417
2       41.24446761667
2       41.24459546667
4       41.24459548750
1       41.24459560417
2       41.24461364583
2       41.24467217917
2       41.24475204583
2       41.24485982083
4       41.24485984167
1       41.24485995833
2       41.24489245000
2       41.24499229583
2       41.24500609167
2       41.24504359167
4       41.24504361250
1       41.24504373333
2       41.24505186667
2       41.24516881250
2       41.24517966250
2       41.24519260833
2       41.24524654583
4       41.24524656667
1       41.24524668333
2       41.24525952917
2       41.24526181667
2       41.24541057500
2       41.24542576667
2       41.24558481250
4       41.24558482917
1       41.24558495000
2       41.24564377083
2       41.24573584167
2       41.24577230417
4       41.24577230417
1       41.24577244167
2       41.24585243333
2       41.24602907917
4       41.24602909583
1       41.24602921667
2       41.24608052917
2       41.24610877917
2       41.24612372083
2       41.24614335833
2       41.24615519167
2       41.24616585417
2       41.24628968333
4       41.24628970417
1       41.24628982083
2       41.24634772500
2       41.24637742500
2       41.24648206667
4       41.24648208750
1       41.24648220833
2       41.24650526250
2       41.24660828750
2       41.24672554583
4       41.24672556667
1       41.24672568750
2       41.24676633750
2       41.24677192917
2       41.24681305000
2       41.24683125417
2       41.24686800000
2       41.24687135417
2       41.24689785000
2       41.24692767917
4       41.24692769583
1       41.24692781667
2       41.24699058333
2       41.24708297500
2       41.24711571250
4       41.24711573333
1       41.24711585417
2       41.24717237500
2       41.24729196250
2       41.24730022083
2       41.24732740833
4       41.24732742917
1       41.24732755000
2       41.24735361250
2       41.24736315833
2       41.24753148750
4       41.24753150833
1       41.24753162917
2       41.24753896250
2       41.24755431250
2       41.24756491250
2       41.24793622500
4       41.24793624583
1       41.24793636667
2       41.24796209583
2       41.24803726667
2       41.24816280000
4       41.24816281667
1       41.24816293750
2       41.24819587917
2       41.24821080833
2       41.24828665417
2       41.24835760833
4       41.24835762500
1       41.24835774583
2       41.24839996250
2       41.24864767500
4       41.24864767500
1       41.24864781250
2       41.24865493750
2       41.24866591250
2       41.24875867917
2       41.24900108750
4       41.24900110833
1       41.24900122917
2       41.24906635833
2       41.24911841250
2       41.24930317917
4       41.24930319583
1       41.24930331667
2       41.24939952083
2       41.24941410417
2       41.24943040833
2       41.24957775000
4       41.24957776667
1       41.24957788750
2       41.24958006667
2       41.24959463750
2       41.24961819583
2       41.24975631667
2       41.24976450417
4       41.24976450417
1       41.24976464167
2       41.24988809167
2       41.24990804583
2       41.24991467083
2       41.24999507917
4       41.24999510000
1       41.24999521667
2       41.24999683333
2       41.25011695833
2       41.25016303750
2       41.25021767500
4       41.25021767500
1       41.25021781250
2       41.25022200833
2       41.25024249583
2       41.25036010417
2       41.25049424167
4       41.25049425833
1       41.25049437917
2       41.25051977917
2       41.25052251250
2       41.25055083333
2       41.25055754583
2       41.25068540000
4       41.25068542083
1       41.25068553750
2       41.25079237917
2       41.25086121250
4       41.25086122917
1       41.25086135000
2       41.25088642083
2       41.25114243750
4       41.25114245417
1       41.25114257500
2       41.25120482917
2       41.25125145833
2       41.25139654583
4       41.25139656667
1       41.25139668750
2       41.25142334167
2       41.25153900833
2       41.25169161667
4       41.25169163333
1       41.25169175417
2       41.25174419583
2       41.25183474583
2       41.25185957083
2       41.25189805000
4       41.25189806667
1       41.25189818750
2       41.25190362917
2       41.25198112500
2       41.25215536667
4       41.25215536667
1       41.25215550417
2       41.25216400833
2       41.25217226667
2       41.25221702917
2       41.25243229583
4       41.25243229583
1       41.25243243333
2       41.25245313750
2       41.25256208750
2       41.25268833750
4       41.25268835417
1       41.25268847500
2       41.25271255833
2       41.25274726250
2       41.25282254583
2       41.25286417083
2       41.25302782083
4       41.25302783750
1       41.25302795833
2       41.25304112917
2       41.25309541250
2       41.25318282083
2       41.25319380000
2       41.25322920833
4       41.25322922917
1       41.25322935000
2       41.25323350000
2       41.25326378750
2       41.25331102917
2       41.25334914167
2       41.25339123333
4       41.25339123333
1       41.25339137083
2       41.25342665000
2       41.25343262917
2       41.25360622083
4       41.25360623750
1       41.25360635833
2       41.25361311667
2       41.25384790833
4       41.25384792500
1       41.25384804583
2       41.25397774583
2       41.25397812083
2       41.25410356250
4       41.25410357917
1       41.25410370000
2       41.25413057500
2       41.25414769167
2       41.25428812500
4       41.25428814583
1       41.25428826667
2       41.25431935833
2       41.25432857083
2       41.25436599167
2       41.25441005417
2       41.25444255000
2       41.25449411250
4       41.25449413333
1       41.25449425417
2       41.25450220833
2       41.25451705417
2       41.25452135000
2       41.25458662083
2       41.25464920000
2       41.25470057917
4       41.25470060000
1       41.25470072083
2       41.25473208750
2       41.25483404167
2       41.25485850417
2       41.25486513750
2       41.25487972500
2       41.25488404167
2       41.25491118333
4       41.25491118333
1       41.25491132083
2       41.25498706250
2       41.25504171667
2       41.25520939167
4       41.25520941250
1       41.25520953333
2       41.25525104167
2       41.25526558750
2       41.25526792083
2       41.25527260000
2       41.25528447083
2       41.25530963750
2       41.25531002500
2       41.25534937500
2       41.25535604583
2       41.25537695833
2       41.25538087500
2       41.25539775000
4       41.25539777083
1       41.25539789167
2       41.25540842917
2       41.25551475833
2       41.25554055000
2       41.25564320000
4       41.25564321667
1       41.25564333750
2       41.25568960000
2       41.25569985417
2       41.25582373750
4       41.25582375833
1       41.25582387917
2       41.25590752917
2       41.25591148750
2       41.25593502917
2       41.25593702083
2       41.25594132917
2       41.25595158333
2       41.25595362083
2       41.25599328750
4       41.25599330417
1       41.25599342500
2       41.25599761250
2       41.25602513333
2       41.25602884167
2       41.25603712083
2       41.25605024167
2       41.25605228333
2       41.25610262917
2       41.25618209583
4       41.25618209583
1       41.25618223333
2       41.25620526250
2       41.25621354583
2       41.25631858333
2       41.25655285833
4       41.25655287917
1       41.25655300000
2       41.25656168333
2       41.25659512917
2       41.25660445000
2       41.25665386250
2       41.25669029167
2       41.25669955417
2       41.25670052083
2       41.25670547917
2       41.25681112500
4       41.25681114583
2       41.25681123333
1       41.25681126667
2       41.25705885000
4       41.25705887083
1       41.25705899167
2       41.25706080833
2       41.25707218750
2       41.25708402083
2       41.25708636667
2       41.25709801667
2       41.25712215833
2       41.25719141250
2       41.25721819583
2       41.25733915000
4       41.25733917083
1       41.25733929167
2       41.25757457500
4       41.25757459583
1       41.25757471250
2       41.25760344583
2       41.25762725000
2       41.25768551250
2       41.25779262083
4       41.25779264167
1       41.25779275833
2       41.25785582917
2       41.25790885833
2       41.25796477917
2       41.25816650000
4       41.25816651667
1       41.25816663750
2       41.25819402917
2       41.25822912083
2       41.25827980417
2       41.25833619167
4       41.25833621250
1       41.25833633333
2       41.25837384583
2       41.25837453750
2       41.25841046667
2       41.25848281667
2       41.25858152083
4       41.25858153750
1       41.25858165833
2       41.25868852917
2       41.25869788333
2       41.25878397500
4       41.25878397500
1       41.25878411250
2       41.25882896667
2       41.25886473333
2       41.25889000833
2       41.25892533333
2       41.25894224583
2       41.25894654583
2       41.25901542500
4       41.25901542500
1       41.25901556250
2       41.25912307500
2       41.25921985833
4       41.25921987500
1       41.25921999583
2       41.25924235417
2       41.25924335833
2       41.25934269167
2       41.25939443750
2       41.25960502917
4       41.25960505000
1       41.25960517083
2       41.25965109583
2       41.25982766250
4       41.25982767917
1       41.25982780000
2       41.25985319167
2       41.25985443333
2       41.25988158750
2       41.25996772500
2       41.25998067083
2       41.26010420417
4       41.26010422500
1       41.26010434583
2       41.26021513750
2       41.26024890417
2       41.26025916667
2       41.26033237917
4       41.26033240000
1       41.26033251667
2       41.26034767083
2       41.26037249583
2       41.26069140833
4       41.26069142917
1       41.26069155000
2       41.26070244583
2       41.26071862500
2       41.26080511250
2       41.26091606250
4       41.26091607917
1       41.26091620000
2       41.26100580000
2       41.26102476667
2       41.26108760417
4       41.26108762500
1       41.26108774583
2       41.26109191250
2       41.26119060000
2       41.26141090833
4       41.26141092500
1       41.26141104583
2       41.26150135000
2       41.26155702917
2       41.26164332083
4       41.26164333750
1       41.26164345833
2       41.26165633750
2       41.26166031250
2       41.26222707083
4       41.26222708750
1       41.26222720833
2       41.26225855833
2       41.26250665000
4       41.26250667083
1       41.26250678750
2       41.26251630000
2       41.26254640417
2       41.26259177917
2       41.26275106250
4       41.26275107917
1       41.26275120000
2       41.26280822917
2       41.26284743750
2       41.26295907917
4       41.26295910000
1       41.26295922083
2       41.26297599583
2       41.26310553750
2       41.26318263750
4       41.26318265417
1       41.26318277500
2       41.26321444167
2       41.26328675000
2       41.26333200833
2       41.26335092500
2       41.26336619167
2       41.26342048333
4       41.26342050417
1       41.26342062500
2       41.26345323750
2       41.26348506667
2       41.26355429583
2       41.26364235000
4       41.26364237083
1       41.26364249167
2       41.26366954583
2       41.26370805833
2       41.26377686250
2       41.26389414583
4       41.26389414583
1       41.26389428333
2       41.26403293750
2       41.26405739167
2       41.26416005000
4       41.26416006667
1       41.26416018750
2       41.26420843333
2       41.26420945417
2       41.26422732083
2       41.26424620833
2       41.26426511250
2       41.26428201250
2       41.26434692917
4       41.26434695000
1       41.26434707083
2       41.26439130833
2       41.26447067917
2       41.26448735833
2       41.26455690417
4       41.26455692500
1       41.26455704167
2       41.26459037083
2       41.26463208750
2       41.26467920000
2       41.26473250417
2       41.26474340000
4       41.26474342083
1       41.26474354167
2       41.26477952083
2       41.26478214167
2       41.26479176250
2       41.26490072917
2       41.26498090417
4       41.26498090417
1       41.26498104167
2       41.26504115417
2       41.26505375000
2       41.26515280833
2       41.26522600000
4       41.26522602083
1       41.26522614167
2       41.26535123333
2       41.26537013333
2       41.26542111667
4       41.26542113750
1       41.26542125833
2       41.26546352917
2       41.26552574583
2       41.26563237917
4       41.26563239583
1       41.26563251667
2       41.26565102500
2       41.26568217917
2       41.26569438750
2       41.26576483750
2       41.26576885417
2       41.26581290000
4       41.26581292083
1       41.26581304167
2       41.26598654583
2       41.26598752083
2       41.26602690833
4       41.26602692500
1       41.26602704583
2       41.26603622500
2       41.26605404167
2       41.26607561250
2       41.26632267917
4       41.26632269583
1       41.26632281667
2       41.26634751667
2       41.26648073750
2       41.26650910000
4       41.26650912083
1       41.26650924167
2       41.26656578750
2       41.26666215417
2       41.26676987083
4       41.26676989167
1       41.26677001250
2       41.26680260417
2       41.26684702083
2       41.26693314167
2       41.26705539167
4       41.26705541250
1       41.26705553333
2       41.26707557500
2       41.26711530000
2       41.26718022083
2       41.26729193333
4       41.26729193333
1       41.26729207083
2       41.26733792500
2       41.26733929583
2       41.26747825833
4       41.26747827500
1       41.26747839583
2       41.26754532917
2       41.26755783333
2       41.26759136667
2       41.26763533333
2       41.26784870000
4       41.26784872083
1       41.26784884167
2       41.26801566250
2       41.26809743333
4       41.26809745417
1       41.26809757083
2       41.26822255833
2       41.26834649167
4       41.26834651250
1       41.26834663333
2       41.26846173333
2       41.26849554583
2       41.26854390000
2       41.26880157500
4       41.26880157500
1       41.26880171250
2       41.26890333333
2       41.26902380000
4       41.26902381667
1       41.26902393750
2       41.26910869167
2       41.26920004583
2       41.26933417500
4       41.26933419583
1       41.26933431667
2       41.26941870000
2       41.26948092083
2       41.26961540833
4       41.26961542917
1       41.26961555000
2       41.26976887500
2       41.26985654583
4       41.26985654583
1       41.26985668333
2       41.26991551667
2       41.26998080833
2       41.27022347917
4       41.27022350000
1       41.27022362083
2       41.27029347083
2       41.27032366250
2       41.27082773333
4       41.27082775000
1       41.27082787083
2       41.27084765000
2       41.27096421250
2       41.27105437083
4       41.27105439167
1       41.27105450833
2       41.27110658750
2       41.27111032917
2       41.27114504583
2       41.27115138333
2       41.27122188750
2       41.27139447083
4       41.27139449167
1       41.27139461250
2       41.27157635417
2       41.27158095833
4       41.27158097917
1       41.27158110000
2       41.27162235417
2       41.27175052917
2       41.27187240000
4       41.27187241667
1       41.27187253750
2       41.27192905000
2       41.27193734583
2       41.27201285000
2       41.27215598333
4       41.27215598333
1       41.27215612083
2       41.27216553333
2       41.27220760000
2       41.27224242917
2       41.27226658333
2       41.27227917917
2       41.27255078750
4       41.27255080833
1       41.27255092917
2       41.27258124583
2       41.27265512917
2       41.27268360000
2       41.27282502500
4       41.27282502500
1       41.27282516250
2       41.27293134583
2       41.27296899583
2       41.27306748333
4       41.27306748333
1       41.27306762083
2       41.27323050417
2       41.27326723750
4       41.27326725417
1       41.27326737500
2       41.27326920833
2       41.27336339167
2       41.27342382500
2       41.27351406250
4       41.27351408333
1       41.27351420417
2       41.27376407083
4       41.27376408750
1       41.27376420833
2       41.27380341250
2       41.27382255833
2       41.27389889583
2       41.27395881250
4       41.27395882917
1       41.27395895000
2       41.27397045833
2       41.27427977500
4       41.27427979583
1       41.27427991667
2       41.27429074583
2       41.27434280000
2       41.27462787083
4       41.27462789167
1       41.27462801250
2       41.27464910417
2       41.27481904583
4       41.27481906667
1       41.27481918750
2       41.27484188333
2       41.27495082500
2       41.27496482917
2       41.27509556667
4       41.27509558750
1       41.27509570833
2       41.27532620417
4       41.27532622500
1       41.27532634583
2       41.27549599167
2       41.27552120833
4       41.27552122917
1       41.27552135000
2       41.27552352917
2       41.27563984167
2       41.27571900000
4       41.27571902083
1       41.27571914167
2       41.27588620417
4       41.27588622500
1       41.27588634167
2       41.27625755417
4       41.27625757500
1       41.27625769583
2       41.27638714167
2       41.27641883750
2       41.27646090833
4       41.27646092500
1       41.27646104583
2       41.27657756667
2       41.27674610417
4       41.27674612500
1       41.27674624583
2       41.27694323750
4       41.27694325833
1       41.27694337500
2       41.27714725417
4       41.27714725417
1       41.27714739167
2       41.27730424167
2       41.27745130833
4       41.27745132500
1       41.27745144583
2       41.27755759583
2       41.27776329167
4       41.27776331250
1       41.27776343333
2       41.27778426250
2       41.27782424583
2       41.27786108750
2       41.27797702500
4       41.27797702500
1       41.27797716250
2       41.27806147917
2       41.27813598750
2       41.27821050000
4       41.27821051667
1       41.27821063750
2       41.27832180000
2       41.27833705417
2       41.27837412917
2       41.27840126667
4       41.27840126667
1       41.27840140417
2       41.27844694167
2       41.27846151250
2       41.27847912917
2       41.27854600000
2       41.27876068750
4       41.27876070417
1       41.27876082500
2       41.27876432500
2       41.27876530833
2       41.27882957917
2       41.27889878333
2       41.27893190000
2       41.27894412083
4       41.27894414167
1       41.27894426250
2       41.27897002500
2       41.27916347500
4       41.27916349583
1       41.27916361667
2       41.27920610417
2       41.27950428333
4       41.27950430417
1       41.27950442500
2       41.27953507917
2       41.27960457500
2       41.27966590000
2       41.27983582917
4       41.27983585000
1       41.27983597083
2       41.28007659167
4       41.28007661250
1       41.28007673333
2       41.28019815417
2       41.28053207083
4       41.28053208750
1       41.28053220833
2       41.28053282083
2       41.28070360000
4       41.28070362083
1       41.28070374167
2       41.28078146250
2       41.28093224583
4       41.28093226667
1       41.28093238750
2       41.28112991667
4       41.28112993750
1       41.28113005833
2       41.28121210000
2       41.28121447083
2       41.28121797500
2       41.28140089583
4       41.28140091667
1       41.28140103750
2       41.28150028333
2       41.28158701250
4       41.28158702917
1       41.28158715000
2       41.28159331667
2       41.28183407917
4       41.28183409583
1       41.28183421667
2       41.28195272083
2       41.28195307500
2       41.28199573750
2       41.28213990417
4       41.28213992500
1       41.28214004583
2       41.28223989167
2       41.28284532500
4       41.28284534583
1       41.28284546667
2       41.28295699167
2       41.28308020417
4       41.28308022500
1       41.28308034583
2       41.28326856667
2       41.28335942917
4       41.28335945000
1       41.28335957083
2       41.28339449167
2       41.28349396667
2       41.28356076250
4       41.28356078333
1       41.28356090417
2       41.28370485000
2       41.28372811250
2       41.28398376250
4       41.28398378333
1       41.28398390417
2       41.28407489167
2       41.28413876250
2       41.28443627500
4       41.28443629583
1       41.28443641667
2       41.28448364167
2       41.28455050000
2       41.28478536250
4       41.28478538333
1       41.28478550417
2       41.28481214583
2       41.28503044583
4       41.28503046667
1       41.28503058750
2       41.28503871667
2       41.28504605417
2       41.28510628333
2       41.28547492917
4       41.28547494583
1       41.28547506667
2       41.28558659167
2       41.28561616667
2       41.28592011667
4       41.28592013750
1       41.28592025833
2       41.28594892083
2       41.28604832917
2       41.28605762917
2       41.28612188333
4       41.28612188333
1       41.28612202083
2       41.28616092500
2       41.28627223333
2       41.28636074583
4       41.28636076667
1       41.28636088750
2       41.28640379167
2       41.28687871250
4       41.28687872917
1       41.28687885000
2       41.28689292083
2       41.28690588750
2       41.28694239583
2       41.28699597500
2       41.28714235417
4       41.28714237500
1       41.28714249583
2       41.28720816667
2       41.28722215833
2       41.28729140417
2       41.28745737500
4       41.28745737500
1       41.28745751250
2       41.28767433750
4       41.28767435833
1       41.28767447917
2       41.28769920000
2       41.28783264167
2       41.28794394583
4       41.28794396667
1       41.28794408750
2       41.28803206250
2       41.28833576667
4       41.28833578750
1       41.28833590833
2       41.28864255000
4       41.28864257083
1       41.28864269167
2       41.28905923750
4       41.28905925833
1       41.28905937917
2       41.28916758333
2       41.28927942500
4       41.28927944583
1       41.28927956667
2       41.28936393750
2       41.28941262917
2       41.28947160417
4       41.28947160417
1       41.28947174167
2       41.28947246250
2       41.28949769167
2       41.28950430000
2       41.28966436250
4       41.28966437917
1       41.28966450000
2       41.28978791667
2       41.28992954583
4       41.28992956667
1       41.28992968750
2       41.28995084583
2       41.29005586250
2       41.29009991667
4       41.29009993750
1       41.29010005833
2       41.29011842083
2       41.29024035833
2       41.29039604583
4       41.29039604583
1       41.29039618333
2       41.29039767500
2       41.29057785417
2       41.29060405417
4       41.29060405417
1       41.29060419167
2       41.29064082500
2       41.29077528750
2       41.29088397083
4       41.29088398750
1       41.29088410833
2       41.29093597083
2       41.29094950000
2       41.29095112917
2       41.29108431667
2       41.29144976667
4       41.29144978333
1       41.29144990417
2       41.29146919583
2       41.29148950000
2       41.29161429583
2       41.29162845417
2       41.29167057083
4       41.29167058750
1       41.29167070833
2       41.29185617083
4       41.29185619167
1       41.29185631250
2       41.29188850833
2       41.29205483333
4       41.29205483333
1       41.29205497083
2       41.29207728750
2       41.29214218750
2       41.29214255833
2       41.29226085833
4       41.29226087500
1       41.29226099583
2       41.29232377083
2       41.29239597083
2       41.29246387500
4       41.29246387500
1       41.29246401250
2       41.29247449167
2       41.29262879167
2       41.29266925833
4       41.29266927500
1       41.29266939583
2       41.29273950833
2       41.29278018333
2       41.29280175000
2       41.29297527917
4       41.29297529583
1       41.29297541667
2       41.29301843750
2       41.29304848750
2       41.29306771667
2       41.29339995417
4       41.29339995417
1       41.29340009167
2       41.29341192917
2       41.29341743333
2       41.29342145833
2       41.29356359583
2       41.29361884167
4       41.29361886250
1       41.29361898333
2       41.29376359583
2       41.29394447500
4       41.29394447500
1       41.29394461250
2       41.29412735000
4       41.29412736667
1       41.29412748750
2       41.29425212083
2       41.29442441667
4       41.29442443750
1       41.29442455833
2       41.29477882917
4       41.29477884583
1       41.29477896667
2       41.29478547500
2       41.29489942500
2       41.29542075833
4       41.29542077500
1       41.29542089583
2       41.29551084583
2       41.29559067500
2       41.29561187917
2       41.29567017083
4       41.29567019167
1       41.29567031250
2       41.29587981667
4       41.29587983333
1       41.29587995417
2       41.29596161250
2       41.29596350833
2       41.29598880000
2       41.29605172083
2       41.29614647917
4       41.29614650000
1       41.29614662083
2       41.29619485417
2       41.29639355833
4       41.29639357500
1       41.29639369583
2       41.29640216667
2       41.29643995000
2       41.29659528333
4       41.29659530417
1       41.29659542500
2       41.29664366250
2       41.29684375000
4       41.29684377083
1       41.29684389167
2       41.29686557500
2       41.29696202083
2       41.29702492500
4       41.29702492500
1       41.29702506250
2       41.29715577083
2       41.29738593333
4       41.29738595417
1       41.29738607500
2       41.29778030417
4       41.29778032500
1       41.29778044583
2       41.29816963333
4       41.29816965417
1       41.29816977500
2       41.29818320833
2       41.29818354583
2       41.29818748333
2       41.29826227917
2       41.29851872083
4       41.29851874167
1       41.29851885833
2       41.29871938333
4       41.29871940417
1       41.29871952500
2       41.29898175417
4       41.29898175417
1       41.29898189167
2       41.29898802917
2       41.29909504167
2       41.29921030417
4       41.29921030417
1       41.29921044167
2       41.29925080833
2       41.29929622500
2       41.29930597083
2       41.29938882083
4       41.29938884167
1       41.29938896250
2       41.29941794167
2       41.29954817500
2       41.29985197083
4       41.29985199167
1       41.29985211250
2       41.29990061250
2       41.30004967500
4       41.30004969583
1       41.30004981667
2       41.30007567083
2       41.30017355833
2       41.30024276250
4       41.30024277917
1       41.30024290000
2       41.30039509167
2       41.30068503333
4       41.30068505417
1       41.30068517500
2       41.30071712083
2       41.30072504583
2       41.30074985417
2       41.30077497500
2       41.30092607083
4       41.30092608750
1       41.30092620833
2       41.30108102917
2       41.30114007083
4       41.30114008750
1       41.30114020833
2       41.30115461667
2       41.30120262917
2       41.30125967083
2       41.30127629583
2       41.30139514167
4       41.30139516250
1       41.30139528333
2       41.30141355000
2       41.30141702083
2       41.30157825000
4       41.30157827083
1       41.30157839167
2       41.30170413333
2       41.30183071250
4       41.30183072917
1       41.30183085000
2       41.30187912917
2       41.30191812083
2       41.30209432083
4       41.30209434167
1       41.30209445833
2       41.30212339167
2       41.30215091667
2       41.30215294583
2       41.30218119583
2       41.30251331667
4       41.30251333333
1       41.30251345417
2       41.30254907500
2       41.30261037917
2       41.30282830417
4       41.30282832500
1       41.30282844583
2       41.30284393333
2       41.30286841667
2       41.30300555833
4       41.30300557500
1       41.30300569583
2       41.30303565833
2       41.30305057500
2       41.30317410000
4       41.30317412083
1       41.30317424167
2       41.30322515417
2       41.30327910833
2       41.30331525417
2       41.30336722917
4       41.30336724583
1       41.30336736667
2       41.30370276667
4       41.30370278333
1       41.30370290417
2       41.30379320000
2       41.30382863333
2       41.30394890000
4       41.30394892083
1       41.30394904167
2       41.30396313333
2       41.30405386250
2       41.30410351250
2       41.30415983333
4       41.30415985417
1       41.30415997083
2       41.30430890833
2       41.30436158333
4       41.30436160417
1       41.30436172500
2       41.30450235833
2       41.30469510833
4       41.30469512917
1       41.30469524583
2       41.30475807083
2       41.30479349167
2       41.30481342500
2       41.30489054583
4       41.30489056667
1       41.30489068750
2       41.30489090000
2       41.30498037500
2       41.30526748333
4       41.30526750000
1       41.30526762083
2       41.30541615000
2       41.30564577917
4       41.30564579583
1       41.30564591667
2       41.30567054167
2       41.30570171667
2       41.30579413333
2       41.30585780833
4       41.30585782917
1       41.30585795000
2       41.30588066667
2       41.30590309167
2       41.30591336250
2       41.30606674583
4       41.30606676667
1       41.30606688333
2       41.30610114583
2       41.30635222917
4       41.30635225000
1       41.30635236667
2       41.30642078750
2       41.30643245833
2       41.30649236250
2       41.30658045833
4       41.30658047917
1       41.30658060000
2       41.30670075417
2       41.30713017083
4       41.30713018750
1       41.30713030833
2       41.30741318333
4       41.30741320417
1       41.30741332500
2       41.30744931667
2       41.30793553333
4       41.30793555417
1       41.30793567083
2       41.30794485000
2       41.30815644583
4       41.30815646667
1       41.30815658750
2       41.30821875000
2       41.30828561667
2       41.30831383333
2       41.30833398750
2       41.30839225833
4       41.30839227500
1       41.30839239583
2       41.30844763333
2       41.30847639583
2       41.30867843750
4       41.30867845833
1       41.30867857917
2       41.30882056667
2       41.30884736667
2       41.30896500417
4       41.30896500417
1       41.30896514167
2       41.30898886667
2       41.30913520833
4       41.30913522917
1       41.30913535000
2       41.30927508333
2       41.30973081250
4       41.30973082917
1       41.30973095000
2       41.30987087083
2       41.31000931667
4       41.31000933333
1       41.31000945417
2       41.31003890417
2       41.31004708750
2       41.31004943333
2       41.31009545833
2       41.31036185833
4       41.31036187917
1       41.31036200000
2       41.31039763333
2       41.31051986667
2       41.31052973333
2       41.31057537083
4       41.31057538750
1       41.31057550833
2       41.31079834167
4       41.31079836250
1       41.31079847917
2       41.31081686667
2       41.31081920417
2       41.31083769167
2       41.31084007917
2       41.31095340833
2       41.31105636250
4       41.31105637917
1       41.31105650000
2       41.31122191250
2       41.31125517083
4       41.31125518750
1       41.31125530833
2       41.31146579583
4       41.31146581667
1       41.31146593750
2       41.31152841667
2       41.31172114167
4       41.31172115833
1       41.31172127917
2       41.31173769167
2       41.31180925833
2       41.31203687083
4       41.31203688750
1       41.31203700833
2       41.31207518750
2       41.31209944167
2       41.31219649583
2       41.31224511250
4       41.31224513333
1       41.31224525417
2       41.31228286667
2       41.31242036667
2       41.31244218750
2       41.31246781667
2       41.31249589583
4       41.31249591667
1       41.31249603750
2       41.31250711250
2       41.31258695417
2       41.31264662083
2       41.31274961667
4       41.31274963750
1       41.31274975833
2       41.31278203333
2       41.31289135000
2       41.31290988750
2       41.31295826667
4       41.31295828333
1       41.31295840417
2       41.31296292083
2       41.31296453333
2       41.31309499583
2       41.31310239583
2       41.31320961667
4       41.31320963333
1       41.31320975417
2       41.31326464583
2       41.31337197917
2       41.31348690417
4       41.31348690417
1       41.31348704167
2       41.31349121667
2       41.31372208750
4       41.31372210417
1       41.31372222500
2       41.31413511667
4       41.31413513333
1       41.31413525417
2       41.31414970833
2       41.31426924167
2       41.31427952500
2       41.31428019583
2       41.31432564167
4       41.31432566250
1       41.31432578333
2       41.31432927083
2       41.31456505417
4       41.31456505417
1       41.31456519167
2       41.31465317500
2       41.31484300000
4       41.31484301667
1       41.31484313750
2       41.31491857917
2       41.31496354167
2       41.31507843750
4       41.31507845417
1       41.31507857500
2       41.31513182500
2       41.31519206250
2       41.31521992500
2       41.31527191250
4       41.31527192917
1       41.31527205000
2       41.31555908333
4       41.31555908333
1       41.31555922083
2       41.31558423333
2       41.31568096667
2       41.31620665417
4       41.31620667500
1       41.31620679167
2       41.31626356250
2       41.31631822083
2       41.31642089583
4       41.31642091667
1       41.31642103750
2       41.31655543750
2       41.31661368750
4       41.31661370417
1       41.31661382500
2       41.31666608750
2       41.31677972500
2       41.31680876250
4       41.31680877917
1       41.31680890000
2       41.31699184583
4       41.31699184583
1       41.31699198333
2       41.31706481667
2       41.31722119583
4       41.31722119583
1       41.31722133333
2       41.31761928750
4       41.31761930417
1       41.31761942500
2       41.31793209583
4       41.31793209583
1       41.31793223333
2       41.31813900417
4       41.31813902500
1       41.31813914167
2       41.31817745833
2       41.31829167500
2       41.31834075417
4       41.31834077500
1       41.31834089583
2       41.31845530833
2       41.31861264167
4       41.31861266250
1       41.31861277917
2       41.31868626250
2       41.31878289583
2       41.31879947083
2       41.31881637917
4       41.31881639583
1       41.31881651667
2       41.31883724167
2       41.31884393333
2       41.31905312500
4       41.31905314583
1       41.31905326667
2       41.31918966250
2       41.31922544167
2       41.31929697917
4       41.31929700000
1       41.31929712083
2       41.31932778333
2       41.31935924167
2       41.31947049583
2       41.31961206250
4       41.31961208333
1       41.31961220417
2       41.31961924583
2       41.31974944583
2       41.31991340833
4       41.31991342917
1       41.31991354583
2       41.31992169167
2       41.31992202917
2       41.31994424583
2       41.32006209167
2       41.32009753750
2       41.32010579167
2       41.32030064583
4       41.32030064583
1       41.32030078333
2       41.32030162917
2       41.32041419583
2       41.32042083750
2       41.32049797500
4       41.32049799583
1       41.32049811667
2       41.32052119583
2       41.32081895417
4       41.32081897500
1       41.32081909583
2       41.32102961667
4       41.32102963750
1       41.32102975417
2       41.32111672083
2       41.32134525833
4       41.32134527500
1       41.32134539583
2       41.32138302500
2       41.32146963333
2       41.32154140000
4       41.32154141667
1       41.32154153750
2       41.32170634583
2       41.32171297500
2       41.32173508333
4       41.32173510417
1       41.32173522500
2       41.32174312917
2       41.32178885417
2       41.32201237500
4       41.32201237500
1       41.32201251250
2       41.32223697917
4       41.32223699583
1       41.32223711667
2       41.32231449167
2       41.32238331667
2       41.32262359583
4       41.32262361667
1       41.32262373750
2       41.32267749167
2       41.32269834583
2       41.32275687917
2       41.32292457083
4       41.32292459167
1       41.32292471250
2       41.32294575833
2       41.32295940833
2       41.32308423750
2       41.32315252917
4       41.32315254583
1       41.32315266667
2       41.32323524167
2       41.32326248750
2       41.32352778750
4       41.32352780833
1       41.32352792500
2       41.32359698750
2       41.32373317083
4       41.32373318750
1       41.32373330833
2       41.32378284167
2       41.32403098750
4       41.32403100417
1       41.32403112500
2       41.32412229583
2       41.32424860417
4       41.32424862500
1       41.32424874583
2       41.32436575833
2       41.32461585000
4       41.32461586667
1       41.32461598750
2       41.32467285833
2       41.32481859167
4       41.32481860833
1       41.32481872917
2       41.32482083750
2       41.32488682083
2       41.32491526250
2       41.32498950000
2       41.32501568750
4       41.32501570417
1       41.32501582500
2       41.32511837083
2       41.32517726250
2       41.32524625417
4       41.32524627500
1       41.32524639583
2       41.32532235833
2       41.32535347917
2       41.32538293750
2       41.32548630000
4       41.32548631667
1       41.32548643750
2       41.32560357500
2       41.32567642917
4       41.32567644583
1       41.32567656667
2       41.32574995417
2       41.32575192917
2       41.32587920417
4       41.32587922500
1       41.32587934583
2       41.32596190417
2       41.32598150417
2       41.32600869167
2       41.32604945833
4       41.32604947917
1       41.32604960000
2       41.32605504583
2       41.32616104583
2       41.32620180417
2       41.32625376667
4       41.32625378750
1       41.32625390833
2       41.32628095417
2       41.32629789583
2       41.32647333750
4       41.32647335833
1       41.32647347500
2       41.32652604167
2       41.32662240833
2       41.32678801667
4       41.32678803333
1       41.32678815417
2       41.32713452500
4       41.32713452500
1       41.32713466250
2       41.32723915417
2       41.32729148333
2       41.32746338333
4       41.32746340417
1       41.32746352500
2       41.32757177083
2       41.32763332083
2       41.32774065833
4       41.32774067500
1       41.32774079583
2       41.32778630833
2       41.32782013750
2       41.32807392917
4       41.32807395000
1       41.32807406667
2       41.32810569167
2       41.32814076667
2       41.32821697500
2       41.32839422500
4       41.32839422500
1       41.32839436250
2       41.32843222500
2       41.32862300000
4       41.32862302083
1       41.32862314167
2       41.32862605000
2       41.32873823750
2       41.32905528333
4       41.32905530417
1       41.32905542500
2       41.32916890833
2       41.32937063333
4       41.32937063333
1       41.32937077083
2       41.32943457500
2       41.32945805417
2       41.32963695000
4       41.32963696667
1       41.32963708750
2       41.32963859167
2       41.32972867083
2       41.32975917917
2       41.32977471667
2       41.32979927083
2       41.32996524583
4       41.32996524583
1       41.32996538333
2       41.33003702500
2       41.33040507500
4       41.33040509583
1       41.33040521667
2       41.33046028750
2       41.33054875000
2       41.33058692917
4       41.33058694583
1       41.33058706667
2       41.33059119583
2       41.33064722500
2       41.33067929583
2       41.33105189167
4       41.33105191250
1       41.33105203333
2       41.33105964167
2       41.33117581250
2       41.33122185417
2       41.33127012917
4       41.33127014583
1       41.33127026667
2       41.33131433750
2       41.33137089583
2       41.33141772083
2       41.33145470000
4       41.33145472083
1       41.33145484167
2       41.33156605833
2       41.33159487917
2       41.33166777500
4       41.33166777500
1       41.33166791250
2       41.33175445417
2       41.33190119167
4       41.33190121250
1       41.33190132917
2       41.33211388333
4       41.33211390417
1       41.33211402500
2       41.33229767917
4       41.33229770000
1       41.33229782083
2       41.33247586250
4       41.33247587917
1       41.33247600000
2       41.33262367917
2       41.33265777500
2       41.33271214167
4       41.33271216250
1       41.33271228333
2       41.33272700000
2       41.33279921250
2       41.33295847500
4       41.33295849583
1       41.33295861250
2       41.33307374583
2       41.33318248750
4       41.33318250833
1       41.33318262917
2       41.33320897500
2       41.33324235417
2       41.33337582500
4       41.33337584583
1       41.33337596667
2       41.33349806250
2       41.33359350833
4       41.33359352500
1       41.33359364583
2       41.33370272083
2       41.33385050000
4       41.33385051667
1       41.33385063750
2       41.33414752083
4       41.33414753750
1       41.33414765833
2       41.33418534583
2       41.33419397083
2       41.33427180417
2       41.33449245833
4       41.33449247917
1       41.33449259583
2       41.33452091667
2       41.33465338333
2       41.33474980833
4       41.33474982917
1       41.33474995000
2       41.33483353750
2       41.33494690417
4       41.33494692500
1       41.33494704583
2       41.33532241667
4       41.33532243750
1       41.33532255833
2       41.33549168333
2       41.33594282917
4       41.33594285000
1       41.33594297083
2       41.33608762083
2       41.33625990417
4       41.33625990417
1       41.33626004167
2       41.33629127083
2       41.33660405833
4       41.33660407500
1       41.33660419583
2       41.33680340417
4       41.33680342500
1       41.33680354583
2       41.33688054167
2       41.33708782917
4       41.33708784583
1       41.33708796667
2       41.33712799167
2       41.33716641667
2       41.33723402500
2       41.33727374167
4       41.33727375833
1       41.33727387917
2       41.33745092500
4       41.33745094583
1       41.33745106667
2       41.33765300000
4       41.33765302083
1       41.33765314167
2       41.33774576667
2       41.33785330000
4       41.33785332083
1       41.33785344167
2       41.33796336250
2       41.33814582917
4       41.33814584583
1       41.33814596667
2       41.33840554583
4       41.33840554583
1       41.33840568333
2       41.33843140000
2       41.33848700833
2       41.33864142083
4       41.33864143750
1       41.33864155833
2       41.33864900000
2       41.33885864167
4       41.33885866250
1       41.33885877917
2       41.33888790000
2       41.33889175417
2       41.33890505417
2       41.33898051250
2       41.33901135000
2       41.33901761667
2       41.33907191667
4       41.33907193750
1       41.33907205417
2       41.33913720833
2       41.33921505000
2       41.33948929583
4       41.33948929583
1       41.33948943333
2       41.33982280833
4       41.33982282500
1       41.33982294583
2       41.33986731250
2       41.34026240417
4       41.34026240417
1       41.34026254167
2       41.34030445417
2       41.34042933333
2       41.34050322500
4       41.34050322500
1       41.34050336250
2       41.34067741250
2       41.34076682500
4       41.34076684583
1       41.34076696667
2       41.34085686250
2       41.34097215417
4       41.34097215417
1       41.34097229167
2       41.34136869167
4       41.34136870833
1       41.34136882917
2       41.34139057917
2       41.34146307917
2       41.34155051250
4       41.34155052917
1       41.34155065000
2       41.34157477500
2       41.34157633750
2       41.34166320417
2       41.34168567083
2       41.34179628333
4       41.34179630417
1       41.34179642500
2       41.34182715417
2       41.34187434583
2       41.34193076667
2       41.34199440833
4       41.34199442917
1       41.34199454583
2       41.34204595833
2       41.34208844583
2       41.34214474167
2       41.34220905833
4       41.34220907917
1       41.34220920000
2       41.34229846250
2       41.34246966250
4       41.34246968333
1       41.34246980417
2       41.34269892917
4       41.34269895000
1       41.34269907083
2       41.34270881250
2       41.34276541250
2       41.34282551667
2       41.34319412083
4       41.34319413750
1       41.34319425833
2       41.34331730833
2       41.34338847083
4       41.34338849167
1       41.34338860833
2       41.34339677917
2       41.34340247083
2       41.34352107917
2       41.34381645000
4       41.34381646667
1       41.34381658750
2       41.34408474583
4       41.34408476667
1       41.34408488750
2       41.34410155833
2       41.34412085833
2       41.34418975000
2       41.34443483750
4       41.34443485833
1       41.34443497917
2       41.34447457917
2       41.34451035000
2       41.34451702500
2       41.34467598750
4       41.34467600417
1       41.34467612500
2       41.34483900833
2       41.34488345417
4       41.34488347500
1       41.34488359583
2       41.34489667917
2       41.34496187083
2       41.34516558750
4       41.34516560833
1       41.34516572917
2       41.34517721250
2       41.34522980000
2       41.34527845000
2       41.34539878333
4       41.34539878333
1       41.34539892083
2       41.34545437083
2       41.34549185833
2       41.34549547083
2       41.34566145000
4       41.34566147083
1       41.34566159167
2       41.34581903333
2       41.34593536250
4       41.34593537917
1       41.34593550000
2       41.34599362917
2       41.34602213333
2       41.34602276250
2       41.34629967500
4       41.34629967500
1       41.34629981250
2       41.34634111667
2       41.34657191250
4       41.34657193333
1       41.34657205000
2       41.34661664583
2       41.34675216667
2       41.34686420417
4       41.34686422500
1       41.34686434583
2       41.34715355417
4       41.34715357500
1       41.34715369583
2       41.34722213750
2       41.34722644167
2       41.34766206667
4       41.34766208750
1       41.34766220833
2       41.34799225417
4       41.34799227500
1       41.34799239167
2       41.34805062917
2       41.34807974167
2       41.34814960417
2       41.34821640833
4       41.34821642500
1       41.34821654583
2       41.34827575833
2       41.34836560833
2       41.34838577917
2       41.34843982917
4       41.34843985000
1       41.34843997083
2       41.34865036667
4       41.34865038750
1       41.34865050833
2       41.34910060000
4       41.34910061667
1       41.34910073750
2       41.34916179583
2       41.34918963333
2       41.34925356667
2       41.34933240833
4       41.34933242500
1       41.34933254583
2       41.34939497917
2       41.34944506667
2       41.34945789583
2       41.34955663750
4       41.34955665833
1       41.34955677917
2       41.34956327083
2       41.34967383750
2       41.34985581667
4       41.34985583333
1       41.34985595417
2       41.34991337917
2       41.35019622083
4       41.35019623750
1       41.35019635833
2       41.35025120833
2       41.35035618750
2       41.35040615833
4       41.35040617917
1       41.35040630000
2       41.35047486250
2       41.35052615417
2       41.35062621667
4       41.35062623750
1       41.35062635833
2       41.35074177917
2       41.35088820833
4       41.35088822917
1       41.35088835000
2       41.35092185000
2       41.35095118750
2       41.35098290000
2       41.35106011667
4       41.35106015000
1       41.35106027083
2       41.35136894167
4       41.35136896250
1       41.35136908333
2       41.35147775000
2       41.35148327917
2       41.35151785000
2       41.35167908333
4       41.35167908333
1       41.35167922083
2       41.35200906250
4       41.35200907917
1       41.35200920000
2       41.35230925417
4       41.35230927500
1       41.35230939583
2       41.35233110417
2       41.35233960833
2       41.35235749167
2       41.35261195833
4       41.35261197917
1       41.35261210000
2       41.35263245417
2       41.35265425833
2       41.35280531250
4       41.35280532917
1       41.35280545000
2       41.35282885000
2       41.35289770833
2       41.35310105417
4       41.35310107500
1       41.35310119583
2       41.35328990833
4       41.35328992917
1       41.35329005000
2       41.35329224583
2       41.35330350833
2       41.35340513750
2       41.35341576667
2       41.35348498333
4       41.35348498333
1       41.35348512083
2       41.35374275833
4       41.35374277500
1       41.35374289583
2       41.35378468333
2       41.35391061667
2       41.35449855417
4       41.35449857500
1       41.35449869583
2       41.35453558750
2       41.35460329167
2       41.35461978333
2       41.35467802917
4       41.35467804583
1       41.35467816667
2       41.35475155833
2       41.35478976667
2       41.35483339583
2       41.35497057083
4       41.35497059167
1       41.35497070833
2       41.35508934583
2       41.35515237500
2       41.35529091250
4       41.35529093333
1       41.35529105417
2       41.35529280000
2       41.35532600000
2       41.35550877500
4       41.35550879583
1       41.35550891667
2       41.35558067083
2       41.35560747083
2       41.35581515000
4       41.35581517083
1       41.35581529167
2       41.35583638750
2       41.35587847083
2       41.35592889167
2       41.35594174583
2       41.35594241250
2       41.35603510833
4       41.35603512917
1       41.35603524583
2       41.35608119583
2       41.35647985417
4       41.35647985417
1       41.35647999167
2       41.35651246250
2       41.35653633333
2       41.35654525000
2       41.35670289583
4       41.35670291667
1       41.35670303333
2       41.35671020417
2       41.35680694583
2       41.35689369583
4       41.35689371667
1       41.35689383750
2       41.35694403750
2       41.35700859167
2       41.35718282500
4       41.35718284583
1       41.35718296667
2       41.35718757083
2       41.35719576250
2       41.35722728333
2       41.35754982917
4       41.35754985000
1       41.35754996667
2       41.35771112917
2       41.35777842500
4       41.35777844583
1       41.35777856250
2       41.35783068333
2       41.35811389167
4       41.35811390833
1       41.35811402917
2       41.35826730833
2       41.35844707917
4       41.35844710000
1       41.35844721667
2       41.35845968750
2       41.35855012917
2       41.35869720417
4       41.35869720417
1       41.35869734167
2       41.35879754583
2       41.35885393333
2       41.35887145417
2       41.35895292083
4       41.35895294167
1       41.35895306250
2       41.35899503750
2       41.35911019167
2       41.35914672500
4       41.35914674583
1       41.35914686250
2       41.35921094167
2       41.35929740417
2       41.35933250000
4       41.35933251667
1       41.35933263750
2       41.35934512917
2       41.35949549167
2       41.35970812500
4       41.35970812500
1       41.35970826250
2       41.35973726667
2       41.35989251250
4       41.35989253333
1       41.35989265000
2       41.36000391250
2       41.36009783333
4       41.36009785000
1       41.36009797083
2       41.36010415833
2       41.36020962500
2       41.36042952500
4       41.36042952500
1       41.36042966250
2       41.36053091667
2       41.36085978333
4       41.36085978333
1       41.36085992083
2       41.36089685833
2       41.36098299167
2       41.36120793333
4       41.36120793333
1       41.36120807083
2       41.36121387917
2       41.36124567917
2       41.36137549583
2       41.36146000000
4       41.36146002083
1       41.36146014167
2       41.36185683750
4       41.36185685417
1       41.36185697500
2       41.36192658750
2       41.36198172500
2       41.36198994583
2       41.36211347917
4       41.36211349583
1       41.36211361667
2       41.36216520833
2       41.36219997917
2       41.36231287917
2       41.36231588750
4       41.36231590833
1       41.36231602917
2       41.36234002917
2       41.36245727500
2       41.36263619167
4       41.36263621250
1       41.36263633333
2       41.36265668750
2       41.36266039583
2       41.36269748750
2       41.36279117500
2       41.36300147500
4       41.36300149583
1       41.36300161667
2       41.36305024167
2       41.36321123333
4       41.36321125417
1       41.36321137500
2       41.36321912083
2       41.36337376667
2       41.36343043333
4       41.36343045000
1       41.36343057083
2       41.36349767500
2       41.36350990000
2       41.36368084167
4       41.36368086250
1       41.36368098333
2       41.36368284167
2       41.36369939583
2       41.36371666250
2       41.36374182083
2       41.36400617500
4       41.36400617500
1       41.36400631250
2       41.36427677083
4       41.36427678750
1       41.36427690833
2       41.36439723750
2       41.36443932500
2       41.36444236667
2       41.36444737917
2       41.36445068750
2       41.36465763750
4       41.36465765833
1       41.36465777917
2       41.36471925417
2       41.36474377500
2       41.36490073750
4       41.36490075417
1       41.36490087500
2       41.36492961667
2       41.36494186667
2       41.36504489167
2       41.36517038333
4       41.36517038333
1       41.36517052083
2       41.36523566250
2       41.36533802500
4       41.36533802500
1       41.36533816250
2       41.36544467917
2       41.36545956667
2       41.36574005417
4       41.36574005417
1       41.36574019167
2       41.36587819167
2       41.36602682917
4       41.36602685000
1       41.36602697083
2       41.36604020833
2       41.36619252083
2       41.36622635833
4       41.36622637917
1       41.36622649583
2       41.36635234583
2       41.36635555000
2       41.36639098333
2       41.36639631667
2       41.36655589583
4       41.36655589583
1       41.36655603333
2       41.36672350833
2       41.36673138750
4       41.36673140417
1       41.36673152500
2       41.36676532917
2       41.36680272083
2       41.36695273333
4       41.36695275417
1       41.36695287500
2       41.36697265000
2       41.36698351667
2       41.36704477500
2       41.36720337500
4       41.36720339583
1       41.36720351667
2       41.36734262083
2       41.36761791250
4       41.36761793333
1       41.36761805000
2       41.36785268750
4       41.36785270833
1       41.36785282917
2       41.36807727917
4       41.36807730000
1       41.36807742083
2       41.36811829167
2       41.36815043333
2       41.36818718333
2       41.36855521250
4       41.36855522917
1       41.36855535000
2       41.36860684583
2       41.36878108333
4       41.36878108333
1       41.36878122083
2       41.36894205000
2       41.36896462917
4       41.36896465000
1       41.36896476667
2       41.36900565000
2       41.36907625000
2       41.36925937083
4       41.36925938750
1       41.36925950833
2       41.36945585417
4       41.36945587500
1       41.36945599167
2       41.36962276250
2       41.36975957500
4       41.36975957500
1       41.36975971250
2       41.36988442083
2       41.36989536250
2       41.36993635000
4       41.36993637083
1       41.36993649167
2       41.36998475833
2       41.37018253750
4       41.37018255417
1       41.37018267500
2       41.37018615833
2       41.37019672917
2       41.37047957500
4       41.37047959583
1       41.37047971667
2       41.37053646667
2       41.37055314167
2       41.37063062917
2       41.37065617083
4       41.37065618750
1       41.37065630833
2       41.37071286250
2       41.37111522917
4       41.37111525000
1       41.37111537083
2       41.37131102500
4       41.37131102500
1       41.37131116250
2       41.37157794167
4       41.37157795833
1       41.37157807917
2       41.37160524583
2       41.37164781250
2       41.37165647083
2       41.37168593750
2       41.37174293750
2       41.37174656250
2       41.37174995417
2       41.37193301667
4       41.37193303750
1       41.37193315833
2       41.37195730833
2       41.37200260000
2       41.37219175833
4       41.37219177917
1       41.37219190000
2       41.37220596667
2       41.37223976667
2       41.37241600000
4       41.37241601667
1       41.37241613750
2       41.37249447083
2       41.37274858333
4       41.37274860000
1       41.37274872083
2       41.37303006667
4       41.37303006667
1       41.37303020417
2       41.37303203333
2       41.37353657917
4       41.37353659583
1       41.37353671667
2       41.37359645417
2       41.37359978750
2       41.37380811250
4       41.37380813333
1       41.37380825000
2       41.37399068333
2       41.37402208333
4       41.37402210000
1       41.37402222083
2       41.37423081667
4       41.37423081667
1       41.37423095417
2       41.37437846250
2       41.37449415000
4       41.37449416667
1       41.37449428750
2       41.37455261667
2       41.37463487917
2       41.37482635417
4       41.37482637500
1       41.37482649583
2       41.37489921667
2       41.37497836250
2       41.37498164583
2       41.37501281250
4       41.37501283333
1       41.37501295417
2       41.37512116250
2       41.37518635417
2       41.37521980000
4       41.37521982083
1       41.37521993750
2       41.37536724167
2       41.37593923333
4       41.37593923333
1       41.37593937083
2       41.37597570417
2       41.37598560000
2       41.37599822917
2       41.37610790000
2       41.37615717500
4       41.37615719583
1       41.37615731667
2       41.37645567083
4       41.37645569167
1       41.37645580833
2       41.37651598333
2       41.37664478333
4       41.37664480417
1       41.37664492083
2       41.37667791250
2       41.37677825833
2       41.37692274583
4       41.37692276667
1       41.37692288750
2       41.37718568750
4       41.37718570417
1       41.37718582500
2       41.37735297917
2       41.37758579167
4       41.37758581250
1       41.37758593333
2       41.37761526667
2       41.37762354167
2       41.37767191250
2       41.37771164167
2       41.37808891250
4       41.37808893333
1       41.37808905417
2       41.37826277917
4       41.37826280000
1       41.37826292083
2       41.37831712500
2       41.37856952500
4       41.37856954583
1       41.37856966667
2       41.37876066250
4       41.37876068333
1       41.37876080417
2       41.37887721250
2       41.37891729583
2       41.37896530833
4       41.37896532500
1       41.37896544583
2       41.37907894167
2       41.37919619583
4       41.37919621667
1       41.37919633750
2       41.37920193333
2       41.37920680833
2       41.37920744167
2       41.37927171250
2       41.37951948750
4       41.37951950833
1       41.37951962917
2       41.37952842083
2       41.37957613750
2       41.37994078333
4       41.37994080417
1       41.37994092500
2       41.37997029167
2       41.38001425000
2       41.38001631250
2       41.38009054583
2       41.38012959167
4       41.38012960833
1       41.38012972917
2       41.38034424167
4       41.38034425833
1       41.38034437917
2       41.38036115417
2       41.38036582500
2       41.38043436250
2       41.38044854583
2       41.38051487500
2       41.38058047917
4       41.38058049583
1       41.38058061667
2       41.38059527917
2       41.38059600833
2       41.38100635417
4       41.38100637500
1       41.38100649583
2       41.38103579583
2       41.38116472917
2       41.38118059167
4       41.38118060833
1       41.38118072917
2       41.38127340833
2       41.38132730417
2       41.38136615000
4       41.38136616667
1       41.38136628750
2       41.38156252083
4       41.38156254167
1       41.38156266250
2       41.38213294167
4       41.38213295833
1       41.38213307917
2       41.38215606250
2       41.38231107500
2       41.38255615417
4       41.38255617500
1       41.38255629583
2       41.38267245833
2       41.38268200000
2       41.38293280833
4       41.38293282500
1       41.38293294583
2       41.38301161667
2       41.38304737083
2       41.38312287083
4       41.38312289167
1       41.38312301250
2       41.38313746667
2       41.38316860833
2       41.38330074583
2       41.38333122917
4       41.38333125000
1       41.38333137083
2       41.38346632083
2       41.38369790000
4       41.38369792083
1       41.38369804167
2       41.38373138750
2       41.38375097917
2       41.38385691250
2       41.38387580833
4       41.38387582500
1       41.38387594583
2       41.38407053333
4       41.38407055000
1       41.38407067083
2       41.38421952500
2       41.38422030833
2       41.38449092083
4       41.38449093750
1       41.38449105833
2       41.38449590000
2       41.38451376250
2       41.38456142500
2       41.38468765833
4       41.38468767500
1       41.38468779583
2       41.38476253750
2       41.38479962083
2       41.38488634583
4       41.38488634583
1       41.38488648333
2       41.38489762500
2       41.38518784167
4       41.38518786250
1       41.38518798333
2       41.38538128750
4       41.38538130417
1       41.38538142500
2       41.38569886667
4       41.38569888333
1       41.38569900417
2       41.38573441250
2       41.38577637917
2       41.38606715833
4       41.38606717917
1       41.38606730000
2       41.38615631250
2       41.38642192500
4       41.38642192500
1       41.38642206250
2       41.38644314583
2       41.38644513333
2       41.38658558333
2       41.38660444167
4       41.38660446250
1       41.38660457917
2       41.38715395000
4       41.38715397083
1       41.38715408750
2       41.38724999167
2       41.38726486667
2       41.38745245000
4       41.38745247083
1       41.38745259167
2       41.38749183333
2       41.38752167083
2       41.38759251667
2       41.38765077917
4       41.38765080000
1       41.38765091667
2       41.38768560000
2       41.38793903750
4       41.38793905833
1       41.38793917500
2       41.38800791667
2       41.38802209167
2       41.38835866250
4       41.38835868333
1       41.38835880417
2       41.38838547500
2       41.38852392083
2       41.38865182083
4       41.38865184167
1       41.38865196250
2       41.38874547917
2       41.38890948750
4       41.38890950417
1       41.38890962500
2       41.38894686667
2       41.38909432500
4       41.38909432500
1       41.38909446250
2       41.38909786250
2       41.38928384583
4       41.38928386667
1       41.38928398750
2       41.38929265000
2       41.38966897917
4       41.38966900000
1       41.38966912083
2       41.38995452917
4       41.38995454583
1       41.38995466667
2       41.38997610417
2       41.38998900417
2       41.39007502083
2       41.39012340833
4       41.39012342500
1       41.39012354583
2       41.39039196667
4       41.39039198750
1       41.39039210833
2       41.39084746667
4       41.39084748750
1       41.39084760833
2       41.39087237917
2       41.39088062083
2       41.39088486667
2       41.39120856667
4       41.39120858750
1       41.39120870833
2       41.39122308750
2       41.39122671667
2       41.39124162500
2       41.39150849583
4       41.39150849583
1       41.39150863333
2       41.39163020417
2       41.39169044583
4       41.39169046667
1       41.39169058750
2       41.39171165417
2       41.39184020000
2       41.39185244167
2       41.39196700000
4       41.39196702083
1       41.39196714167
2       41.39201571250
2       41.39207105000
2       41.39222535000
4       41.39222537083
1       41.39222548750
2       41.39223142500
2       41.39242408333
4       41.39242408333
1       41.39242422083
2       41.39244918750
2       41.39264670833
4       41.39264672917
1       41.39264684583
2       41.39269505000
2       41.39273350417
2       41.39288383333
4       41.39288385417
1       41.39288397500
2       41.39295180000
2       41.39295938333
2       41.39296573333
2       41.39302665833
2       41.39307006250
2       41.39315643750
4       41.39315645833
1       41.39315657500
2       41.39316481250
2       41.39350653750
4       41.39350655833
1       41.39350667917
2       41.39373053333
4       41.39373055417
1       41.39373067083
2       41.39380700417
2       41.39384600000
2       41.39389439583
2       41.39401371667
4       41.39401373750
1       41.39401385833
2       41.39422597083
4       41.39422599167
1       41.39422611250
2       41.39438234583
2       41.39439384583
2       41.39455521250
4       41.39455523333
1       41.39455535417
2       41.39462442083
2       41.39465893333
2       41.39491226250
4       41.39491227917
1       41.39491240000
2       41.39512790833
4       41.39512792917
1       41.39512805000
2       41.39530679583
4       41.39530681667
1       41.39530693750
2       41.39545255833
2       41.39545284167
2       41.39562810417
4       41.39562810417
1       41.39562824167
2       41.39566351667
2       41.39571355833
2       41.39580760417
2       41.39615572917
4       41.39615575000
1       41.39615587083
2       41.39639984167
4       41.39639986250
1       41.39639998333
2       41.39652277917
2       41.39734876250
4       41.39734877917
1       41.39734890000
2       41.39764958333
4       41.39764960417
1       41.39764972500
2       41.39777215833
2       41.39779759583
2       41.39793770000
4       41.39793771667
1       41.39793783750
2       41.39801588333
2       41.39808370000
2       41.39809804583
2       41.39839383333
4       41.39839385417
1       41.39839397500
2       41.39844617500
2       41.39847435833
2       41.39867471250
4       41.39867472917
1       41.39867485000
2       41.39869132083
2       41.39878764583
2       41.39881317500
2       41.39883004167
2       41.39888868750
4       41.39888870833
1       41.39888882917
2       41.39912792500
4       41.39912794583
1       41.39912806667
2       41.39943457917
4       41.39943459583
1       41.39943471667
2       41.39943888750
2       41.39954984583
2       41.39956379583
2       41.39962232917
4       41.39962234583
1       41.39962246667
2       41.39970648750
2       41.39982903750
4       41.39982905833
1       41.39982917500
2       41.39984617083
2       41.39992581250
2       41.40002081667
4       41.40002083750
1       41.40002095833
2       41.40061868750
4       41.40061870833
1       41.40061882917
2       41.40068787917
2       41.40072332917
2       41.40077072917
2       41.40081410417
4       41.40081412500
1       41.40081424583
2       41.40081567917
2       41.40082038750
2       41.40085186667
2       41.40117248750
4       41.40117250417
1       41.40117262500
2       41.40132620833
2       41.40133047083
2       41.40136724167
4       41.40136725833
1       41.40136737917
2       41.40155204167
4       41.40155206250
1       41.40155217917
2       41.40166302500
2       41.40187734167
4       41.40187736250
1       41.40187747917
2       41.40191686250
2       41.40207836250
4       41.40207838333
1       41.40207850417
2       41.40209528333
2       41.40222144583
2       41.40233648333
4       41.40233650417
1       41.40233662500
2       41.40251399167
2       41.40256530417
4       41.40256532500
1       41.40256544583
2       41.40268894583
2       41.40287538333
4       41.40287540417
1       41.40287552500
2       41.40303265833
2       41.40307715833
4       41.40307717917
1       41.40307730000
2       41.40319801667
2       41.40408234167
4       41.40408236250
1       41.40408248333
2       41.40420318333
2       41.40433311250
4       41.40433312917
1       41.40433325000
2       41.40438610000
2       41.40442321250
2       41.40443450417
2       41.40475041667
4       41.40475043333
1       41.40475055417
2       41.40477160417
2       41.40490318333
2       41.40492662917
4       41.40492665000
1       41.40492677083
2       41.40499790000
2       41.40534430833
4       41.40534432917
1       41.40534445000
2       41.40552852083
4       41.40552853750
1       41.40552865833
2       41.40561727083
2       41.40568180833
2       41.40572890833
4       41.40572892917
1       41.40572905000
2       41.40586933750
2       41.40589114583
2       41.40595446667
4       41.40595448333
1       41.40595460417
2       41.40609289167
2       41.40661918750
4       41.40661920417
1       41.40661932500
2       41.40664868750
2       41.40679153750
2       41.40693156667
4       41.40693158750
1       41.40693170833
2       41.40700481250
2       41.40732507500
4       41.40732507500
1       41.40732521250
2       41.40737578333
2       41.40739362083
2       41.40740360000
2       41.40760096667
4       41.40760098750
1       41.40760110833
2       41.40818823333
4       41.40818825417
1       41.40818837083
2       41.40838924583
4       41.40838924583
1       41.40838938333
2       41.40840920000
2       41.40844695417
2       41.40857907083
4       41.40857908750
1       41.40857920833
2       41.40890942500
4       41.40890942500
1       41.40890956250
2       41.40910736250
4       41.40910737917
1       41.40910750000
2       41.40922185833
2       41.40926510000
2       41.40938272500
4       41.40938274583
1       41.40938286667
2       41.40944821667
2       41.40951974167
2       41.40953931667
2       41.40984107083
4       41.40984109167
1       41.40984120833
2       41.41023886667
4       41.41023888750
1       41.41023900833
2       41.41027728333
2       41.41032799167
2       41.41036071250
2       41.41063307917
4       41.41063310000
1       41.41063322083
2       41.41078039583
2       41.41086652500
4       41.41086652500
1       41.41086666250
2       41.41098384583
2       41.41106792083
4       41.41106794167
1       41.41106806250
2       41.41107222917
2       41.41115368333
2       41.41137402917
4       41.41137404583
1       41.41137416667
2       41.41138956250
2       41.41145917917
2       41.41177115417
4       41.41177117500
1       41.41177129583
2       41.41184932083
2       41.41192344583
2       41.41195687500
4       41.41195687500
1       41.41195701250
2       41.41199568333
2       41.41210641250
2       41.41216235833
4       41.41216237500
1       41.41216249583
2       41.41222753333
2       41.41259858333
4       41.41259860417
1       41.41259872083
2       41.41260418750
2       41.41262397500
2       41.41281317083
4       41.41281319167
1       41.41281331250
2       41.41322618750
4       41.41322620833
1       41.41322632500
2       41.41342133750
2       41.41348587083
4       41.41348589167
1       41.41348601250
2       41.41353025000
2       41.41373230833
4       41.41373232917
1       41.41373245000
2       41.41385319583
2       41.41390559583
2       41.41392867500
4       41.41392867500
1       41.41392881250
2       41.41393077500
2       41.41393498333
2       41.41398477500
2       41.41418475417
4       41.41418475417
1       41.41418489167
2       41.41426560000
2       41.41430400833
2       41.41446633750
4       41.41446635417
1       41.41446647500
2       41.41453052917
2       41.41453282500
2       41.41454082083
2       41.41458227500
2       41.41461865833
2       41.41477796667
4       41.41477798750
1       41.41477810833
2       41.41500951667
4       41.41500953750
1       41.41500965833
2       41.41501421667
2       41.41512631250
2       41.41516615000
2       41.41518268750
4       41.41518270833
1       41.41518282917
2       41.41535006250
2       41.41551929583
4       41.41551931667
1       41.41551943333
2       41.41554081250
2       41.41557328333
2       41.41560667500
2       41.41586872500
4       41.41586874583
1       41.41586886667
2       41.41590855000
2       41.41619825833
4       41.41619827500
1       41.41619839583
2       41.41620856250
2       41.41622650417
2       41.41625459167
2       41.41642848333
4       41.41642850417
1       41.41642862083
2       41.41642882500
2       41.41646727083
2       41.41650940833
2       41.41664442917
4       41.41664445000
1       41.41664457083
2       41.41688790417
4       41.41688792500
1       41.41688804583
2       41.41695020417
2       41.41699486667
2       41.41704954583
2       41.41705152500
2       41.41708762083
4       41.41708763750
1       41.41708775833
2       41.41713572500
2       41.41747953750
4       41.41747955833
1       41.41747967917
2       41.41752552917
2       41.41762990417
2       41.41788260417
4       41.41788260417
1       41.41788274167
2       41.41795845417
2       41.41822678333
4       41.41822678333
1       41.41822692083
2       41.41859107083
4       41.41859109167
1       41.41859121250
2       41.41861823333
2       41.41903989167
4       41.41903991250
1       41.41904003333
2       41.41914130000
2       41.41922740417
4       41.41922740417
1       41.41922754167
2       41.41965697083
4       41.41965698750
1       41.41965710833
2       41.41969640833
2       41.41980275000
2       41.41989776667
4       41.41989778333
1       41.41989790417
2       41.41996269167
2       41.42009360833
4       41.42009362917
1       41.42009375000
2       41.42012931250
2       41.42058579167
4       41.42058581250
1       41.42058593333
2       41.42090008750
4       41.42090010833
1       41.42090022500
2       41.42094643333
2       41.42099513750
2       41.42112995833
4       41.42112997917
1       41.42113010000
2       41.42161590417
4       41.42161592500
1       41.42161604583
2       41.42162850000
2       41.42180939583
4       41.42180941667
1       41.42180953750
2       41.42228919167
4       41.42228921250
1       41.42228933333
2       41.42237765417
2       41.42247406667
2       41.42255827083
4       41.42255828750
1       41.42255840833
2       41.42265065000
2       41.42276160833
4       41.42276162500
1       41.42276174583
2       41.42290397917
2       41.42312987917
4       41.42312989583
1       41.42313001667
2       41.42322825000
2       41.42325750833
2       41.42330151667
4       41.42330153750
1       41.42330165833
2       41.42353866667
4       41.42353868750
1       41.42353880833
2       41.42378440833
4       41.42378442500
1       41.42378454583
2       41.42380527083
2       41.42383708750
2       41.42393346667
2       41.42399370000
4       41.42399371667
1       41.42399383750
2       41.42436268333
4       41.42436268333
1       41.42436282083
2       41.42444820000
2       41.42445546667
2       41.42455379167
4       41.42455381250
1       41.42455392917
2       41.42460650417
2       41.42462998750
2       41.42465682917
2       41.42479962083
4       41.42479964167
1       41.42479976250
2       41.42481919583
2       41.42487081667
2       41.42488175000
2       41.42493012500
2       41.42494605833
2       41.42502385833
4       41.42502387917
1       41.42502400000
2       41.42509211667
2       41.42549585000
4       41.42549586667
1       41.42549598750
2       41.42562604167
2       41.42583764583
4       41.42583764583
1       41.42583778333
2       41.42589827500
2       41.42610041250
4       41.42610042917
1       41.42610055000
2       41.42641829583
4       41.42641831667
1       41.42641843750
2       41.42650114583
2       41.42662435833
4       41.42662437917
1       41.42662449583
2       41.42665547083
2       41.42670915417
2       41.42683866250
4       41.42683867917
1       41.42683880000
2       41.42685954583
2       41.42689331667
2       41.42714397917
4       41.42714399583
1       41.42714411667
2       41.42715934583
2       41.42718479167
2       41.42729972500
2       41.42780051667
4       41.42780051667
1       41.42780065417
2       41.42790650417
2       41.42807541250
4       41.42807542917
1       41.42807555000
2       41.42814662917
2       41.42833348333
4       41.42833348333
1       41.42833362083
2       41.42849742917
2       41.42870442500
4       41.42870442500
1       41.42870456250
2       41.42883927500
2       41.42890422500
4       41.42890422500
1       41.42890436250
2       41.42897941667
2       41.42948680000
4       41.42948682083
1       41.42948694167
2       41.42949841667
2       41.42954971250
2       41.42955405417
2       41.42971169583
4       41.42971171667
1       41.42971183750
2       41.42983759167
2       41.42999889167
4       41.42999890833
1       41.42999902917
2       41.43002665417
2       41.43035725417
4       41.43035727500
1       41.43035739583
2       41.43036389167
2       41.43039744167
2       41.43042457917
2       41.43042518750
2       41.43051697917
2       41.43060539583
4       41.43060539583
1       41.43060553333
2       41.43063451250
2       41.43069320000
2       41.43072029583
2       41.43075612083
2       41.43087400833
4       41.43087402500
1       41.43087414583
2       41.43092803333
2       41.43129698750
4       41.43129700833
1       41.43129712500
2       41.43133703750
2       41.43136255417
2       41.43137749167
2       41.43156983750
4       41.43156985833
1       41.43156997917
2       41.43171932500
2       41.43186237500
4       41.43186239583
1       41.43186251667
2       41.43187233750
2       41.43205708333
4       41.43205710417
1       41.43205722500
2       41.43212569583
2       41.43227709583
4       41.43227709583
1       41.43227723333
2       41.43232412917
2       41.43233729583
2       41.43251026250
4       41.43251028333
1       41.43251040417
2       41.43257984583
2       41.43258674167
2       41.43260200417
2       41.43265106667
2       41.43271596250
4       41.43271598333
1       41.43271610417
2       41.43276633333
2       41.43299812083
4       41.43299814167
1       41.43299826250
2       41.43317142500
2       41.43336487500
4       41.43336487500
1       41.43336501250
2       41.43338172917
2       41.43354529583
2       41.43359540000
4       41.43359542083
1       41.43359553750
2       41.43366292917
2       41.43373082083
2       41.43381263333
4       41.43381265417
1       41.43381277500
2       41.43386661667
2       41.43401931667
4       41.43401933750
1       41.43401945833
2       41.43428596250
4       41.43428598333
1       41.43428610000
2       41.43434060417
2       41.43442311250
2       41.43454406250
4       41.43454408333
1       41.43454420417
2       41.43461554167
2       41.43480597917
4       41.43480600000
1       41.43480612083
2       41.43489047083
2       41.43490208750
2       41.43505373750
4       41.43505375833
1       41.43505387917
2       41.43528230417
4       41.43528230417
1       41.43528244167
2       41.43532805417
2       41.43536446250
2       41.43539264167
2       41.43589941250
4       41.43589942917
1       41.43589955000
2       41.43593839583
2       41.43603750417
2       41.43604113333
2       41.43620817500
4       41.43620817500
1       41.43620831250
2       41.43629750000
2       41.43645688333
4       41.43645688333
1       41.43645702083
2       41.43650651667
2       41.43656055417
2       41.43664993333
4       41.43664993333
1       41.43665007083
2       41.43668209583
2       41.43677112917
2       41.43686495000
4       41.43686497083
1       41.43686509167
2       41.43707657500
4       41.43707657500
1       41.43707671250
2       41.43731465833
4       41.43731467917
1       41.43731479583
2       41.43731842083
2       41.43737297917
2       41.43739562917
2       41.43744650000
2       41.43751644167
4       41.43751645833
1       41.43751657917
2       41.43754692500
2       41.43772480833
4       41.43772482917
1       41.43772494583
2       41.43780000000
2       41.43781855000
2       41.43796025000
4       41.43796026667
1       41.43796038750
2       41.43797353333
2       41.43805567500
2       41.43808944167
2       41.43821234583
4       41.43821234583
1       41.43821248333
2       41.43824142917
2       41.43824248750
2       41.43825575833
2       41.43838360833
4       41.43838362917
1       41.43838374583
2       41.43863897500
4       41.43863899583
1       41.43863911667
2       41.43865916250
2       41.43872149167
2       41.43895996250
4       41.43895997917
1       41.43896010000
2       41.43902451250
2       41.43941203333
4       41.43941205417
1       41.43941217500
2       41.43947886667
2       41.43974757500
4       41.43974759583
1       41.43974771250
2       41.43989628333
2       41.44003670833
4       41.44003672500
1       41.44003684583
2       41.44008702500
2       41.44012024583
2       41.44019637083
2       41.44021592500
4       41.44021592500
1       41.44021606250
2       41.44024508333
2       41.44060283333
4       41.44060283333
1       41.44060297083
2       41.44061672917
2       41.44075714167
2       41.44081053333
4       41.44081055417
1       41.44081067500
2       41.44083397917
2       41.44099168333
4       41.44099170417
1       41.44099182500
2       41.44115865417
2       41.44120926667
4       41.44120926667
1       41.44120940417
2       41.44132915000
2       41.44140307500
4       41.44140307500
1       41.44140321250
2       41.44153232917
2       41.44172434583
4       41.44172436667
1       41.44172448750
2       41.44173722083
2       41.44175247500
2       41.44187112083
2       41.44190547083
4       41.44190549167
1       41.44190561250
2       41.44191410000
2       41.44233709583
4       41.44233711667
1       41.44233723750
2       41.44250043750
2       41.44273595000
4       41.44273597083
1       41.44273609167
2       41.44278421250
2       41.44287269167
2       41.44301882500
4       41.44301884583
1       41.44301896667
2       41.44304097500
2       41.44318142083
2       41.44320693333
4       41.44320693333
1       41.44320707083
2       41.44321253333
2       41.44325228333
2       41.44341697500
4       41.44341699583
1       41.44341711250
2       41.44384649583
4       41.44384651667
1       41.44384663333
2       41.44386145833
2       41.44404429583
2       41.44409757917
4       41.44409760000
1       41.44409772083
2       41.44417902917
2       41.44422448333
2       41.44424005417
2       41.44433207500
4       41.44433207500
1       41.44433221250
2       41.44436854167
2       41.44451449583
2       41.44459250417
4       41.44459252500
1       41.44459264583
2       41.44464870000
2       41.44466105000
2       41.44471930000
2       41.44493029167
4       41.44493031250
1       41.44493042917
2       41.44493853750
2       41.44500505417
2       41.44526348750
4       41.44526350833
1       41.44526362917
2       41.44540692083
2       41.44545956250
4       41.44545958333
1       41.44545970417
2       41.44552062083
2       41.44554407083
2       41.44557383750
2       41.44566235833
4       41.44566237500
1       41.44566249583
2       41.44568152083
2       41.44600448333
4       41.44600450000
1       41.44600462083
2       41.44609493750
2       41.44629305000
4       41.44629306667
1       41.44629318750
2       41.44635755833
2       41.44637112917
2       41.44654108333
4       41.44654110417
1       41.44654122500
2       41.44657057083
2       41.44665865000
2       41.44679345417
4       41.44679347500
1       41.44679359583
2       41.44684575833
2       41.44689251250
2       41.44697334583
4       41.44697336667
1       41.44697348333
2       41.44698315417
2       41.44714718750
4       41.44714720833
1       41.44714732500
2       41.44747641667
4       41.44747643750
1       41.44747655833
2       41.44760040417
2       41.44768349583
4       41.44768349583
1       41.44768363333
2       41.44776551250
2       41.44786107083
2       41.44786428750
4       41.44786430833
1       41.44786442917
2       41.44789082500
2       41.44816869167
4       41.44816871250
1       41.44816882917
2       41.44832994583
2       41.44841375000
4       41.44841377083
1       41.44841389167
2       41.44842813750
2       41.44850692083
2       41.44854498333
2       41.44861025000
4       41.44861026667
1       41.44861038750
2       41.44871190000
2       41.44880162917
4       41.44880164583
1       41.44880176667
2       41.44887394583
2       41.44901360417
4       41.44901360417
1       41.44901374167
2       41.44916900000
2       41.44964495000
4       41.44964497083
1       41.44964509167
2       41.44981656667
2       41.44981724583
2       41.44981915000
2       41.44998014583
4       41.44998016667
1       41.44998028750
2       41.45005402917
2       41.45012094583
2       41.45027231250
4       41.45027232917
1       41.45027245000
2       41.45028763750
2       41.45041610833
2       41.45044825417
2       41.45059922500
4       41.45059924583
1       41.45059936667
2       41.45084233750
4       41.45084235833
1       41.45084247917
2       41.45100001250
2       41.45109045000
4       41.45109046667
1       41.45109058750
2       41.45126665000
2       41.45143757917
4       41.45143760000
1       41.45143772083
2       41.45148395000
2       41.45152503333
2       41.45169063333
4       41.45169063333
1       41.45169077083
2       41.45173235833
2       41.45195893333
4       41.45195895417
1       41.45195907500
2       41.45201753333
2       41.45212013750
2       41.45217418333
4       41.45217418333
1       41.45217432083
2       41.45221066250
2       41.45233675417
2       41.45234083750
2       41.45243654167
4       41.45243655833
1       41.45243667917
2       41.45246997917
2       41.45250177083
2       41.45262308750
4       41.45262310417
1       41.45262322500
2       41.45267835000
2       41.45293475417
4       41.45293475417
1       41.45293489167
2       41.45329437083
4       41.45329438750
1       41.45329450833
2       41.45348459167
4       41.45348460833
1       41.45348472917
2       41.45351340000
2       41.45381477917
4       41.45381480000
1       41.45381492083
2       41.45392609167
2       41.45395520417
2       41.45417816250
4       41.45417817917
1       41.45417830000
2       41.45423805833
2       41.45425236667
2       41.45435833750
4       41.45435835833
1       41.45435847917
2       41.45463851667
4       41.45463853333
1       41.45463865417
2       41.45480653333
2       41.45486315833
4       41.45486317500
1       41.45486329583
2       41.45489363333
2       41.45491781667
2       41.45497709167
2       41.45519309583
4       41.45519309583
1       41.45519323333
2       41.45547123333
4       41.45547123333
1       41.45547137083
2       41.45550107500
2       41.45566658333
4       41.45566660417
1       41.45566672500
2       41.45568122500
2       41.45568457500
2       41.45571102500
2       41.45571895833
2       41.45592806250
4       41.45592808333
1       41.45592820000
2       41.45595978333
2       41.45596408333
2       41.45619524583
4       41.45619524583
1       41.45619538333
2       41.45632981667
2       41.45637487500
4       41.45637487500
1       41.45637501250
2       41.45644643750
2       41.45661928750
4       41.45661930833
1       41.45661942917
2       41.45676011667
2       41.45685117500
4       41.45685117500
1       41.45685131250
2       41.45697138333
2       41.45702438750
2       41.45706448333
4       41.45706448333
1       41.45706462083
2       41.45722942083
2       41.45723870000
2       41.45725223333
2       41.45728441250
4       41.45728443333
1       41.45728455417
2       41.45730526250
2       41.45738476667
2       41.45743475833
2       41.45757725417
4       41.45757727500
1       41.45757739167
2       41.45760699167
2       41.45793863750
4       41.45793865833
1       41.45793877917
2       41.45794816250
2       41.45829634167
4       41.45829635833
1       41.45829647917
2       41.45830433750
2       41.45830521667
2       41.45836779167
2       41.45842348750
2       41.45849873333
4       41.45849875417
1       41.45849887500
2       41.45856952500
2       41.45861755417
2       41.45863620833
2       41.45917372083
4       41.45917374167
1       41.45917386250
2       41.45925948333
2       41.45941051250
4       41.45941053333
1       41.45941065417
2       41.45944628750
2       41.45954138750
2       41.45955330417
2       41.45958351667
2       41.45967122917
4       41.45967124583
1       41.45967136667
2       41.45978615000
2       41.45995710000
4       41.45995711667
1       41.45995723750
2       41.46000013750
2       41.46000081667
2       41.46007168333
2       41.46035192500
4       41.46035194583
1       41.46035206667
2       41.46046548750
2       41.46048307500
2       41.46065427917
4       41.46065429583
1       41.46065441667
2       41.46080532083
2       41.46086894167
4       41.46086895833
1       41.46086907917
2       41.46093783750
2       41.46117465417
4       41.46117467500
1       41.46117479167
2       41.46117698750
2       41.46119547083
2       41.46136774167
4       41.46136776250
1       41.46136788333
2       41.46138732500
2       41.46139195000
2       41.46147044583
2       41.46155924167
2       41.46159828750
4       41.46159830417
1       41.46159842500
2       41.46179740000
4       41.46179741667
1       41.46179753750
2       41.46181560417
2       41.46181623333
2       41.46194476667
2       41.46194943333
2       41.46202458750
4       41.46202460833
1       41.46202472917
2       41.46213827917
2       41.46217958333
2       41.46221665000
4       41.46221667083
1       41.46221678750
2       41.46251049583
4       41.46251051667
1       41.46251063333
2       41.46254428333
2       41.46268239167
4       41.46268240833
1       41.46268252917
2       41.46269263333
2       41.46278502083
2       41.46279607083
2       41.46280859583
2       41.46288912083
4       41.46288914167
1       41.46288926250
2       41.46289401250
2       41.46296301667
2       41.46306236250
2       41.46319089583
4       41.46319091667
1       41.46319103750
2       41.46320445417
2       41.46328625000
2       41.46350053333
4       41.46350053333
1       41.46350067083
2       41.46355649583
2       41.46378508333
4       41.46378508333
1       41.46378522083
2       41.46380455417
2       41.46381086667
2       41.46414872500
4       41.46414874583
1       41.46414886667
2       41.46437637083
4       41.46437638750
1       41.46437650833
2       41.46444407083
2       41.46446773333
2       41.46448627500
2       41.46457081667
4       41.46457083750
1       41.46457095417
2       41.46459761250
2       41.46463170417
2       41.46505011250
4       41.46505013333
1       41.46505025417
2       41.46508808750
2       41.46516927083
2       41.46519408750
2       41.46531370417
4       41.46531372500
1       41.46531384583
2       41.46562309583
4       41.46562311667
1       41.46562323750
2       41.46577635000
2       41.46581612917
4       41.46581615000
1       41.46581627083
2       41.46599865417
4       41.46599867500
1       41.46599879583
2       41.46600458333
2       41.46616590000
2       41.46626632917
4       41.46626634583
1       41.46626646667
2       41.46630836667
2       41.46637129583
2       41.46641342500
2       41.46650840833
4       41.46650842917
1       41.46650855000
2       41.46655242083
2       41.46656269583
2       41.46656864167
2       41.46657134583
2       41.46660875000
2       41.46667995417
2       41.46693048333
4       41.46693048333
1       41.46693062083
2       41.46710064167
2       41.46718208333
4       41.46718210417
1       41.46718222500
2       41.46723842500
2       41.46725795000
2       41.46727858333
2       41.46733354167
2       41.46745836250
4       41.46745838333
1       41.46745850417
2       41.46769149583
4       41.46769149583
1       41.46769163333
2       41.46783993750
2       41.46795166250
4       41.46795167917
1       41.46795180000
2       41.46796518750
2       41.46826526667
4       41.46826528750
1       41.46826540833
2       41.46832015833
2       41.46833476667
2       41.46842483750
2       41.46851565000
4       41.46851567083
1       41.46851578750
2       41.46895882917
4       41.46895884583
1       41.46895896667
2       41.46900653333
2       41.46924366667
4       41.46924368333
1       41.46924380417
2       41.46927316250
2       41.46930197917
2       41.46933979167
2       41.46974552500
4       41.46974552500
1       41.46974566250
2       41.46999585833
4       41.46999587917
1       41.46999600000
2       41.47001507917
2       41.47003992083
2       41.47007178333
2       41.47017838333
4       41.47017840417
1       41.47017852083
2       41.47030887917
2       41.47062753333
4       41.47062755417
1       41.47062767500
2       41.47067788750
2       41.47077029583
2       41.47088830833
4       41.47088832500
1       41.47088844583
2       41.47105655833
2       41.47118205000
4       41.47118206667
1       41.47118218750
2       41.47161003333
4       41.47161003333
1       41.47161017083
2       41.47167585417
2       41.47169311667
2       41.47173448333
2       41.47174846250
2       41.47213829583
4       41.47213831667
1       41.47213843750
2       41.47216941667
2       41.47223432917
2       41.47239632083
4       41.47239634167
1       41.47239645833
2       41.47261354167
4       41.47261356250
1       41.47261368333
2       41.47266654167
2       41.47275902500
2       41.47285680000
4       41.47285682083
1       41.47285694167
2       41.47290073333
2       41.47293652083
2       41.47293884167
2       41.47302497500
2       41.47317564583
4       41.47317564583
1       41.47317578333
2       41.47317757083
2       41.47318029583
2       41.47320089167
2       41.47327443750
2       41.47341477917
4       41.47341479583
1       41.47341491667
2       41.47352551250
2       41.47375431250
4       41.47375432917
1       41.47375445000
2       41.47395847500
4       41.47395849583
1       41.47395861250
2       41.47397456667
2       41.47405912500
2       41.47407436250
2       41.47412758750
2       41.47420086667
4       41.47420086667
1       41.47420100417
2       41.47421480833
2       41.47421674167
2       41.47457179583
4       41.47457179583
1       41.47457193333
2       41.47473637083
2       41.47475400000
4       41.47475401667
1       41.47475413750
2       41.47476357083
2       41.47491064583
2       41.47503751250
4       41.47503752917
1       41.47503765000
2       41.47513561250
2       41.47516305000
2       41.47529822917
4       41.47529824583
1       41.47529836667
2       41.47535945417
2       41.47541971250
2       41.47555795000
4       41.47555796667
1       41.47555808750
2       41.47570030833
2       41.47571817083
2       41.47573672500
4       41.47573672500
1       41.47573686250
2       41.47577090833
2       41.47582979167
2       41.47587913750
2       41.47592283750
2       41.47594715000
4       41.47594717083
1       41.47594729167
2       41.47604903333
2       41.47607424167
2       41.47613120833
4       41.47613122917
1       41.47613135000
2       41.47620475000
2       41.47621565417
2       41.47656507083
4       41.47656508750
1       41.47656520833
2       41.47664893750
2       41.47672583333
2       41.47677310000
4       41.47677312083
1       41.47677324167
2       41.47681726250
2       41.47687984583
2       41.47700127083
4       41.47700129167
1       41.47700141250
2       41.47704306250
2       41.47704607917
2       41.47707721250
2       41.47709177083
2       41.47718884583
2       41.47736006250
4       41.47736007917
1       41.47736020000
2       41.47746903750
2       41.47771720000
4       41.47771721667
1       41.47771733750
2       41.47792320000
4       41.47792322083
1       41.47792333750
2       41.47801091250
2       41.47815806667
4       41.47815808750
1       41.47815820417
2       41.47870222500
4       41.47870224583
1       41.47870236667
2       41.47909037917
4       41.47909040000
1       41.47909052083
2       41.47915797500
2       41.47922323750
2       41.47944317917
4       41.47944320000
1       41.47944332083
2       41.47945542083
2       41.47950967500
2       41.47954549583
2       41.47961073750
2       41.47961110000
2       41.47964615000
4       41.47964617083
1       41.47964629167
2       41.47970050833
2       41.47973538333
2       41.47981809583
2       41.47983403750
4       41.47983405417
1       41.47983417500
2       41.47987415417
2       41.48017051250
4       41.48017053333
1       41.48017065417
2       41.48019044167
2       41.48031991250
2       41.48035535833
4       41.48035537500
1       41.48035549583
2       41.48047330417
2       41.48060872083
4       41.48060874167
1       41.48060886250
2       41.48062232917
2       41.48063724583
2       41.48064456667
2       41.48065345833
2       41.48084977083
4       41.48084979167
1       41.48084991250
2       41.48091909167
2       41.48094028750
2       41.48098661250
2       41.48099469583
2       41.48113306250
4       41.48113308333
1       41.48113320000
2       41.48113674583
2       41.48151927500
4       41.48151929583
1       41.48151941667
2       41.48156599583
2       41.48169290417
2       41.48196252083
4       41.48196253750
1       41.48196265833
2       41.48208937500
2       41.48228271250
4       41.48228273333
1       41.48228285417
2       41.48244508750
2       41.48256196250
4       41.48256197917
1       41.48256210000
2       41.48262033750
2       41.48268787500
2       41.48271270833
2       41.48291670417
4       41.48291672500
1       41.48291684167
2       41.48297474583
2       41.48299588750
2       41.48313233333
4       41.48313233333
1       41.48313247083
2       41.48334238333
4       41.48334240417
1       41.48334252500
2       41.48334830000
2       41.48343212500
2       41.48348087500
2       41.48366929583
4       41.48366931667
1       41.48366943750
2       41.48372269167
2       41.48395840833
4       41.48395842917
1       41.48395855000
2       41.48399026250
2       41.48400452917
2       41.48443871667
4       41.48443873333
1       41.48443885417
2       41.48467586667
4       41.48467588750
1       41.48467600833
2       41.48476288750
2       41.48485707917
4       41.48485710000
1       41.48485722083
2       41.48498958750
2       41.48510784583
4       41.48510784583
1       41.48510798333
2       41.48538709167
4       41.48538710833
1       41.48538722917
2       41.48550262917
2       41.48556026250
2       41.48558115833
4       41.48558117500
1       41.48558129583
2       41.48563520000
2       41.48598094583
4       41.48598096667
1       41.48598108750
2       41.48606938333
2       41.48621679167
4       41.48621681250
1       41.48621693333
2       41.48626650000
2       41.48627206250
2       41.48627739583
2       41.48633531250
2       41.48648635417
4       41.48648637500
1       41.48648649583
2       41.48655457917
2       41.48662248750
2       41.48663181250
2       41.48666795833
4       41.48666797917
1       41.48666809583
2       41.48717172083
4       41.48717174167
1       41.48717185833
2       41.48720250833
2       41.48730348750
2       41.48731811667
2       41.48733959167
2       41.48785305417
4       41.48785305417
1       41.48785319167
2       41.48789609167
2       41.48793746250
2       41.48798549167
2       41.48855188750
4       41.48855190833
1       41.48855202917
2       41.48855954583
2       41.48861679167
2       41.48876853750
4       41.48876855833
1       41.48876867917
2       41.48884767083
2       41.48893647917
2       41.48895693333
4       41.48895695417
1       41.48895707083
2       41.48911235417
2       41.48914739583
4       41.48914741667
1       41.48914753750
2       41.48932795000
4       41.48932796667
1       41.48932808750
2       41.48949822500
2       41.48966417917
4       41.48966419583
1       41.48966431667
2       41.48968866250
2       41.48972677917
2       41.48984366667
2       41.48998116667
4       41.48998118750
1       41.48998130833
2       41.49016096250
4       41.49016097917
1       41.49016110000
2       41.49016667500
2       41.49030610000
2       41.49056574167
4       41.49056576250
1       41.49056587917
2       41.49066646250
2       41.49066809583
2       41.49071413333
2       41.49074128333
4       41.49074130417
1       41.49074142500
2       41.49077381250
2       41.49092222083
2       41.49107291250
4       41.49107292917
1       41.49107305000
2       41.49120244583
2       41.49127530833
4       41.49127532500
1       41.49127544583
2       41.49132434583
2       41.49149455000
4       41.49149457083
1       41.49149469167
2       41.49153692917
2       41.49154660833
2       41.49154752917
2       41.49161050833
2       41.49177783333
4       41.49177783333
1       41.49177797083
2       41.49182613750
2       41.49183764167
2       41.49206731667
4       41.49206733333
1       41.49206745417
2       41.49219703333
2       41.49225769583
4       41.49225771667
1       41.49225783750
2       41.49240738750
2       41.49244282500
2       41.49246177083
4       41.49246178750
1       41.49246190833
2       41.49252435417
2       41.49257077917
2       41.49281245833
4       41.49281247917
1       41.49281259583
2       41.49284318333
2       41.49307086667
4       41.49307088750
1       41.49307100833
2       41.49312249167
2       41.49318310000
2       41.49325896250
4       41.49325897917
1       41.49325910000
2       41.49364018750
4       41.49364020417
1       41.49364032500
2       41.49374250417
2       41.49378863333
2       41.49401487500
4       41.49401489583
1       41.49401501667
2       41.49427222500
4       41.49427222500
1       41.49427236250
2       41.49442193750
2       41.49449711667
4       41.49449713333
1       41.49449725417
2       41.49457816667
2       41.49479920833
4       41.49479922500
1       41.49479934583
2       41.49512966250
4       41.49512967917
1       41.49512980000
2       41.49517970833
2       41.49523207500
2       41.49527180833
2       41.49538115000
4       41.49538117083
1       41.49538129167
2       41.49549249167
2       41.49556129583
2       41.49576698333
4       41.49576700417
1       41.49576712500
2       41.49593097083
2       41.49594321667
4       41.49594323750
1       41.49594335833
2       41.49599260000
2       41.49610915833
2       41.49636357917
4       41.49636360000
1       41.49636372083
2       41.49645169167
2       41.49666036667
4       41.49666036667
1       41.49666050417
2       41.49674316667
2       41.49678613750
2       41.49680308333
2       41.49712142500
4       41.49712144583
1       41.49712156667
2       41.49739035833
4       41.49739037500
1       41.49739049583
2       41.49744445000
2       41.49745430417
2       41.49745991667
2       41.49750334583
2       41.49760038750
4       41.49760040833
1       41.49760052917
2       41.49762189583
2       41.49764440000
2       41.49794382500
4       41.49794382500
1       41.49794396250
2       41.49829932083
4       41.49829933750
1       41.49829945833
2       41.49834059583
2       41.49840545000
2       41.49844705417
2       41.49845425833
2       41.49848676250
4       41.49848678333
1       41.49848690000
2       41.49852587083
2       41.49870570833
4       41.49870572500
1       41.49870584583
2       41.49904117500
4       41.49904117500
1       41.49904131250
2       41.49906839583
2       41.49922204583
4       41.49922206667
1       41.49922218750
2       41.49922237500
2       41.49931769167
2       41.49937977083
2       41.49976328750
4       41.49976330833
1       41.49976342917
2       41.49980898333
2       41.50036710833
4       41.50036712500
1       41.50036724583
2       41.50043335833
2       41.50043397917
2       41.50066287083
4       41.50066288750
1       41.50066300833
2       41.50074001667
2       41.50080264167
2       41.50084667083
4       41.50084668750
1       41.50084680833
2       41.50095834167
2       41.50099545417
2       41.50119283333
4       41.50119283333
1       41.50119297083
2       41.50142799167
4       41.50142801250
1       41.50142813333
2       41.50210076250
4       41.50210078333
1       41.50210090417
2       41.50211228750
2       41.50232363750
4       41.50232365833
1       41.50232377917
2       41.50254986667
4       41.50254988750
1       41.50255000833
2       41.50265916667
2       41.50268267917
2       41.50278177917
4       41.50278179583
1       41.50278191667
2       41.50329441667
4       41.50329443750
1       41.50329455833
2       41.50344782083
2       41.50349617917
4       41.50349619583
1       41.50349631667
2       41.50364087500
2       41.50388944167
4       41.50388945833
1       41.50388957917
2       41.50407456667
4       41.50407458333
1       41.50407470417
2       41.50410192917
2       41.50414052500
2       41.50423352500
2       41.50423682917
2       41.50426234167
2       41.50436641250
4       41.50436643333
1       41.50436655000
2       41.50440514583
2       41.50488969167
4       41.50488971250
1       41.50488983333
2       41.50492876250
2       41.50506397083
2       41.50520688750
4       41.50520690417
1       41.50520702500
2       41.50526229167
2       41.50552827917
4       41.50552829583
1       41.50552841667
2       41.50584095000
4       41.50584096667
1       41.50584108750
2       41.50598836667
2       41.50625863750
4       41.50625865833
1       41.50625877917
2       41.50637552917
2       41.50661502500
4       41.50661502500
1       41.50661516250
2       41.50662691667
2       41.50665515417
2       41.50695258333
4       41.50695258333
1       41.50695272083
2       41.50710132083
2       41.50729184167
4       41.50729185833
1       41.50729197917
2       41.50760679167
4       41.50760680833
1       41.50760692917
2       41.50773956250
2       41.50777067500
2       41.50781075417
4       41.50781077500
1       41.50781089583
2       41.50788326250
2       41.50788392500
2       41.50803056250
4       41.50803058333
1       41.50803070417
2       41.50824134167
4       41.50824135833
1       41.50824147917
2       41.50841497500
4       41.50841499583
1       41.50841511667
2       41.50854827500
2       41.50855335000
2       41.50856922917
2       41.50859248333
2       41.50863848750
4       41.50863850833
1       41.50863862500
2       41.50877295833
2       41.50879915833
2       41.50882401250
4       41.50882403333
1       41.50882415417
2       41.50898199583
2       41.50909030417
4       41.50909030417
1       41.50909044167
2       41.50929435417
4       41.50929437500
1       41.50929449583
2       41.50943246667
2       41.50953943333
4       41.50953945417
1       41.50953957500
2       41.50959177917
2       41.50969512083
2       41.50976565417
4       41.50976567500
1       41.50976579583
2       41.50998065000
4       41.50998066667
1       41.50998078750
2       41.51039039167
4       41.51039041250
1       41.51039053333
2       41.51048870833
2       41.51049338333
2       41.51055430417
2       41.51068815000
4       41.51068817083
1       41.51068828750
2       41.51074314167
2       41.51105812083
4       41.51105814167
1       41.51105826250
2       41.51105906250
2       41.51108424167
2       41.51121052500
2       41.51144500833
4       41.51144502917
1       41.51144515000
2       41.51169736667
4       41.51169736667
1       41.51169750417
2       41.51171754167
2       41.51177453750
2       41.51227405000
4       41.51227407083
1       41.51227419167
2       41.51243497083
2       41.51269174167
4       41.51269176250
1       41.51269188333
2       41.51274802500
2       41.51278380417
2       41.51308528333
4       41.51308528333
1       41.51308542083
2       41.51312961250
2       41.51341681250
4       41.51341683333
1       41.51341695417
2       41.51351150000
2       41.51353862917
2       41.51365159167
4       41.51365160833
1       41.51365172917
2       41.51369175833
2       41.51370992500
2       41.51377643750
2       41.51380797083
2       41.51394874167
4       41.51394876250
1       41.51394888333
2       41.51399842083
2       41.51403350417
2       41.51418695000
4       41.51418697083
1       41.51418708750
2       41.51440083750
4       41.51440085417
1       41.51440097500
2       41.51443002500
2       41.51448624583
2       41.51452598333
2       41.51470222917
4       41.51470225000
1       41.51470237083
2       41.51491491250
4       41.51491493333
1       41.51491505417
2       41.51495192500
2       41.51495827917
2       41.51517190833
4       41.51517192917
1       41.51517204583
2       41.51528947917
2       41.51534851667
2       41.51536106667
4       41.51536108333
1       41.51536120417
2       41.51559028750
4       41.51559030417
1       41.51559042500
2       41.51569294583
2       41.51593338750
4       41.51593340833
1       41.51593352917
2       41.51602779583
2       41.51605493333
2       41.51622554167
4       41.51622555833
1       41.51622567917
2       41.51646608750
4       41.51646610833
1       41.51646622917
2       41.51675257083
4       41.51675259167
1       41.51675270833
2       41.51682084167
2       41.51696525833
4       41.51696527500
1       41.51696539583
2       41.51705664167
2       41.51715268750
4       41.51715270833
1       41.51715282917
2       41.51732654167
2       41.51742232917
4       41.51742235000
1       41.51742246667
2       41.51784226250
4       41.51784227917
1       41.51784240000
2       41.51786058750
2       41.51794468750
2       41.51812549583
4       41.51812549583
1       41.51812563333
2       41.51815692917
2       41.51829841667
2       41.51867468333
4       41.51867470417
1       41.51867482083
2       41.51889860833
4       41.51889862917
1       41.51889875000
2       41.51893895000
2       41.51894523333
2       41.51901618333
2       41.51906714167
2       41.51923480833
4       41.51923482500
1       41.51923494583
2       41.51973594167
4       41.51973596250
1       41.51973607917
2       41.51991674583
2       41.51993899167
4       41.51993901250
1       41.51993913333
2       41.51999420833
2       41.52024672500
4       41.52024672500
1       41.52024686250
2       41.52029570833
2       41.52052390417
4       41.52052390417
1       41.52052404167
2       41.52061635000
2       41.52063222083
2       41.52077229583
4       41.52077229583
1       41.52077243333
2       41.52098591667
4       41.52098593333
1       41.52098605417
2       41.52100653750
2       41.52135198750
4       41.52135200833
1       41.52135212917
2       41.52144569583
2       41.52149803333
2       41.52186769583
4       41.52186769583
1       41.52186783333
2       41.52209159167
4       41.52209161250
1       41.52209173333
2       41.52210451250
2       41.52230621250
4       41.52230623333
1       41.52230635417
2       41.52264730833
4       41.52264732917
1       41.52264744583
2       41.52289240833
4       41.52289242500
1       41.52289254583
2       41.52292274167
2       41.52301403333
2       41.52307600833
4       41.52307602500
1       41.52307614583
2       41.52318530833
2       41.52333102917
4       41.52333104583
1       41.52333116667
2       41.52351817500
4       41.52351819583
1       41.52351831667
2       41.52393119167
4       41.52393121250
1       41.52393133333
2       41.52414950417
4       41.52414950417
1       41.52414964167
2       41.52435542500
4       41.52435542500
1       41.52435556250
2       41.52445318750
2       41.52455198750
4       41.52455200417
1       41.52455212500
2       41.52466794167
2       41.52471985417
2       41.52475796250
4       41.52475797917
1       41.52475810000
2       41.52480365417
2       41.52508447917
4       41.52508450000
1       41.52508462083
2       41.52511203750
2       41.52526212083
2       41.52534056250
4       41.52534057917
1       41.52534070000
2       41.52542014167
2       41.52549598750
2       41.52551085000
2       41.52587387917
4       41.52587389583
1       41.52587401667
2       41.52600603333
2       41.52611862500
4       41.52611864583
1       41.52611876250
2       41.52618984167
2       41.52665932083
4       41.52665933750
1       41.52665945833
2       41.52666846250
2       41.52668934167
2       41.52752342083
4       41.52752344167
1       41.52752356250
2       41.52760092500
2       41.52774667917
4       41.52774669583
1       41.52774681667
2       41.52800103333
4       41.52800103333
1       41.52800117083
2       41.52831701667
4       41.52831703333
1       41.52831715417
2       41.52833155833
2       41.52851012917
4       41.52851014583
1       41.52851026667
2       41.52857302083
2       41.52860715833
2       41.52934280833
4       41.52934282917
1       41.52934294583
2       41.52936270833
2       41.52966109167
4       41.52966110833
1       41.52966122917
2       41.52970512917
2       41.53006223750
4       41.53006225417
1       41.53006237500
2       41.53006893750
2       41.53014805833
2       41.53021529583
2       41.53027782917
4       41.53027784583
1       41.53027796667
2       41.53029671667
2       41.53030136667
2       41.53039222500
2       41.53042991667
2       41.53045548333
2       41.53054617083
4       41.53054619167
1       41.53054630833
2       41.53057096250
2       41.53069716250
2       41.53075483750
4       41.53075485417
1       41.53075497500
2       41.53090287083
2       41.53104002083
4       41.53104003750
1       41.53104015833
2       41.53134248333
4       41.53134250417
1       41.53134262500
2       41.53159117083
4       41.53159119167
1       41.53159131250
2       41.53166205000
2       41.53179391667
4       41.53179393750
1       41.53179405417
2       41.53197040417
4       41.53197042500
1       41.53197054583
2       41.53198240000
2       41.53208903333
2       41.53218740417
4       41.53218742500
1       41.53218754583
2       41.53221324583
2       41.53225199167
2       41.53233057083
2       41.53233447917
2       41.53234177083
2       41.53246560833
4       41.53246562500
1       41.53246574583
2       41.53266661250
4       41.53266663333
1       41.53266675417
2       41.53295257500
4       41.53295259583
1       41.53295271667
2       41.53303862917
2       41.53308075000
2       41.53311612083
2       41.53326683750
4       41.53326685417
1       41.53326697500
2       41.53366067500
4       41.53366069583
1       41.53366081667
2       41.53370736667
2       41.53405153333
4       41.53405155417
1       41.53405167500
2       41.53405260000
2       41.53408332917
2       41.53413296667
2       41.53417070000
2       41.53423763750
4       41.53423765417
1       41.53423777500
2       41.53431313333
2       41.53435791250
2       41.53498887917
4       41.53498890000
1       41.53498902083
2       41.53504354167
2       41.53540164583
4       41.53540164583
1       41.53540178333
2       41.53543374583
2       41.53549405417
2       41.53565168750
4       41.53565170833
1       41.53565182917
2       41.53571562917
2       41.53574943750
2       41.53587193750
4       41.53587195417
1       41.53587207500
2       41.53609089167
4       41.53609091250
1       41.53609103333
2       41.53609324167
2       41.53615883750
2       41.53622310000
2       41.53630454583
4       41.53630456667
1       41.53630468750
2       41.53635628333
2       41.53639332917
2       41.53639592917
2       41.53670936250
4       41.53670937917
1       41.53670950000
2       41.53685015833
2       41.53716047500
4       41.53716049583
1       41.53716061667
2       41.53816339583
4       41.53816341667
1       41.53816353750
2       41.53827737083
2       41.53837898750
4       41.53837900833
1       41.53837912917
2       41.53838470833
2       41.53847737917
2       41.53871618750
4       41.53871620417
1       41.53871632500
2       41.53899383333
4       41.53899383333
1       41.53899397083
2       41.53921068750
4       41.53921070417
1       41.53921082500
2       41.53958541667
4       41.53958543333
1       41.53958555417
2       41.53970810417
2       41.53975959167
4       41.53975961250
1       41.53975973333
2       41.53982388750
2       41.53985295833
2       41.53995325833
4       41.53995327917
1       41.53995340000
2       41.54004136250
2       41.54011831667
2       41.54058695833
4       41.54058697917
1       41.54058709583
2       41.54104633333
4       41.54104635417
1       41.54104647083
2       41.54152630000
4       41.54152631667
1       41.54152643750
2       41.54196587500
4       41.54196587500
1       41.54196601250
2       41.54206392500
2       41.54209340000
2       41.54218384583
4       41.54218384583
1       41.54218398333
2       41.54221362083
2       41.54228185417
2       41.54246704167
4       41.54246705833
1       41.54246717917
2       41.54261840417
2       41.54273262500
4       41.54273262500
1       41.54273276250
2       41.54306188750
4       41.54306190833
1       41.54306202917
2       41.54308412917
2       41.54326566250
4       41.54326568333
1       41.54326580417
2       41.54335633750
2       41.54359877917
4       41.54359880000
1       41.54359892083
2       41.54381276667
4       41.54381278750
1       41.54381290833
2       41.54411197083
4       41.54411199167
1       41.54411211250
2       41.54418606667
2       41.54428149583
4       41.54428149583
1       41.54428163333
2       41.54435702083
2       41.54447587917
4       41.54447590000
1       41.54447602083
2       41.54658150833
2       41.54660271250
2       41.54682796667
4       41.54682798333
1       41.54682810417
2       41.54687729583
2       41.54759870833
4       41.54759872917
1       41.54759885000
2       41.54771662917
2       41.54810245000
4       41.54810247083
1       41.54810258750
2       41.54811180000
2       41.54823766667
2       41.54844827500
4       41.54844829583
1       41.54844841667
2       41.54865596250
4       41.54865597917
1       41.54865610000
2       41.54902502083
4       41.54902503750
1       41.54902515833
2       41.54938764583
4       41.54938766667
1       41.54938778750
2       41.54953408333
2       41.54953934167
2       41.54961625417
4       41.54961625417
1       41.54961639167
2       41.54981663750
4       41.54981665417
1       41.54981677500
2       41.54989015833
2       41.54994774583
2       41.55005041250
4       41.55005043333
1       41.55005055417
2       41.55036449167
4       41.55036451250
1       41.55036463333
2       41.55054166250
4       41.55054168333
1       41.55054180417
2       41.55062342917
2       41.55071158750
2       41.55073147500
2       41.55077181250
4       41.55077182917
1       41.55077195000
2       41.55099776250
4       41.55099778333
1       41.55099790417
2       41.55100473333
2       41.55106735833
2       41.55128625417
4       41.55128625417
1       41.55128639167
2       41.55131180000
2       41.55161719583
4       41.55161719583
1       41.55161733333
2       41.55182912917
4       41.55182915000
1       41.55182927083
2       41.55202925000
4       41.55202926667
1       41.55202938750
2       41.55243122917
4       41.55243124583
1       41.55243136667
2       41.55243526667
2       41.55249187917
2       41.55251473333
2       41.55258335000
2       41.55274128750
4       41.55274130833
1       41.55274142917
2       41.55286951667
2       41.55288218333
2       41.55297983333
4       41.55297985000
1       41.55297997083
2       41.55312322083
2       41.55319874167
4       41.55319875833
1       41.55319887917
2       41.55356409167
4       41.55356410833
1       41.55356422917
2       41.55367468333
2       41.55367505833
2       41.55380194167
4       41.55380195833
1       41.55380207917
2       41.55382516250
2       41.55398503333
4       41.55398505000
1       41.55398517083
2       41.55424016667
4       41.55424016667
1       41.55424030417
2       41.55424838333
2       41.55426626667
2       41.55436405000
2       41.55451368750
4       41.55451370417
1       41.55451382500
2       41.55465585000
2       41.55469552500
2       41.55508442500
4       41.55508444583
1       41.55508456667
2       41.55522083750
2       41.55546236667
4       41.55546238333
1       41.55546250417
2       41.55548856250
2       41.55578864583
4       41.55578864583
1       41.55578878333
2       41.55582039167
2       41.55603994583
4       41.55603996667
1       41.55604008333
2       41.55610136667
2       41.55623015417
4       41.55623015417
1       41.55623029167
2       41.56017569167
4       41.56017570833
1       41.56017582917
2       41.56020988333
2       41.56056945833
4       41.56056947917
1       41.56056960000
2       41.56065099583
2       41.56071857917
2       41.56118359583
4       41.56118361667
1       41.56118373333
2       41.56129956250
2       41.56131213750
2       41.56135811250
2       41.56139825000
4       41.56139826667
1       41.56139838750
2       41.56152847917
2       41.56165105000
4       41.56165107083
1       41.56165119167
2       41.56201965833
4       41.56201967500
1       41.56201979583
2       41.56236748750
4       41.56236750833
1       41.56236762917
2       41.56257639583
4       41.56257639583
1       41.56257653333
2       41.56258845000
2       41.56264133333
2       41.56265100833
2       41.56328825417
4       41.56328827500
1       41.56328839167
2       41.56337507500
2       41.56342992083
2       41.56352237500
4       41.56352237500
1       41.56352251250
2       41.56361985833
2       41.56371323333
4       41.56371325417
1       41.56371337500
2       41.56374370000
2       41.56386025417
2       41.56391025000
4       41.56391026667
1       41.56391038750
2       41.56392586250
2       41.56404218750
2       41.56409481667
2       41.56421537083
4       41.56421538750
1       41.56421550833
2       41.56426269583
2       41.56435512083
2       41.56455288750
4       41.56455290417
1       41.56455302500
2       41.56457969583
2       41.56475589583
4       41.56475589583
1       41.56475603333
2       41.56486749583
2       41.56521367083
4       41.56521368750
1       41.56521380833
2       41.56540810417
4       41.56540810417
1       41.56540824167
2       41.56564758750
4       41.56564760833
1       41.56564772917
2       41.56584406250
4       41.56584408333
1       41.56584420417
2       41.56600791667
2       41.56631198333
4       41.56631200417
1       41.56631212500
2       41.56631396667
2       41.56637063333
2       41.56644717083
2       41.56668563750
4       41.56668565833
1       41.56668577917
2       41.56676255000
2       41.56686251250
4       41.56686253333
1       41.56686265000
2       41.56692647083
2       41.56694236667
2       41.56715039167
4       41.56715040833
1       41.56715052917
2       41.56721427083
2       41.56722687500
2       41.56755317083
4       41.56755318750
1       41.56755330833
2       41.56767835000
2       41.56773826250
4       41.56773827917
1       41.56773840000
2       41.56788635417
2       41.56797413750
4       41.56797415833
1       41.56797427917
2       41.56811160417
2       41.56838620417
4       41.56838620417
1       41.56838634167
2       41.56851666250
2       41.56883368750
4       41.56883370833
1       41.56883382917
2       41.56886976667
2       41.56892338333
2       41.56940996667
4       41.56940998750
1       41.56941010417
2       41.56973890417
4       41.56973892500
1       41.56973904583
2       41.56979520417
2       41.56981541250
2       41.56997205417
4       41.56997207500
1       41.56997219583
2       41.57000120000
2       41.57000687500
2       41.57010091667
2       41.57029045417
4       41.57029045417
1       41.57029059167
2       41.57049909583
4       41.57049911667
1       41.57049923750
2       41.57138213333
4       41.57138215417
1       41.57138227500
2       41.57144304167
2       41.57164049167
4       41.57164050833
1       41.57164062917
2       41.57167324167
2       41.57196470417
4       41.57196472500
1       41.57196484583
2       41.57202565833
2       41.57208330000
2       41.57217443333
4       41.57217445417
1       41.57217457083
2       41.57220226250
2       41.57230951250
2       41.57238144583
4       41.57238146667
1       41.57238158750
2       41.57240127917
2       41.57249965833
2       41.57255827083
4       41.57255829167
1       41.57255840833
2       41.57267585417
2       41.57268851250
2       41.57277258750
4       41.57277260833
1       41.57277272917
2       41.57285168333
2       41.57298061667
4       41.57298063750
1       41.57298075833
2       41.57303258333
2       41.57313396250
2       41.57315217083
2       41.57324691667
4       41.57324693333
1       41.57324705417
2       41.57331219583
2       41.57355727083
4       41.57355728750
1       41.57355740833
2       41.57370700000
2       41.57377054167
4       41.57377056250
1       41.57377068333
2       41.57415245833
4       41.57415247500
1       41.57415259583
2       41.57416304583
2       41.57432635000
2       41.57437109583
4       41.57437111667
1       41.57437123750
2       41.57463212500
4       41.57463214583
1       41.57463226667
2       41.57486429167
4       41.57486431250
1       41.57486443333
2       41.57486858333
2       41.57503750000
2       41.57507994167
4       41.57507995833
1       41.57508007917
2       41.57558700000
4       41.57558701667
1       41.57558713750
2       41.57577812500
4       41.57577812500
1       41.57577826250
2       41.57582415417
2       41.57593584167
2       41.57649715000
4       41.57649716667
1       41.57649728750
2       41.57658727917
2       41.57666776667
2       41.57671943333
4       41.57671945417
1       41.57671957500
2       41.57686021250
2       41.57691426250
4       41.57691428333
1       41.57691440417
2       41.57693574583
2       41.57708442083
4       41.57708443750
1       41.57708455833
2       41.57709102917
2       41.57712359167
2       41.57725573750
2       41.57741798333
4       41.57741798333
1       41.57741812083
2       41.57744853750
2       41.57745480833
2       41.57746203750
2       41.57759885000
4       41.57759887083
1       41.57759899167
2       41.57770985833
2       41.57785260417
4       41.57785262500
1       41.57785274583
2       41.57798837500
2       41.57800335417
2       41.57867005000
4       41.57867006667
1       41.57867018750
2       41.57879200417
2       41.57886815417
4       41.57886815417
1       41.57886829167
2       41.57897616667
2       41.57903045833
2       41.57916122917
4       41.57916125000
1       41.57916137083
2       41.57935473750
4       41.57935475417
1       41.57935487500
2       41.57935704583
2       41.57955973333
4       41.57955975417
1       41.57955987500
2       41.57988803750
4       41.57988805417
1       41.57988817500
2       41.58025399167
4       41.58025400833
1       41.58025412917
2       41.58051434583
4       41.58051434583
1       41.58051448333
2       41.58063622917
2       41.58074055000
4       41.58074056667
1       41.58074068750
2       41.58109925417
4       41.58109927500
1       41.58109939167
2       41.58120495417
2       41.58127220000
4       41.58127221667
1       41.58127233750
2       41.58136862500
2       41.58354538750
2       41.58392662500
4       41.58392662500
1       41.58392676250
2       41.58397833333
2       41.58404386250
2       41.58421321250
4       41.58421322917
1       41.58421335000
2       41.58434862917
2       41.58448240833
4       41.58448242500
1       41.58448254583
2       41.58457617500
2       41.58491502917
4       41.58491505000
1       41.58491517083
2       41.58513889167
4       41.58513891250
1       41.58513903333
2       41.58531578750
4       41.58531580417
1       41.58531592500
2       41.58605647083
4       41.58605648750
1       41.58605660833
2       41.58607694167
2       41.58623592500
4       41.58623592500
1       41.58623606250
2       41.58633796667
2       41.58634892083
2       41.58635316250
2       41.58677853333
4       41.58677853333
1       41.58677867083
2       41.58687783333
2       41.58691193333
2       41.58711466667
4       41.58711468333
1       41.58711480417
2       41.58761054583
4       41.58761056667
1       41.58761068750
2       41.58769266667
2       41.58781322917
4       41.58781324583
1       41.58781336667
2       41.58811934167
4       41.58811936250
1       41.58811948333
2       41.58815531250
2       41.58832202500
4       41.58832202500
1       41.58832216250
2       41.58862575833
4       41.58862577917
1       41.58862590000
2       41.58870418333
2       41.58896326667
4       41.58896328750
1       41.58896340833
2       41.58914771667
4       41.58914773750
1       41.58914785833
2       41.58921460833
2       41.58922525000
2       41.58995630833
4       41.58995632917
1       41.58995645000
2       41.59004173333
2       41.59013911667
4       41.59013913333
1       41.59013925417
2       41.59030271250
2       41.59069790833
4       41.59069792917
1       41.59069805000
2       41.59081555000
2       41.59104567917
4       41.59104569583
1       41.59104581667
2       41.59137563750
4       41.59137565417
1       41.59137577500
2       41.59138953750
2       41.59144782500
2       41.59145709167
2       41.59156773750
4       41.59156775417
1       41.59156787500
2       41.59175182917
4       41.59175184583
1       41.59175196667
2       41.59208767500
4       41.59208769583
1       41.59208781667
2       41.59213477500
2       41.59220925833
2       41.59241200833
4       41.59241202500
1       41.59241214583
2       41.59249077917
2       41.59251161250
2       41.59284557083
4       41.59284559167
1       41.59284571250
2       41.59296053333
2       41.59302708333
2       41.59335032917
4       41.59335035000
1       41.59335047083
2       41.59340066667
2       41.59404684167
4       41.59404685833
1       41.59404697917
2       41.59412316250
2       41.59461665417
4       41.59461667500
1       41.59461679583
2       41.59462985833
2       41.59474117083
2       41.59485847500
4       41.59485847500
1       41.59485861250
2       41.59489849167
2       41.59531486667
4       41.59531488750
1       41.59531500833
2       41.59577756667
4       41.59577758333
1       41.59577770417
2       41.59643338333
4       41.59643340417
1       41.59643352500
2       41.59711932917
4       41.59711935000
1       41.59711947083
2       41.59724753750
2       41.59754667917
4       41.59754670000
1       41.59754682083
2       41.59769202917
2       41.59782257917
4       41.59782260000
1       41.59782272083
2       41.59782418333
2       41.59782537500
2       41.59800541667
4       41.59800541667
1       41.59800555417
2       41.59807697917
2       41.59816702500
2       41.59829194167
4       41.59829195833
1       41.59829207917
2       41.59869769583
4       41.59869769583
1       41.59869783333
2       41.59882481667
2       41.59896200000
4       41.59896202083
1       41.59896214167
2       41.59909089167
2       41.59944959583
4       41.59944959583
1       41.59944973333
2       41.59960520000
2       41.59970229583
4       41.59970231667
1       41.59970243333
2       41.59972083750
2       41.60023522500
4       41.60023524583
1       41.60023536667
2       41.60038953750
2       41.60045220000
4       41.60045222083
1       41.60045233750
2       41.60052800000
2       41.60066870833
4       41.60066872500
1       41.60066884583
2       41.60087188750
4       41.60087190833
1       41.60087202500
2       41.60089738333
2       41.60119041250
4       41.60119042917
1       41.60119055000
2       41.60185358333
4       41.60185360417
1       41.60185372083
2       41.60204436250
4       41.60204437917
1       41.60204450000
2       41.60205462083
2       41.60215205417
2       41.60217882500
2       41.60221232083
2       41.60241134167
4       41.60241136250
1       41.60241148333
2       41.60247929167
2       41.60256113333
2       41.60279130000
4       41.60279132083
1       41.60279144167
2       41.60304897083
4       41.60304899167
1       41.60304910833
2       41.60384657917
4       41.60384660000
1       41.60384672083
2       41.60386080833
2       41.60645635833
4       41.60645637500
1       41.60645649583
2       41.60656632083
2       41.60661667917
2       41.60716183750
4       41.60716185833
1       41.60716197917
2       41.60746490417
4       41.60746490417
1       41.60746504167
2       41.60752915417
2       41.60771233333
4       41.60771235417
1       41.60771247500
2       41.60794602917
4       41.60794605000
1       41.60794617083
2       41.60798067917
2       41.60803759583
2       41.60839992917
4       41.60839995000
1       41.60840006667
2       41.60872952500
4       41.60872952500
1       41.60872966250
2       41.60911470000
4       41.60911472083
1       41.60911484167
2       41.60918620000
2       41.61004019167
4       41.61004020833
1       41.61004032917
2       41.61012930833
2       41.61043629167
4       41.61043630833
1       41.61043642917
2       41.61061052083
4       41.61061054167
1       41.61061065833
2       41.61099641667
4       41.61099643750
1       41.61099655833
2       41.61194275000
4       41.61194277083
1       41.61194289167
2       41.61219613333
4       41.61219615000
1       41.61219627083
2       41.61262208750
4       41.61262210833
1       41.61262222917
2       41.61283405417
4       41.61283407500
1       41.61283419583
2       41.61341440833
4       41.61341442917
1       41.61341455000
2       41.61356603333
2       41.61412583750
4       41.61412585833
1       41.61412597917
2       41.61417062083
2       41.61484431250
4       41.61484433333
1       41.61484445417
2       41.61523542500
4       41.61523544583
1       41.61523556667
2       41.61554416667
4       41.61554418750
1       41.61554430833
2       41.61579195417
4       41.61579195417
1       41.61579209167
2       41.61645166250
4       41.61645168333
1       41.61645180000
2       41.61701049583
4       41.61701051667
1       41.61701063750
2       41.61788529583
4       41.61788531667
1       41.61788543750
2       41.61832122083
4       41.61832124167
1       41.61832136250
2       41.62015855000
4       41.62015857083
1       41.62015868750
2       41.62069909583
4       41.62069909583
1       41.62069923333
2       41.62077955417
2       41.62302858750
4       41.62302860833
1       41.62302872500
2       41.62443198750
4       41.62443200417
1       41.62443212500
2       41.63116447917
4       41.63116449583
1       41.63116461667
2       41.63441312500
4       41.63441314583
1       41.63441326667
2       41.63515540833
4       41.63515542500
1       41.63515554583
2       41.63640182917
4       41.63640184583
1       41.63640196667
2       41.63797445833
4       41.63797447500
1       41.63797459583
2       41.63880854167
4       41.63880856250
1       41.63880868333
2       41.65575569583
4       41.65575569583
1       41.65575583333
2       41.65702357500
4       41.65702359583
1       41.65702371667
2       41.66026640000
4       41.66026641667
1       41.66026653750
2       41.66080690417
4       41.66080692500
1       41.66080704583
2       41.66400884583
4       41.66400886667
1       41.66400898750
2       41.66529568333
4       41.66529568333
1       41.66529582083
2       41.66594622083
4       41.66594624167
1       41.66594636250
2       41.67432685833
4       41.67432687500
1       41.67432699583
2       41.69597942917
4       41.69597945000
1       41.69597957083
2       41.69851524583
4       41.69851526667
1       41.69851538750
2       45.96709218333
4       45.96709218333
1       45.96709232083
2       45.96918942500
4       45.96918944583
1       45.96918956667
2       45.97072616250
4       45.97072617917
1       45.97072630000
2       45.97438128333
4       45.97438130417
1       45.97438142083
2       45.97712591667
4       45.97712593333
1       45.97712605417
2       45.97755877500
4       45.97755879583
1       45.97755891667
2       45.97959789167
4       45.97959791250
1       45.97959803333
2       45.97986453333
4       45.97986455417
1       45.97986467500
2       45.98436773333
4       45.98436775417
1       45.98436787083
2       45.98479800417
4       45.98479802500
1       45.98479814583
2       45.98494986250
2       45.98718544583
4       45.98718544583
1       45.98718558333
2       45.98841974583
4       45.98841976667
1       45.98841988750
2       45.98956062083
4       45.98956064167
1       45.98956076250
2       45.99086688750
4       45.99086690833
1       45.99086702917
2       45.99256818750
4       45.99256820833
1       45.99256832917
2       45.99345918333
4       45.99345920417
1       45.99345932500
2       45.99536525000
4       45.99536526667
1       45.99536538750
2       45.99933547083
4       45.99933548750
1       45.99933560833
2       45.99969100000
4       45.99969101667
1       45.99969113750
2       46.00065408750
4       46.00065410417
1       46.00065422500
2       46.00113911250
4       46.00113913333
1       46.00113925000
2       46.00157127917
4       46.00157129583
1       46.00157141667
2       46.00235306250
4       46.00235307917
1       46.00235320000
2       46.00267229583
4       46.00267231667
1       46.00267243750
2       46.00305159167
4       46.00305161250
1       46.00305173333
2       46.00340825833
4       46.00340827917
1       46.00340840000
2       46.00362528333
4       46.00362530417
1       46.00362542500
2       46.00366172083
2       46.00397870833
4       46.00397872917
1       46.00397884583
2       46.00470834167
4       46.00470835833
1       46.00470847917
2       46.00596445000
4       46.00596446667
1       46.00596458750
2       46.00625290000
4       46.00625291667
1       46.00625303750
2       46.00625326250
2       46.00824124167
4       46.00824126250
1       46.00824138333
2       46.00965199167
4       46.00965201250
1       46.00965212917
2       46.01005646250
4       46.01005647917
1       46.01005660000
2       46.01014878333
2       46.01116371667
4       46.01116373750
1       46.01116385417
2       46.01135817500
4       46.01135819583
1       46.01135831667
2       46.01138461667
2       46.01159165833
4       46.01159167500
1       46.01159179583
2       46.01171124583
2       46.01189212083
4       46.01189213750
1       46.01189225833
2       46.01241396667
4       46.01241398333
1       46.01241410417
2       46.01272870833
4       46.01272872917
1       46.01272885000
2       46.01276621250
2       46.01277941667
2       46.01348300833
4       46.01348302917
1       46.01348314583
2       46.01425961250
4       46.01425962917
1       46.01425975000
2       46.01462335000
4       46.01462336667
1       46.01462348750
2       46.01494432917
4       46.01494434583
1       46.01494446667
2       46.01535342500
4       46.01535344583
1       46.01535356667
2       46.01539220000
2       46.01541832500
2       46.01552696250
2       46.01593473750
4       46.01593475833
1       46.01593487500
2       46.01661574167
4       46.01661575833
1       46.01661587917
2       46.01661809583
2       46.01664189167
2       46.01673035000
2       46.01685255000
4       46.01685256667
1       46.01685268750
2       46.01687109167
2       46.01694204167
2       46.01702408750
2       46.01859710000
4       46.01859711667
1       46.01859723750
2       46.01878949167
2       46.01885473750
4       46.01885475833
1       46.01885487917
2       46.01892045417
2       46.01892804167
2       46.01898565417
2       46.01899592500
2       46.01913044167
4       46.01913046250
1       46.01913058333
2       46.01929669583
2       46.01944411250
4       46.01944412917
1       46.01944425000
2       46.01950170833
2       46.01962852083
2       46.02014456667
4       46.02014458750
1       46.02014470833
2       46.02021550833
2       46.02043779583
4       46.02043779583
1       46.02043793333
2       46.02052684583
2       46.02055167917
2       46.02056623750
2       46.02099453750
4       46.02099455833
1       46.02099467917
2       46.02108995417
2       46.02111115417
2       46.02114467083
2       46.02124465417
4       46.02124467500
1       46.02124479583
2       46.02129097083
2       46.02129142083
2       46.02142411667
4       46.02142413750
1       46.02142425833
2       46.02165860000
4       46.02165862083
1       46.02165874167
2       46.02172428333
2       46.02193785000
4       46.02193787083
1       46.02193799167
2       46.02220554167
4       46.02220555833
1       46.02220567917
2       46.02233004583
2       46.02279104583
4       46.02279106667
1       46.02279118750
2       46.02303755000
4       46.02303757083
1       46.02303769167
2       46.02309582500
2       46.02328068750
4       46.02328070833
1       46.02328082917
2       46.02336053333
2       46.02368639583
4       46.02368641667
1       46.02368653750
2       46.02393251250
4       46.02393253333
1       46.02393265417
2       46.02408124583
2       46.02410779167
2       46.02412400833
4       46.02412402500
1       46.02412414583
2       46.02413027500
2       46.02421675000
2       46.02425314583
2       46.02429754583
2       46.02452606667
4       46.02452608750
1       46.02452620833
2       46.02471454167
4       46.02471456250
1       46.02471468333
2       46.02485833750
2       46.02491334167
4       46.02491336250
1       46.02491348333
2       46.02507954583
2       46.02512791250
4       46.02512793333
1       46.02512805417
2       46.02526840833
2       46.02527008750
2       46.02531579167
4       46.02531580833
1       46.02531592917
2       46.02552402917
4       46.02552404583
1       46.02552416667
2       46.02559666250
2       46.02561611250
2       46.02627799167
4       46.02627801250
1       46.02627813333
2       46.02706561667
4       46.02706561667
1       46.02706575417
2       46.02709112083
2       46.02727368333
4       46.02727370417
1       46.02727382500
2       46.02746995417
4       46.02746997500
1       46.02747009583
2       46.02750379583
2       46.02768562500
4       46.02768562500
1       46.02768576250
2       46.02785434167
2       46.02789372917
4       46.02789375000
1       46.02789387083
2       46.02795057917
2       46.02809303333
4       46.02809305417
1       46.02809317500
2       46.02810971250
2       46.02817090417
2       46.02822395000
2       46.02824614167
2       46.02852900000
4       46.02852901667
1       46.02852913750
2       46.02862870833
2       46.02871177917
2       46.02908076250
4       46.02908077917
1       46.02908090000
2       46.02909011250
2       46.02917129583
2       46.02926966667
4       46.02926968750
1       46.02926980833
2       46.02933089583
2       46.02935477500
2       46.02935975417
2       46.02942563333
2       46.02954019167
4       46.02954020833
1       46.02954032917
2       46.02959251250
2       46.02972840417
2       46.02975023333
4       46.02975025417
1       46.02975037083
2       46.02975526667
2       46.02976478750
2       46.02981285417
2       46.02992780833
2       46.02997281250
4       46.02997282917
1       46.02997295000
2       46.02998245000
2       46.03012754583
2       46.03015300417
4       46.03015302500
1       46.03015314583
2       46.03028351667
2       46.03030206250
2       46.03058027083
4       46.03058028750
1       46.03058040833
2       46.03061243750
2       46.03063068333
2       46.03063327083
2       46.03066776667
2       46.03115329167
4       46.03115331250
1       46.03115342917
2       46.03120437083
2       46.03122482917
2       46.03129176667
2       46.03133357083
4       46.03133358750
1       46.03133370833
2       46.03134837500
2       46.03142029583
2       46.03169515417
4       46.03169515417
1       46.03169529167
2       46.03175945833
2       46.03176375417
2       46.03178451250
2       46.03181909583
2       46.03184826250
2       46.03186440833
2       46.03186608333
2       46.03193728333
4       46.03193730000
1       46.03193742083
2       46.03202845000
2       46.03206713750
2       46.03209708333
2       46.03211455833
2       46.03221525000
4       46.03221527083
1       46.03221539167
2       46.03222047917
2       46.03223253750
2       46.03223936667
2       46.03249145000
4       46.03249146667
1       46.03249158750
2       46.03251063333
2       46.03264844583
2       46.03265275833
2       46.03274122083
4       46.03274124167
1       46.03274135833
2       46.03296115000
4       46.03296116667
1       46.03296128750
2       46.03302370000
2       46.03305356667
2       46.03316987083
4       46.03316988750
1       46.03317000833
2       46.03325194167
2       46.03333049583
2       46.03333249167
2       46.03346858750
4       46.03346860417
1       46.03346872500
2       46.03364048333
2       46.03385021667
4       46.03385023750
1       46.03385035833
2       46.03389418750
2       46.03396338750
2       46.03401807500
2       46.03407808333
4       46.03407810417
1       46.03407822500
2       46.03417938750
2       46.03418837083
2       46.03452226250
4       46.03452227917
1       46.03452240000
2       46.03453612500
2       46.03465144167
2       46.03465769167
2       46.03466164167
2       46.03472653750
4       46.03472655417
1       46.03472667500
2       46.03484647083
2       46.03489485833
2       46.03490503333
2       46.03491373750
2       46.03493224583
4       46.03493226667
1       46.03493238750
2       46.03507700833
2       46.03517609167
4       46.03517611250
1       46.03517623333
2       46.03568950833
4       46.03568952500
1       46.03568964583
2       46.03574970417
2       46.03579876667
2       46.03582067917
2       46.03603000417
4       46.03603002500
1       46.03603014583
2       46.03603159583
2       46.03617008750
2       46.03617346667
2       46.03618033750
2       46.03623070417
4       46.03623072500
1       46.03623084167
2       46.03627508750
2       46.03632905000
2       46.03634826667
2       46.03636880000
2       46.03639828333
2       46.03652217500
4       46.03652217500
1       46.03652231250
2       46.03659965833
2       46.03705474167
4       46.03705475833
1       46.03705487917
2       46.03716217917
2       46.03721119167
2       46.03723730000
4       46.03723731667
1       46.03723743750
2       46.03728458333
2       46.03736152500
2       46.03738600417
2       46.03739659167
2       46.03754906250
4       46.03754908333
1       46.03754920000
2       46.03769940000
2       46.03770067083
2       46.03774509167
4       46.03774510833
1       46.03774522917
2       46.03774910833
2       46.03800382917
4       46.03800385000
1       46.03800397083
2       46.03803362500
2       46.03808690000
2       46.03818632500
2       46.03837413750
4       46.03837415833
1       46.03837427500
2       46.03857114167
4       46.03857116250
1       46.03857128333
2       46.03859935000
2       46.03860366250
2       46.03870132500
2       46.03875205417
2       46.03879282917
4       46.03879285000
1       46.03879297083
2       46.03882289583
2       46.03884369583
2       46.03885667500
2       46.03888651667
2       46.03890575833
2       46.03891727917
2       46.03904748750
4       46.03904750833
1       46.03904762917
2       46.03948047500
4       46.03948049583
1       46.03948061250
2       46.03958215417
2       46.03971852917
4       46.03971854583
1       46.03971866667
2       46.03983574583
2       46.03993809167
4       46.03993811250
1       46.03993823333
2       46.04004775833
2       46.04007336250
2       46.04015672083
4       46.04015673750
1       46.04015685833
2       46.04020118750
2       46.04020510417
2       46.04022364167
2       46.04030812083
2       46.04030849167
2       46.04033530000
2       46.04034461250
2       46.04045287500
4       46.04045287500
1       46.04045301250
2       46.04045353750
2       46.04049370000
2       46.04050275000
2       46.04051942917
2       46.04056149583
2       46.04082748750
4       46.04082750833
1       46.04082762917
2       46.04094415000
2       46.04095368333
2       46.04096824583
2       46.04114242500
4       46.04114242500
1       46.04114256250
2       46.04115705000
2       46.04115843333
2       46.04129152917
2       46.04140878750
4       46.04140880417
1       46.04140892500
2       46.04145120417
2       46.04155785833
2       46.04166914167
4       46.04166916250
1       46.04166927917
2       46.04168345417
2       46.04173045833
2       46.04181192083
2       46.04192925417
4       46.04192927500
1       46.04192939583
2       46.04206564167
2       46.04208520417
2       46.04209635833
2       46.04210375000
2       46.04212565000
4       46.04212567083
1       46.04212578750
2       46.04215945000
2       46.04219091667
2       46.04227690833
2       46.04235315833
4       46.04235317500
1       46.04235329583
2       46.04241180000
2       46.04253298750
2       46.04254202083
2       46.04259400000
4       46.04259402083
1       46.04259414167
2       46.04278040417
2       46.04280067917
4       46.04280070000
1       46.04280082083
2       46.04282017917
2       46.04290465833
2       46.04291232500
2       46.04304507500
4       46.04304509583
1       46.04304521667
2       46.04309973750
2       46.04311862083
2       46.04317794167
2       46.04320245000
2       46.04320832083
2       46.04322524167
2       46.04333853750
4       46.04333855833
1       46.04333867917
2       46.04343258333
2       46.04345612917
2       46.04349287500
2       46.04354585417
4       46.04354587500
1       46.04354599583
2       46.04358165833
2       46.04359590417
2       46.04363107917
2       46.04364732917
2       46.04369260417
2       46.04375786667
4       46.04375788750
1       46.04375800833
2       46.04390657083
2       46.04392148750
2       46.04405530833
4       46.04405532917
1       46.04405545000
2       46.04411065833
2       46.04411424583
2       46.04414102500
2       46.04417916250
2       46.04420470000
2       46.04422927917
2       46.04428455417
4       46.04428455417
1       46.04428469167
2       46.04434717917
2       46.04435645000
2       46.04441631250
2       46.04441867500
2       46.04445013333
2       46.04454000000
4       46.04454001667
1       46.04454013750
2       46.04465350833
2       46.04467166250
2       46.04472735417
4       46.04472737500
1       46.04472749583
2       46.04487213750
2       46.04487342500
2       46.04491547083
2       46.04493009167
4       46.04493010833
1       46.04493022917
2       46.04514873333
4       46.04514873333
1       46.04514887083
2       46.04515500417
2       46.04520299167
2       46.04523449583
2       46.04532760417
4       46.04532762500
1       46.04532774167
2       46.04544181667
2       46.04544847500
2       46.04550078333
2       46.04553190000
4       46.04553192083
1       46.04553204167
2       46.04553257917
2       46.04564751250
2       46.04571746250
2       46.04579425000
4       46.04579427083
1       46.04579439167
2       46.04581384167
2       46.04583073750
2       46.04586256250
2       46.04598608750
4       46.04598610417
1       46.04598622500
2       46.04602474583
2       46.04606287083
2       46.04610134583
2       46.04622885833
4       46.04622887917
1       46.04622900000
2       46.04636498750
2       46.04639715000
2       46.04640237083
2       46.04642792083
4       46.04642794167
1       46.04642806250
2       46.04656869583
2       46.04657369167
2       46.04659452917
2       46.04668590417
4       46.04668592500
1       46.04668604167
2       46.04673429583
2       46.04689092500
4       46.04689094583
1       46.04689106667
2       46.04690852917
2       46.04694500000
2       46.04695652917
2       46.04700527917
2       46.04700620000
2       46.04702382083
2       46.04708836250
4       46.04708837917
1       46.04708850000
2       46.04736922917
4       46.04736924583
1       46.04736936667
2       46.04739871667
2       46.04741399583
2       46.04741562917
2       46.04757063333
4       46.04757063333
1       46.04757077083
2       46.04761703750
2       46.04772167917
2       46.04784124167
4       46.04784125833
1       46.04784137917
2       46.04802843333
4       46.04802845417
1       46.04802857500
2       46.04813310417
2       46.04826758333
4       46.04826760417
1       46.04826772500
2       46.04839274167
2       46.04866965833
4       46.04866967917
1       46.04866980000
2       46.04869680000
2       46.04878052083
2       46.04882002500
2       46.04886511667
2       46.04889562083
4       46.04889564167
1       46.04889576250
2       46.04893037083
2       46.04927975000
4       46.04927977083
1       46.04927989167
2       46.04929901250
2       46.04931354583
2       46.04938673333
2       46.04948112500
4       46.04948114583
1       46.04948126250
2       46.04954275417
2       46.04960304167
2       46.04967615417
4       46.04967615417
1       46.04967629167
2       46.04969277917
2       46.04970612083
2       46.04971011250
2       46.04972730417
2       46.04974314167
2       46.04979580000
2       46.04990182917
4       46.04990184583
1       46.04990196667
2       46.04990316250
2       46.05003696250
2       46.05007543333
4       46.05007545417
1       46.05007557500
2       46.05015221250
2       46.05022111250
2       46.05025701250
4       46.05025702917
1       46.05025715000
2       46.05027145417
2       46.05032947500
2       46.05039872917
2       46.05043545000
4       46.05043547083
1       46.05043559167
2       46.05053648333
2       46.05068086667
4       46.05068088750
1       46.05068100417
2       46.05081897917
2       46.05082166667
2       46.05086731250
2       46.05096169167
4       46.05096171250
1       46.05096182917
2       46.05101244583
2       46.05101944167
2       46.05108330000
2       46.05114227083
4       46.05114228750
1       46.05114240833
2       46.05117137083
2       46.05122012083
2       46.05151985000
4       46.05151986667
1       46.05151998750
2       46.05162448750
2       46.05176334167
4       46.05176335833
1       46.05176347917
2       46.05177394167
2       46.05181093333
2       46.05187030833
2       46.05188686667
2       46.05189710417
2       46.05198593750
4       46.05198595833
1       46.05198607500
2       46.05199189167
2       46.05201345833
2       46.05210062083
2       46.05222182917
4       46.05222184583
1       46.05222196667
2       46.05223697083
2       46.05226412917
2       46.05227017500
2       46.05233871667
2       46.05253251250
4       46.05253253333
1       46.05253265417
2       46.05253941667
2       46.05259345833
2       46.05259767917
2       46.05284352500
4       46.05284354583
1       46.05284366667
2       46.05288390000
2       46.05293321250
2       46.05297097917
2       46.05314195833
4       46.05314197500
1       46.05314209583
2       46.05318129167
2       46.05327842083
2       46.05338467500
4       46.05338467500
1       46.05338481250
2       46.05344566250
2       46.05349396667
2       46.05350591250
2       46.05355697500
2       46.05360270417
4       46.05360272500
1       46.05360284583
2       46.05360462500
2       46.05366792500
2       46.05371360000
2       46.05379417917
2       46.05382559167
2       46.05383387083
4       46.05383388750
1       46.05383400833
2       46.05383921250
2       46.05389410417
2       46.05390307500
2       46.05391967083
2       46.05393757917
2       46.05401405000
2       46.05410571667
4       46.05410573750
1       46.05410585833
2       46.05413723750
2       46.05413993750
2       46.05427439583
2       46.05445191667
4       46.05445193750
1       46.05445205833
2       46.05454829167
2       46.05458173333
2       46.05480668750
4       46.05480670417
1       46.05480682500
2       46.05484980000
2       46.05489676250
2       46.05492356250
2       46.05503955000
4       46.05503956667
1       46.05503968750
2       46.05509747083
2       46.05513357500
2       46.05526538750
4       46.05526540833
1       46.05526552917
2       46.05533137083
2       46.05536411667
2       46.05539291250
2       46.05540958333
2       46.05541412917
2       46.05546388750
4       46.05546390833
1       46.05546402917
2       46.05554902083
2       46.05558870833
2       46.05566851667
4       46.05566853333
1       46.05566865417
2       46.05567815000
2       46.05569476250
2       46.05571294167
2       46.05576131250
2       46.05580069167
2       46.05592188750
4       46.05592190833
1       46.05592202917
2       46.05597419167
2       46.05603085417
2       46.05613861250
4       46.05613862917
1       46.05613875000
2       46.05629353750
2       46.05631248333
4       46.05631248333
1       46.05631262083
2       46.05634949583
2       46.05637690833
2       46.05639622917
2       46.05645356667
2       46.05652046667
4       46.05652048750
1       46.05652060833
2       46.05653305833
2       46.05654254583
2       46.05659200417
2       46.05659760417
2       46.05670394167
2       46.05675460000
4       46.05675461667
1       46.05675473750
2       46.05679235833
2       46.05694581250
4       46.05694583333
1       46.05694595417
2       46.05706926667
2       46.05711532083
2       46.05721709583
4       46.05721711667
1       46.05721723750
2       46.05736817083
2       46.05741109583
4       46.05741111667
1       46.05741123750
2       46.05745022083
2       46.05760062083
4       46.05760064167
1       46.05760075833
2       46.05764826250
2       46.05765258750
2       46.05770455833
2       46.05774230833
2       46.05790828333
4       46.05790830417
1       46.05790842500
2       46.05796063333
2       46.05800675000
2       46.05806165417
2       46.05809578750
2       46.05811429167
4       46.05811431250
1       46.05811442917
2       46.05815210833
2       46.05820313750
2       46.05827136250
2       46.05831600833
4       46.05831602500
1       46.05831614583
2       46.05835053333
2       46.05842036667
2       46.05842440833
2       46.05867014167
4       46.05867016250
1       46.05867028333
2       46.05878338750
2       46.05883921667
2       46.05886555417
4       46.05886555417
1       46.05886569167
2       46.05886685000
2       46.05903119167
2       46.05910330833
4       46.05910332500
1       46.05910344583
2       46.05921999167
2       46.05929982917
4       46.05929984583
1       46.05929996667
2       46.05935110833
2       46.05942230417
2       46.05948956667
4       46.05948958333
1       46.05948970417
2       46.05949884583
2       46.05951867083
2       46.05953325417
2       46.05955879583
2       46.05959457083
2       46.05960384583
2       46.05964690417
2       46.05965823750
2       46.05967637917
4       46.05967639583
1       46.05967651667
2       46.05982181250
2       46.05994663333
4       46.05994665417
1       46.05994677500
2       46.05997382500
2       46.06001193750
2       46.06021726667
4       46.06021728333
1       46.06021740417
2       46.06029083750
2       46.06029943333
2       46.06035135833
2       46.06044094583
4       46.06044094583
1       46.06044108333
2       46.06051470000
2       46.06054084583
2       46.06055520833
2       46.06060783750
4       46.06060785417
1       46.06060797500
2       46.06063023750
2       46.06064325000
2       46.06072074583
2       46.06075291667
2       46.06087141250
4       46.06087143333
1       46.06087155417
2       46.06087636667
2       46.06105434167
2       46.06109592500
4       46.06109594583
1       46.06109606250
2       46.06110929583
2       46.06116127083
2       46.06118807500
2       46.06124272083
2       46.06126430000
2       46.06128427500
2       46.06129937500
4       46.06129937500
1       46.06129951250
2       46.06130171250
2       46.06157602917
4       46.06157604583
1       46.06157616667
2       46.06157863750
2       46.06197347083
4       46.06197348750
1       46.06197360833
2       46.06204234167
2       46.06205225417
2       46.06214661667
2       46.06220330417
4       46.06220330417
1       46.06220344167
2       46.06222642917
2       46.06225831667
2       46.06231297500
2       46.06238424167
4       46.06238426250
1       46.06238438333
2       46.06241600000
2       46.06246561250
2       46.06280746667
4       46.06280748333
1       46.06280760417
2       46.06290385000
2       46.06294627083
2       46.06296352917
2       46.06296427500
2       46.06310101250
4       46.06310103333
1       46.06310115417
2       46.06324206667
2       46.06340966667
4       46.06340968333
1       46.06340980417
2       46.06341557500
2       46.06342060417
2       46.06342621667
2       46.06344904583
2       46.06350173333
2       46.06351467083
2       46.06351502083
2       46.06352023750
2       46.06392734583
4       46.06392734583
1       46.06392748333
2       46.06400907917
2       46.06404691667
2       46.06412909583
2       46.06422078750
4       46.06422080417
1       46.06422092500
2       46.06422512500
2       46.06439698333
2       46.06440934167
2       46.06442953750
2       46.06467266250
4       46.06467268333
1       46.06467280000
2       46.06472498333
2       46.06479293750
2       46.06486383333
4       46.06486385417
1       46.06486397500
2       46.06500316667
2       46.06513101667
4       46.06513103750
1       46.06513115833
2       46.06515421667
2       46.06523404583
2       46.06533905000
4       46.06533906667
1       46.06533918750
2       46.06545065833
2       46.06557424583
4       46.06557424583
1       46.06557438333
2       46.06571305000
2       46.06574416667
2       46.06577292917
4       46.06577295000
1       46.06577307083
2       46.06590552500
2       46.06593855833
2       46.06602269167
4       46.06602271250
1       46.06602283333
2       46.06616552917
2       46.06616744583
2       46.06628937083
4       46.06628938750
1       46.06628950833
2       46.06629296250
2       46.06631125833
2       46.06636215417
2       46.06657885000
4       46.06657887083
1       46.06657899167
2       46.06674446250
2       46.06676834167
4       46.06676835833
1       46.06676847917
2       46.06678194583
2       46.06682395417
2       46.06686761250
2       46.06689257917
2       46.06691241667
2       46.06699620000
4       46.06699621667
1       46.06699633750
2       46.06711974167
2       46.06723303750
4       46.06723305417
1       46.06723317500
2       46.06724948750
2       46.06740203333
2       46.06741084167
2       46.06772155833
4       46.06772157500
1       46.06772169583
2       46.06777589167
2       46.06786700833
2       46.06791761250
4       46.06791762917
1       46.06791775000
2       46.06810346667
4       46.06810348750
1       46.06810360417
2       46.06811610833
2       46.06811908750
2       46.06818961250
2       46.06821211250
2       46.06843307083
4       46.06843309167
1       46.06843321250
2       46.06843867917
2       46.06850866667
2       46.06854314167
2       46.06857714583
2       46.06858246667
2       46.06861989583
2       46.06881763750
4       46.06881765417
1       46.06881777500
2       46.06891535000
2       46.06903852500
4       46.06903854583
1       46.06903866667
2       46.06905939583
2       46.06906171667
2       46.06908362917
2       46.06913059583
2       46.06915052083
2       46.06943276250
4       46.06943277917
1       46.06943290000
2       46.06945460833
2       46.06945829583
2       46.06946648750
2       46.06948102083
2       46.06949727917
2       46.06957545000
2       46.06958172917
2       46.06959003333
2       46.06961107083
2       46.06975758750
4       46.06975760417
1       46.06975772500
2       46.06977451667
2       46.06986495833
2       46.06998651250
4       46.06998652917
1       46.06998665000
2       46.07002532083
2       46.07011634167
2       46.07020677917
4       46.07020680000
1       46.07020692083
2       46.07029918333
2       46.07030748333
2       46.07040256667
2       46.07047074583
4       46.07047076667
1       46.07047088750
2       46.07064695833
2       46.07065202500
4       46.07065208333
1       46.07065220417
2       46.07066621250
2       46.07070931250
2       46.07078019167
2       46.07082316250
2       46.07091601667
4       46.07091603333
1       46.07091615417
2       46.07094613750
2       46.07095964167
2       46.07097614583
2       46.07100644167
2       46.07103285417
2       46.07110744167
4       46.07110745833
1       46.07110757917
2       46.07139988750
4       46.07139990833
1       46.07140002917
2       46.07146414583
2       46.07150485417
2       46.07151081250
2       46.07170191250
4       46.07170192917
1       46.07170205000
2       46.07196824583
4       46.07196824583
1       46.07196838333
2       46.07207755000
2       46.07211297083
2       46.07218880833
4       46.07218882917
1       46.07218895000
2       46.07219954167
2       46.07232298750
2       46.07233955000
2       46.07234350417
2       46.07236471667
4       46.07236473750
1       46.07236485833
2       46.07236902083
2       46.07248509583
2       46.07250125417
2       46.07257508333
4       46.07257510417
1       46.07257522083
2       46.07273441667
4       46.07273443333
1       46.07273455417
2       46.07278243333
2       46.07280730000
2       46.07287713750
2       46.07293611250
4       46.07293613333
1       46.07293625417
2       46.07302588750
2       46.07313880417
4       46.07313880417
1       46.07313894167
2       46.07316264583
2       46.07328262083
2       46.07338496250
4       46.07338497917
1       46.07338510000
2       46.07338822083
2       46.07340080833
2       46.07352136250
2       46.07353727917
2       46.07357306667
4       46.07357308333
1       46.07357320417
2       46.07364622083
2       46.07367410417
2       46.07369635417
2       46.07371756250
2       46.07392315417
4       46.07392317500
1       46.07392329583
2       46.07392712083
2       46.07395228333
2       46.07423187917
4       46.07423190000
1       46.07423202083
2       46.07435642917
2       46.07437157083
2       46.07439516667
2       46.07441775000
4       46.07441777083
1       46.07441789167
2       46.07447935417
2       46.07455190417
2       46.07484936250
4       46.07484937917
1       46.07484950000
2       46.07486082917
2       46.07487509583
2       46.07490254583
2       46.07504104583
4       46.07504106667
1       46.07504118750
2       46.07505138333
2       46.07513414583
2       46.07520804583
2       46.07526106667
4       46.07526108750
1       46.07526120417
2       46.07526527500
2       46.07537691667
2       46.07539513333
2       46.07546035000
2       46.07547495000
4       46.07547496667
1       46.07547508750
2       46.07549021667
2       46.07555220417
2       46.07556305000
2       46.07571437917
4       46.07571439583
1       46.07571451667
2       46.07582372500
2       46.07583167917
2       46.07587482083
2       46.07606128750
4       46.07606130833
1       46.07606142917
2       46.07637169167
4       46.07637171250
1       46.07637183333
2       46.07638118750
2       46.07646265417
2       46.07650271667
2       46.07656370000
4       46.07656372083
1       46.07656383750
2       46.07698732500
4       46.07698734583
1       46.07698746250
2       46.07721787083
4       46.07721788750
1       46.07721800833
2       46.07738814167
2       46.07769925833
4       46.07769927500
1       46.07769939583
2       46.07786482500
2       46.07789195000
4       46.07789196667
1       46.07789208750
2       46.07791214167
2       46.07807141250
2       46.07815560417
4       46.07815560417
1       46.07815574167
2       46.07844474167
4       46.07844476250
1       46.07844487917
2       46.07849914583
2       46.07852663750
2       46.07854020417
2       46.07858150000
2       46.07872435833
4       46.07872437500
1       46.07872449583
2       46.07874881667
2       46.07876194583
2       46.07903866667
4       46.07903868750
1       46.07903880833
2       46.07921522500
2       46.07936326667
4       46.07936328333
1       46.07936340417
2       46.07942427083
2       46.07947755417
2       46.07956262917
4       46.07956264583
1       46.07956276667
2       46.07961373750
2       46.07966136250
2       46.07969082500
2       46.07976908750
4       46.07976910417
1       46.07976922500
2       46.07978758750
2       46.08014267500
4       46.08014269583
1       46.08014281667
2       46.08021751250
2       46.08039730000
4       46.08039731667
1       46.08039743750
2       46.08042784583
2       46.08057587917
4       46.08057590000
1       46.08057601667
2       46.08073086667
2       46.08078067917
4       46.08078069583
1       46.08078081667
2       46.08079492500
2       46.08091106667
2       46.08099719583
4       46.08099721667
1       46.08099733750
2       46.08104945417
2       46.08132981250
4       46.08132982917
1       46.08132995000
2       46.08143482083
2       46.08147117083
2       46.08156586667
4       46.08156588333
1       46.08156600417
2       46.08159309583
2       46.08177952917
4       46.08177954583
1       46.08177966667
2       46.08180437083
2       46.08181965000
2       46.08188491667
2       46.08193491667
2       46.08197034167
4       46.08197036250
1       46.08197048333
2       46.08207806667
2       46.08210446250
2       46.08253476667
4       46.08253478750
1       46.08253490833
2       46.08280700417
4       46.08280700417
1       46.08280714167
2       46.08285149583
2       46.08299593333
4       46.08299595417
1       46.08299607083
2       46.08304656667
2       46.08310117917
2       46.08318462083
2       46.08319230000
2       46.08323135000
4       46.08323137083
1       46.08323149167
2       46.08351023750
4       46.08351025417
1       46.08351037500
2       46.08356023750
2       46.08378050833
4       46.08378052500
1       46.08378064583
2       46.08387526250
2       46.08397525417
2       46.08402999167
4       46.08403000833
1       46.08403012917
2       46.08452116667
4       46.08452118333
1       46.08452130417
2       46.08467185417
2       46.08467615833
2       46.08481018333
4       46.08481020000
1       46.08481032083
2       46.08486693333
2       46.08488814167
2       46.08490046667
2       46.08491495417
2       46.08495073750
2       46.08521480000
4       46.08521481667
1       46.08521493750
2       46.08542578333
4       46.08542578333
1       46.08542592083
2       46.08552149167
2       46.08557086667
2       46.08560920833
2       46.08565167083
4       46.08565168750
1       46.08565180833
2       46.08577913750
2       46.08589440000
4       46.08589441667
1       46.08589453750
2       46.08589681667
2       46.08594905833
2       46.08599120000
2       46.08599613750
2       46.08607887917
4       46.08607890000
1       46.08607902083
2       46.08609775833
2       46.08612132500
2       46.08615905417
2       46.08624121667
2       46.08630614583
4       46.08630616667
1       46.08630628750
2       46.08650451667
4       46.08650453333
1       46.08650465417
2       46.08669536667
4       46.08669538750
1       46.08669550833
2       46.08669794167
2       46.08690107500
4       46.08690107500
1       46.08690121250
2       46.08692254583
2       46.08692417917
2       46.08697127500
2       46.08715740000
4       46.08715741667
1       46.08715753750
2       46.08722769167
2       46.08731280833
2       46.08742136667
4       46.08742138333
1       46.08742150417
2       46.08746344583
2       46.08759559167
2       46.08761017500
2       46.08767310000
4       46.08767312083
1       46.08767324167
2       46.08767705833
2       46.08780301667
2       46.08784498333
2       46.08788040417
4       46.08788042500
1       46.08788054583
2       46.08795162083
2       46.08810500833
4       46.08810502500
1       46.08810514583
2       46.08813682500
2       46.08822063750
2       46.08822563333
2       46.08826037500
2       46.08829954583
4       46.08829956667
1       46.08829968750
2       46.08858372917
4       46.08858375000
1       46.08858386667
2       46.08859393750
2       46.08866315000
2       46.08875090000
2       46.08878736667
4       46.08878738750
1       46.08878750417
2       46.08909902500
4       46.08909902500
1       46.08909916250
2       46.08923262083
2       46.08926997500
2       46.08937498750
4       46.08937500833
1       46.08937512917
2       46.08950150833
2       46.08950608750
2       46.08956708750
4       46.08956710417
1       46.08956722500
2       46.08966112083
2       46.08976611250
4       46.08976613333
1       46.08976625000
2       46.08985653750
2       46.08987905000
2       46.08990599167
2       46.08999137917
4       46.08999140000
1       46.08999152083
2       46.09001786250
2       46.09006626667
2       46.09013150833
2       46.09016296250
4       46.09016298333
1       46.09016310417
2       46.09020665417
2       46.09025213333
2       46.09035142500
4       46.09035144583
1       46.09035156667
2       46.09041502917
2       46.09058600417
4       46.09058600417
1       46.09058614167
2       46.09059663750
2       46.09105825417
4       46.09105825417
1       46.09105839167
2       46.09107675000
2       46.09143352500
4       46.09143354583
1       46.09143366667
2       46.09145811667
2       46.09147957500
2       46.09153294167
2       46.09163232083
4       46.09163233750
1       46.09163245833
2       46.09190716250
4       46.09190718333
1       46.09190730417
2       46.09191179167
2       46.09210693333
4       46.09210693333
1       46.09210707083
2       46.09215488750
2       46.09235071250
4       46.09235073333
1       46.09235085417
2       46.09236139583
2       46.09236865000
2       46.09239678333
2       46.09239781667
2       46.09252777083
2       46.09253650417
2       46.09262695833
4       46.09262697500
1       46.09262709583
2       46.09287202500
4       46.09287202500
1       46.09287216250
2       46.09288929583
2       46.09292867917
2       46.09294197917
2       46.09323713750
4       46.09323715417
1       46.09323727500
2       46.09340064583
2       46.09359153750
4       46.09359155833
1       46.09359167917
2       46.09361209167
2       46.09363982917
2       46.09380741667
4       46.09380743750
1       46.09380755833
2       46.09381675417
2       46.09382107500
2       46.09392140417
2       46.09394563750
2       46.09401253333
4       46.09401253333
1       46.09401267083
2       46.09403201667
2       46.09409064583
2       46.09416250417
2       46.09434571250
4       46.09434573333
1       46.09434585000
2       46.09438082917
2       46.09447808750
2       46.09448584583
2       46.09448910833
2       46.09458779583
4       46.09458781667
1       46.09458793333
2       46.09473994167
2       46.09476937083
2       46.09484890417
4       46.09484892500
1       46.09484904583
2       46.09490982917
2       46.09493799167
2       46.09495481250
2       46.09506452083
4       46.09506454167
1       46.09506466250
2       46.09525490417
4       46.09525490417
1       46.09525504167
2       46.09527343750
2       46.09533379583
2       46.09537420417
2       46.09540163750
2       46.09544475000
4       46.09544476667
1       46.09544488750
2       46.09545198750
2       46.09546494167
2       46.09555267083
2       46.09556533333
2       46.09594129167
4       46.09594131250
1       46.09594143333
2       46.09614397500
4       46.09614399583
1       46.09614411667
2       46.09637118333
4       46.09637120417
1       46.09637132500
2       46.09642273750
2       46.09643480000
2       46.09644200417
2       46.09645226667
2       46.09659471250
4       46.09659473333
1       46.09659485417
2       46.09662022500
2       46.09662229167
2       46.09663885833
2       46.09666432083
2       46.09668515417
2       46.09676369167
4       46.09676371250
1       46.09676383333
2       46.09677326250
2       46.09684213333
2       46.09705839583
4       46.09705839583
1       46.09705853333
2       46.09721145000
2       46.09726445417
4       46.09726445417
1       46.09726459167
2       46.09728933750
2       46.09730586667
2       46.09737112917
2       46.09758042917
4       46.09758045000
1       46.09758057083
2       46.09763542083
2       46.09770830833
2       46.09772287917
2       46.09794193750
4       46.09794195833
1       46.09794207917
2       46.09809356667
2       46.09814730000
4       46.09814731667
1       46.09814743750
2       46.09822703750
2       46.09827015000
2       46.09827075417
2       46.09830221667
2       46.09859568750
4       46.09859570417
1       46.09859582500
2       46.09863577500
2       46.09864239167
2       46.09882489167
4       46.09882491250
1       46.09882503333
2       46.09884360833
2       46.09900672500
2       46.09906241667
4       46.09906243750
1       46.09906255833
2       46.09914985417
2       46.09921873750
2       46.09927606250
4       46.09927607917
1       46.09927620000
2       46.09947312917
4       46.09947314583
1       46.09947326667
2       46.09962112083
2       46.09962219167
2       46.09966623750
2       46.09986135000
4       46.09986136667
1       46.09986148750
2       46.09994677500
2       46.09995579583
2       46.10003651667
2       46.10007530417
4       46.10007532500
1       46.10007544583
2       46.10016669167
2       46.10024955833
2       46.10039824167
4       46.10039826250
1       46.10039838333
2       46.10063007083
4       46.10063008750
1       46.10063020833
2       46.10079475000
2       46.10081757083
4       46.10081758750
1       46.10081770833
2       46.10089241667
2       46.10095939167
2       46.10102294167
4       46.10102296250
1       46.10102307917
2       46.10111232083
2       46.10113258333
2       46.10136675417
4       46.10136675417
1       46.10136689167
2       46.10172899583
4       46.10172901667
1       46.10172913750
2       46.10206264167
4       46.10206265833
1       46.10206277917
2       46.10210971667
2       46.10216730833
2       46.10217392083
2       46.10225341667
4       46.10225343750
1       46.10225355833
2       46.10240248333
2       46.10241108750
2       46.10260327500
4       46.10260329583
1       46.10260341667
2       46.10270857500
2       46.10271948750
2       46.10312425417
4       46.10312425417
1       46.10312439167
2       46.10313389583
2       46.10330877500
2       46.10343003333
4       46.10343003333
1       46.10343017083
2       46.10351120417
2       46.10352432083
2       46.10358955000
2       46.10361313750
4       46.10361322083
1       46.10361334167
2       46.10363168750
2       46.10365859167
2       46.10379694167
4       46.10379696250
1       46.10379708333
2       46.10379892917
2       46.10436930833
4       46.10436932917
1       46.10436945000
2       46.10437036250
2       46.10447331250
2       46.10453328333
2       46.10457104167
2       46.10460082500
4       46.10460082500
1       46.10460096250
2       46.10464690000
2       46.10467410417
2       46.10476848333
2       46.10480188750
4       46.10480190417
1       46.10480202500
2       46.10483302500
2       46.10484791667
2       46.10499035417
2       46.10522517083
4       46.10522518750
1       46.10522530833
2       46.10528419167
2       46.10533020417
2       46.10534510000
2       46.10535177083
2       46.10539023333
2       46.10543953333
4       46.10543955417
1       46.10543967083
2       46.10546504167
2       46.10554192500
2       46.10559191667
2       46.10567477083
4       46.10567478750
1       46.10567490833
2       46.10572560000
2       46.10579867917
2       46.10584623750
2       46.10588400833
4       46.10588402500
1       46.10588414583
2       46.10603812917
2       46.10604180833
2       46.10614634167
4       46.10614636250
1       46.10614648333
2       46.10648290417
4       46.10648290417
1       46.10648304167
2       46.10656973750
2       46.10658297083
2       46.10658663750
2       46.10660109167
2       46.10668486250
4       46.10668488333
1       46.10668500000
2       46.10709105833
4       46.10709107917
1       46.10709119583
2       46.10715257500
2       46.10718081250
2       46.10720400417
2       46.10727845417
4       46.10727847500
1       46.10727859583
2       46.10728906667
2       46.10734081250
2       46.10739409167
2       46.10752193750
4       46.10752195417
1       46.10752207500
2       46.10765410833
2       46.10770446667
2       46.10783032500
4       46.10783032500
1       46.10783046250
2       46.10786809167
2       46.10789071250
2       46.10806084583
4       46.10806084583
1       46.10806098333
2       46.10826292083
4       46.10826293750
1       46.10826305833
2       46.10831725417
2       46.10858949583
4       46.10858951667
1       46.10858963750
2       46.10875742500
2       46.10889553333
4       46.10889553333
1       46.10889567083
2       46.10891477500
2       46.10892537917
2       46.10897337917
2       46.10897348750
2       46.10921117917
4       46.10921119583
1       46.10921131667
2       46.10946797917
4       46.10946800000
1       46.10946812083
2       46.10947452917
2       46.10968024167
4       46.10968026250
1       46.10968038333
2       46.11043940417
4       46.11043942500
1       46.11043954583
2       46.11047787500
2       46.11056528333
2       46.11061561667
2       46.11065770833
4       46.11065772500
1       46.11065784583
2       46.11077263333
2       46.11082400417
2       46.11099517083
4       46.11099518750
1       46.11099530833
2       46.11107776667
2       46.11110612083
2       46.11117745833
4       46.11117747500
1       46.11117759583
2       46.11122348333
2       46.11141021250
4       46.11141023333
1       46.11141035000
2       46.11170240833
4       46.11170242917
1       46.11170255000
2       46.11171030417
2       46.11184622500
2       46.11206905417
4       46.11206907500
1       46.11206919583
2       46.11211912500
2       46.11248313333
4       46.11248315417
1       46.11248327500
2       46.11278849167
4       46.11278851250
1       46.11278862917
2       46.11280536250
2       46.11296246250
2       46.11312167500
4       46.11312169583
1       46.11312181250
2       46.11316176667
2       46.11338471667
4       46.11338473750
1       46.11338485833
2       46.11341344583
2       46.11344461250
2       46.11368351250
4       46.11368352917
1       46.11368365000
2       46.11379273333
2       46.11404677917
4       46.11404680000
1       46.11404692083
2       46.11413455833
2       46.11418328750
2       46.11421205417
2       46.11422069583
4       46.11422071667
1       46.11422083333
2       46.11457078750
4       46.11457080417
1       46.11457092500
2       46.11469664583
2       46.11474966667
2       46.11476624583
2       46.11496529583
4       46.11496531667
1       46.11496543333
2       46.11497157083
2       46.11517493750
4       46.11517495833
1       46.11517507917
2       46.11538962917
4       46.11538965000
1       46.11538977083
2       46.11539559583
2       46.11545187500
2       46.11551748750
2       46.11569531667
4       46.11569533333
1       46.11569545417
2       46.11574765417
2       46.11576457083
2       46.11577480000
2       46.11578345417
2       46.11580197500
2       46.11584439167
2       46.11589240833
4       46.11589242917
1       46.11589255000
2       46.11592420417
2       46.11605835417
2       46.11609181667
4       46.11609183750
1       46.11609195417
2       46.11615549167
2       46.11619121667
2       46.11620904583
2       46.11632535000
4       46.11632536667
1       46.11632548750
2       46.11633692083
2       46.11682019167
4       46.11682020833
1       46.11682032917
2       46.11685667917
2       46.11707565417
4       46.11707565417
1       46.11707579167
2       46.11707787083
2       46.11718660833
2       46.11719082500
2       46.11720307500
2       46.11744459167
4       46.11744460833
1       46.11744472917
2       46.11753466250
2       46.11753668333
2       46.11755119167
2       46.11773907083
4       46.11773909167
1       46.11773921250
2       46.11776483333
2       46.11776751667
2       46.11789413750
2       46.11795830000
4       46.11795832083
1       46.11795843750
2       46.11801434583
2       46.11802710833
2       46.11808659583
2       46.11822657083
4       46.11822658750
1       46.11822670833
2       46.11831673750
2       46.11869029167
4       46.11869031250
1       46.11869043333
2       46.11874298750
2       46.11898807083
4       46.11898808750
1       46.11898820833
2       46.11902618333
2       46.11916463333
2       46.11931927917
4       46.11931930000
1       46.11931942083
2       46.11936467917
2       46.11947231667
2       46.11952067917
4       46.11952069583
1       46.11952081667
2       46.11956239583
2       46.11960886250
2       46.11970354583
2       46.11988372083
4       46.11988373750
1       46.11988385833
2       46.11996947500
2       46.11999500833
2       46.12008507083
4       46.12008508750
1       46.12008520833
2       46.12027984167
4       46.12027986250
1       46.12027998333
2       46.12043363750
2       46.12056104167
4       46.12056105833
1       46.12056117917
2       46.12059020000
2       46.12060116667
2       46.12063657083
2       46.12078170000
4       46.12078172083
1       46.12078184167
2       46.12094490000
2       46.12097677500
4       46.12097677500
1       46.12097691250
2       46.12098739167
2       46.12105597083
2       46.12117490417
4       46.12117490417
1       46.12117504167
2       46.12133221250
2       46.12146630000
4       46.12146631667
1       46.12146643750
2       46.12149214583
2       46.12151299167
2       46.12159392500
2       46.12170319167
4       46.12170320833
1       46.12170332917
2       46.12181740833
2       46.12188065833
4       46.12188067917
1       46.12188080000
2       46.12189005833
2       46.12189726667
2       46.12196952917
2       46.12215203750
4       46.12215205833
1       46.12215217917
2       46.12216319583
2       46.12224299167
2       46.12263515833
4       46.12263517500
1       46.12263529583
2       46.12268405000
2       46.12268659167
2       46.12276604583
2       46.12281340417
2       46.12306660000
4       46.12306662083
1       46.12306674167
2       46.12312377083
2       46.12320790833
2       46.12328542500
4       46.12328542500
1       46.12328556250
2       46.12352879583
4       46.12352881667
1       46.12352893333
2       46.12355673750
2       46.12368367500
2       46.12369547083
2       46.12369688333
2       46.12369880000
2       46.12373226250
2       46.12379886667
4       46.12379888333
1       46.12379900417
2       46.12389155000
2       46.12396942917
2       46.12406148750
4       46.12406150833
1       46.12406162500
2       46.12412346667
2       46.12417209167
2       46.12422874167
2       46.12424430833
2       46.12449137917
4       46.12449139583
1       46.12449151667
2       46.12463855000
2       46.12481473333
4       46.12481473333
1       46.12481487083
2       46.12484420000
2       46.12497938333
2       46.12504163750
4       46.12504165417
1       46.12504177500
2       46.12514368333
2       46.12531980833
4       46.12531982500
1       46.12531994583
2       46.12538473750
2       46.12540140000
2       46.12546057500
2       46.12577924583
4       46.12577926667
1       46.12577938750
2       46.12591203333
2       46.12591302083
2       46.12595345000
4       46.12595346667
1       46.12595358750
2       46.12604950417
2       46.12607296250
2       46.12613598750
4       46.12613600833
1       46.12613612500
2       46.12630591250
2       46.12658984167
4       46.12658985833
1       46.12658997917
2       46.12659169583
2       46.12668944583
2       46.12671857917
2       46.12685348750
4       46.12685350833
1       46.12685362917
2       46.12687892500
2       46.12691005833
2       46.12713033333
4       46.12713035417
1       46.12713047500
2       46.12720652917
2       46.12741518333
4       46.12741520417
1       46.12741532500
2       46.12745886667
2       46.12750832500
2       46.12758309583
2       46.12776793333
4       46.12776795417
1       46.12776807083
2       46.12780532083
2       46.12783880417
2       46.12787885000
2       46.12798261667
4       46.12798263333
1       46.12798275417
2       46.12807038750
2       46.12807562917
2       46.12819987917
4       46.12819990000
1       46.12820002083
2       46.12826680417
2       46.12833597083
2       46.12840289583
2       46.12864505833
4       46.12864507917
1       46.12864520000
2       46.12868410417
2       46.12873644583
2       46.12875222917
2       46.12880377917
2       46.12881160833
2       46.12883741667
2       46.12898583750
4       46.12898585833
1       46.12898597917
2       46.12905111667
2       46.12911800417
2       46.12919585833
4       46.12919587917
1       46.12919599583
2       46.12922161250
2       46.12929197083
2       46.12943407500
4       46.12943409583
1       46.12943421667
2       46.12944233333
2       46.12953327500
2       46.12959039167
2       46.12963170417
4       46.12963172500
1       46.12963184583
2       46.12969769583
2       46.12971656667
2       46.12994908333
4       46.12994908333
1       46.12994922083
2       46.13003787500
2       46.13005443333
2       46.13037435417
4       46.13037437500
1       46.13037449583
2       46.13039126250
2       46.13041318333
2       46.13042668750
2       46.13044598750
2       46.13054670417
2       46.13061652083
4       46.13061653750
1       46.13061665833
2       46.13065457917
2       46.13065521250
2       46.13073242500
2       46.13080030000
2       46.13099270417
4       46.13099272500
1       46.13099284583
2       46.13146936667
4       46.13146938750
1       46.13146950417
2       46.13149984583
2       46.13151516250
2       46.13160492917
2       46.13166413750
4       46.13166415833
1       46.13166427917
2       46.13167878750
2       46.13172708333
2       46.13180232083
2       46.13200464583
4       46.13200466667
1       46.13200478750
2       46.13217780417
4       46.13217782500
1       46.13217794583
2       46.13218883750
2       46.13223658750
2       46.13247669583
4       46.13247669583
1       46.13247683333
2       46.13257633333
2       46.13266085000
2       46.13268135000
4       46.13268137083
1       46.13268149167
2       46.13276387083
2       46.13276979167
2       46.13289798333
2       46.13294599583
4       46.13294599583
1       46.13294613333
2       46.13306558333
2       46.13345500833
4       46.13345502917
1       46.13345514583
2       46.13346243750
2       46.13357487917
2       46.13366383333
4       46.13366385417
1       46.13366397500
2       46.13374889583
2       46.13376420000
2       46.13377243333
2       46.13377439583
2       46.13389866250
4       46.13389868333
1       46.13389880417
2       46.13396286250
2       46.13408438333
4       46.13408440417
1       46.13408452500
2       46.13409609583
2       46.13422321667
2       46.13423115417
2       46.13434875000
4       46.13434877083
1       46.13434889167
2       46.13446109167
2       46.13459222917
4       46.13459224583
1       46.13459236667
2       46.13466809583
2       46.13490456250
4       46.13490457917
1       46.13490470000
2       46.13501723750
2       46.13511790833
4       46.13511792500
1       46.13511804583
2       46.13514802083
2       46.13521468750
2       46.13523251667
2       46.13529379167
2       46.13543517083
4       46.13543519167
1       46.13543531250
2       46.13549987917
2       46.13553532083
2       46.13555275833
2       46.13557200833
2       46.13557962917
2       46.13557990833
2       46.13567032500
4       46.13567032500
1       46.13567046250
2       46.13568062917
2       46.13573072500
2       46.13606690417
4       46.13606690417
1       46.13606704167
2       46.13618528750
2       46.13632485417
4       46.13632485417
1       46.13632499167
2       46.13643548333
2       46.13646297500
2       46.13648815417
2       46.13676975417
4       46.13676975417
1       46.13676989167
2       46.13681476250
2       46.13681810833
2       46.13686971667
2       46.13693897500
2       46.13698308333
4       46.13698310417
1       46.13698322083
2       46.13726188333
4       46.13726190417
1       46.13726202500
2       46.13728310417
2       46.13741990417
2       46.13744180000
2       46.13746795000
4       46.13746797083
1       46.13746809167
2       46.13752990417
2       46.13753716250
2       46.13764510417
2       46.13768786250
4       46.13768788333
1       46.13768800417
2       46.13771442083
2       46.13792441250
4       46.13792442917
1       46.13792455000
2       46.13795217917
2       46.13805227083
2       46.13806313750
2       46.13840962500
4       46.13840962500
1       46.13840976250
2       46.13841162500
2       46.13844270833
2       46.13854047083
2       46.13881609167
4       46.13881610833
1       46.13881622917
2       46.13887202500
2       46.13893953750
2       46.13897328750
2       46.13901540417
4       46.13901542500
1       46.13901554583
2       46.13913291667
2       46.13926515000
4       46.13926517083
1       46.13926529167
2       46.13936317917
2       46.13936353750
2       46.13967890833
4       46.13967892917
1       46.13967905000
2       46.13970098333
2       46.13977258333
2       46.13985010417
2       46.14047782083
4       46.14047783750
1       46.14047795833
2       46.14048082083
2       46.14056092917
2       46.14058745000
2       46.14060100833
2       46.14091348750
4       46.14091350417
1       46.14091362500
2       46.14126213750
4       46.14126215417
1       46.14126227500
2       46.14127704583
2       46.14147579167
4       46.14147581250
1       46.14147592917
2       46.14153439583
2       46.14170769167
4       46.14170770833
1       46.14170782917
2       46.14191796667
4       46.14191798750
1       46.14191810833
2       46.14199976667
2       46.14238636667
4       46.14238638333
1       46.14238650417
2       46.14240021250
2       46.14241019583
2       46.14248897500
2       46.14258842083
4       46.14258843750
1       46.14258855833
2       46.14263248750
2       46.14276360000
2       46.14283680000
4       46.14283681667
1       46.14283693750
2       46.14291860417
2       46.14298353333
2       46.14300636667
2       46.14306043750
4       46.14306045417
1       46.14306057500
2       46.14309186250
2       46.14321610417
2       46.14327893750
4       46.14327895417
1       46.14327907500
2       46.14331042917
2       46.14352448750
4       46.14352450833
1       46.14352462917
2       46.14356752083
2       46.14367541250
2       46.14371857917
2       46.14373640000
4       46.14373642083
1       46.14373654167
2       46.14380037500
2       46.14410411250
4       46.14410412917
1       46.14410425000
2       46.14412890417
2       46.14413393750
2       46.14430681667
4       46.14430683750
1       46.14430695833
2       46.14431935000
2       46.14439987917
2       46.14447937500
2       46.14464765417
4       46.14464767500
1       46.14464779583
2       46.14471585000
2       46.14473113333
2       46.14478075000
2       46.14481292917
2       46.14481690417
2       46.14488773333
4       46.14488775417
1       46.14488787500
2       46.14512885833
4       46.14512887500
1       46.14512899583
2       46.14514542917
2       46.14521604583
2       46.14522931667
2       46.14568465833
4       46.14568467500
1       46.14568479583
2       46.14579969583
2       46.14591321250
4       46.14591322917
1       46.14591335000
2       46.14603739167
2       46.14605175000
2       46.14612091250
4       46.14612092917
1       46.14612105000
2       46.14626133750
2       46.14644454167
4       46.14644455833
1       46.14644467917
2       46.14696065417
4       46.14696065417
1       46.14696079167
2       46.14697319167
2       46.14713878750
2       46.14739449583
4       46.14739449583
1       46.14739463333
2       46.14752173333
2       46.14763527917
4       46.14763529583
1       46.14763541667
2       46.14789330833
4       46.14789332500
1       46.14789344583
2       46.14797711667
2       46.14805497500
2       46.14841340000
4       46.14841341667
1       46.14841353750
2       46.14843652083
2       46.14845107917
2       46.14851040833
2       46.14852731667
2       46.14857993750
2       46.14858559167
2       46.14881807083
4       46.14881808750
1       46.14881820833
2       46.14898508333
2       46.14901977500
4       46.14901977500
1       46.14901991250
2       46.14908080417
2       46.14908869583
2       46.14919441250
2       46.14928250417
4       46.14928252500
1       46.14928264583
2       46.14931326667
2       46.14951742083
4       46.14951743750
1       46.14951755833
2       46.14959646667
2       46.14962563333
2       46.14962831667
2       46.14982268333
4       46.14982270417
1       46.14982282500
2       46.14990691250
2       46.14998344583
2       46.15005625833
4       46.15005627917
1       46.15005640000
2       46.15013245000
2       46.15027415833
4       46.15027417917
1       46.15027430000
2       46.15032845833
2       46.15036895417
2       46.15039548750
2       46.15042126667
2       46.15064351667
4       46.15064353750
1       46.15064365833
2       46.15073091250
2       46.15083792500
4       46.15083792500
1       46.15083806250
2       46.15088803333
2       46.15107276250
4       46.15107278333
1       46.15107290000
2       46.15110257917
2       46.15123203750
2       46.15125527917
2       46.15127250833
4       46.15127252500
1       46.15127264583
2       46.15128709167
2       46.15149638750
4       46.15149640833
1       46.15149652917
2       46.15169254583
4       46.15169256667
1       46.15169268333
2       46.15180080417
2       46.15220892917
4       46.15220895000
1       46.15220906667
2       46.15233341667
2       46.15238574583
2       46.15256627917
4       46.15256630000
1       46.15256642083
2       46.15257291250
2       46.15265678750
2       46.15275343750
2       46.15286742917
4       46.15286745000
1       46.15286757083
2       46.15302006250
2       46.15310319583
4       46.15310319583
1       46.15310333333
2       46.15335562083
4       46.15335563750
1       46.15335575833
2       46.15380572083
4       46.15380573750
1       46.15380585833
2       46.15388598750
2       46.15408461250
4       46.15408463333
1       46.15408475417
2       46.15414758750
2       46.15419427917
2       46.15429464583
4       46.15429464583
1       46.15429478333
2       46.15434901667
2       46.15449362500
4       46.15449362500
1       46.15449376250
2       46.15465335833
2       46.15487992083
4       46.15487994167
1       46.15488006250
2       46.15506405833
2       46.15522475000
4       46.15522477083
1       46.15522489167
2       46.15533697083
2       46.15571068333
4       46.15571070417
1       46.15571082083
2       46.15576027083
2       46.15580511667
2       46.15580699583
2       46.15590907917
4       46.15590910000
1       46.15590921667
2       46.15596237083
2       46.15600014583
2       46.15605150833
2       46.15606040833
2       46.15609489583
4       46.15609489583
1       46.15609503333
2       46.15627000417
4       46.15627002500
1       46.15627014583
2       46.15638340417
2       46.15654010000
4       46.15654011667
1       46.15654023750
2       46.15655526250
2       46.15676096250
4       46.15676098333
1       46.15676110417
2       46.15694312917
2       46.15702200417
4       46.15702202500
1       46.15702214167
2       46.15702329583
2       46.15706375833
2       46.15714455000
2       46.15725184583
4       46.15725184583
1       46.15725198333
2       46.15736276250
2       46.15756158333
4       46.15756160417
1       46.15756172500
2       46.15759010000
2       46.15766882917
2       46.15767151250
2       46.15772953333
2       46.15815807917
4       46.15815809583
1       46.15815821667
2       46.15816437500
2       46.15818823333
2       46.15821669167
2       46.15826582083
2       46.15836740417
4       46.15836742500
1       46.15836754583
2       46.15845388750
2       46.15848255417
2       46.15854559167
2       46.15877024167
4       46.15877025833
1       46.15877037917
2       46.15877487500
2       46.15883508333
2       46.15897857083
4       46.15897859167
1       46.15897871250
2       46.15905967083
2       46.15906465833
2       46.15923202500
4       46.15923204583
1       46.15923216667
2       46.15950225833
4       46.15950227500
1       46.15950239583
2       46.15953365417
2       46.15960251667
2       46.15963434167
2       46.15977469583
4       46.15977469583
1       46.15977483333
2       46.15998349583
4       46.15998351667
1       46.15998363750
2       46.16005007083
2       46.16007791250
2       46.16014842917
2       46.16030350417
4       46.16030350417
1       46.16030364167
2       46.16048368750
2       46.16062634167
4       46.16062636250
1       46.16062648333
2       46.16068695833
2       46.16092380833
4       46.16092382500
1       46.16092394583
2       46.16106892083
2       46.16111098750
4       46.16111100417
1       46.16111112500
2       46.16116560417
2       46.16135647083
4       46.16135649167
1       46.16135660833
2       46.16140645417
2       46.16167143750
4       46.16167145833
1       46.16167157500
2       46.16175528333
2       46.16176871250
2       46.16179339583
2       46.16179695833
2       46.16201255000
4       46.16201256667
1       46.16201268750
2       46.16214643750
2       46.16216990000
2       46.16223092083
4       46.16223094167
1       46.16223106250
2       46.16237128750
2       46.16248684583
4       46.16248686667
1       46.16248698333
2       46.16266708750
4       46.16266710417
1       46.16266722500
2       46.16273938333
2       46.16285947917
4       46.16285949583
1       46.16285961667
2       46.16285988750
2       46.16287708333
2       46.16306280000
4       46.16306281667
1       46.16306293750
2       46.16319765833
2       46.16328148750
4       46.16328150833
1       46.16328162917
2       46.16328785833
2       46.16353159167
4       46.16353161250
1       46.16353173333
2       46.16355243750
2       46.16368828333
2       46.16375581667
4       46.16375583333
1       46.16375595417
2       46.16378962083
2       46.16382935417
2       46.16388311667
2       46.16389531667
2       46.16398675417
4       46.16398675417
1       46.16398689167
2       46.16400919167
2       46.16425470417
4       46.16425470417
1       46.16425484167
2       46.16432222083
2       46.16455906250
4       46.16455907917
1       46.16455920000
2       46.16469280417
2       46.16471405000
2       46.16481673333
4       46.16481673333
1       46.16481687083
2       46.16482174167
2       46.16491975833
2       46.16492973750
2       46.16496569167
2       46.16500459167
4       46.16500461250
1       46.16500473333
2       46.16504560833
2       46.16520493750
4       46.16520495833
1       46.16520507500
2       46.16521357500
2       46.16538277083
4       46.16538279167
1       46.16538291250
2       46.16540374167
2       46.16563720417
4       46.16563722500
1       46.16563734583
2       46.16576070417
2       46.16585712083
4       46.16585714167
1       46.16585726250
2       46.16605326250
4       46.16605328333
1       46.16605340417
2       46.16614894583
2       46.16620092500
2       46.16623037083
2       46.16625231667
4       46.16625233750
1       46.16625245833
2       46.16629007083
2       46.16647233333
4       46.16647233333
1       46.16647247083
2       46.16653847500
2       46.16671895833
4       46.16671897500
1       46.16671909583
2       46.16672800417
2       46.16677390417
2       46.16691838333
4       46.16691838333
1       46.16691852083
2       46.16696872500
2       46.16700422083
2       46.16703592083
2       46.16704097500
2       46.16704295833
2       46.16708200000
2       46.16745237083
4       46.16745238750
1       46.16745250833
2       46.16745727083
2       46.16751190000
2       46.16753781250
2       46.16771531667
4       46.16771533750
1       46.16771545417
2       46.16790014167
2       46.16846853750
4       46.16846855417
1       46.16846867500
2       46.16848713750
2       46.16849240417
2       46.16854079167
2       46.16858750833
2       46.16895312917
4       46.16895315000
1       46.16895327083
2       46.16923039583
4       46.16923039583
1       46.16923053333
2       46.16931845000
2       46.16946249583
4       46.16946249583
1       46.16946263333
2       46.16946451250
2       46.16954200417
2       46.16961660417
2       46.16987392917
4       46.16987394583
1       46.16987406667
2       46.16990646250
2       46.16993720417
2       46.17009921250
4       46.17009923333
1       46.17009935417
2       46.17025986250
2       46.17028427917
2       46.17038635833
4       46.17038637500
1       46.17038649583
2       46.17050563333
2       46.17052547083
2       46.17055562083
2       46.17081130000
4       46.17081132083
1       46.17081143750
2       46.17082855833
2       46.17094447500
2       46.17098553333
2       46.17128555833
4       46.17128557500
1       46.17128569583
2       46.17129165417
2       46.17131250417
2       46.17136908750
2       46.17138362917
2       46.17152374583
4       46.17152374583
1       46.17152388333
2       46.17154926250
2       46.17171749583
2       46.17177557500
4       46.17177557500
1       46.17177571250
2       46.17189340417
2       46.17202121667
4       46.17202123750
1       46.17202135833
2       46.17207066250
2       46.17213005833
2       46.17219118333
4       46.17219118333
1       46.17219132083
2       46.17227265000
2       46.17237472500
4       46.17237474583
1       46.17237486667
2       46.17246414167
2       46.17268802500
4       46.17268804583
1       46.17268816250
2       46.17281387083
2       46.17293149583
4       46.17293149583
1       46.17293163333
2       46.17370085000
4       46.17370086667
1       46.17370098750
2       46.17402188333
4       46.17402188333
1       46.17402202083
2       46.17428651667
4       46.17428653333
1       46.17428665417
2       46.17431172917
2       46.17473732917
4       46.17473735000
1       46.17473746667
2       46.17473967083
2       46.17477475417
2       46.17519008750
4       46.17519010833
1       46.17519022917
2       46.17524918333
2       46.17540013750
4       46.17540015833
1       46.17540027917
2       46.17545349583
2       46.17549527917
2       46.17550809167
2       46.17552535833
2       46.17555985417
2       46.17570926667
4       46.17570928750
1       46.17570940833
2       46.17577307917
2       46.17577607500
2       46.17584098333
2       46.17589929167
2       46.17594728333
4       46.17594728333
1       46.17594742083
2       46.17611361667
2       46.17617793750
4       46.17617795833
1       46.17617807500
2       46.17635246250
2       46.17637173750
2       46.17643854167
4       46.17643856250
1       46.17643867917
2       46.17655578750
2       46.17661276667
2       46.17668804167
4       46.17668805833
1       46.17668817917
2       46.17674200000
2       46.17697424167
4       46.17697425833
1       46.17697437917
2       46.17699540000
2       46.17721098333
4       46.17721098333
1       46.17721112083
2       46.17721762500
2       46.17723939167
2       46.17728184167
2       46.17731893750
2       46.17760050000
4       46.17760052083
1       46.17760064167
2       46.17763392917
2       46.17770946250
2       46.17776573750
2       46.17779752917
4       46.17779754583
1       46.17779766667
2       46.17781236667
2       46.17802312500
4       46.17802314583
1       46.17802326667
2       46.17803078333
2       46.17825241250
4       46.17825243333
1       46.17825255417
2       46.17825861250
2       46.17857865417
4       46.17857867500
1       46.17857879583
2       46.17867392917
2       46.17869586667
2       46.17872000417
2       46.17879822083
4       46.17879824167
1       46.17879836250
2       46.17887768333
2       46.17888302083
2       46.17889815833
2       46.17895689583
2       46.17901775417
2       46.17902081250
4       46.17902082917
1       46.17902095000
2       46.17920001250
4       46.17920002917
1       46.17920015000
2       46.17934538333
2       46.17941623333
4       46.17941623333
1       46.17941637083
2       46.17954047917
2       46.17962592083
4       46.17962593750
1       46.17962605833
2       46.17966145000
2       46.17976107500
2       46.17989631250
4       46.17989633333
1       46.17989645417
2       46.18007242500
4       46.18007244583
1       46.18007256667
2       46.18017346250
2       46.18020464167
2       46.18045075417
4       46.18045075417
1       46.18045089167
2       46.18058843333
2       46.18060279583
2       46.18063087500
2       46.18077602917
4       46.18077604583
1       46.18077616667
2       46.18091743750
2       46.18099521250
4       46.18099523333
1       46.18099535417
2       46.18102731250
2       46.18116389583
2       46.18118232917
4       46.18118235000
1       46.18118247083
2       46.18134607083
2       46.18142953750
4       46.18142955833
1       46.18142967917
2       46.18175935833
4       46.18175937917
1       46.18175950000
2       46.18176142083
2       46.18177627083
2       46.18179059167
2       46.18184514167
2       46.18188963333
2       46.18193321250
2       46.18205451250
4       46.18205453333
1       46.18205465000
2       46.18228006667
4       46.18228008333
1       46.18228020417
2       46.18293033750
4       46.18293035417
1       46.18293047500
2       46.18300915000
2       46.18302200417
2       46.18305309167
2       46.18306567500
2       46.18309495417
2       46.18346686250
4       46.18346688333
1       46.18346700417
2       46.18346987917
2       46.18355434167
2       46.18356449583
2       46.18362360833
2       46.18396957083
4       46.18396959167
1       46.18396971250
2       46.18410234167
2       46.18412732917
2       46.18415259167
2       46.18418235000
4       46.18418236667
1       46.18418248750
2       46.18432145833
2       46.18444768333
4       46.18444768333
1       46.18444782083
2       46.18446590000
2       46.18448566667
2       46.18453978750
2       46.18464570833
2       46.18473947083
4       46.18473949167
1       46.18473961250
2       46.18480836250
2       46.18492691667
2       46.18492820000
2       46.18505252500
4       46.18505252500
1       46.18505266250
2       46.18517071667
2       46.18530220000
4       46.18530221667
1       46.18530233750
2       46.18544262500
2       46.18546614167
2       46.18552177500
4       46.18552179583
1       46.18552191250
2       46.18558312500
2       46.18566625000
2       46.18587061667
4       46.18587063750
1       46.18587075417
2       46.18599341250
2       46.18600632500
2       46.18602827500
2       46.18604155833
2       46.18621821667
4       46.18621823333
1       46.18621835417
2       46.18639026667
2       46.18648502083
4       46.18648504167
1       46.18648516250
2       46.18649199583
2       46.18693312917
4       46.18693314583
1       46.18693326667
2       46.18725210000
4       46.18725212083
1       46.18725223750
2       46.18732795833
2       46.18736715000
2       46.18768235417
4       46.18768237500
1       46.18768249583
2       46.18774925833
2       46.18775761250
2       46.18793808333
4       46.18793810417
1       46.18793822083
2       46.18796723333
2       46.18806594583
2       46.18817920417
4       46.18817920417
1       46.18817934167
2       46.18819644583
2       46.18833462083
2       46.18833491667
2       46.18835809583
2       46.18838251667
4       46.18838253750
1       46.18838265833
2       46.18843722917
2       46.18875586667
4       46.18875588750
1       46.18875600417
2       46.18888907917
2       46.18889200000
2       46.18908451250
4       46.18908453333
1       46.18908465417
2       46.18912915000
2       46.18932857083
4       46.18932858750
1       46.18932870833
2       46.18938587083
2       46.18943592083
2       46.18969777917
4       46.18969780000
1       46.18969791667
2       46.18987014167
2       46.18998712500
4       46.18998712500
1       46.18998726250
2       46.19001223333
2       46.19013249583
2       46.19027362083
4       46.19027363750
1       46.19027375833
2       46.19034644167
2       46.19046674583
2       46.19052569167
4       46.19052571250
1       46.19052582917
2       46.19072838750
2       46.19079565417
4       46.19079565417
1       46.19079579167
2       46.19086149167
2       46.19106952500
4       46.19106952500
1       46.19106966250
2       46.19123946250
2       46.19126428333
4       46.19126430000
1       46.19126442083
2       46.19144245417
2       46.19146235833
2       46.19149082083
4       46.19149084167
1       46.19149096250
2       46.19149148333
2       46.19173435833
4       46.19173437500
1       46.19173449583
2       46.19175152917
2       46.19196420833
4       46.19196422917
1       46.19196435000
2       46.19221259583
4       46.19221259583
1       46.19221273333
2       46.19232913750
2       46.19247793333
4       46.19247795417
1       46.19247807500
2       46.19261509583
2       46.19280209583
4       46.19280209583
1       46.19280223333
2       46.19281242500
2       46.19290560833
2       46.19328640417
4       46.19328642500
1       46.19328654583
2       46.19345201250
2       46.19354806667
4       46.19354808750
1       46.19354820417
2       46.19356961250
2       46.19362627083
2       46.19366967500
2       46.19371838333
2       46.19377135000
4       46.19377136667
1       46.19377148750
2       46.19382867500
2       46.19408727500
4       46.19408729583
1       46.19408741667
2       46.19410920417
2       46.19436457083
4       46.19436458750
1       46.19436470833
2       46.19439142083
2       46.19464574583
4       46.19464574583
1       46.19464588333
2       46.19489457500
4       46.19489457500
1       46.19489471250
2       46.19503957917
2       46.19507536250
4       46.19507538333
1       46.19507550417
2       46.19510950000
2       46.19514924583
2       46.19518269167
2       46.19520191667
2       46.19521286250
2       46.19526416250
4       46.19526418333
1       46.19526430417
2       46.19541958333
2       46.19548012500
4       46.19548014583
1       46.19548026250
2       46.19550096250
2       46.19555799167
2       46.19572626250
4       46.19572628333
1       46.19572640417
2       46.19585970833
2       46.19620559167
4       46.19620561250
1       46.19620573333
2       46.19621187083
2       46.19621676250
2       46.19630325833
2       46.19631047500
2       46.19637317500
2       46.19641089167
4       46.19641091250
1       46.19641103333
2       46.19649101250
2       46.19657050417
2       46.19672925000
4       46.19672927083
1       46.19672939167
2       46.19676794583
2       46.19678447083
2       46.19695312083
4       46.19695313750
1       46.19695325833
2       46.19705077917
2       46.19741810000
4       46.19741812083
1       46.19741824167
2       46.19744037917
2       46.19761457083
4       46.19761458750
1       46.19761470833
2       46.19771263333
2       46.19787595000
4       46.19787596667
1       46.19787608750
2       46.19798688333
2       46.19801404583
2       46.19802823750
2       46.19814687500
4       46.19814689583
1       46.19814701667
2       46.19821075417
2       46.19841447917
4       46.19841449583
1       46.19841461667
2       46.19862414167
4       46.19862416250
1       46.19862427917
2       46.19863671667
2       46.19864895000
2       46.19873543750
2       46.19876457500
2       46.19882594167
4       46.19882596250
1       46.19882608333
2       46.19883612083
2       46.19894450417
2       46.19913195417
4       46.19913197500
1       46.19913209583
2       46.19921607500
2       46.19938527500
4       46.19938527500
1       46.19938541250
2       46.19946686250
2       46.19970924583
4       46.19970924583
1       46.19970938333
2       46.19992221250
4       46.19992223333
1       46.19992235417
2       46.19992257500
2       46.20024057917
4       46.20024059583
1       46.20024071667
2       46.20028593333
2       46.20028955000
2       46.20034096667
2       46.20045686667
4       46.20045688333
1       46.20045700417
2       46.20047274167
2       46.20047301667
2       46.20081780000
4       46.20081781667
1       46.20081793750
2       46.20106527083
4       46.20106528750
1       46.20106540833
2       46.20115142917
2       46.20135047083
4       46.20135048750
1       46.20135060833
2       46.20147630833
2       46.20159787500
4       46.20159789583
1       46.20159801667
2       46.20172082500
2       46.20191755833
4       46.20191757500
1       46.20191769583
2       46.20210936667
4       46.20210938750
1       46.20210950833
2       46.20211858750
2       46.20240782500
4       46.20240782500
1       46.20240796250
2       46.20241343750
2       46.20277042917
4       46.20277044583
1       46.20277056667
2       46.20298243333
4       46.20298243333
1       46.20298257083
2       46.20308380833
2       46.20315628333
2       46.20325177083
4       46.20325178750
1       46.20325190833
2       46.20327622917
2       46.20329875000
2       46.20339357083
2       46.20341112500
2       46.20361777917
4       46.20361780000
1       46.20361792083
2       46.20363927500
2       46.20375195000
2       46.20384622917
4       46.20384624583
1       46.20384636667
2       46.20388179583
2       46.20404701667
4       46.20404703750
1       46.20404715833
2       46.20433084167
4       46.20433085833
1       46.20433097917
2       46.20434540833
2       46.20463920417
4       46.20463922500
1       46.20463934167
2       46.20473993333
2       46.20479763333
2       46.20487208750
4       46.20487210417
1       46.20487222500
2       46.20487842917
2       46.20491751250
2       46.20492312083
2       46.20493070000
2       46.20531686667
4       46.20531688750
1       46.20531700417
2       46.20535232083
2       46.20535744167
2       46.20556596667
4       46.20556598750
1       46.20556610833
2       46.20585318750
4       46.20585320417
1       46.20585332500
2       46.20594106250
2       46.20604770417
4       46.20604772500
1       46.20604784583
2       46.20612176250
2       46.20619800417
2       46.20620066250
2       46.20626590417
4       46.20626592500
1       46.20626604583
2       46.20649961250
4       46.20649963333
1       46.20649975417
2       46.20651395000
2       46.20651991667
2       46.20652689167
2       46.20657195417
2       46.20663922917
2       46.20685251250
4       46.20685253333
1       46.20685265417
2       46.20689816250
2       46.20708708333
4       46.20708710417
1       46.20708722083
2       46.20722113333
2       46.20722743750
2       46.20732381667
4       46.20732383750
1       46.20732395833
2       46.20738439583
2       46.20741416250
2       46.20754616667
4       46.20754618750
1       46.20754630417
2       46.20755038333
2       46.20760702083
2       46.20764206667
2       46.20790514583
4       46.20790514583
1       46.20790528333
2       46.20792563750
2       46.20797142083
2       46.20811912083
4       46.20811913750
1       46.20811925833
2       46.20817574583
2       46.20874982500
4       46.20874984583
1       46.20874996250
2       46.20881728333
2       46.20888525833
2       46.20889152500
2       46.20901310417
4       46.20901312500
1       46.20901324583
2       46.20919663750
2       46.20928466667
4       46.20928468750
1       46.20928480833
2       46.20930492917
2       46.20949502917
4       46.20949504583
1       46.20949516667
2       46.20949772083
2       46.20956724167
2       46.20973220417
4       46.20973222500
1       46.20973234583
2       46.20988522083
2       46.20998521667
4       46.20998521667
1       46.20998535417
2       46.21001382917
2       46.21006145000
2       46.21010702500
2       46.21014920000
2       46.21027602500
4       46.21027602500
1       46.21027616250
2       46.21038178750
2       46.21039625000
2       46.21054343750
4       46.21054345417
1       46.21054357500
2       46.21055600000
2       46.21056327083
2       46.21064015000
2       46.21067386250
2       46.21082094583
4       46.21082094583
1       46.21082108333
2       46.21086629167
2       46.21094877083
2       46.21096600000
2       46.21130485833
4       46.21130487500
1       46.21130499583
2       46.21134059167
2       46.21138242500
2       46.21152415417
4       46.21152417500
1       46.21152429583
2       46.21154000417
2       46.21155923750
2       46.21157980833
2       46.21166392917
2       46.21168838333
2       46.21168908750
2       46.21180563333
4       46.21180565417
1       46.21180577500
2       46.21196775417
2       46.21205212500
4       46.21205212500
1       46.21205226250
2       46.21205340000
2       46.21213597917
2       46.21244032083
4       46.21244033750
1       46.21244045833
2       46.21257254167
2       46.21259229167
2       46.21265519167
4       46.21265520833
1       46.21265532917
2       46.21281254583
2       46.21287188750
4       46.21287190417
1       46.21287202500
2       46.21289049167
2       46.21291755833
2       46.21304407500
2       46.21311375000
4       46.21311377083
1       46.21311389167
2       46.21344828333
4       46.21344828333
1       46.21344842083
2       46.21350519167
2       46.21360564583
2       46.21362442083
2       46.21372717500
4       46.21372719583
1       46.21372731667
2       46.21373133750
2       46.21375260000
2       46.21382387500
2       46.21395367917
4       46.21395370000
1       46.21395382083
2       46.21410245000
2       46.21439254167
4       46.21439256250
1       46.21439268333
2       46.21459429583
4       46.21459429583
1       46.21459443333
2       46.21464395417
2       46.21464932083
2       46.21479664167
4       46.21479665833
1       46.21479677917
2       46.21486385833
2       46.21491422083
2       46.21498147917
2       46.21527562083
4       46.21527563750
1       46.21527575833
2       46.21531965000
2       46.21540322083
2       46.21541338333
2       46.21546874167
4       46.21546875833
1       46.21546887917
2       46.21559615000
2       46.21577875000
4       46.21577876667
1       46.21577888750
2       46.21580555833
2       46.21581921667
2       46.21586061250
2       46.21625074167
4       46.21625076250
1       46.21625088333
2       46.21627460417
2       46.21632795417
2       46.21636742917
2       46.21638022917
2       46.21642634167
2       46.21651112083
4       46.21651113750
1       46.21651125833
2       46.21657438750
2       46.21660247917
2       46.21677609583
4       46.21677611667
1       46.21677623750
2       46.21677668333
2       46.21680814167
2       46.21705337500
4       46.21705339583
1       46.21705351250
2       46.21707954583
2       46.21731268750
4       46.21731270417
1       46.21731282500
2       46.21736827917
2       46.21738485000
2       46.21750905417
4       46.21750905417
1       46.21750919167
2       46.21756175000
2       46.21760088333
2       46.21783075000
4       46.21783077083
1       46.21783089167
2       46.21783743333
2       46.21785125000
2       46.21789234167
2       46.21791746250
2       46.21795587083
2       46.21812183333
4       46.21812183333
1       46.21812197083
2       46.21817056250
2       46.21819426250
2       46.21846567917
4       46.21846570000
1       46.21846581667
2       46.21886972083
4       46.21886974167
1       46.21886986250
2       46.21890256667
2       46.21902504583
2       46.21906050833
2       46.21907937917
4       46.21907939583
1       46.21907951667
2       46.21928508750
4       46.21928510833
1       46.21928522917
2       46.21951399167
4       46.21951400833
1       46.21951412917
2       46.21955572083
2       46.21985347917
4       46.21985349583
1       46.21985361667
2       46.21989986667
2       46.22005589167
4       46.22005590833
1       46.22005602917
2       46.22021017083
2       46.22028807500
4       46.22028809583
1       46.22028821250
2       46.22030692917
2       46.22039245417
2       46.22082967917
4       46.22082969583
1       46.22082981667
2       46.22089222500
2       46.22109292500
4       46.22109294583
1       46.22109306250
2       46.22110292083
2       46.22123570417
2       46.22154907500
4       46.22154909583
1       46.22154921667
2       46.22161325000
2       46.22195120000
4       46.22195122083
1       46.22195134167
2       46.22217902500
4       46.22217904583
1       46.22217916667
2       46.22223435417
2       46.22260703750
4       46.22260705833
1       46.22260717917
2       46.22263903750
2       46.22273120000
2       46.22297204583
4       46.22297206667
1       46.22297218750
2       46.22308367083
2       46.22322143750
4       46.22322145833
1       46.22322157917
2       46.22325151250
2       46.22327669167
2       46.22344665000
4       46.22344666667
1       46.22344678750
2       46.22347380833
2       46.22348019583
2       46.22353149583
2       46.22365570833
4       46.22365572917
1       46.22365585000
2       46.22374545417
2       46.22387589167
4       46.22387590833
1       46.22387602917
2       46.22412370417
4       46.22412370417
1       46.22412384167
2       46.22418202083
2       46.22419693333
2       46.22430129583
2       46.22437643333
4       46.22437645417
1       46.22437657500
2       46.22447413333
2       46.22448476667
2       46.22458109167
4       46.22458110833
1       46.22458122917
2       46.22459996667
2       46.22471556667
2       46.22471724167
2       46.22492983750
4       46.22492985417
1       46.22492997500
2       46.22493181250
2       46.22502265417
2       46.22509517083
2       46.22524622917
4       46.22524624583
1       46.22524636667
2       46.22532443333
2       46.22535653333
2       46.22549238750
4       46.22549240833
1       46.22549252917
2       46.22550493333
2       46.22575165833
4       46.22575167500
1       46.22575179583
2       46.22584347083
2       46.22590742500
2       46.22600967500
4       46.22600969583
1       46.22600981667
2       46.22634357500
4       46.22634359583
1       46.22634371667
2       46.22634917500
2       46.22636247083
2       46.22643887917
2       46.22657809167
4       46.22657810833
1       46.22657822917
2       46.22660783750
2       46.22668670000
2       46.22681057500
4       46.22681057500
1       46.22681071250
2       46.22701451667
4       46.22701453750
1       46.22701465833
2       46.22704142917
2       46.22718886667
2       46.22724757917
4       46.22724759583
1       46.22724771667
2       46.22731474167
2       46.22764035417
4       46.22764035417
1       46.22764049167
2       46.22766028750
2       46.22767017917
2       46.22779507500
2       46.22783640417
4       46.22783640417
1       46.22783654167
2       46.22811201250
4       46.22811203333
1       46.22811215417
2       46.22829777917
4       46.22829779583
1       46.22829791667
2       46.22832660417
2       46.22840384167
2       46.22842472917
2       46.22850946250
4       46.22850947917
1       46.22850960000
2       46.22857669583
2       46.22875911250
4       46.22875912917
1       46.22875925000
2       46.22876985417
2       46.22904702917
4       46.22904705000
1       46.22904716667
2       46.22905895417
2       46.22958466667
4       46.22958468333
1       46.22958480417
2       46.22987277917
4       46.22987280000
1       46.22987292083
2       46.23000329583
2       46.23033288333
4       46.23033288333
1       46.23033302083
2       46.23044448750
2       46.23048856667
2       46.23064451667
4       46.23064453333
1       46.23064465417
2       46.23096982500
4       46.23096982500
1       46.23096996250
2       46.23100721667
2       46.23103238333
2       46.23105797917
2       46.23117515417
4       46.23117517500
1       46.23117529583
2       46.23121100417
2       46.23128220417
2       46.23131591667
2       46.23159047917
4       46.23159050000
1       46.23159062083
2       46.23186351250
4       46.23186353333
1       46.23186365417
2       46.23198540000
2       46.23203732917
2       46.23210889583
4       46.23210891667
1       46.23210903750
2       46.23224047083
2       46.23240865833
4       46.23240867500
1       46.23240879583
2       46.23261071667
2       46.23269814167
4       46.23269816250
1       46.23269828333
2       46.23283867500
2       46.23294499167
4       46.23294501250
1       46.23294512917
2       46.23306484583
2       46.23317549583
4       46.23317551667
1       46.23317563333
2       46.23317874583
2       46.23318273750
2       46.23332481250
2       46.23338013750
4       46.23338015833
1       46.23338027917
2       46.23345929583
2       46.23366967500
4       46.23366967500
1       46.23366981250
2       46.23403400000
4       46.23403402083
1       46.23403414167
2       46.23424632500
4       46.23424632500
1       46.23424646250
2       46.23436320833
2       46.23441118750
2       46.23460540417
4       46.23460540417
1       46.23460554167
2       46.23461499583
2       46.23466333333
2       46.23469512500
2       46.23473822917
2       46.23475647083
2       46.23487567500
4       46.23487569583
1       46.23487581667
2       46.23502795417
2       46.23510958333
4       46.23510958333
1       46.23510972083
2       46.23528205417
2       46.23530268333
2       46.23530531250
2       46.23537646667
4       46.23537648333
1       46.23537660417
2       46.23541063333
2       46.23547587083
2       46.23562956250
4       46.23562958333
1       46.23562970417
2       46.23575439167
2       46.23582967500
4       46.23582969583
1       46.23582981667
2       46.23583926667
2       46.23602628750
4       46.23602630833
1       46.23602642917
2       46.23607939583
2       46.23646093750
4       46.23646095833
1       46.23646107917
2       46.23661555000
2       46.23677057500
4       46.23677057500
1       46.23677071250
2       46.23689117917
2       46.23698126667
4       46.23698128750
1       46.23698140833
2       46.23718627083
4       46.23718628750
1       46.23718640833
2       46.23747414167
4       46.23747416250
1       46.23747428333
2       46.23783043750
4       46.23783045833
1       46.23783057500
2       46.23783586250
2       46.23789580833
2       46.23790140417
2       46.23802042083
4       46.23802043750
1       46.23802055833
2       46.23802757917
2       46.23811101250
2       46.23824984583
4       46.23824986667
1       46.23824998750
2       46.23830390000
2       46.23830716250
2       46.23835252500
2       46.23865106667
4       46.23865108750
1       46.23865120833
2       46.23891328750
4       46.23891330833
1       46.23891342500
2       46.23896692500
2       46.23902824167
2       46.23905314583
2       46.23913290833
4       46.23913292917
1       46.23913305000
2       46.23929257917
2       46.23977226250
4       46.23977227917
1       46.23977240000
2       46.23984043333
2       46.23988776250
2       46.24012062500
4       46.24012064583
1       46.24012076250
2       46.24015745833
2       46.24032203333
4       46.24032205417
1       46.24032217500
2       46.24041603750
2       46.24048557917
2       46.24054694167
4       46.24054695833
1       46.24054707917
2       46.24066920833
2       46.24106426250
4       46.24106427917
1       46.24106440000
2       46.24134547917
4       46.24134549583
1       46.24134561667
2       46.24142371250
2       46.24144625000
2       46.24176255417
4       46.24176257500
1       46.24176269583
2       46.24186329583
2       46.24205463333
4       46.24205465000
1       46.24205477083
2       46.24207326250
2       46.24208444583
2       46.24217727083
2       46.24225513750
4       46.24225515417
1       46.24225527500
2       46.24227234167
2       46.24232131667
2       46.24237200833
2       46.24238699167
2       46.24245907083
4       46.24245909167
1       46.24245921250
2       46.24254925417
2       46.24257700000
2       46.24273993750
4       46.24273995833
1       46.24274007917
2       46.24288406250
2       46.24290160833
2       46.24290461250
2       46.24323818333
4       46.24323820417
1       46.24323832500
2       46.24350340833
4       46.24350342917
1       46.24350355000
2       46.24358067083
2       46.24382437083
4       46.24382439167
1       46.24382451250
2       46.24382776250
2       46.24392349167
2       46.24439277500
4       46.24439279583
1       46.24439291667
2       46.24441795000
2       46.24448952500
2       46.24459354583
2       46.24480849583
4       46.24480851667
1       46.24480863750
2       46.24483763333
2       46.24507678333
4       46.24507680417
1       46.24507692083
2       46.24525696667
2       46.24547093750
4       46.24547095833
1       46.24547107917
2       46.24563292083
2       46.24578757917
4       46.24578760000
1       46.24578772083
2       46.24615492500
4       46.24615494583
1       46.24615506667
2       46.24633846250
2       46.24637888333
4       46.24637890417
1       46.24637902083
2       46.24659977917
4       46.24659979583
1       46.24659991667
2       46.24670254167
2       46.24689554583
4       46.24689554583
1       46.24689568333
2       46.24715728750
4       46.24715730417
1       46.24715742500
2       46.24721022917
2       46.24736756250
4       46.24736757917
1       46.24736770000
2       46.24741298750
2       46.24743519167
2       46.24758948333
4       46.24758950000
1       46.24758962083
2       46.24764388333
2       46.24773858750
2       46.24787862917
4       46.24787865000
1       46.24787877083
2       46.24794729583
2       46.24801077083
2       46.24810750417
4       46.24810750417
1       46.24810764167
2       46.24820423750
2       46.24820621667
2       46.24830168333
4       46.24830168333
1       46.24830182083
2       46.24835325417
2       46.24848181667
2       46.24873486250
4       46.24873487917
1       46.24873500000
2       46.24885547083
2       46.24894413750
4       46.24894415833
1       46.24894427917
2       46.24908603750
2       46.24913633333
4       46.24913635417
1       46.24913647500
2       46.24916882917
2       46.24949799583
4       46.24949799583
1       46.24949813333
2       46.24992799583
4       46.24992801667
1       46.24992813750
2       46.25044737917
4       46.25044739583
1       46.25044751667
2       46.25046482500
2       46.25046553333
2       46.25060528750
2       46.25095800833
4       46.25095802917
1       46.25095815000
2       46.25100848333
2       46.25104555833
2       46.25129125000
4       46.25129126667
1       46.25129138750
2       46.25135455417
2       46.25142283333
2       46.25142576667
2       46.25145427083
2       46.25154096250
4       46.25154098333
1       46.25154110417
2       46.25157947083
2       46.25187893750
4       46.25187895833
1       46.25187907917
2       46.25188877083
2       46.25215145417
4       46.25215147500
1       46.25215159583
2       46.25242243750
4       46.25242245417
1       46.25242257500
2       46.25249000417
2       46.25258642917
2       46.25273637083
4       46.25273639167
1       46.25273651250
2       46.25303417500
4       46.25303419583
1       46.25303431667
2       46.25304478333
2       46.25313452917
2       46.25321702083
4       46.25321704167
1       46.25321716250
2       46.25338824583
2       46.25345618750
4       46.25345620833
1       46.25345632917
2       46.25360462500
2       46.25370361250
4       46.25370362917
1       46.25370375000
2       46.25370726667
2       46.25385932500
2       46.25390872917
4       46.25390874583
1       46.25390886667
2       46.25398482917
2       46.25413223333
4       46.25413223333
1       46.25413237083
2       46.25417095000
2       46.25419215833
2       46.25428621250
2       46.25438258750
4       46.25438260833
1       46.25438272917
2       46.25439297083
2       46.25450285833
2       46.25451182917
2       46.25457371250
4       46.25457372917
1       46.25457385000
2       46.25473106667
2       46.25480227083
4       46.25480228750
1       46.25480240833
2       46.25496493333
2       46.25508544167
4       46.25508546250
1       46.25508557917
2       46.25519044167
2       46.25530612500
4       46.25530612500
1       46.25530626250
2       46.25538118333
2       46.25540975000
2       46.25563563333
4       46.25563563333
1       46.25563577083
2       46.25576626250
2       46.25585991667
4       46.25585993333
1       46.25586005417
2       46.25610930417
4       46.25610930417
1       46.25610944167
2       46.25611754583
2       46.25619110000
2       46.25627026667
2       46.25627527083
2       46.25633154583
4       46.25633156667
1       46.25633168333
2       46.25663760833
4       46.25663762917
1       46.25663775000
2       46.25667606250
2       46.25671510417
2       46.25692910833
4       46.25692912917
1       46.25692924583
2       46.25710363333
4       46.25710363333
1       46.25710377083
2       46.25718076667
2       46.25730014583
4       46.25730014583
1       46.25730028333
2       46.25745643333
2       46.25749614167
4       46.25749616250
1       46.25749628333
2       46.25751867083
2       46.25810203333
4       46.25810205417
1       46.25810217500
2       46.25814602917
2       46.25843260000
4       46.25843261667
1       46.25843273750
2       46.25847633333
2       46.25847726250
2       46.25862992500
4       46.25862994583
1       46.25863006250
2       46.25881243750
2       46.25885259583
4       46.25885259583
1       46.25885273333
2       46.25900789167
2       46.25908306250
4       46.25908308333
1       46.25908320417
2       46.25913679167
2       46.25917583750
2       46.25921392083
2       46.25930962083
4       46.25930963750
1       46.25930975833
2       46.25935796250
2       46.25943419583
2       46.25943917917
2       46.25951896667
4       46.25951898750
1       46.25951910833
2       46.25951998750
2       46.25953185000
2       46.25960737917
2       46.25963592500
2       46.25965742083
2       46.25973032917
4       46.25973034583
1       46.25973046667
2       46.26013870417
4       46.26013872500
1       46.26013884583
2       46.26022610833
2       46.26041057083
4       46.26041059167
1       46.26041071250
2       46.26044111667
2       46.26065799167
4       46.26065801250
1       46.26065813333
2       46.26078622500
2       46.26082899167
4       46.26082900833
1       46.26082912917
2       46.26098528750
2       46.26100685833
2       46.26104498333
4       46.26104498333
1       46.26104512083
2       46.26104751667
2       46.26119501667
2       46.26152848750
4       46.26152850417
1       46.26152862500
2       46.26154148333
2       46.26158522500
2       46.26170271667
2       46.26170574167
2       46.26179123750
4       46.26179125417
1       46.26179137500
2       46.26192504167
2       46.26205421250
4       46.26205423333
1       46.26205435417
2       46.26218005833
2       46.26225227917
4       46.26225230000
1       46.26225242083
2       46.26229420417
2       46.26231455000
2       46.26268413750
4       46.26268415417
1       46.26268427500
2       46.26270133333
2       46.26275909167
2       46.26301766667
4       46.26301768750
1       46.26301780417
2       46.26304981667
2       46.26313968333
2       46.26316674583
2       46.26333241250
4       46.26333243333
1       46.26333255000
2       46.26338071250
2       46.26339925833
2       46.26346249583
2       46.26355693750
4       46.26355695417
1       46.26355707500
2       46.26372318750
2       46.26400049167
4       46.26400051250
1       46.26400062917
2       46.26409816667
2       46.26417135417
2       46.26463214583
4       46.26463216667
1       46.26463228333
2       46.26468247083
2       46.26469135833
2       46.26469784583
2       46.26482095000
2       46.26503489583
4       46.26503491667
1       46.26503503333
2       46.26517603333
2       46.26518494583
2       46.26520719583
2       46.26523192917
4       46.26523195000
1       46.26523207083
2       46.26524286250
2       46.26535520000
2       46.26538865417
2       46.26542805417
4       46.26542805417
1       46.26542819167
2       46.26571299583
4       46.26571299583
1       46.26571313333
2       46.26588279167
4       46.26588280833
1       46.26588292917
2       46.26604582500
2       46.26611171250
4       46.26611172917
1       46.26611185000
2       46.26612459167
2       46.26634417917
4       46.26634419583
1       46.26634431667
2       46.26654594167
4       46.26654596250
1       46.26654608333
2       46.26670897500
2       46.26695341250
4       46.26695343333
1       46.26695355417
2       46.26699341250
2       46.26734251667
4       46.26734253333
1       46.26734265417
2       46.26741803333
2       46.26754821667
4       46.26754821667
1       46.26754835417
2       46.26759193333
2       46.26768276667
2       46.26769036667
2       46.26772115833
2       46.26784592917
4       46.26784594583
1       46.26784606667
2       46.26791692917
2       46.26796858750
2       46.26804540000
4       46.26804542083
1       46.26804553750
2       46.26812520000
2       46.26823185417
2       46.26825897500
4       46.26825897500
1       46.26825911250
2       46.26838520833
2       46.26841470000
2       46.26859496667
4       46.26859498750
1       46.26859510833
2       46.26869954167
2       46.26888939167
4       46.26888941250
1       46.26888953333
2       46.26889895833
2       46.26899998333
2       46.26930603333
4       46.26930605417
1       46.26930617500
2       46.26933494583
2       46.26935924583
2       46.26955941250
4       46.26955943333
1       46.26955955417
2       46.26965950833
2       46.26985623333
4       46.26985625417
1       46.26985637500
2       46.26994133750
2       46.26999365833
2       46.27009112917
4       46.27009114583
1       46.27009126667
2       46.27010728750
2       46.27013839583
2       46.27029842083
4       46.27029843750
1       46.27029855833
2       46.27030833333
2       46.27031527500
2       46.27042554167
2       46.27062135833
4       46.27062137917
1       46.27062150000
2       46.27064652500
2       46.27108435833
4       46.27108437500
1       46.27108449583
2       46.27122755417
2       46.27124074583
2       46.27127886667
4       46.27127888750
1       46.27127900417
2       46.27144545417
2       46.27174787083
4       46.27174789167
1       46.27174800833
2       46.27184830833
2       46.27189560000
2       46.27196940833
4       46.27196942500
1       46.27196954583
2       46.27209526250
2       46.27213279583
2       46.27221052917
4       46.27221055000
1       46.27221067083
2       46.27246425833
4       46.27246427500
1       46.27246439583
2       46.27267031250
4       46.27267032917
1       46.27267045000
2       46.27267231250
2       46.27270644167
2       46.27280645000
2       46.27286444167
2       46.27321150833
4       46.27321152500
1       46.27321164583
2       46.27325070833
2       46.27366267917
4       46.27366270000
1       46.27366282083
2       46.27375241250
2       46.27377326667
2       46.27383692500
2       46.27407170000
4       46.27407171667
1       46.27407183750
2       46.27418398750
2       46.27420294583
2       46.27444668750
4       46.27444670417
1       46.27444682500
2       46.27455338333
2       46.27457657083
2       46.27487730417
4       46.27487730417
1       46.27487744167
2       46.27488090417
2       46.27507963333
4       46.27507965417
1       46.27507977083
2       46.27537378750
4       46.27537380417
1       46.27537392500
2       46.27554905833
2       46.27588724583
4       46.27588724583
1       46.27588738333
2       46.27603622917
2       46.27603850833
2       46.27614785000
4       46.27614787083
1       46.27614799167
2       46.27627538750
2       46.27629029583
2       46.27629296667
2       46.27630522083
2       46.27647748333
4       46.27647748333
1       46.27647762083
2       46.27657123333
2       46.27662748333
2       46.27669272500
4       46.27669274583
1       46.27669286667
2       46.27669305833
2       46.27672522500
2       46.27679573750
2       46.27702299167
4       46.27702301250
1       46.27702313333
2       46.27743074583
4       46.27743076667
1       46.27743088750
2       46.27751192917
2       46.27756555417
2       46.27785038750
4       46.27785040833
1       46.27785052500
2       46.27812959167
4       46.27812960833
1       46.27812972917
2       46.27814217083
2       46.27825122917
2       46.27832235000
4       46.27832237083
1       46.27832249167
2       46.27835412500
2       46.27854065000
4       46.27854066667
1       46.27854078750
2       46.27869598750
2       46.27873334167
2       46.28027035417
4       46.28027037500
1       46.28027049583
2       46.28033693750
2       46.28043260833
2       46.28043467083
2       46.28056744583
4       46.28056744583
1       46.28056758333
2       46.28062408333
2       46.28068037083
2       46.28083901667
4       46.28083903750
1       46.28083915833
2       46.28083934583
2       46.28092291667
2       46.28098744167
2       46.28102752083
2       46.28103247917
2       46.28106928750
4       46.28106930833
1       46.28106942917
2       46.28112885000
2       46.28115706667
2       46.28128686250
4       46.28128688333
1       46.28128700417
2       46.28175422083
4       46.28175423750
1       46.28175435833
2       46.28186550000
2       46.28192145833
2       46.28192914167
4       46.28192916250
1       46.28192927917
2       46.28216196250
4       46.28216198333
1       46.28216210417
2       46.28217119583
2       46.28234741250
2       46.28247537917
4       46.28247540000
1       46.28247551667
2       46.28249415833
2       46.28254826250
2       46.28259124167
2       46.28265280417
4       46.28265282500
1       46.28265294167
2       46.28270056667
2       46.28274659167
2       46.28286788333
4       46.28286788333
1       46.28286802083
2       46.28301023333
2       46.28311035833
4       46.28311037500
1       46.28311049583
2       46.28319744583
2       46.28335237917
4       46.28335239583
1       46.28335251667
2       46.28345107083
2       46.28349359583
2       46.28355540000
4       46.28355542083
1       46.28355554167
2       46.28382043333
4       46.28382043333
1       46.28382057083
2       46.28390692083
2       46.28425896250
4       46.28425897917
1       46.28425910000
2       46.28450939167
4       46.28450941250
1       46.28450952917
2       46.28459185833
2       46.28459683750
2       46.28471176250
2       46.28471407083
2       46.28480553750
4       46.28480555417
1       46.28480567500
2       46.28491381250
2       46.28496543333
2       46.28500353750
2       46.28516651667
4       46.28516653750
1       46.28516665833
2       46.28525365000
2       46.28542787083
4       46.28542788750
1       46.28542800833
2       46.28589850417
4       46.28589852500
1       46.28589864167
2       46.28607250833
2       46.28612311250
4       46.28612312917
1       46.28612325000
2       46.28627246667
2       46.28660927083
4       46.28660929167
1       46.28660941250
2       46.28664682500
2       46.28676206250
2       46.28680244583
4       46.28680246667
1       46.28680258750
2       46.28690820000
2       46.28691904167
2       46.28713433750
4       46.28713435417
1       46.28713447500
2       46.28731385000
4       46.28731386667
1       46.28731398750
2       46.28733072917
2       46.28744112917
2       46.28748607917
2       46.28750957500
4       46.28750959583
1       46.28750971667
2       46.28755834583
2       46.28759376667
2       46.28780075000
4       46.28780077083
1       46.28780089167
2       46.28781565417
2       46.28784884583
2       46.28790180000
2       46.28802534583
4       46.28802534583
1       46.28802548333
2       46.28817505833
2       46.28831703750
4       46.28831705417
1       46.28831717500
2       46.28838083750
2       46.28842842917
2       46.28858707500
4       46.28858709583
1       46.28858721250
2       46.28869405417
2       46.28879113333
4       46.28879115417
1       46.28879127500
2       46.28896338333
2       46.28901501250
4       46.28901503333
1       46.28901515417
2       46.28921908333
4       46.28921908333
1       46.28921922083
2       46.28924624583
2       46.28929227500
2       46.28934029583
2       46.28944760000
4       46.28944762083
1       46.28944774167
2       46.28948106667
2       46.28954209167
2       46.28955126250
2       46.28976825000
4       46.28976827083
1       46.28976839167
2       46.28983623333
2       46.28985577083
2       46.28995080833
2       46.29275924167
4       46.29275925833
1       46.29275937917
2       46.29280166250
2       46.29298344583
4       46.29298344583
1       46.29298358333
2       46.29322531667
4       46.29322531667
1       46.29322545417
2       46.29327200833
2       46.29351742917
4       46.29351744583
1       46.29351756667
2       46.29358769167
2       46.29360021250
2       46.29375165833
4       46.29375167917
1       46.29375180000
2       46.29403082917
4       46.29403084583
1       46.29403096667
2       46.29411593333
2       46.29420376250
2       46.29432497917
4       46.29432499583
1       46.29432511667
2       46.29457705833
4       46.29457707917
1       46.29457720000
2       46.29475098333
2       46.29489628333
4       46.29489630417
1       46.29489642500
2       46.29501364583
2       46.29531372917
4       46.29531375000
1       46.29531387083
2       46.29535541667
2       46.29574357917
4       46.29574360000
1       46.29574372083
2       46.29577071250
2       46.29581700417
2       46.29598306667
4       46.29598308750
1       46.29598320417
2       46.29636428333
4       46.29636428333
1       46.29636442083
2       46.29647862083
2       46.29651937917
2       46.29693437500
4       46.29693439583
1       46.29693451667
2       46.29715236667
4       46.29715238750
1       46.29715250833
2       46.29741760000
4       46.29741762083
1       46.29741774167
2       46.29758262500
2       46.29772330000
4       46.29772331667
1       46.29772343750
2       46.29781371250
2       46.29783397500
2       46.29787702500
2       46.29796278333
4       46.29796280417
1       46.29796292500
2       46.29801787500
2       46.29808002083
2       46.29830259583
4       46.29830261667
1       46.29830273333
2       46.29838979167
2       46.29856461667
4       46.29856463750
1       46.29856475833
2       46.29885179583
4       46.29885181667
1       46.29885193750
2       46.29886049583
2       46.29895855000
2       46.29917310417
4       46.29917312500
1       46.29917324583
2       46.29917582917
2       46.29928008333
2       46.29957230833
4       46.29957232500
1       46.29957244583
2       46.29968525000
2       46.29970836250
2       46.29972035417
2       46.29978585417
4       46.29978585417
1       46.29978599167
2       46.29994055000
2       46.30005019583
4       46.30005019583
1       46.30005033333
2       46.30020852083
2       46.30021346667
2       46.30053053750
4       46.30053055833
1       46.30053067917
2       46.30065574167
2       46.30073583750
4       46.30073585833
1       46.30073597917
2       46.30079248750
2       46.30097267500
4       46.30097267500
1       46.30097281250
2       46.30148412500
4       46.30148412500
1       46.30148426250
2       46.30156960417
2       46.30165668333
2       46.30194256250
4       46.30194258333
1       46.30194270417
2       46.30235520417
4       46.30235522500
1       46.30235534583
2       46.30243435417
2       46.30249004167
2       46.30261287917
4       46.30261289583
1       46.30261301667
2       46.30265265833
2       46.30269340417
2       46.30281160000
4       46.30281161667
1       46.30281173750
2       46.30585312917
4       46.30585314583
1       46.30585326667
2       46.30586559583
2       46.30589067083
2       46.30593645833
2       46.30607492500
4       46.30607492500
1       46.30607506250
2       46.30619448333
2       46.30635245417
4       46.30635247500
1       46.30635259583
2       46.30635346667
2       46.30637109167
2       46.30647872083
2       46.30662541667
4       46.30662543750
1       46.30662555833
2       46.30674417083
2       46.30683262500
4       46.30683262500
1       46.30683276250
2       46.30693970833
2       46.30703517500
4       46.30703517500
1       46.30703531250
2       46.30709901667
2       46.30719179167
2       46.30729645000
4       46.30729647083
1       46.30729659167
2       46.30736276667
2       46.30739854167
2       46.30746205417
2       46.30749450417
4       46.30749452500
1       46.30749464583
2       46.30767801250
2       46.30767973750
2       46.30768302500
2       46.30779162083
4       46.30779164167
1       46.30779176250
2       46.30779665833
2       46.30793836250
2       46.30795535833
2       46.30804299167
4       46.30804300833
1       46.30804312917
2       46.30808310417
2       46.30813342917
2       46.30828181250
4       46.30828182917
1       46.30828195000
2       46.30833247500
2       46.30834300417
2       46.30834312917
2       46.30849847500
4       46.30849847500
1       46.30849861250
2       46.30857164583
2       46.30861208750
2       46.30872741250
4       46.30872742917
1       46.30872755000
2       46.30891312083
2       46.30895556250
4       46.30895558333
1       46.30895570417
2       46.30904140000
2       46.30906647500
2       46.30926031250
4       46.30926032917
1       46.30926045000
2       46.30930170417
2       46.30933315000
2       46.30938815833
2       46.30948954583
4       46.30948954583
1       46.30948968333
2       46.30953488333
2       46.30999396667
4       46.30999398750
1       46.30999410833
2       46.31014731250
2       46.31019689583
4       46.31019689583
1       46.31019703333
2       46.31022917917
2       46.31053682917
4       46.31053685000
1       46.31053697083
2       46.31073895417
4       46.31073895417
1       46.31073909167
2       46.31075976250
2       46.31079390000
2       46.31088600833
2       46.31096670000
4       46.31096671667
1       46.31096683750
2       46.31098472083
2       46.31109885000
2       46.31120555417
4       46.31120557500
1       46.31120569167
2       46.31161136250
4       46.31161138333
1       46.31161150417
2       46.31177862083
2       46.31186275000
4       46.31186277083
1       46.31186288750
2       46.31189523750
2       46.31249668750
4       46.31249670417
1       46.31249682500
2       46.31258684167
2       46.31264437500
2       46.31267061667
2       46.31287070833
4       46.31287072917
1       46.31287085000
2       46.31287734167
2       46.31305455833
4       46.31305457500
1       46.31305469583
2       46.31328039167
4       46.31328040833
1       46.31328052917
2       46.31330329583
2       46.31334802083
2       46.31344106250
2       46.31349705417
4       46.31349705417
1       46.31349719167
2       46.31404988750
4       46.31404990833
1       46.31405002917
2       46.31409384583
2       46.31415680000
2       46.31416338333
2       46.31427841667
4       46.31427843333
1       46.31427855417
2       46.31431517083
2       46.31444334583
2       46.31459342500
4       46.31459344583
1       46.31459356250
2       46.31465272500
2       46.31481096667
4       46.31481098333
1       46.31481110417
2       46.31482783750
2       46.31485842083
2       46.31492397500
2       46.31495680833
2       46.31515420417
4       46.31515420417
1       46.31515434167
2       46.31540532500
4       46.31540532500
1       46.31540546250
2       46.31547874167
2       46.31561918333
4       46.31561920417
1       46.31561932083
2       46.31591301667
4       46.31591303750
1       46.31591315417
2       46.31598455417
2       46.31633102083
4       46.31633103750
1       46.31633115833
2       46.32016661250
4       46.32016662917
1       46.32016675000
2       46.32062309167
4       46.32062310833
1       46.32062322917
2       46.32089559583
4       46.32089559583
1       46.32089573333
2       46.32094669167
2       46.32099307500
2       46.32151068750
4       46.32151070833
1       46.32151082917
2       46.32155708333
2       46.32166175833
2       46.32166373333
2       46.32169028750
2       46.32176512083
4       46.32176514167
1       46.32176526250
2       46.32180051667
2       46.32207245833
4       46.32207247500
1       46.32207259583
2       46.32207603750
2       46.32213737917
2       46.32217581667
2       46.32231724167
4       46.32231725833
1       46.32231737917
2       46.32239643333
2       46.32245143750
2       46.32249976250
2       46.32272928333
4       46.32272930417
1       46.32272942500
2       46.32318406250
4       46.32318407917
1       46.32318420000
2       46.32334009583
2       46.32335265000
2       46.32338811250
4       46.32338812917
1       46.32338825000
2       46.32353723750
2       46.32380507917
4       46.32380509583
1       46.32380521667
2       46.32396113333
2       46.32428914583
4       46.32428914583
1       46.32428928333
2       46.32437850833
2       46.32443747083
2       46.32468922083
4       46.32468924167
1       46.32468936250
2       46.32477464167
2       46.32484311667
2       46.32537816250
4       46.32537818333
1       46.32537830417
2       46.32548054583
2       46.32550193750
2       46.32551888333
2       46.32553224167
2       46.32553776667
2       46.32603064583
4       46.32603064583
1       46.32603078333
2       46.32614224583
2       46.32658451667
4       46.32658453333
1       46.32658465417
2       46.32659705417
2       46.32663118750
2       46.32663616667
2       46.32689213333
4       46.32689215417
1       46.32689227083
2       46.32689910833
2       46.32741280000
4       46.32741282083
1       46.32741294167
2       46.32742311250
2       46.32749032500
2       46.32756563333
2       46.32757586250
2       46.32792696250
4       46.32792697917
1       46.32792710000
2       46.32858737917
4       46.32858740000
1       46.32858752083
2       46.32886194583
4       46.32886194583
1       46.32886208333
2       46.33472200833
4       46.33472202917
1       46.33472215000
2       46.33536158333
4       46.33536158333
1       46.33536172083
2       46.33543814583
2       46.33553851250
2       46.33557230833
4       46.33557232917
1       46.33557244583
2       46.33570574583
2       46.33580884167
4       46.33580885833
1       46.33580897917
2       46.33585819167
2       46.33625627500
4       46.33625629583
1       46.33625641250
2       46.33642457083
2       46.33657226250
4       46.33657228333
1       46.33657240000
2       46.33658250417
2       46.33703829583
4       46.33703831667
1       46.33703843750
2       46.33713934167
2       46.33729193333
4       46.33729195417
1       46.33729207500
2       46.33777819583
4       46.33777821667
1       46.33777833750
2       46.33781772917
2       46.33803990000
4       46.33803992083
1       46.33804004167
2       46.33825023750
4       46.33825025833
1       46.33825037917
2       46.33856487917
4       46.33856489583
1       46.33856501667
2       46.33857589583
2       46.33868450000
2       46.33898726667
4       46.33898728333
1       46.33898740417
2       46.33921975417
4       46.33921977500
1       46.33921989583
2       46.33930555000
2       46.33942245417
4       46.33942245417
1       46.33942259167
2       46.33954015417
2       46.33960071667
4       46.33960071667
1       46.33960085417
2       46.33969378750
2       46.33974104167
2       46.33993557083
4       46.33993559167
1       46.33993571250
2       46.34008948333
2       46.34012765833
4       46.34012767500
1       46.34012779583
2       46.34015282917
2       46.34028861250
2       46.34031447500
4       46.34031449583
1       46.34031461667
2       46.34041418750
2       46.34052775000
4       46.34052776667
1       46.34052788750
2       46.34080032917
4       46.34080034583
1       46.34080046667
2       46.34103386667
4       46.34103386667
1       46.34103400417
2       46.34107857083
2       46.34120913750
4       46.34120915833
1       46.34120927917
2       46.34144097083
4       46.34144098750
1       46.34144110833
2       46.34151258750
2       46.34168572917
4       46.34168575000
1       46.34168587083
2       46.34175762083
2       46.34178980000
2       46.34204408750
4       46.34204410833
1       46.34204422917
2       46.34214820833
2       46.34220411667
2       46.34232796250
4       46.34232798333
1       46.34232810000
2       46.34237635833
2       46.34243262917
2       46.34250453333
2       46.34252239167
2       46.34263563750
4       46.34263565417
1       46.34263577500
2       46.34270361667
2       46.34275361667
2       46.34285428750
4       46.34285430833
1       46.34285442917
2       46.34309809167
4       46.34309811250
1       46.34309823333
2       46.34364329583
4       46.34364329583
1       46.34364343333
2       46.34367909167
2       46.34374328333
2       46.34593770417
4       46.34593770417
1       46.34593784167
2       46.34597622917
2       46.34608547917
2       46.34613709167
4       46.34613711250
1       46.34613723333
2       46.34635505000
4       46.34635506667
1       46.34635518750
2       46.34649277917
2       46.34686445833
4       46.34686447500
1       46.34686459583
2       46.34687743750
2       46.34692704167
2       46.34703437083
2       46.34745473750
4       46.34745475833
1       46.34745487500
2       46.34769420000
4       46.34769422083
1       46.34769434167
2       46.34774388333
2       46.34783328750
2       46.34800199167
4       46.34800201250
1       46.34800212917
2       46.34803610417
2       46.34813766667
2       46.34829303750
4       46.34829305417
1       46.34829317500
2       46.34829407083
2       46.34829939167
2       46.34919563333
4       46.34919565417
1       46.34919577500
2       46.34922014167
2       46.34952619167
4       46.34952620833
1       46.34952632917
2       46.34993754583
4       46.34993756667
1       46.34993768750
2       46.35006612083
2       46.35029130000
4       46.35029131667
1       46.35029143750
2       46.35039864583
2       46.35061930833
4       46.35061932500
1       46.35061944583
2       46.35086632083
4       46.35086633750
1       46.35086645833
2       46.35088951667
2       46.35091543750
2       46.35105111667
4       46.35105113333
1       46.35105125417
2       46.35126246250
4       46.35126247917
1       46.35126260000
2       46.35130295000
2       46.35133402917
2       46.35135518750
2       46.35154436250
4       46.35154437917
1       46.35154450000
2       46.35155895833
2       46.35176039167
4       46.35176040833
1       46.35176052917
2       46.35188980417
2       46.35196530000
4       46.35196531667
1       46.35196543750
2       46.35205050417
2       46.35209350833
2       46.35215844167
2       46.35222212917
4       46.35222214583
1       46.35222226667
2       46.35285667917
4       46.35285669583
1       46.35285681667
2       46.35313460417
4       46.35313460417
1       46.35313474167
2       46.35315287917
2       46.35367712083
4       46.35367714167
1       46.35367725833
2       46.35383841667
2       46.35402290833
4       46.35402292500
1       46.35402304583
2       46.35420180417
2       46.35421834167
2       46.35438989583
4       46.35438989583
1       46.35439003333
2       46.35441350833
2       46.35478605833
4       46.35478607917
1       46.35478620000
2       46.35479041667
2       46.35499639583
4       46.35499641667
1       46.35499653750
2       46.35511801667
2       46.35515303750
2       46.35538063333
4       46.35538065417
1       46.35538077500
2       46.35540854583
2       46.35548192917
2       46.35548892917
2       46.35571537083
4       46.35571539167
1       46.35571550833
2       46.35585925417
2       46.35591925417
2       46.35596393750
4       46.35596395833
1       46.35596407917
2       46.35968589167
2       46.36000591667
4       46.36000593333
1       46.36000605417
2       46.36010160000
2       46.36010322500
2       46.36011841667
2       46.36015556250
2       46.36032219167
4       46.36032220833
1       46.36032232917
2       46.36038678750
2       46.36053750000
4       46.36053752083
1       46.36053764167
2       46.36066474167
2       46.36075145000
4       46.36075147083
1       46.36075159167
2       46.36078462917
2       46.36083197917
2       46.36088594167
2       46.36141096667
4       46.36141098333
1       46.36141110417
2       46.36189951250
4       46.36189952917
1       46.36189965000
2       46.36191934583
2       46.36214530000
4       46.36214531667
1       46.36214543750
2       46.36216545000
2       46.36236091667
4       46.36236093333
1       46.36236105417
2       46.36236229583
2       46.36240190000
2       46.36251289167
2       46.36281765000
4       46.36281767083
1       46.36281779167
2       46.36293325833
2       46.36310057083
4       46.36310058750
1       46.36310070833
2       46.36327803750
2       46.36346294583
4       46.36346294583
1       46.36346308333
2       46.36364476250
4       46.36364477917
1       46.36364490000
2       46.36380963750
2       46.36393160000
4       46.36393161667
1       46.36393173750
2       46.36398981250
2       46.36413095000
4       46.36413096667
1       46.36413108750
2       46.36442870833
4       46.36442872917
1       46.36442885000
2       46.36452246250
2       46.36456917083
2       46.36473318750
4       46.36473320417
1       46.36473332500
2       46.36497199583
4       46.36497201667
1       46.36497213750
2       46.36499778333
2       46.36506771667
2       46.36516244583
4       46.36516246667
1       46.36516258750
2       46.36527799583
2       46.36538405833
4       46.36538407917
1       46.36538420000
2       46.36553870417
2       46.36568865000
4       46.36568866667
1       46.36568878750
2       46.36573542500
2       46.36575198750
2       46.36580962083
2       46.36597525833
4       46.36597527500
1       46.36597539583
2       46.36601833750
2       46.36624860417
4       46.36624862500
1       46.36624874583
2       46.36639090833
2       46.36646976250
4       46.36646978333
1       46.36646990417
2       46.36668441250
4       46.36668443333
1       46.36668455417
2       46.36671648750
2       46.36672255833
2       46.36711331667
4       46.36711333750
1       46.36711345833
2       46.36731675000
2       46.36731901667
2       46.36748306667
4       46.36748308333
1       46.36748320417
2       46.36757110833
2       46.36759497083
2       46.36776584583
4       46.36776584583
1       46.36776598333
2       46.36778043750
2       46.36778905000
2       46.36781551250
2       46.36796024583
4       46.36796024583
1       46.36796038333
2       46.36824378333
4       46.36824380417
1       46.36824392500
2       46.36853129167
4       46.36853130833
1       46.36853142917
2       46.36872173333
4       46.36872173333
1       46.36872187083
2       46.36873200833
2       46.36882277917
2       46.36888080000
2       46.36896390000
4       46.36896391667
1       46.36896403750
2       46.36905702500
2       46.36910831250
2       46.37386107917
4       46.37386109583
1       46.37386121667
2       46.37394822500
2       46.37401806250
2       46.37413170000
4       46.37413171667
1       46.37413183750
2       46.37435065417
4       46.37435067500
1       46.37435079583
2       46.37474443750
4       46.37474445417
1       46.37474457500
2       46.37494525833
4       46.37494527500
1       46.37494539583
2       46.37503002083
2       46.37503561667
2       46.37512047083
2       46.37526180833
4       46.37526182917
1       46.37526195000
2       46.37543474167
2       46.37545430833
4       46.37545432500
1       46.37545444583
2       46.37550923333
2       46.37554013333
2       46.37560095417
2       46.37561926250
2       46.37568510833
4       46.37568512917
1       46.37568524583
2       46.37594185417
4       46.37594187500
1       46.37594199583
2       46.37610745417
2       46.37623899167
4       46.37623901250
1       46.37623912917
2       46.37645522917
4       46.37645524583
1       46.37645536667
2       46.37659371250
2       46.37659601667
2       46.37687453750
4       46.37687455417
1       46.37687467500
2       46.37689282917
2       46.37693890000
2       46.37697593333
2       46.37704912500
2       46.37733965417
4       46.37733967500
1       46.37733979583
2       46.37783617500
4       46.37783617500
1       46.37783631250
2       46.37786102917
2       46.37786268333
2       46.37795107917
2       46.37816866250
4       46.37816867917
1       46.37816880000
2       46.37832935000
2       46.37835745417
4       46.37835745417
1       46.37835759167
2       46.37844336667
2       46.37865157083
4       46.37865158750
1       46.37865170833
2       46.37884640417
4       46.37884640417
1       46.37884654167
2       46.37904081667
4       46.37904083750
1       46.37904095417
2       46.37910109167
2       46.37914842917
2       46.37925506250
4       46.37925508333
1       46.37925520417
2       46.37993477083
4       46.37993478750
1       46.37993490833
2       46.38015874583
4       46.38015874583
1       46.38015888333
2       46.38049923750
4       46.38049925833
1       46.38049937917
2       46.38050780417
2       46.38070650417
4       46.38070650417
1       46.38070664167
2       46.38085655000
2       46.38125204167
4       46.38125205833
1       46.38125217917
2       46.38149246667
4       46.38149248750
1       46.38149260417
2       46.38167171667
2       46.38183064583
4       46.38183064583
1       46.38183078333
2       46.38184999583
2       46.38185225000
2       46.38186915833
2       46.38187272917
2       46.38197251250
2       46.38216622083
4       46.38216624167
1       46.38216636250
2       46.38277507917
4       46.38277509583
1       46.38277521667
2       46.38280055417
2       46.38282435417
2       46.38287770000
2       46.38290889583
2       46.38311322500
4       46.38311324583
1       46.38311336667
2       46.38349476250
4       46.38349478333
1       46.38349490417
2       46.38822905417
4       46.38822905417
1       46.38822919167
2       46.38841720833
2       46.38852017500
4       46.38852019583
1       46.38852031250
2       46.38865232917
2       46.38873975833
4       46.38873977500
1       46.38873989583
2       46.38881195833
2       46.38894776250
4       46.38894777917
1       46.38894790000
2       46.38900831667
2       46.38938830000
4       46.38938832083
1       46.38938844167
2       46.38960693750
4       46.38960695417
1       46.38960707500
2       46.38964669583
2       46.38995335833
4       46.38995337917
1       46.38995350000
2       46.38995862500
2       46.39006401250
2       46.39013919167
2       46.39020350833
4       46.39020352917
1       46.39020365000
2       46.39029659167
2       46.39045784583
4       46.39045786667
1       46.39045798750
2       46.39062607500
2       46.39102811250
4       46.39102813333
1       46.39102825000
2       46.39106001250
2       46.39127123750
4       46.39127125417
1       46.39127137500
2       46.39157138750
4       46.39157140833
1       46.39157152917
2       46.39167245000
2       46.39183081667
4       46.39183083750
1       46.39183095833
2       46.39212916667
4       46.39212918750
1       46.39212930833
2       46.39294332083
4       46.39294334167
1       46.39294345833
2       46.39318018333
4       46.39318018333
1       46.39318032083
2       46.39320561667
2       46.39384733750
4       46.39384735833
1       46.39384747917
2       46.39405523333
4       46.39405525417
1       46.39405537083
2       46.39410075000
2       46.39416226250
2       46.39416427917
2       46.39418078333
2       46.39433813750
4       46.39433815833
1       46.39433827917
2       46.39443683333
2       46.39491784167
4       46.39491785833
1       46.39491797917
2       46.39512620833
4       46.39512622917
1       46.39512635000
2       46.39520430417
2       46.39520663750
2       46.39581904583
4       46.39581906667
1       46.39581918750
2       46.39641924167
4       46.39641926250
1       46.39641938333
2       46.39669983333
4       46.39669985417
1       46.39669997500
2       46.39675842500
2       46.39681710000
2       46.39710688750
4       46.39710690417
1       46.39710702500
2       46.39738020833
4       46.39738022917
1       46.39738035000
2       46.39739271667
2       46.39751661250
2       46.39762032917
4       46.39762035000
1       46.39762047083
2       46.39764017500
2       46.40237041250
4       46.40237043333
1       46.40237055000
2       46.40332632917
4       46.40332634583
1       46.40332646667
2       46.40378374583
4       46.40378376667
1       46.40378388750
2       46.40461086250
4       46.40461087917
1       46.40461100000
2       46.40476447917
2       46.40541504167
4       46.40541505833
1       46.40541517917
2       46.40542994167
2       46.40563493750
4       46.40563495833
1       46.40563507500
2       46.40578537083
2       46.40585985417
4       46.40585987500
1       46.40585999583
2       46.40658920000
4       46.40658922083
1       46.40658934167
2       46.40665679167
2       46.40696784167
4       46.40696786250
1       46.40696798333
2       46.40744311667
4       46.40744313333
1       46.40744325417
2       46.40776406667
4       46.40776408750
1       46.40776420833
2       46.40886179167
4       46.40886181250
1       46.40886193333
2       46.40890118750
2       46.40901809167
2       46.41099987917
4       46.41099989583
1       46.41100001667
2       46.41125456250
4       46.41125457917
1       46.41125470000
2       46.41139929583
2       46.41182060000
4       46.41182062083
1       46.41182074167
2       46.41228430417
4       46.41228432500
1       46.41228444583
2       46.41228829583
2       46.41256294583
4       46.41256296667
1       46.41256308750
2       46.41264935417
2       46.41289567083
4       46.41289569167
1       46.41289581250
2       46.41331580833
4       46.41331582500
1       46.41331594583
2       46.41624877917
4       46.41624879583
1       46.41624891667
2       46.41635740000
2       46.41654852500
4       46.41654852500
1       46.41654866250
2       46.41660747917
2       46.41670452917
2       46.41781183333
4       46.41781183333
1       46.41781197083
2       46.41865547500
4       46.41865547500
1       46.41865561250
2       46.41870248750
2       46.41982930833
4       46.41982932917
1       46.41982944583
2       46.42029633750
4       46.42029635417
1       46.42029647500
2       46.42121820417
4       46.42121820417
1       46.42121834167
2       46.42159674167
4       46.42159675833
1       46.42159687917
2       46.42224304583
4       46.42224306667
1       46.42224318750
2       46.42353247083
4       46.42353249167
1       46.42353261250
2       46.42432604583
4       46.42432606667
1       46.42432618750
2       46.42475667083
4       46.42475668750
1       46.42475680833
2       46.42553902500
4       46.42553902500
1       46.42553916250
2       46.42576987917
4       46.42576990000
1       46.42577002083
2       46.42591822500
2       46.42667744583
4       46.42667744583
1       46.42667758333
2       46.42721371667
4       46.42721373333
1       46.42721385417
2       46.42771984167
4       46.42771986250
1       46.42771998333
2       46.42842660833
4       46.42842662500
1       46.42842674583
2       46.42922052500
4       46.42922054583
1       46.42922066667
2       46.43032022500
4       46.43032024583
1       46.43032036667
2       46.43224832500
4       46.43224832500
1       46.43224846250
2       46.43320059583
4       46.43320061667
1       46.43320073750
2       46.43461330833
4       46.43461332500
1       46.43461344583
2       46.43495575000
4       46.43495576667
1       46.43495588750
2       46.43509625000
2       46.43543272083
4       46.43543274167
1       46.43543286250
2       46.43810439167
4       46.43810441250
1       46.43810453333
2       46.43874265417
4       46.43874265417
1       46.43874279167
2       46.43898579167
4       46.43898581250
1       46.43898592917
2       46.44188432500
4       46.44188434583
1       46.44188446667
2       46.44553969583
4       46.44553969583
1       46.44553983333
2       46.44646228750
4       46.44646230417
1       46.44646242500
2       46.44681727500
4       46.44681729583
1       46.44681741250
2       46.44690179583
2       46.45757980000
4       46.45757982083
1       46.45757994167
2       46.45978836250
4       46.45978838333
1       46.45978850000
2       46.46032729167
4       46.46032731250
1       46.46032743333
2       46.46701451250
4       46.46701453333
1       46.46701465417
2       46.47152441667
4       46.47152443333
1       46.47152455417
2       59.16572031250
4       59.16572033333
1       59.16572045000
2       59.16863005000
4       59.16863006667
1       59.16863018750
2       59.17747474583
4       59.17747476667
1       59.17747488750
2       59.17779499583
4       59.17779499583
1       59.17779513333
2       59.19028372083
4       59.19028374167
1       59.19028386250
2       59.19261965000
4       59.19261966667
1       59.19261978750
2       59.19484804583
4       59.19484806667
1       59.19484818750
2       59.19619527083
4       59.19619528750
1       59.19619540833
2       59.19845658333
4       59.19845660000
1       59.19845672083
2       59.19947042917
4       59.19947045000
1       59.19947057083
2       59.20077748750
4       59.20077750833
1       59.20077762917
2       59.20221389167
4       59.20221390833
1       59.20221402917
2       59.20476980000
4       59.20476981667
1       59.20476993750
2       59.20690060417
4       59.20690060417
1       59.20690074167
2       59.20716325417
4       59.20716327500
1       59.20716339167
2       59.20797535000
4       59.20797537083
1       59.20797549167
2       59.20858090833
4       59.20858092917
1       59.20858104583
2       59.21013670417
4       59.21013672500
1       59.21013684583
2       59.21049870833
4       59.21049872500
1       59.21049884583
2       59.21146909167
4       59.21146911250
1       59.21146923333
2       59.21166921667
4       59.21166923750
1       59.21166935833
2       59.21283020417
4       59.21283022500
1       59.21283034167
2       59.21299211250
2       59.21458373333
4       59.21458375417
1       59.21458387500
2       59.21479505833
4       59.21479507917
1       59.21479519583
2       59.21480469583
2       59.21494480000
2       59.21503675000
4       59.21503676667
1       59.21503688750
2       59.21634554583
4       59.21634556667
1       59.21634568333
2       59.21660582500
4       59.21660582500
1       59.21660596250
2       59.21737199583
4       59.21737199583
1       59.21737213333
2       59.21819712500
4       59.21819712500
1       59.21819726250
2       59.21849903333
4       59.21849905417
1       59.21849917500
2       59.21935571667
4       59.21935573750
1       59.21935585417
2       59.21936399583
2       59.21947366250
2       59.21958794583
4       59.21958794583
1       59.21958808333
2       59.21997813333
4       59.21997815417
1       59.21997827500
2       59.22067041250
4       59.22067043333
1       59.22067055417
2       59.22088195417
4       59.22088195417
1       59.22088209167
2       59.22115827500
4       59.22115827500
1       59.22115841250
2       59.22131895417
2       59.22139017917
4       59.22139020000
1       59.22139031667
2       59.22150737500
2       59.22153451667
2       59.22185280000
4       59.22185281667
1       59.22185293750
2       59.22243414167
4       59.22243416250
1       59.22243427917
2       59.22266024583
4       59.22266026667
1       59.22266038750
2       59.22285187500
2       59.22353681667
4       59.22353683750
1       59.22353695417
2       59.22382903333
4       59.22382905417
1       59.22382917500
2       59.22392830417
2       59.22413458333
4       59.22413460417
1       59.22413472500
2       59.22480446250
4       59.22480447917
1       59.22480460000
2       59.22489340417
2       59.22520219583
4       59.22520219583
1       59.22520233333
2       59.22520487500
2       59.22532447083
2       59.22536382917
2       59.22536642083
2       59.22537120000
2       59.22544339167
4       59.22544341250
1       59.22544352917
2       59.22550830000
2       59.22554543750
2       59.22570331250
4       59.22570332917
1       59.22570345000
2       59.22579317500
2       59.22584912083
2       59.22612138333
4       59.22612140417
1       59.22612152500
2       59.22617964583
2       59.22638898750
4       59.22638900417
1       59.22638912500
2       59.22651682083
2       59.22672492917
4       59.22672494583
1       59.22672506667
2       59.22715320000
4       59.22715321667
1       59.22715333750
2       59.22715475417
2       59.22724522500
2       59.22727002917
2       59.22729098333
2       59.22733565000
4       59.22733566667
1       59.22733578750
2       59.22745057917
2       59.22755531667
2       59.22780335417
4       59.22780335417
1       59.22780349167
2       59.22783448750
2       59.22793350833
2       59.22850555000
4       59.22850557083
1       59.22850569167
2       59.22860379583
2       59.22862283750
2       59.22866322917
2       59.22889177917
4       59.22889180000
1       59.22889191667
2       59.22893349583
2       59.22904280833
2       59.22916436250
4       59.22916438333
1       59.22916450417
2       59.22925499583
2       59.22935081667
2       59.22947111667
4       59.22947113750
1       59.22947125833
2       59.22968072083
2       59.22982027500
4       59.22982029583
1       59.22982041667
2       59.22983212917
2       59.22987714167
2       59.23015565833
4       59.23015567917
1       59.23015580000
2       59.23048268750
4       59.23048270417
1       59.23048282500
2       59.23062637500
2       59.23066250833
4       59.23066252917
1       59.23066265000
2       59.23070315000
2       59.23081615833
2       59.23084165417
4       59.23084165417
1       59.23084179167
2       59.23086218333
2       59.23094599583
2       59.23097115000
2       59.23112465000
4       59.23112467083
1       59.23112479167
2       59.23123651667
2       59.23131599167
4       59.23131601250
1       59.23131613333
2       59.23138175000
2       59.23152998333
4       59.23153000417
1       59.23153012500
2       59.23168302083
2       59.23177497917
4       59.23177499583
1       59.23177511667
2       59.23207355833
4       59.23207357500
1       59.23207369583
2       59.23217120417
2       59.23223647917
2       59.23242726667
4       59.23242728750
1       59.23242740417
2       59.23250677917
2       59.23257609583
2       59.23268726667
4       59.23268728750
1       59.23268740833
2       59.23275320833
2       59.23289097083
2       59.23293840833
4       59.23293842500
1       59.23293854583
2       59.23299140833
2       59.23299761250
2       59.23300859167
2       59.23304637083
2       59.23306055833
2       59.23310135000
2       59.23311891250
2       59.23328084167
4       59.23328086250
1       59.23328098333
2       59.23342752917
2       59.23343792500
2       59.23344481250
2       59.23373765833
4       59.23373767500
1       59.23373779583
2       59.23374456250
2       59.23385389583
2       59.23398009583
4       59.23398009583
1       59.23398023333
2       59.23398066250
2       59.23406622500
2       59.23409057500
2       59.23419104583
4       59.23419106667
1       59.23419118750
2       59.23424337083
2       59.23428345833
2       59.23436500833
2       59.23448325000
4       59.23448327083
1       59.23448338750
2       59.23456109583
2       59.23456575833
2       59.23465220833
2       59.23467132917
4       59.23467134583
1       59.23467146667
2       59.23471772500
2       59.23474253750
2       59.23480421667
2       59.23505063333
4       59.23505063333
1       59.23505077083
2       59.23521453333
2       59.23525102083
4       59.23525104167
1       59.23525115833
2       59.23529075417
2       59.23556139167
4       59.23556140833
1       59.23556152917
2       59.23562500417
2       59.23579947917
4       59.23579949583
1       59.23579961667
2       59.23582103750
2       59.23591415000
2       59.23600120417
4       59.23600122500
1       59.23600134583
2       59.23628710000
4       59.23628711667
1       59.23628723750
2       59.23631355833
2       59.23646658750
2       59.23648745000
4       59.23648747083
1       59.23648759167
2       59.23649320000
2       59.23652321250
2       59.23654846667
2       59.23658592083
2       59.23667963333
4       59.23667963333
1       59.23667977083
2       59.23668989583
2       59.23688859583
4       59.23688861667
1       59.23688873750
2       59.23727402917
4       59.23727404583
1       59.23727416667
2       59.23732447083
2       59.23739136250
2       59.23748491250
4       59.23748492917
1       59.23748505000
2       59.23750464583
2       59.23767733333
4       59.23767735417
1       59.23767747500
2       59.23770637500
2       59.23772434583
2       59.23784876667
4       59.23784878333
1       59.23784890417
2       59.23787507917
2       59.23788069583
2       59.23791845833
2       59.23792037917
2       59.23824071250
4       59.23824072917
1       59.23824085000
2       59.23827782083
2       59.23830628333
2       59.23836915000
2       59.23862223333
4       59.23862225417
1       59.23862237500
2       59.23870238750
2       59.23882627917
4       59.23882630000
1       59.23882641667
2       59.23883182917
2       59.23884190417
2       59.23885106667
2       59.23928102500
4       59.23928102500
1       59.23928116250
2       59.23950957083
4       59.23950959167
1       59.23950971250
2       59.23951810833
2       59.23966993750
2       59.23967785833
2       59.23974673333
4       59.23974675417
1       59.23974687500
2       59.23974846667
2       59.23993320000
4       59.23993321667
1       59.23993333750
2       59.23995110833
2       59.24000477083
2       59.24011479583
2       59.24013694583
4       59.24013696667
1       59.24013708750
2       59.24028366250
2       59.24033542083
4       59.24033543750
1       59.24033555833
2       59.24047482083
2       59.24062155417
4       59.24062157500
1       59.24062169167
2       59.24062823750
2       59.24064870000
2       59.24075063333
2       59.24080171250
4       59.24080173333
1       59.24080185417
2       59.24097432917
2       59.24106835833
4       59.24106837500
1       59.24106849583
2       59.24118128333
2       59.24120983750
2       59.24123232917
2       59.24125127500
2       59.24127639583
4       59.24127639583
1       59.24127653333
2       59.24128233750
2       59.24138931667
2       59.24139468750
2       59.24140594583
2       59.24142242500
2       59.24148140833
4       59.24148142500
1       59.24148154583
2       59.24154201667
2       59.24158803750
2       59.24175202500
4       59.24175202500
1       59.24175216250
2       59.24176069167
2       59.24182885000
2       59.24184642083
2       59.24184838333
2       59.24185234583
2       59.24210212083
4       59.24210214167
1       59.24210226250
2       59.24237272917
4       59.24237274583
1       59.24237286667
2       59.24249230833
2       59.24253204167
2       59.24260995000
4       59.24260996667
1       59.24261008750
2       59.24269808333
2       59.24271455833
2       59.24276956667
2       59.24283317500
4       59.24283317500
1       59.24283331250
2       59.24307292500
4       59.24307292500
1       59.24307306250
2       59.24316103750
2       59.24328713750
4       59.24328715833
1       59.24328727917
2       59.24336709167
2       59.24342570000
2       59.24353235000
4       59.24353237083
1       59.24353249167
2       59.24357904167
2       59.24358305417
2       59.24359726250
2       59.24361883750
2       59.24363410417
2       59.24364957500
2       59.24369560417
2       59.24379038750
4       59.24379040833
1       59.24379052917
2       59.24380692917
2       59.24385728333
2       59.24390962083
2       59.24398221250
4       59.24398223333
1       59.24398235417
2       59.24416239583
4       59.24416239583
1       59.24416253333
2       59.24417461250
2       59.24421834583
2       59.24423297917
2       59.24427503750
2       59.24429585000
2       59.24435022917
4       59.24435024583
1       59.24435036667
2       59.24440043333
2       59.24446016667
2       59.24448229583
2       59.24463638750
4       59.24463640417
1       59.24463652500
2       59.24471060000
2       59.24477179167
2       59.24479242083
2       59.24493732500
4       59.24493732500
1       59.24493746250
2       59.24498145417
2       59.24506525417
2       59.24527718333
4       59.24527718333
1       59.24527732083
2       59.24527770000
2       59.24530675417
2       59.24535476250
2       59.24536141250
2       59.24536337917
2       59.24536961667
2       59.24542667083
2       59.24543459167
2       59.24553238750
4       59.24553240833
1       59.24553252917
2       59.24558329167
2       59.24563004583
2       59.24587477083
4       59.24587478750
1       59.24587490833
2       59.24587907500
2       59.24588678750
2       59.24591681250
2       59.24591987917
2       59.24601463333
2       59.24604937083
2       59.24613579583
4       59.24613579583
1       59.24613593333
2       59.24614970833
2       59.24622630833
2       59.24623585833
2       59.24625739167
2       59.24625867500
2       59.24634048750
4       59.24634050833
1       59.24634062917
2       59.24636800000
2       59.24637032917
2       59.24637623333
2       59.24645608333
2       59.24663034583
4       59.24663034583
1       59.24663048333
2       59.24663195000
2       59.24664422083
2       59.24665714167
2       59.24668103333
2       59.24668860417
2       59.24682939583
4       59.24682939583
1       59.24682953333
2       59.24691512500
2       59.24696389167
2       59.24701721250
4       59.24701722917
1       59.24701735000
2       59.24702915417
2       59.24706857500
2       59.24707880417
2       59.24708707500
2       59.24708906250
2       59.24711757083
2       59.24731364167
4       59.24731365833
1       59.24731377917
2       59.24745382083
2       59.24745445000
2       59.24751482917
4       59.24751484583
1       59.24751496667
2       59.24759558333
2       59.24769298333
4       59.24769298333
1       59.24769312083
2       59.24772464583
2       59.24777804167
2       59.24782515833
2       59.24787451250
2       59.24789334583
4       59.24789336667
1       59.24789348750
2       59.24795060417
2       59.24795791250
2       59.24799530833
2       59.24806129167
2       59.24809237917
4       59.24809239583
1       59.24809251667
2       59.24816525417
2       59.24819877083
2       59.24822888750
2       59.24826069583
2       59.24829077917
4       59.24829080000
1       59.24829092083
2       59.24830009583
2       59.24831896667
2       59.24839812083
2       59.24840429583
2       59.24842561250
2       59.24844482917
2       59.24844846667
2       59.24847954583
2       59.24850181250
4       59.24850182917
1       59.24850195000
2       59.24850344583
2       59.24872106250
4       59.24872107917
1       59.24872120000
2       59.24876312083
2       59.24877763750
2       59.24885092083
2       59.24897075833
4       59.24897077917
1       59.24897090000
2       59.24898282917
2       59.24904429167
2       59.24909231250
2       59.24917722083
4       59.24917723750
1       59.24917735833
2       59.24930396667
2       59.24931030000
2       59.24935435000
2       59.24944047083
4       59.24944049167
1       59.24944060833
2       59.24958825417
2       59.24959349167
2       59.24961901667
4       59.24961903750
1       59.24961915833
2       59.24962300833
2       59.24962531250
2       59.24974020833
2       59.24980817917
4       59.24980819583
1       59.24980831667
2       59.25004207500
4       59.25004207500
1       59.25004221250
2       59.25007574167
2       59.25011817500
2       59.25013509583
2       59.25014767500
2       59.25037222083
4       59.25037223750
1       59.25037235833
2       59.25044706250
2       59.25046379167
2       59.25048044583
2       59.25048285833
2       59.25076803333
4       59.25076803333
1       59.25076817083
2       59.25078456667
2       59.25090847500
2       59.25091871667
2       59.25097373333
4       59.25097373333
1       59.25097387083
2       59.25099224167
2       59.25105554583
2       59.25106778333
2       59.25108042500
2       59.25109897500
2       59.25128675833
4       59.25128677500
1       59.25128689583
2       59.25132850833
2       59.25139070000
2       59.25151462500
4       59.25151464583
1       59.25151476667
2       59.25156765833
2       59.25157322500
2       59.25159023333
2       59.25161100417
2       59.25166764167
2       59.25170343750
2       59.25174115833
4       59.25174117917
1       59.25174130000
2       59.25174316667
2       59.25177067917
2       59.25177903333
2       59.25179781250
2       59.25196874583
4       59.25196876667
1       59.25196888750
2       59.25197938750
2       59.25201715833
2       59.25205994583
2       59.25215686250
4       59.25215687917
1       59.25215700000
2       59.25220018750
2       59.25224430417
2       59.25230455833
2       59.25246562500
4       59.25246564583
1       59.25246576250
2       59.25253847083
2       59.25264546667
4       59.25264548333
1       59.25264560417
2       59.25273321667
2       59.25274778333
2       59.25276234167
2       59.25286172917
4       59.25286175000
1       59.25286187083
2       59.25297602083
2       59.25299091250
2       59.25299950000
2       59.25305616250
4       59.25305618333
1       59.25305630417
2       59.25317247500
2       59.25317446667
2       59.25322177083
2       59.25338972083
4       59.25338973750
1       59.25338985833
2       59.25339012500
2       59.25354614167
2       59.25380418333
4       59.25380418333
1       59.25380432083
2       59.25383888333
2       59.25391013750
2       59.25402267083
4       59.25402269167
1       59.25402281250
2       59.25402337083
2       59.25403550417
2       59.25411112500
2       59.25415355417
2       59.25422007917
4       59.25422009583
1       59.25422021667
2       59.25435959583
2       59.25443740417
4       59.25443742500
1       59.25443754583
2       59.25446749583
2       59.25449838750
2       59.25462880417
4       59.25462880417
1       59.25462894167
2       59.25465270833
2       59.25477587083
2       59.25479079583
2       59.25483450000
4       59.25483452083
1       59.25483464167
2       59.25489547917
2       59.25491901667
2       59.25499814583
2       59.25504520000
4       59.25504522083
1       59.25504534167
2       59.25519354583
2       59.25529730417
4       59.25529732500
1       59.25529744583
2       59.25544336250
2       59.25552478750
4       59.25552480417
1       59.25552492500
2       59.25561920417
2       59.25562748333
2       59.25580763750
4       59.25580765417
1       59.25580777500
2       59.25586630417
2       59.25595238750
2       59.25605139583
4       59.25605141667
1       59.25605153750
2       59.25611403333
2       59.25611641667
2       59.25616835417
2       59.25625882917
4       59.25625885000
1       59.25625897083
2       59.25631509167
2       59.25636383750
2       59.25656682500
4       59.25656684583
1       59.25656696250
2       59.25667580000
2       59.25672651250
2       59.25678908333
4       59.25678910000
1       59.25678922083
2       59.25684480000
2       59.25685602083
2       59.25689316667
2       59.25698757083
4       59.25698758750
1       59.25698770833
2       59.25712533333
2       59.25713743750
2       59.25720085417
4       59.25720087500
1       59.25720099167
2       59.25726748750
2       59.25738966667
4       59.25738966667
1       59.25738980417
2       59.25755331250
2       59.25758006667
4       59.25758008750
1       59.25758020833
2       59.25766325833
2       59.25776852500
4       59.25776854583
1       59.25776866667
2       59.25783742917
2       59.25792386667
2       59.25804152500
4       59.25804154583
1       59.25804166667
2       59.25805579167
2       59.25809147500
2       59.25817270417
2       59.25834789167
4       59.25834791250
1       59.25834803333
2       59.25838168750
2       59.25841549167
2       59.25844588750
2       59.25854567083
4       59.25854568750
1       59.25854580833
2       59.25878183333
4       59.25878183333
1       59.25878197083
2       59.25888643750
2       59.25916566250
4       59.25916568333
1       59.25916580417
2       59.25922228333
2       59.25925880417
2       59.25928088750
2       59.25933927917
2       59.25940681667
4       59.25940683333
1       59.25940695417
2       59.25957312500
2       59.25957674583
2       59.25959558333
2       59.25969035833
4       59.25969037917
1       59.25969049583
2       59.25978208750
2       59.25979009167
2       59.25987049583
4       59.25987049583
1       59.25987063333
2       59.25989607917
2       59.25990358750
2       59.25995236667
2       59.25997483750
2       59.25999047500
2       59.26005244167
2       59.26005374583
4       59.26005376667
1       59.26005388750
2       59.26016167917
2       59.26020375417
2       59.26020566667
2       59.26030512917
4       59.26030515000
1       59.26030526667
2       59.26032963750
2       59.26033159583
2       59.26033553333
2       59.26042799167
2       59.26052047917
4       59.26052050000
1       59.26052062083
2       59.26059589583
2       59.26068169583
2       59.26086456667
4       59.26086458333
1       59.26086470417
2       59.26092747917
2       59.26095465417
2       59.26096293333
2       59.26106431250
4       59.26106433333
1       59.26106445417
2       59.26113585833
2       59.26113878750
2       59.26139355833
4       59.26139357917
1       59.26139370000
2       59.26144084167
2       59.26162707500
4       59.26162709583
1       59.26162721667
2       59.26167314167
2       59.26169725417
2       59.26193641667
4       59.26193643750
1       59.26193655417
2       59.26195864167
2       59.26204701250
2       59.26212393750
4       59.26212395417
1       59.26212407500
2       59.26212683333
2       59.26213619167
2       59.26224712917
2       59.26227859167
2       59.26231560417
2       59.26235011667
4       59.26235013333
1       59.26235025417
2       59.26251074167
2       59.26265083333
4       59.26265085417
1       59.26265097500
2       59.26275392500
2       59.26289465833
4       59.26289467917
1       59.26289480000
2       59.26299569583
2       59.26306956250
2       59.26316300000
4       59.26316302083
1       59.26316313750
2       59.26322586250
2       59.26324976667
2       59.26334774583
2       59.26339612917
4       59.26339614583
1       59.26339626667
2       59.26346266667
2       59.26353460417
2       59.26354520417
2       59.26361803333
4       59.26361805417
1       59.26361817500
2       59.26367035833
2       59.26377298333
2       59.26378990000
2       59.26388441667
4       59.26388443333
1       59.26388455417
2       59.26392044583
2       59.26394925833
2       59.26398541250
2       59.26411556250
4       59.26411558333
1       59.26411570417
2       59.26416161250
2       59.26420567083
2       59.26421358750
2       59.26427093750
2       59.26427720833
2       59.26433742500
4       59.26433744583
1       59.26433756250
2       59.26445705000
2       59.26458525417
4       59.26458527500
1       59.26458539583
2       59.26459947083
2       59.26467101667
2       59.26469383333
2       59.26484958333
4       59.26484960417
1       59.26484972083
2       59.26488138333
2       59.26497775000
2       59.26504675417
4       59.26504675417
1       59.26504689167
2       59.26518504167
2       59.26536330833
4       59.26536332500
1       59.26536344583
2       59.26546795833
2       59.26553484583
2       59.26554112083
4       59.26554113750
1       59.26554125833
2       59.26554547083
2       59.26554954167
2       59.26556630833
2       59.26578005000
4       59.26578006667
1       59.26578018750
2       59.26592702500
2       59.26596707917
4       59.26596710000
1       59.26596721667
2       59.26604915000
2       59.26608145000
2       59.26624870417
4       59.26624870417
1       59.26624884167
2       59.26638644167
2       59.26639109583
2       59.26642296667
2       59.26645567083
4       59.26645569167
1       59.26645581250
2       59.26647020000
2       59.26658783333
2       59.26659610417
2       59.26661134583
2       59.26666928750
4       59.26666930833
1       59.26666942917
2       59.26668413750
2       59.26670344167
2       59.26670938750
2       59.26672662917
2       59.26688560833
4       59.26688562917
1       59.26688575000
2       59.26690053333
2       59.26691277500
2       59.26694852917
2       59.26703035833
2       59.26735401667
4       59.26735403750
1       59.26735415417
2       59.26748452500
2       59.26750705417
2       59.26750770417
2       59.26751890000
2       59.26754477917
4       59.26754480000
1       59.26754491667
2       59.26755035417
2       59.26756633333
2       59.26756896250
2       59.26767624167
2       59.26768289583
2       59.26770650833
2       59.26774148750
4       59.26774150417
1       59.26774162500
2       59.26780712500
2       59.26808369167
4       59.26808371250
1       59.26808383333
2       59.26832516667
4       59.26832518333
1       59.26832530417
2       59.26864112500
4       59.26864114583
1       59.26864126667
2       59.26868122500
2       59.26892432083
4       59.26892433750
1       59.26892445833
2       59.26892665417
2       59.26897234583
2       59.26912510417
4       59.26912512500
1       59.26912524583
2       59.26914297500
2       59.26917174167
2       59.26922154167
2       59.26922407500
2       59.26944633750
4       59.26944635417
1       59.26944647500
2       59.26945695833
2       59.26958314167
2       59.26958714167
2       59.26959532500
2       59.26970472083
4       59.26970473750
1       59.26970485833
2       59.26972520000
2       59.26983920833
2       59.26989316250
2       59.26998992500
4       59.26998994583
1       59.26999006667
2       59.27003790833
2       59.27031047500
4       59.27031049583
1       59.27031061667
2       59.27035022917
2       59.27049499583
4       59.27049501667
1       59.27049513333
2       59.27050992917
2       59.27067950417
4       59.27067952500
1       59.27067964583
2       59.27084709167
2       59.27099613333
4       59.27099613333
1       59.27099627083
2       59.27099812083
2       59.27102128750
2       59.27109252500
2       59.27118600417
4       59.27118600417
1       59.27118614167
2       59.27131080417
2       59.27141544583
4       59.27141544583
1       59.27141558333
2       59.27154938333
2       59.27160021250
4       59.27160022917
1       59.27160035000
2       59.27185438750
4       59.27185440833
1       59.27185452917
2       59.27200940000
2       59.27213859583
4       59.27213861667
1       59.27213873750
2       59.27217693750
2       59.27220647083
2       59.27221415833
2       59.27234001250
4       59.27234003333
1       59.27234015417
2       59.27238571667
2       59.27246450000
2       59.27261164167
4       59.27261165833
1       59.27261177917
2       59.27263217917
2       59.27268903750
2       59.27275374583
2       59.27325419167
4       59.27325421250
1       59.27325433333
2       59.27328065833
2       59.27338298333
2       59.27340184167
2       59.27344785417
4       59.27344787500
1       59.27344799583
2       59.27346152917
2       59.27358282500
2       59.27363272083
4       59.27363273750
1       59.27363285833
2       59.27366752500
2       59.27376453333
2       59.27378575000
2       59.27396466667
4       59.27396468750
1       59.27396480833
2       59.27409180000
2       59.27425415417
4       59.27425415417
1       59.27425429167
2       59.27435216250
2       59.27443630417
2       59.27453665833
4       59.27453667917
1       59.27453680000
2       59.27464702917
2       59.27465190833
2       59.27468535833
2       59.27471062500
2       59.27480097083
4       59.27480099167
1       59.27480111250
2       59.27492883333
2       59.27495204167
2       59.27505470833
4       59.27505472500
1       59.27505484583
2       59.27512826250
2       59.27519315833
2       59.27527066250
4       59.27527067917
1       59.27527080000
2       59.27533360833
2       59.27535782917
2       59.27539024167
2       59.27549290417
4       59.27549292500
1       59.27549304583
2       59.27559896250
2       59.27561012083
2       59.27564035833
2       59.27590429167
4       59.27590431250
1       59.27590442917
2       59.27591431250
2       59.27599007917
2       59.27600661250
2       59.27604709167
2       59.27617691250
4       59.27617692917
1       59.27617705000
2       59.27637665833
4       59.27637667500
1       59.27637679583
2       59.27656908333
4       59.27656910417
1       59.27656922500
2       59.27666941250
2       59.27692742500
4       59.27692744583
1       59.27692756667
2       59.27698445833
2       59.27714808333
4       59.27714808333
1       59.27714822083
2       59.27717488750
2       59.27721170417
2       59.27724441667
2       59.27731135417
2       59.27741004583
4       59.27741006667
1       59.27741018750
2       59.27747265000
2       59.27747755417
2       59.27747930417
2       59.27751645417
2       59.27753233333
2       59.27769455833
4       59.27769457917
1       59.27769470000
2       59.27778309167
2       59.27785465417
2       59.27788172083
4       59.27788174167
1       59.27788185833
2       59.27792775833
2       59.27799996667
2       59.27808188750
4       59.27808190417
1       59.27808202500
2       59.27816295833
2       59.27824479167
4       59.27824481250
1       59.27824493333
2       59.27834113333
2       59.27838514167
2       59.27840314583
2       59.27853299583
4       59.27853299583
1       59.27853313333
2       59.27861806250
2       59.27862202083
2       59.27862667917
2       59.27868526250
2       59.27882843750
4       59.27882845833
1       59.27882857917
2       59.27883038750
2       59.27885255000
2       59.27889271250
2       59.27908607083
4       59.27908609167
1       59.27908621250
2       59.27941139167
4       59.27941141250
1       59.27941152917
2       59.27943350417
2       59.27955304583
2       59.27955414167
2       59.27965413333
4       59.27965413333
1       59.27965427083
2       59.28003137500
4       59.28003139583
1       59.28003151667
2       59.28016555000
2       59.28024300833
4       59.28024302917
1       59.28024314583
2       59.28036762917
2       59.28038576667
2       59.28043812500
4       59.28043814583
1       59.28043826667
2       59.28045934583
2       59.28069616667
4       59.28069618750
1       59.28069630833
2       59.28077770417
2       59.28082697083
2       59.28107411250
4       59.28107412917
1       59.28107425000
2       59.28113110000
2       59.28132716667
4       59.28132718750
1       59.28132730833
2       59.28140136250
2       59.28141896250
2       59.28146593750
2       59.28148785833
2       59.28149543333
2       59.28157326250
4       59.28157328333
1       59.28157340417
2       59.28165511250
2       59.28172803750
2       59.28179361250
4       59.28179362917
1       59.28179375000
2       59.28184157500
2       59.28187267500
2       59.28197742083
4       59.28197744167
1       59.28197756250
2       59.28204093333
2       59.28218404167
4       59.28218405833
1       59.28218417917
2       59.28221863333
2       59.28229001667
2       59.28235637917
2       59.28237419167
4       59.28237420833
1       59.28237432917
2       59.28241192917
2       59.28245828333
2       59.28247919583
2       59.28249245000
2       59.28254439583
2       59.28255072083
4       59.28255074167
1       59.28255086250
2       59.28262234583
2       59.28287302083
4       59.28287304167
1       59.28287316250
2       59.28287369583
2       59.28287535833
2       59.28306213750
4       59.28306215833
1       59.28306227500
2       59.28310619583
2       59.28318997917
2       59.28319535417
2       59.28320651250
2       59.28324466250
4       59.28324467917
1       59.28324480000
2       59.28332118750
2       59.28341260833
2       59.28352028333
4       59.28352030000
1       59.28352042083
2       59.28354078750
2       59.28358411667
2       59.28366595833
2       59.28369382500
2       59.28377958750
4       59.28377960833
1       59.28377972917
2       59.28392434583
2       59.28393261250
2       59.28401209583
4       59.28401209583
1       59.28401223333
2       59.28402968333
2       59.28410412917
2       59.28412572500
2       59.28428573750
4       59.28428575417
1       59.28428587500
2       59.28431015833
2       59.28437314167
2       59.28441680417
2       59.28479051250
4       59.28479053333
1       59.28479065417
2       59.28482237083
2       59.28482301250
2       59.28483327083
2       59.28486564583
2       59.28491601250
2       59.28497461667
4       59.28497463750
1       59.28497475417
2       59.28499153750
2       59.28500610000
2       59.28524691667
4       59.28524693750
1       59.28524705833
2       59.28528137917
2       59.28548440000
4       59.28548442083
1       59.28548454167
2       59.28550793333
2       59.28552450000
2       59.28553275833
2       59.28557942917
2       59.28561294167
2       59.28571490833
4       59.28571492917
1       59.28571504583
2       59.28580535417
2       59.28580733750
2       59.28586836250
2       59.28589113750
4       59.28589115417
1       59.28589127500
2       59.28596409167
2       59.28600241250
2       59.28606099167
4       59.28606100833
1       59.28606112917
2       59.28607198333
2       59.28613856250
2       59.28631711667
4       59.28631713333
1       59.28631725417
2       59.28634731667
2       59.28639296667
2       59.28652245000
4       59.28652247083
1       59.28652259167
2       59.28682095000
4       59.28682096667
1       59.28682108750
2       59.28686427083
2       59.28700309583
2       59.28736614583
4       59.28736616667
1       59.28736628750
2       59.28754630000
2       59.28765330833
4       59.28765332917
1       59.28765344583
2       59.28772230417
2       59.28777553333
2       59.28783740417
2       59.28802168750
4       59.28802170833
1       59.28802182917
2       59.28802797500
2       59.28803452917
2       59.28819685833
2       59.28823590417
2       59.28832200417
4       59.28832202500
1       59.28832214583
2       59.28840057500
2       59.28840887083
2       59.28851909167
4       59.28851910833
1       59.28851922917
2       59.28864921667
2       59.28870893333
2       59.28901865417
4       59.28901867500
1       59.28901879583
2       59.28905180000
2       59.28907327917
2       59.28910712500
2       59.28916376667
2       59.28921477083
2       59.28924552500
4       59.28924554583
1       59.28924566250
2       59.28939584167
2       59.28956382083
4       59.28956383750
1       59.28956395833
2       59.28956413750
2       59.28960165833
2       59.28970655833
2       59.28980688750
4       59.28980690833
1       59.28980702917
2       59.28991062083
2       59.29003542083
4       59.29003543750
1       59.29003555833
2       59.29010070833
2       59.29020340000
2       59.29028191250
4       59.29028192917
1       59.29028205000
2       59.29030642917
2       59.29037531667
2       59.29042997500
2       59.29060615000
4       59.29060616667
1       59.29060628750
2       59.29064162500
2       59.29066914167
2       59.29068566250
2       59.29070525000
2       59.29078508333
4       59.29078508333
1       59.29078522083
2       59.29086818333
2       59.29088480000
2       59.29093510833
2       59.29097120417
4       59.29097122500
1       59.29097134583
2       59.29101058333
2       59.29103411667
2       59.29109549167
2       59.29110104583
2       59.29120764167
4       59.29120766250
1       59.29120778333
2       59.29136500417
2       59.29142471667
4       59.29142473333
1       59.29142485417
2       59.29147630000
2       59.29150147917
2       59.29179954583
4       59.29179954583
1       59.29179968333
2       59.29180992917
2       59.29208745833
4       59.29208747500
1       59.29208759583
2       59.29208874167
2       59.29211392917
2       59.29214933333
2       59.29220505417
2       59.29234047917
4       59.29234049583
1       59.29234061667
2       59.29240378750
2       59.29249352083
2       59.29251005417
2       59.29251903750
4       59.29251905417
1       59.29251917500
2       59.29262836250
2       59.29265981667
2       59.29273471667
4       59.29273473333
1       59.29273485417
2       59.29274091667
2       59.29274920000
2       59.29276012917
2       59.29276611667
2       59.29276749583
2       59.29282413750
2       59.29284066250
2       59.29285324167
2       59.29291260000
2       59.29294536667
4       59.29294538333
1       59.29294550417
2       59.29297212500
2       59.29313810833
4       59.29313812500
1       59.29313824583
2       59.29316686667
2       59.29321564167
2       59.29351340000
4       59.29351342083
1       59.29351354167
2       59.29389072917
4       59.29389074583
1       59.29389086667
2       59.29389892500
2       59.29392084167
2       59.29394889583
2       59.29396719167
2       59.29397281667
2       59.29401850417
2       59.29416360000
4       59.29416361667
1       59.29416373750
2       59.29430800417
2       59.29448655000
4       59.29448657083
1       59.29448669167
2       59.29454714167
2       59.29456425833
2       59.29471544167
4       59.29471546250
1       59.29471558333
2       59.29471743333
2       59.29483930000
2       59.29500928750
4       59.29500930417
1       59.29500942500
2       59.29501422083
2       59.29506650000
2       59.29513008333
2       59.29514233750
2       59.29529346250
4       59.29529348333
1       59.29529360417
2       59.29575709583
4       59.29575711667
1       59.29575723750
2       59.29585348750
2       59.29594230000
2       59.29601309167
4       59.29601310833
1       59.29601322917
2       59.29602540417
2       59.29610523750
2       59.29610955000
2       59.29612281667
2       59.29641591667
4       59.29641593333
1       59.29641605417
2       59.29648319583
2       59.29653118333
2       59.29654341667
2       59.29658127500
2       59.29659576667
2       59.29715657500
4       59.29715657500
1       59.29715671250
2       59.29717182917
2       59.29717710417
2       59.29722073333
2       59.29730493333
2       59.29746495417
4       59.29746495417
1       59.29746509167
2       59.29752890833
2       59.29754245000
2       59.29760899583
2       59.29761922917
2       59.29766039583
2       59.29767229583
2       59.29772658750
4       59.29772660833
1       59.29772672917
2       59.29776570417
2       59.29800548333
4       59.29800548333
1       59.29800562083
2       59.29813562917
2       59.29825427083
4       59.29825428750
1       59.29825440833
2       59.29827174583
2       59.29830290417
2       59.29836152083
2       59.29837842083
2       59.29839962917
2       59.29860103750
4       59.29860105833
1       59.29860117917
2       59.29861863333
2       59.29864072500
2       59.29873715417
2       59.29916114167
4       59.29916116250
1       59.29916128333
2       59.29922940833
2       59.29925514583
2       59.29933296250
2       59.29941126250
4       59.29941127917
1       59.29941140000
2       59.29942739583
2       59.29946283333
2       59.29949865833
2       59.29956159167
2       59.29956782083
2       59.29964540000
4       59.29964542083
1       59.29964553750
2       59.29986237500
4       59.29986237500
1       59.29986251250
2       59.29992267500
2       59.29994188333
2       59.29995405833
2       59.29995573333
2       59.30001037917
2       59.30008592500
4       59.30008592500
1       59.30008606250
2       59.30010119583
2       59.30017831250
2       59.30018663333
2       59.30032543750
4       59.30032545417
1       59.30032557500
2       59.30037737500
2       59.30039197083
2       59.30049697917
2       59.30050087917
2       59.30059045000
4       59.30059046667
1       59.30059058750
2       59.30067949167
2       59.30073184167
2       59.30075303333
2       59.30087994167
4       59.30087995833
1       59.30088007917
2       59.30088712917
2       59.30099054167
2       59.30119389167
4       59.30119391250
1       59.30119402917
2       59.30122965000
2       59.30124157083
2       59.30134332500
2       59.30188415833
4       59.30188417917
1       59.30188430000
2       59.30189575000
2       59.30199281667
2       59.30206938333
2       59.30213128750
4       59.30213130417
1       59.30213142500
2       59.30225285000
2       59.30229129167
2       59.30230319167
2       59.30233404167
4       59.30233405833
1       59.30233417917
2       59.30239957917
2       59.30240225417
2       59.30262846250
4       59.30262847917
1       59.30262860000
2       59.30264140000
2       59.30288615417
4       59.30288615417
1       59.30288629167
2       59.30301602500
2       59.30305373333
2       59.30306229167
2       59.30321012500
4       59.30321012500
1       59.30321026250
2       59.30326100417
2       59.30330117500
2       59.30339156667
4       59.30339158750
1       59.30339170833
2       59.30356356250
2       59.30357842083
4       59.30357844167
1       59.30357856250
2       59.30358402500
2       59.30370355417
2       59.30374759167
2       59.30374868333
2       59.30380265000
4       59.30380267083
1       59.30380279167
2       59.30382512917
2       59.30386460000
2       59.30388747917
2       59.30388872917
2       59.30409611250
4       59.30409613333
1       59.30409625000
2       59.30419481667
2       59.30428885417
4       59.30428887500
1       59.30428899583
2       59.30433525833
2       59.30439144167
2       59.30445285417
2       59.30448397083
4       59.30448399167
1       59.30448410833
2       59.30461414583
2       59.30461484583
2       59.30476087500
4       59.30476087500
1       59.30476101250
2       59.30481157500
2       59.30502683750
4       59.30502685417
1       59.30502697500
2       59.30504408750
2       59.30506333750
2       59.30507320000
2       59.30508610417
2       59.30509978333
2       59.30513219167
2       59.30521201667
4       59.30521203333
1       59.30521215417
2       59.30524547500
2       59.30551609167
4       59.30551611250
1       59.30551623333
2       59.30554982917
2       59.30556609583
2       59.30560816250
2       59.30561084167
2       59.30574730833
4       59.30574732500
1       59.30574744583
2       59.30581327917
2       59.30595732917
4       59.30595734583
1       59.30595746667
2       59.30599368750
2       59.30603211250
2       59.30609115000
2       59.30615610417
4       59.30615610417
1       59.30615624167
2       59.30645112500
4       59.30645112500
1       59.30645126250
2       59.30647828333
2       59.30654751250
2       59.30666115417
4       59.30666117500
1       59.30666129583
2       59.30674995417
2       59.30682675417
2       59.30685460417
4       59.30685460417
1       59.30685474167
2       59.30686450417
2       59.30687743750
2       59.30705925417
4       59.30705925417
1       59.30705939167
2       59.30716027917
2       59.30722324167
2       59.30727030833
4       59.30727032500
1       59.30727044583
2       59.30730462500
2       59.30731204167
2       59.30749582500
4       59.30749584583
1       59.30749596667
2       59.30760718750
2       59.30762973750
2       59.30770512083
4       59.30770513750
1       59.30770525833
2       59.30783334167
2       59.30784160417
2       59.30793008750
4       59.30793010833
1       59.30793022917
2       59.30801027083
2       59.30828213333
4       59.30828215417
1       59.30828227500
2       59.30851097083
4       59.30851098750
1       59.30851110833
2       59.30862468333
2       59.30871209583
4       59.30871209583
1       59.30871223333
2       59.30879297500
2       59.30881907083
2       59.30884228333
2       59.30891525833
4       59.30891527500
1       59.30891539583
2       59.30904762917
2       59.30906859167
2       59.30906986667
2       59.30911559583
4       59.30911559583
1       59.30911573333
2       59.30919739167
2       59.30931360000
4       59.30931361667
1       59.30931373750
2       59.30932418750
2       59.30933919167
2       59.30938945000
2       59.30945866667
2       59.30958954583
4       59.30958954583
1       59.30958968333
2       59.30964187500
2       59.30970409167
2       59.30979332083
4       59.30979333750
1       59.30979345833
2       59.30979429167
2       59.30987176667
2       59.30989297083
2       59.30993340000
2       59.30998963750
4       59.30998965417
1       59.30998977500
2       59.31011950000
2       59.31020991667
4       59.31020993333
1       59.31021005417
2       59.31022447083
2       59.31036995000
2       59.31043323333
4       59.31043325417
1       59.31043337500
2       59.31055966250
2       59.31060997917
2       59.31064812083
4       59.31064813750
1       59.31064825833
2       59.31068785833
2       59.31098169167
4       59.31098170833
1       59.31098182917
2       59.31100451667
2       59.31107407083
2       59.31108402500
2       59.31109933750
2       59.31111311250
2       59.31114570417
2       59.31118467500
4       59.31118469583
1       59.31118481667
2       59.31122314167
2       59.31132309583
2       59.31144109167
4       59.31144111250
1       59.31144123333
2       59.31148049583
2       59.31155275417
2       59.31157490000
2       59.31161393333
4       59.31161393333
1       59.31161407083
2       59.31163189167
2       59.31164285000
2       59.31180340417
4       59.31180342500
1       59.31180354583
2       59.31183488750
2       59.31185647917
2       59.31186671250
2       59.31188165833
2       59.31192406667
2       59.31198827500
4       59.31198829583
1       59.31198841667
2       59.31221259167
4       59.31221261250
1       59.31221273333
2       59.31225889167
2       59.31236656667
2       59.31243517917
4       59.31243520000
1       59.31243532083
2       59.31252659167
2       59.31258380833
2       59.31269077917
4       59.31269079583
1       59.31269091667
2       59.31285833750
2       59.31291736250
4       59.31291738333
1       59.31291750417
2       59.31295314167
2       59.31300150417
2       59.31301969583
2       59.31314159583
4       59.31314161667
1       59.31314173750
2       59.31341824583
4       59.31341826667
1       59.31341838750
2       59.31347981667
2       59.31356954167
2       59.31361863750
4       59.31361865833
1       59.31361877500
2       59.31374611250
2       59.31391446250
4       59.31391448333
1       59.31391460000
2       59.31392897500
2       59.31393124167
2       59.31401402917
2       59.31404889167
2       59.31405852917
2       59.31428467500
4       59.31428469583
1       59.31428481250
2       59.31429562083
2       59.31436684167
2       59.31442382917
2       59.31443537917
2       59.31470873750
4       59.31470875417
1       59.31470887500
2       59.31492194583
4       59.31492194583
1       59.31492208333
2       59.31500048750
2       59.31504148333
2       59.31504523333
2       59.31520583750
4       59.31520585833
1       59.31520597917
2       59.31533949583
2       59.31535454167
2       59.31540158333
2       59.31544461667
4       59.31544463333
1       59.31544475417
2       59.31555231250
2       59.31564170000
4       59.31564172083
1       59.31564184167
2       59.31570563750
2       59.31574905833
2       59.31589617500
4       59.31589617500
1       59.31589631250
2       59.31589763333
2       59.31617735417
4       59.31617735417
1       59.31617749167
2       59.31659632500
4       59.31659634583
1       59.31659646667
2       59.31662542083
2       59.31681031250
4       59.31681032917
1       59.31681045000
2       59.31683080833
2       59.31687988750
2       59.31694607500
2       59.31708256250
4       59.31708257917
1       59.31708270000
2       59.31709477083
2       59.31713954583
2       59.31715575417
2       59.31736149167
4       59.31736151250
1       59.31736162917
2       59.31744756250
2       59.31776456250
4       59.31776457917
1       59.31776470000
2       59.31777682083
2       59.31779207500
2       59.31785665000
2       59.31790700417
2       59.31813551250
4       59.31813553333
1       59.31813565417
2       59.31823203750
2       59.31838795833
4       59.31838797917
1       59.31838810000
2       59.31853274583
2       59.31868271250
4       59.31868272917
1       59.31868285000
2       59.31872280833
2       59.31893416667
4       59.31893418750
1       59.31893430833
2       59.31916171250
4       59.31916172917
1       59.31916185000
2       59.31925213750
2       59.31946075833
4       59.31946077500
1       59.31946089583
2       59.31949645417
2       59.31953037500
2       59.31958265833
2       59.31963337083
2       59.31979848333
4       59.31979850417
1       59.31979862083
2       59.31981357083
2       59.31988245000
2       59.32008915000
4       59.32008916667
1       59.32008928750
2       59.32015499583
2       59.32021830417
2       59.32034055417
4       59.32034057500
1       59.32034069167
2       59.32040044167
2       59.32063564583
4       59.32063564583
1       59.32063578333
2       59.32064350833
2       59.32067211250
2       59.32069889167
2       59.32079459167
2       59.32088970417
4       59.32088970417
1       59.32088984167
2       59.32092711250
2       59.32093341667
2       59.32100660000
2       59.32109470417
4       59.32109470417
1       59.32109484167
2       59.32110921250
2       59.32112187500
2       59.32122131667
2       59.32123292083
2       59.32137833750
4       59.32137835417
1       59.32137847500
2       59.32140080833
2       59.32144957500
2       59.32148887083
2       59.32151005417
2       59.32153482500
2       59.32155214583
2       59.32179490000
4       59.32179491667
1       59.32179503750
2       59.32202785833
4       59.32202787917
1       59.32202799583
2       59.32214528750
2       59.32234435417
4       59.32234435417
1       59.32234449167
2       59.32237189167
2       59.32244581667
2       59.32248710833
2       59.32250745000
2       59.32251201667
2       59.32254620417
2       59.32260350417
4       59.32260350417
1       59.32260364167
2       59.32271411250
2       59.32281244583
2       59.32292246667
4       59.32292246667
1       59.32292260417
2       59.32305161250
2       59.32312384583
2       59.32319635833
4       59.32319637917
1       59.32319650000
2       59.32322350417
2       59.32330333750
2       59.32341032917
4       59.32341034583
1       59.32341046667
2       59.32356962917
4       59.32356965000
1       59.32356977083
2       59.32360544583
2       59.32362065833
2       59.32370719167
2       59.32370973750
2       59.32376007500
4       59.32376009583
1       59.32376021667
2       59.32383464583
2       59.32384523750
2       59.32389453750
2       59.32391742500
2       59.32392208750
2       59.32393233750
4       59.32393235417
1       59.32393247500
2       59.32395318333
2       59.32400155417
2       59.32400387917
2       59.32406755833
2       59.32416721667
4       59.32416723333
1       59.32416735417
2       59.32422918333
2       59.32435634583
2       59.32459910000
4       59.32459912083
1       59.32459924167
2       59.32471704167
2       59.32475875000
2       59.32477365833
2       59.32482371667
4       59.32482373750
1       59.32482385417
2       59.32497037917
2       59.32502043333
4       59.32502045417
1       59.32502057500
2       59.32526360417
4       59.32526362500
1       59.32526374583
2       59.32536257083
2       59.32551986667
4       59.32551988333
1       59.32552000417
2       59.32553386250
2       59.32596042917
4       59.32596044583
1       59.32596056667
2       59.32596242500
2       59.32599059167
2       59.32608864583
2       59.32609759583
2       59.32609887500
2       59.32610846667
2       59.32615425833
2       59.32617640833
4       59.32617642500
1       59.32617654583
2       59.32621520417
2       59.32627710000
2       59.32628532917
2       59.32630891667
2       59.32633372500
2       59.32641762083
4       59.32641764167
1       59.32641776250
2       59.32648081250
2       59.32670469583
4       59.32670471667
1       59.32670483750
2       59.32671763750
2       59.32673652083
2       59.32675105000
2       59.32681670000
2       59.32685441250
2       59.32702798750
4       59.32702800417
1       59.32702812500
2       59.32705747083
2       59.32712477917
2       59.32722568333
2       59.32739297917
4       59.32739300000
1       59.32739312083
2       59.32744730417
2       59.32748147083
2       59.32750593333
2       59.32773950000
4       59.32773952083
1       59.32773964167
2       59.32776895000
2       59.32786465833
2       59.32790673750
2       59.32794387500
4       59.32794387500
1       59.32794401250
2       59.32818807083
4       59.32818809167
1       59.32818821250
2       59.32825287500
2       59.32829891250
2       59.32858513333
4       59.32858515000
1       59.32858527083
2       59.32859936667
2       59.32866625417
2       59.32875142917
2       59.32880696250
4       59.32880698333
1       59.32880710000
2       59.32881737083
2       59.32882325417
2       59.32894153750
2       59.32903287083
4       59.32903289167
1       59.32903301250
2       59.32903518750
2       59.32937474167
4       59.32937475833
1       59.32937487917
2       59.32942811250
2       59.32951027917
2       59.32966621667
4       59.32966623750
1       59.32966635833
2       59.32967122500
2       59.32974207917
2       59.32974606250
2       59.32977093750
2       59.32983251667
2       59.32984546250
4       59.32984548333
1       59.32984560417
2       59.33014916250
4       59.33014918333
1       59.33014930417
2       59.33028296250
2       59.33031743333
2       59.33034857917
4       59.33034860000
1       59.33034872083
2       59.33044262917
2       59.33051778750
2       59.33056057500
4       59.33056057500
1       59.33056071250
2       59.33103253750
4       59.33103255833
1       59.33103267917
2       59.33123920833
4       59.33123922500
1       59.33123934583
2       59.33126240000
2       59.33143240417
4       59.33143240417
1       59.33143254167
2       59.33149365000
2       59.33179932917
4       59.33179934583
1       59.33179946667
2       59.33189759583
2       59.33191665833
2       59.33192356250
2       59.33208685833
4       59.33208687500
1       59.33208699583
2       59.33221698333
2       59.33224416667
2       59.33234918333
4       59.33234918333
1       59.33234932083
2       59.33241375417
2       59.33243695417
2       59.33255920417
4       59.33255920417
1       59.33255934167
2       59.33305282083
4       59.33305284167
1       59.33305295833
2       59.33305802500
2       59.33326137083
4       59.33326138750
1       59.33326150833
2       59.33327736667
2       59.33329292500
2       59.33337071250
2       59.33340488333
2       59.33345843750
4       59.33345845833
1       59.33345857917
2       59.33347967917
2       59.33350689167
2       59.33354725000
2       59.33360229583
2       59.33369670417
4       59.33369672500
1       59.33369684583
2       59.33375096250
2       59.33378966667
2       59.33380564583
2       59.33384200000
2       59.33388280833
4       59.33388282917
1       59.33388295000
2       59.33389200000
2       59.33397157083
2       59.33397685833
2       59.33402755833
2       59.33405631667
4       59.33405631667
1       59.33405645417
2       59.33408282083
2       59.33425935417
4       59.33425937500
1       59.33425949583
2       59.33438323333
2       59.33448590833
4       59.33448592917
1       59.33448605000
2       59.33468637917
4       59.33468640000
1       59.33468652083
2       59.33472110000
2       59.33477376667
2       59.33490735833
4       59.33490737500
1       59.33490749583
2       59.33493275000
2       59.33501492917
2       59.33506560417
2       59.33520842083
4       59.33520843750
1       59.33520855833
2       59.33525110000
2       59.33526394583
2       59.33535871667
2       59.33542130417
4       59.33542130417
1       59.33542144167
2       59.33545509167
2       59.33566709167
4       59.33566711250
1       59.33566723333
2       59.33585086667
4       59.33585088750
1       59.33585100833
2       59.33590330417
2       59.33595197917
2       59.33602922500
2       59.33608208750
4       59.33608210833
1       59.33608222917
2       59.33608840833
2       59.33613510000
2       59.33614072500
2       59.33622057083
2       59.33623217917
2       59.33625272917
2       59.33630900417
4       59.33630902500
1       59.33630914167
2       59.33631065417
2       59.33633652083
2       59.33654978750
4       59.33654980417
1       59.33654992500
2       59.33667240417
2       59.33690418333
4       59.33690418333
1       59.33690432083
2       59.33710558750
4       59.33710560417
1       59.33710572500
2       59.33733839583
4       59.33733841667
1       59.33733853333
2       59.33753158333
2       59.33755382500
4       59.33755382500
1       59.33755396250
2       59.33770380417
2       59.33771642083
2       59.33782107083
4       59.33782108750
1       59.33782120833
2       59.33784795000
2       59.33787933333
2       59.33791740000
2       59.33794334583
2       59.33795916667
2       59.33810157500
4       59.33810157500
1       59.33810171250
2       59.33822349167
2       59.33834115417
4       59.33834117500
1       59.33834129583
2       59.33855307083
4       59.33855309167
1       59.33855321250
2       59.33861075417
2       59.33886575833
4       59.33886577500
1       59.33886589583
2       59.33906024583
4       59.33906024583
1       59.33906038333
2       59.33909615833
2       59.33919862083
2       59.33934570417
4       59.33934570417
1       59.33934584167
2       59.33942517500
2       59.33953846667
2       59.33979917917
4       59.33979919583
1       59.33979931667
2       59.33981375000
2       59.33982132083
2       59.33982562500
2       59.33983024167
2       59.33983964583
2       59.33991571667
2       59.33995617083
2       59.34006945000
4       59.34006946667
1       59.34006958750
2       59.34021254167
2       59.34025824167
2       59.34042545833
4       59.34042547917
1       59.34042560000
2       59.34045294583
2       59.34048014583
2       59.34051135833
2       59.34058317083
2       59.34067990417
4       59.34067990417
1       59.34068004167
2       59.34070239583
2       59.34078222917
2       59.34079125833
2       59.34091869167
4       59.34091870833
1       59.34091882917
2       59.34094478333
2       59.34101940417
2       59.34103828333
2       59.34104853333
2       59.34123336250
4       59.34123338333
1       59.34123350000
2       59.34129262500
2       59.34149516250
4       59.34149518333
1       59.34149530417
2       59.34150596667
2       59.34162322917
2       59.34167228750
2       59.34191540000
4       59.34191542083
1       59.34191554167
2       59.34196442500
2       59.34214324583
4       59.34214326667
1       59.34214338333
2       59.34225125417
2       59.34228310417
2       59.34231983333
2       59.34236581667
4       59.34236583750
1       59.34236595833
2       59.34248739583
2       59.34263413333
4       59.34263415417
1       59.34263427500
2       59.34266301250
2       59.34283225833
4       59.34283227917
1       59.34283240000
2       59.34285638750
2       59.34291929167
2       59.34308924167
4       59.34308926250
1       59.34308937917
2       59.34313197917
2       59.34320250833
2       59.34328432083
4       59.34328434167
1       59.34328445833
2       59.34331017917
2       59.34335157083
2       59.34339632083
2       59.34355564583
4       59.34355564583
1       59.34355578333
2       59.34365201667
2       59.34366067500
2       59.34368412500
2       59.34377630417
4       59.34377632500
1       59.34377644583
2       59.34377937083
2       59.34382189583
2       59.34390410417
2       59.34392424583
2       59.34393220000
2       59.34396820000
4       59.34396822083
1       59.34396834167
2       59.34397033333
2       59.34399744583
2       59.34412169583
2       59.34418662917
4       59.34418664583
1       59.34418676667
2       59.34425980000
2       59.34428601250
2       59.34433568333
2       59.34437540833
4       59.34437542917
1       59.34437555000
2       59.34441755833
2       59.34456097500
4       59.34456099583
1       59.34456111667
2       59.34468112083
2       59.34470302083
2       59.34474868750
4       59.34474870417
1       59.34474882500
2       59.34485301667
2       59.34489902917
2       59.34490370833
2       59.34499215417
4       59.34499215417
1       59.34499229167
2       59.34507795833
2       59.34529590417
4       59.34529590417
1       59.34529604167
2       59.34532999167
2       59.34544133333
2       59.34545356250
2       59.34552677917
4       59.34552679583
1       59.34552691667
2       59.34553576250
2       59.34558576667
2       59.34559361250
2       59.34563104167
2       59.34565889167
2       59.34577309583
4       59.34577309583
1       59.34577323333
2       59.34577417917
2       59.34580098333
2       59.34591264583
2       59.34611998333
4       59.34612000417
1       59.34612012083
2       59.34614710833
2       59.34618329167
2       59.34639886667
4       59.34639888750
1       59.34639900417
2       59.34640714583
2       59.34662140417
4       59.34662140417
1       59.34662154167
2       59.34694236667
4       59.34694238333
1       59.34694250417
2       59.34695308750
2       59.34697781667
2       59.34718157083
4       59.34718159167
1       59.34718171250
2       59.34724148333
2       59.34730272500
2       59.34776755000
4       59.34776757083
1       59.34776768750
2       59.34785460833
2       59.34792583333
2       59.34802919167
4       59.34802920833
1       59.34802932917
2       59.34814806667
2       59.34817522917
2       59.34819843333
2       59.34824014583
4       59.34824016667
1       59.34824028750
2       59.34824221250
2       59.34829157083
2       59.34830445000
2       59.34831834583
2       59.34841112083
2       59.34854653750
4       59.34854655833
1       59.34854667917
2       59.34872708750
4       59.34872710417
1       59.34872722500
2       59.34880752083
2       59.34891923333
2       59.34970885000
4       59.34970887083
1       59.34970899167
2       59.34977677500
2       59.34995752083
4       59.34995753750
1       59.34995765833
2       59.35018319583
2       59.35047232917
4       59.35047234583
1       59.35047246667
2       59.35052828333
2       59.35062767917
2       59.35082708333
4       59.35082708333
1       59.35082722083
2       59.35089438750
2       59.35093336667
2       59.35099830000
2       59.35100690417
2       59.35104769583
4       59.35104769583
1       59.35104783333
2       59.35111259583
2       59.35133059583
4       59.35133059583
1       59.35133073333
2       59.35139149583
2       59.35140107500
2       59.35144346250
2       59.35152691667
2       59.35164356250
4       59.35164358333
1       59.35164370417
2       59.35180385833
2       59.35185218750
4       59.35185220417
1       59.35185232500
2       59.35200069583
2       59.35206392917
2       59.35220232083
4       59.35220234167
1       59.35220246250
2       59.35232791250
2       59.35235937083
2       59.35259017083
4       59.35259018750
1       59.35259030833
2       59.35278561250
2       59.35281034583
4       59.35281036667
1       59.35281048750
2       59.35281846250
2       59.35295517917
2       59.35296220417
2       59.35301416250
2       59.35306818750
4       59.35306820833
1       59.35306832917
2       59.35307904167
2       59.35309165833
2       59.35320084583
2       59.35332514583
4       59.35332516667
1       59.35332528750
2       59.35332649167
2       59.35347755417
2       59.35359383333
4       59.35359385417
1       59.35359397500
2       59.35406982500
4       59.35406984583
1       59.35406996667
2       59.35412878333
2       59.35413997500
2       59.35415525000
2       59.35419141667
2       59.35434568333
4       59.35434568333
1       59.35434582083
2       59.35435238333
2       59.35458320000
4       59.35458321667
1       59.35458333750
2       59.35479847083
4       59.35479848750
1       59.35479860833
2       59.35500216667
2       59.35507448750
4       59.35507450833
1       59.35507462500
2       59.35514765833
2       59.35520320000
2       59.35522812500
2       59.35535689167
4       59.35535690833
1       59.35535702917
2       59.35538803333
2       59.35546029167
2       59.35550962083
2       59.35556625000
4       59.35556627083
1       59.35556639167
2       59.35570970833
2       59.35574282083
4       59.35574283750
1       59.35574295833
2       59.35584712500
2       59.35593470000
4       59.35593472083
1       59.35593484167
2       59.35603428750
2       59.35604490417
2       59.35612806667
4       59.35612808333
1       59.35612820417
2       59.35627609583
2       59.35651225417
4       59.35651225417
1       59.35651239167
2       59.35654372083
2       59.35670829583
4       59.35670831667
1       59.35670843333
2       59.35673645000
2       59.35675535417
2       59.35679387917
2       59.35682659583
2       59.35690078750
2       59.35690436250
2       59.35696973750
4       59.35696975417
1       59.35696987500
2       59.35709512500
2       59.35717070833
4       59.35717072917
1       59.35717085000
2       59.35731089167
2       59.35740822917
4       59.35740824583
1       59.35740836667
2       59.35741287917
2       59.35756460417
2       59.35760703333
4       59.35760705417
1       59.35760717500
2       59.35780170833
4       59.35780172500
1       59.35780184583
2       59.35790680417
2       59.35797195833
2       59.35798885000
4       59.35798887083
1       59.35798898750
2       59.35811867500
2       59.35813153750
2       59.35830724583
4       59.35830724583
1       59.35830738333
2       59.35849000833
2       59.35851924167
2       59.35883682917
4       59.35883685000
1       59.35883696667
2       59.35898492917
2       59.35921603750
4       59.35921605833
1       59.35921617917
2       59.35935520000
2       59.35952805417
4       59.35952807500
1       59.35952819583
2       59.35962219167
2       59.35963975000
2       59.35965781250
2       59.35968304167
2       59.35972316250
2       59.35974202500
4       59.35974204583
1       59.35974216250
2       59.35977485000
2       59.35979472083
2       59.35982989583
2       59.35988909583
2       59.36001462500
4       59.36001464583
1       59.36001476667
2       59.36024223750
4       59.36024225833
1       59.36024237917
2       59.36028557917
2       59.36071889583
4       59.36071889583
1       59.36071903333
2       59.36074209583
2       59.36079932500
2       59.36097787083
4       59.36097789167
1       59.36097801250
2       59.36109077083
2       59.36121433750
4       59.36121435833
1       59.36121447917
2       59.36125250000
2       59.36151642917
4       59.36151645000
1       59.36151657083
2       59.36160252917
2       59.36169457083
2       59.36192974167
4       59.36192976250
1       59.36192987917
2       59.36277947083
4       59.36277948750
1       59.36277960833
2       59.36278543333
2       59.36307192917
4       59.36307195000
1       59.36307207083
2       59.36307719167
2       59.36312590417
2       59.36323917083
2       59.36335047917
4       59.36335049583
1       59.36335061667
2       59.36350677500
2       59.36392213750
4       59.36392215417
1       59.36392227500
2       59.36404797083
2       59.36408809167
2       59.36414041250
4       59.36414043333
1       59.36414055000
2       59.36423187083
2       59.36424447917
2       59.36425972083
2       59.36426627917
2       59.36430309167
2       59.36431404583
2       59.36450509167
4       59.36450511250
1       59.36450523333
2       59.36466282083
2       59.36469725833
4       59.36469727917
1       59.36469740000
2       59.36501683333
4       59.36501685417
1       59.36501697083
2       59.36501752917
2       59.36510726250
2       59.36514871667
2       59.36519407917
2       59.36525399167
4       59.36525400833
1       59.36525412917
2       59.36535470000
2       59.36536435417
2       59.36548055833
4       59.36548057500
1       59.36548069583
2       59.36569522500
4       59.36569524583
1       59.36569536250
2       59.36574159167
2       59.36579796667
2       59.36582237917
2       59.36587272083
2       59.36587505417
2       59.36589395000
4       59.36589397083
1       59.36589408750
2       59.36591016250
2       59.36609638750
4       59.36609640417
1       59.36609652500
2       59.36610324167
2       59.36611814167
2       59.36612885417
2       59.36615730000
2       59.36618914583
2       59.36629705417
4       59.36629705417
1       59.36629719167
2       59.36634270833
2       59.36634742083
2       59.36635147917
2       59.36646895000
2       59.36670113333
4       59.36670115417
1       59.36670127500
2       59.36674284167
2       59.36689821667
4       59.36689823750
1       59.36689835833
2       59.36692408750
2       59.36699995417
2       59.36702407083
2       59.36703440000
2       59.36719400000
4       59.36719401667
1       59.36719413750
2       59.36743080417
4       59.36743080417
1       59.36743094167
2       59.36744339583
2       59.36752060000
2       59.36764281250
4       59.36764282917
1       59.36764295000
2       59.36767693750
2       59.36769977500
2       59.36779851667
2       59.36780839167
2       59.36786933750
4       59.36786935417
1       59.36786947500
2       59.36787962500
2       59.36794956250
2       59.36796412500
2       59.36800420417
2       59.36819231667
4       59.36819233750
1       59.36819245833
2       59.36822215417
2       59.36829010833
2       59.36837514167
2       59.36851867500
4       59.36851867500
1       59.36851881250
2       59.36854871667
2       59.36860335417
2       59.36865604583
2       59.36867295000
2       59.36886140417
4       59.36886142500
1       59.36886154167
2       59.36889747917
2       59.36920555000
4       59.36920556667
1       59.36920568750
2       59.36923465000
2       59.36936520417
2       59.36939400833
4       59.36939402500
1       59.36939414583
2       59.36945562917
2       59.36978651667
4       59.36978653333
1       59.36978665417
2       59.36982031250
2       59.36986043333
2       59.36996077083
2       59.37004415833
4       59.37004417500
1       59.37004429583
2       59.37005912083
2       59.37035688750
4       59.37035690417
1       59.37035702500
2       59.37044609167
2       59.37048509583
2       59.37053983750
2       59.37063777083
4       59.37063778750
1       59.37063790833
2       59.37072190000
2       59.37077333750
2       59.37078051667
2       59.37103658750
4       59.37103660833
1       59.37103672500
2       59.37104051250
2       59.37109590417
2       59.37109824167
2       59.37120721250
2       59.37142549167
4       59.37142551250
1       59.37142563333
2       59.37152817500
2       59.37154169167
2       59.37156728750
2       59.37159402917
2       59.37192697500
4       59.37192699583
1       59.37192711667
2       59.37208462917
2       59.37211637917
2       59.37224990833
4       59.37224992917
1       59.37225005000
2       59.37232507917
2       59.37243733333
2       59.37245190417
4       59.37245190417
1       59.37245204167
2       59.37246517500
2       59.37264965000
2       59.37283415833
4       59.37283417500
1       59.37283429583
2       59.37284244167
2       59.37301371667
4       59.37301373750
1       59.37301385833
2       59.37341452083
4       59.37341454167
1       59.37341465833
2       59.37343770000
2       59.37344928750
2       59.37345020833
2       59.37347374583
2       59.37361582917
4       59.37361584583
1       59.37361596667
2       59.37370262083
2       59.37377818750
2       59.37383186667
4       59.37383188750
1       59.37383200833
2       59.37383806667
2       59.37391497500
2       59.37394542500
2       59.37395007917
2       59.37400006250
4       59.37400007917
1       59.37400020000
2       59.37413653750
2       59.37414157083
2       59.37428402500
4       59.37428404583
1       59.37428416667
2       59.37435982500
2       59.37440318333
2       59.37453075000
4       59.37453076667
1       59.37453088750
2       59.37460225417
2       59.37464801250
2       59.37493112500
4       59.37493114583
1       59.37493126667
2       59.37502095833
2       59.37504674583
2       59.37528426667
4       59.37528426667
1       59.37528440417
2       59.37535485833
2       59.37550447917
4       59.37550450000
1       59.37550462083
2       59.37550584167
2       59.37551318333
2       59.37573248333
4       59.37573250417
1       59.37573262500
2       59.37576151250
2       59.37576757500
2       59.37578015417
2       59.37588404583
2       59.37591953750
2       59.37607889167
4       59.37607891250
1       59.37607903333
2       59.37618782917
2       59.37669131250
4       59.37669133333
1       59.37669145000
2       59.37672064583
2       59.37687976667
4       59.37687978333
1       59.37687990417
2       59.37689071667
2       59.37692542083
2       59.37695492500
2       59.37706622500
4       59.37706624583
1       59.37706636667
2       59.37729508750
2       59.37735612917
4       59.37735615000
1       59.37735627083
2       59.37754417500
2       59.37754721667
2       59.37799595417
4       59.37799597500
1       59.37799609583
2       59.37811255417
2       59.37811990000
2       59.37826358333
4       59.37826360000
1       59.37826372083
2       59.37844084167
2       59.37844483333
2       59.37859750833
4       59.37859752917
1       59.37859765000
2       59.37862690417
2       59.37880915000
4       59.37880916667
1       59.37880928750
2       59.37884890417
2       59.37885156250
2       59.37890785833
2       59.37898375833
2       59.37899069583
2       59.37929968333
4       59.37929970417
1       59.37929982500
2       59.37938612500
2       59.37953390417
4       59.37953392500
1       59.37953404583
2       59.37955805833
2       59.37972170000
2       59.37978859167
4       59.37978860833
1       59.37978872917
2       59.37987471250
2       59.38004067083
4       59.38004069167
1       59.38004081250
2       59.38004204167
2       59.38028017083
4       59.38028018750
1       59.38028030833
2       59.38048879583
4       59.38048879583
1       59.38048893333
2       59.38049147083
2       59.38051862083
2       59.38052489167
2       59.38054015833
2       59.38080147917
4       59.38080150000
1       59.38080162083
2       59.38083037917
2       59.38089797917
2       59.38090786667
2       59.38147720417
4       59.38147720417
1       59.38147734167
2       59.38155970417
2       59.38164870833
2       59.38168252917
4       59.38168255000
1       59.38168267083
2       59.38173920000
2       59.38187333750
2       59.38192835417
4       59.38192837500
1       59.38192849167
2       59.38194064167
2       59.38222120000
4       59.38222121667
1       59.38222133750
2       59.38240787917
4       59.38240790000
1       59.38240802083
2       59.38243482083
2       59.38244867083
2       59.38251567500
2       59.38263285833
4       59.38263287500
1       59.38263299583
2       59.38271207083
2       59.38292964583
4       59.38292966667
1       59.38292978750
2       59.38328073750
4       59.38328075417
1       59.38328087500
2       59.38372164167
4       59.38372165833
1       59.38372177917
2       59.38374316667
2       59.38379681250
2       59.38385446250
2       59.38388292500
2       59.38388359583
2       59.38394620833
4       59.38394622500
1       59.38394634583
2       59.38434068750
4       59.38434070833
1       59.38434082500
2       59.38440454167
2       59.38453205833
4       59.38453207917
1       59.38453219583
2       59.38453474167
2       59.38467751250
2       59.38471595417
2       59.38490169167
4       59.38490170833
1       59.38490182917
2       59.38497760417
2       59.38543735833
4       59.38543737917
1       59.38543750000
2       59.38545000417
2       59.38561949167
2       59.38564610000
4       59.38564611667
1       59.38564623750
2       59.38564896667
2       59.38588621250
4       59.38588622917
1       59.38588635000
2       59.38598425000
2       59.38601904583
2       59.38609290000
2       59.38613989167
4       59.38613991250
1       59.38614003333
2       59.38620957083
2       59.38621706667
2       59.38621905000
2       59.38627711250
2       59.38647506250
4       59.38647507917
1       59.38647520000
2       59.38650758333
2       59.38651482917
2       59.38694217500
4       59.38694217500
1       59.38694231250
2       59.38708294583
2       59.38723261667
4       59.38723261667
1       59.38723275417
2       59.38723697500
2       59.38726114583
2       59.38728926250
2       59.38734886667
2       59.38743639583
4       59.38743639583
1       59.38743653333
2       59.38753632500
2       59.38757575000
2       59.38758240000
2       59.38763077917
4       59.38763079583
1       59.38763091667
2       59.38772910417
2       59.38777316250
2       59.38797260833
4       59.38797262500
1       59.38797274583
2       59.38797891667
2       59.38798720417
2       59.38800772917
2       59.38806068750
2       59.38808619167
2       59.38825377917
4       59.38825379583
1       59.38825391667
2       59.38826282500
2       59.38827138333
2       59.38831205833
2       59.38841078750
2       59.38846741250
4       59.38846743333
1       59.38846755417
2       59.38855491250
2       59.38865656250
4       59.38865658333
1       59.38865670417
2       59.38885955833
4       59.38885957500
1       59.38885969583
2       59.38891417500
2       59.38893252500
2       59.38898546667
2       59.38903291667
2       59.38904840417
4       59.38904842500
1       59.38904854167
2       59.38912331250
2       59.38915105417
2       59.38921236250
2       59.38926634167
4       59.38926636250
1       59.38926647917
2       59.38946771250
4       59.38946773333
1       59.38946785417
2       59.38964525000
4       59.38964526667
1       59.38964538750
2       59.38968345417
2       59.38973341667
2       59.38981383750
2       59.38991264583
4       59.38991264583
1       59.38991278333
2       59.38993142917
2       59.38995296250
2       59.39001288750
2       59.39003445417
2       59.39004042917
2       59.39007620417
2       59.39010136667
2       59.39013877500
4       59.39013879583
1       59.39013891250
2       59.39031242083
2       59.39033497500
4       59.39033497500
1       59.39033511250
2       59.39034645833
2       59.39038491667
2       59.39056945000
4       59.39056947083
1       59.39056959167
2       59.39065228333
2       59.39071056250
2       59.39077482083
4       59.39077483750
1       59.39077495833
2       59.39082382500
2       59.39097649167
4       59.39097651250
1       59.39097663333
2       59.39105732917
2       59.39124872500
4       59.39124872500
1       59.39124886250
2       59.39135215000
2       59.39137238750
2       59.39141702917
2       59.39151935000
4       59.39151937083
1       59.39151948750
2       59.39160583333
2       59.39163533333
2       59.39167408750
2       59.39172208750
4       59.39172210417
1       59.39172222500
2       59.39184195833
2       59.39194696667
4       59.39194698333
1       59.39194710417
2       59.39197675417
2       59.39204499167
2       59.39205467500
2       59.39216330417
4       59.39216332500
1       59.39216344583
2       59.39218851250
2       59.39239775417
4       59.39239775417
1       59.39239789167
2       59.39248327083
2       59.39267009167
4       59.39267010833
1       59.39267022917
2       59.39271439167
2       59.39274190417
2       59.39280250833
2       59.39284657083
2       59.39288932917
4       59.39288934583
1       59.39288946667
2       59.39298337083
2       59.39324214583
4       59.39324214583
1       59.39324228333
2       59.39332285417
2       59.39341728333
2       59.39342555417
4       59.39342557500
1       59.39342569583
2       59.39343417917
2       59.39345217917
2       59.39346039167
2       59.39369583750
4       59.39369585833
1       59.39369597917
2       59.39392110000
4       59.39392112083
1       59.39392124167
2       59.39392471250
2       59.39394917917
2       59.39394990000
2       59.39406122500
2       59.39406585417
2       59.39415395000
4       59.39415396667
1       59.39415408750
2       59.39416154583
2       59.39424401667
2       59.39442620417
4       59.39442622500
1       59.39442634167
2       59.39442692083
2       59.39497937917
4       59.39497939583
1       59.39497951667
2       59.39506247917
2       59.39510985833
2       59.39515830000
2       59.39528210000
4       59.39528212083
1       59.39528224167
2       59.39534606250
2       59.39536817917
2       59.39547092500
2       59.39557064167
4       59.39557065833
1       59.39557077917
2       59.39578955833
4       59.39578957500
1       59.39578969583
2       59.39579453333
2       59.39591347500
2       59.39599362083
4       59.39599363750
1       59.39599375833
2       59.39599688333
2       59.39603266250
2       59.39609166667
2       59.39614896667
2       59.39621622917
4       59.39621624583
1       59.39621636667
2       59.39630325833
2       59.39635401250
2       59.39642681250
4       59.39642682917
1       59.39642695000
2       59.39646362083
2       59.39656828333
2       59.39657921250
2       59.39665334167
4       59.39665335833
1       59.39665347917
2       59.39690782083
4       59.39690783750
1       59.39690795833
2       59.39718828333
4       59.39718830417
1       59.39718842500
2       59.39722372917
2       59.39724890000
2       59.39734997083
2       59.39738142917
2       59.39745030000
4       59.39745032083
1       59.39745044167
2       59.39746986250
2       59.39754080417
2       59.39763945417
4       59.39763947500
1       59.39763959583
2       59.39803662917
4       59.39803664583
1       59.39803676667
2       59.39806308333
2       59.39820749583
2       59.39821053750
4       59.39821055417
1       59.39821067500
2       59.39823102917
2       59.39830651250
2       59.39831245000
2       59.39832903750
2       59.39861000417
4       59.39861000417
1       59.39861014167
2       59.39866993750
2       59.39868145833
2       59.39877459167
2       59.39895117083
4       59.39895119167
1       59.39895130833
2       59.39897765417
2       59.39899612500
2       59.39901966667
2       59.39902129583
2       59.39908217083
2       59.39910705833
2       59.39916045417
4       59.39916045417
1       59.39916059167
2       59.39923932917
2       59.39936220833
4       59.39936222917
1       59.39936235000
2       59.39950347500
2       59.39971195000
4       59.39971197083
1       59.39971209167
2       59.39971750000
2       59.39992626250
4       59.39992628333
1       59.39992640417
2       59.40009754167
2       59.40013559167
4       59.40013560833
1       59.40013572917
2       59.40022299167
2       59.40043963750
4       59.40043965833
1       59.40043977917
2       59.40052342083
2       59.40057544583
2       59.40060688333
2       59.40073410417
4       59.40073412500
1       59.40073424583
2       59.40104609583
4       59.40104611667
1       59.40104623750
2       59.40110803333
2       59.40124715417
4       59.40124717500
1       59.40124729167
2       59.40128695417
2       59.40141081250
2       59.40145252083
4       59.40145253750
1       59.40145265833
2       59.40146045417
2       59.40150252500
2       59.40153635833
2       59.40167877500
4       59.40167879583
1       59.40167891667
2       59.40170395417
2       59.40190402917
4       59.40190404583
1       59.40190416667
2       59.40195572500
2       59.40196964583
2       59.40212926250
4       59.40212927917
1       59.40212940000
2       59.40227697917
2       59.40245687917
4       59.40245689583
1       59.40245701667
2       59.40262437917
2       59.40277417500
4       59.40277419583
1       59.40277431667
2       59.40278600833
2       59.40283345000
2       59.40300398750
4       59.40300400417
1       59.40300412500
2       59.40327366667
4       59.40327368750
1       59.40327380417
2       59.40345612500
4       59.40345614583
1       59.40345626667
2       59.40357505000
2       59.40369599583
4       59.40369599583
1       59.40369613333
2       59.40379369583
2       59.40386451667
2       59.40389333333
4       59.40389335417
1       59.40389347500
2       59.40397083333
2       59.40402386250
2       59.40407784583
4       59.40407786667
1       59.40407798333
2       59.40413906250
2       59.40419608750
2       59.40426338750
4       59.40426340833
1       59.40426352500
2       59.40427430000
2       59.40435508750
2       59.40442828750
2       59.40459921250
4       59.40459923333
1       59.40459935417
2       59.40466978750
2       59.40467564583
2       59.40469330000
2       59.40469695833
2       59.40476381250
2       59.40510107083
4       59.40510108750
1       59.40510120833
2       59.40515077500
2       59.40518384167
2       59.40524745833
2       59.40536704167
4       59.40536706250
1       59.40536717917
2       59.40550315833
2       59.40559448333
4       59.40559450417
1       59.40559462500
2       59.40559919583
2       59.40571185833
2       59.40659945833
4       59.40659947500
1       59.40659959583
2       59.40698405000
4       59.40698406667
1       59.40698418750
2       59.40705820000
2       59.40709072917
2       59.40737222917
4       59.40737224583
1       59.40737236667
2       59.40739997083
2       59.40748021667
2       59.40791617500
4       59.40791617500
1       59.40791631250
2       59.40813471667
4       59.40813473750
1       59.40813485833
2       59.40816954167
2       59.40830903333
2       59.40844511250
4       59.40844512917
1       59.40844525000
2       59.40907313333
4       59.40907313333
1       59.40907327083
2       59.40911952917
2       59.40923169167
2       59.40934805833
4       59.40934807917
1       59.40934820000
2       59.40970910000
4       59.40970912083
1       59.40970924167
2       59.40980513750
2       59.40985015000
2       59.40994590000
4       59.40994592083
1       59.40994604167
2       59.41013766667
4       59.41013768750
1       59.41013780417
2       59.41019729583
2       59.41029231667
2       59.41039041667
4       59.41039043750
1       59.41039055833
2       59.41043813750
2       59.41046223333
2       59.41056531250
2       59.41071635000
4       59.41071636667
1       59.41071648750
2       59.41074740417
2       59.41075210000
2       59.41077322917
2       59.41090947917
4       59.41090950000
1       59.41090962083
2       59.41092161250
2       59.41105813333
2       59.41106837083
2       59.41132115833
4       59.41132117917
1       59.41132130000
2       59.41134435833
2       59.41135730417
2       59.41135794167
2       59.41143710833
2       59.41148449583
2       59.41149236250
2       59.41150130417
2       59.41150959167
2       59.41160674583
4       59.41160676667
1       59.41160688750
2       59.41176765000
2       59.41198064167
4       59.41198065833
1       59.41198077917
2       59.41203260000
2       59.41205749167
2       59.41223833750
4       59.41223835417
1       59.41223847500
2       59.41248905833
4       59.41248907917
1       59.41248920000
2       59.41252323333
2       59.41263310417
2       59.41275406250
4       59.41275408333
1       59.41275420417
2       59.41283251667
2       59.41300010417
4       59.41300010417
1       59.41300024167
2       59.41309022083
2       59.41317111250
2       59.41338667083
4       59.41338668750
1       59.41338680833
2       59.41342804583
2       59.41349883333
2       59.41378024167
4       59.41378026250
1       59.41378037917
2       59.41380595833
2       59.41403589167
4       59.41403591250
1       59.41403602917
2       59.41429327500
4       59.41429329583
1       59.41429341667
2       59.41430285417
2       59.41459665000
4       59.41459666667
1       59.41459678750
2       59.41486059583
4       59.41486061667
1       59.41486073750
2       59.41488751667
2       59.41499870000
2       59.41507528750
4       59.41507530417
1       59.41507542500
2       59.41527705833
4       59.41527707917
1       59.41527719583
2       59.41551982917
4       59.41551985000
1       59.41551997083
2       59.41553795417
2       59.41558505000
2       59.41563702083
2       59.41567020833
2       59.41570986250
4       59.41570988333
1       59.41571000417
2       59.41576256250
2       59.41578010417
2       59.41579041667
2       59.41599908750
4       59.41599910833
1       59.41599922917
2       59.41607996667
2       59.41610511667
2       59.41636866250
4       59.41636868333
1       59.41636880417
2       59.41640680833
2       59.41644129167
2       59.41650478333
2       59.41668401667
4       59.41668403333
1       59.41668415417
2       59.41680132083
2       59.41682340417
2       59.41698976667
4       59.41698978750
1       59.41698990833
2       59.41701226250
2       59.41701726667
2       59.41712162083
2       59.41718520000
4       59.41718521667
1       59.41718533750
2       59.41722622917
2       59.41756643333
4       59.41756645417
1       59.41756657500
2       59.41763573333
2       59.41779102083
4       59.41779104167
1       59.41779116250
2       59.41790696250
2       59.41793935833
2       59.41800661667
2       59.41808215833
4       59.41808217500
1       59.41808229583
2       59.41808680833
2       59.41811626250
2       59.41820373750
2       59.41822689167
2       59.41823958333
2       59.41825206667
2       59.41846603750
4       59.41846605833
1       59.41846617917
2       59.41856008750
2       59.41859424167
2       59.41866310417
4       59.41866310417
1       59.41866324167
2       59.41891950417
4       59.41891950417
1       59.41891964167
2       59.41898112917
2       59.41921567500
4       59.41921569583
1       59.41921581667
2       59.41922555417
2       59.41922719167
2       59.41929674167
2       59.41929780417
2       59.41939582500
2       59.41940244167
2       59.41941798333
4       59.41941800417
1       59.41941812500
2       59.41949256250
2       59.41953160000
2       59.41958160000
2       59.41966015417
4       59.41966017500
1       59.41966029583
2       59.41970222500
2       59.41990956250
4       59.41990957917
1       59.41990970000
2       59.42005557500
2       59.42008742917
4       59.42008744583
1       59.42008756667
2       59.42009274167
2       59.42024112083
2       59.42028682917
4       59.42028684583
1       59.42028696667
2       59.42047921667
4       59.42047923333
1       59.42047935417
2       59.42049611667
2       59.42077706667
4       59.42077708333
1       59.42077720417
2       59.42082437917
2       59.42085983750
2       59.42116353750
4       59.42116355833
1       59.42116367500
2       59.42116629167
2       59.42131064583
2       59.42132917917
2       59.42150803750
4       59.42150805417
1       59.42150817500
2       59.42159971667
2       59.42160614583
2       59.42161672083
2       59.42185942500
4       59.42185944583
1       59.42185956667
2       59.42191842917
2       59.42194200000
2       59.42222481667
4       59.42222483750
1       59.42222495833
2       59.42247327500
4       59.42247329583
1       59.42247341667
2       59.42260014583
2       59.42268353333
4       59.42268355417
1       59.42268367083
2       59.42269884167
2       59.42280742083
2       59.42291441667
4       59.42291441667
1       59.42291455417
2       59.42312510833
4       59.42312512917
1       59.42312525000
2       59.42317410417
2       59.42317613333
2       59.42329829167
2       59.42349732917
4       59.42349735000
1       59.42349747083
2       59.42354511250
2       59.42354967500
2       59.42360865000
2       59.42361700417
2       59.42406510833
4       59.42406512917
1       59.42406524583
2       59.42424534167
4       59.42424535833
1       59.42424547917
2       59.42430864167
2       59.42434998750
2       59.42445396667
4       59.42445398333
1       59.42445410417
2       59.42453413750
2       59.42466825000
4       59.42466826667
1       59.42466838750
2       59.42470007083
2       59.42483296250
4       59.42483297917
1       59.42483310000
2       59.42499559583
2       59.42501174167
4       59.42501176250
1       59.42501188333
2       59.42503529167
2       59.42504958333
2       59.42525751667
4       59.42525753750
1       59.42525765417
2       59.42531183750
2       59.42531381250
2       59.42541090000
2       59.42541282500
2       59.42541449583
2       59.42556560417
4       59.42556560417
1       59.42556574167
2       59.42577125833
4       59.42577127917
1       59.42577140000
2       59.42583555417
2       59.42583649583
2       59.42585929583
2       59.42597206250
4       59.42597208333
1       59.42597220417
2       59.42612138750
2       59.42612962500
2       59.42619884583
4       59.42619886667
1       59.42619898750
2       59.42620315833
2       59.42632214583
2       59.42641120833
4       59.42641122500
1       59.42641134583
2       59.42662518750
4       59.42662520417
1       59.42662532500
2       59.42666850000
2       59.42683447917
4       59.42683450000
1       59.42683462083
2       59.42708097083
4       59.42708098750
1       59.42708110833
2       59.42733537083
4       59.42733538750
1       59.42733550833
2       59.42759074167
4       59.42759076250
1       59.42759088333
2       59.42762311250
2       59.42772185417
2       59.42783279167
4       59.42783281250
1       59.42783293333
2       59.42787286667
2       59.42827964583
4       59.42827964583
1       59.42827978333
2       59.42846017083
2       59.42865094583
4       59.42865094583
1       59.42865108333
2       59.42893812917
4       59.42893814583
1       59.42893826667
2       59.42914681250
4       59.42914683333
1       59.42914695417
2       59.42925146667
2       59.42929682500
2       59.42997419167
4       59.42997420833
1       59.42997432917
2       59.42999376667
2       59.43000328750
2       59.43002020833
2       59.43004451250
2       59.43013851250
2       59.43051978750
4       59.43051980417
1       59.43051992500
2       59.43055582500
2       59.43067278750
2       59.43067507083
2       59.43079137917
4       59.43079140000
1       59.43079151667
2       59.43104707500
4       59.43104709583
1       59.43104721667
2       59.43120535000
2       59.43129647917
4       59.43129650000
1       59.43129662083
2       59.43131900000
2       59.43145547500
2       59.43146105833
2       59.43153261667
4       59.43153263333
1       59.43153275417
2       59.43158197917
2       59.43170749167
4       59.43170751250
1       59.43170763333
2       59.43177608750
2       59.43183245417
2       59.43184529167
2       59.43186615417
2       59.43209574583
4       59.43209576667
1       59.43209588750
2       59.43209891250
2       59.43227864583
4       59.43227866667
1       59.43227878750
2       59.43234123750
2       59.43239092083
2       59.43241365833
2       59.43241640833
2       59.43261382917
4       59.43261385000
1       59.43261396667
2       59.43268271667
2       59.43292142917
4       59.43292144583
1       59.43292156667
2       59.43299697917
2       59.43305157917
2       59.43327587083
4       59.43327588750
1       59.43327600833
2       59.43333415000
2       59.43349713750
4       59.43349715833
1       59.43349727917
2       59.43355875833
2       59.43367471250
2       59.43381443333
4       59.43381443333
1       59.43381457083
2       59.43385848750
2       59.43388402500
2       59.43395288750
2       59.43439734583
4       59.43439736667
1       59.43439748750
2       59.43443327083
2       59.43447791250
2       59.43449940000
2       59.43450041250
2       59.43451995417
2       59.43452094167
2       59.43463291250
4       59.43463293333
1       59.43463305417
2       59.43475449583
2       59.43478129583
2       59.43485087917
4       59.43485089583
1       59.43485101667
2       59.43492540833
2       59.43503931250
2       59.43507707500
4       59.43507709583
1       59.43507721667
2       59.43511426250
2       59.43540104167
4       59.43540105833
1       59.43540117917
2       59.43543612500
2       59.43547578333
2       59.43556637917
2       59.43567097917
4       59.43567100000
1       59.43567111667
2       59.43575483333
2       59.43577332083
2       59.43589528333
4       59.43589528333
1       59.43589542083
2       59.43603270000
2       59.43609170000
4       59.43609172083
1       59.43609183750
2       59.43612715417
2       59.43613032083
2       59.43621387917
2       59.43621518750
2       59.43628904167
4       59.43628905833
1       59.43628917917
2       59.43630660833
2       59.43648841667
4       59.43648843750
1       59.43648855833
2       59.43660007917
2       59.43673887083
4       59.43673889167
1       59.43673901250
2       59.43674446250
2       59.43707904583
4       59.43707906667
1       59.43707918750
2       59.43738706667
4       59.43738708333
1       59.43738720417
2       59.43744212917
2       59.43760340000
4       59.43760342083
1       59.43760353750
2       59.43763782917
2       59.43766528333
2       59.43768652500
2       59.43780804167
4       59.43780806250
1       59.43780818333
2       59.43793690833
2       59.43793831250
2       59.43802037917
4       59.43802039583
1       59.43802051667
2       59.43804990417
2       59.43809023750
2       59.43857583333
4       59.43857585417
1       59.43857597500
2       59.43860101250
2       59.43864979167
2       59.43879452500
4       59.43879454583
1       59.43879466667
2       59.43883757083
2       59.43895105833
2       59.43939200000
4       59.43939201667
1       59.43939213750
2       59.43958079583
2       59.43961329167
2       59.43962006250
4       59.43962008333
1       59.43962020417
2       59.43963546667
2       59.43963675833
2       59.43979472500
4       59.43979474583
1       59.43979486667
2       59.43988456250
2       59.43989116250
2       59.43997066250
2       59.43998396250
4       59.43998398333
1       59.43998410417
2       59.44006708333
2       59.44017032917
2       59.44019658750
4       59.44019660833
1       59.44019672917
2       59.44027606667
2       59.44045884583
4       59.44045886667
1       59.44045898750
2       59.44052444583
2       59.44077782500
4       59.44077782500
1       59.44077796250
2       59.44093318750
2       59.44107362083
4       59.44107363750
1       59.44107375833
2       59.44118067083
2       59.44127068333
4       59.44127070417
1       59.44127082500
2       59.44145190417
2       59.44152278750
4       59.44152280417
1       59.44152292500
2       59.44204672500
4       59.44204674583
1       59.44204686667
2       59.44216007500
2       59.44217099583
2       59.44223233333
4       59.44223235417
1       59.44223247500
2       59.44243130417
4       59.44243132500
1       59.44243144583
2       59.44248173333
2       59.44269067083
4       59.44269068750
1       59.44269080833
2       59.44276988333
2       59.44287160833
4       59.44287162500
1       59.44287174583
2       59.44289737917
2       59.44294629583
2       59.44302593333
2       59.44305801250
4       59.44305803333
1       59.44305815417
2       59.44323662917
4       59.44323664583
1       59.44323676667
2       59.44326931667
2       59.44342931667
4       59.44342933333
1       59.44342945417
2       59.44358431250
2       59.44379162500
4       59.44379164583
1       59.44379176667
2       59.44388007500
2       59.44417656667
4       59.44417658750
1       59.44417670833
2       59.44419314167
2       59.44439775000
4       59.44439776667
1       59.44439788750
2       59.44451246250
2       59.44465290833
4       59.44465292917
1       59.44465304583
2       59.44470254583
2       59.44473135000
2       59.44476282500
2       59.44483039583
4       59.44483039583
1       59.44483053333
2       59.44520207083
4       59.44520209167
1       59.44520220833
2       59.44523050000
2       59.44544115833
4       59.44544117500
1       59.44544129583
2       59.44555383750
2       59.44562740000
2       59.44565383333
4       59.44565383333
1       59.44565397083
2       59.44579629167
2       59.44580985417
2       59.44594163333
4       59.44594163333
1       59.44594177083
2       59.44595767083
2       59.44596088750
2       59.44627658750
4       59.44627660417
1       59.44627672500
2       59.44629910833
2       59.44631597500
2       59.44643450000
2       59.44655248750
4       59.44655250833
1       59.44655262500
2       59.44670647917
2       59.44677442500
4       59.44677450000
1       59.44677462083
2       59.44678065833
2       59.44682047917
2       59.44682504167
2       59.44710755417
4       59.44710757500
1       59.44710769167
2       59.44712485417
2       59.44719567500
2       59.44724508750
2       59.44728180417
2       59.44745048333
4       59.44745048333
1       59.44745062083
2       59.44748063750
2       59.44750404583
2       59.44762823333
2       59.44783103333
4       59.44783105417
1       59.44783117500
2       59.44794027917
2       59.44808737500
4       59.44808737500
1       59.44808751250
2       59.44814107083
2       59.44816589583
2       59.44821194167
2       59.44822021250
2       59.44823245000
2       59.44844148750
4       59.44844150417
1       59.44844162500
2       59.44863092083
2       59.44875881250
4       59.44875883333
1       59.44875895417
2       59.44876307917
2       59.44881778333
2       59.44885219167
2       59.44895286667
4       59.44895288750
1       59.44895300417
2       59.44900255417
2       59.44906882917
2       59.44922583333
4       59.44922585417
1       59.44922597083
2       59.44923845833
2       59.44927580833
2       59.44940035417
4       59.44940037500
1       59.44940049583
2       59.44943947500
2       59.44944145417
2       59.44961699583
4       59.44961699583
1       59.44961713333
2       59.44963688333
2       59.44971075417
2       59.44986999167
4       59.44987001250
1       59.44987013333
2       59.45010227083
4       59.45010229167
1       59.45010241250
2       59.45028180417
2       59.45029560833
4       59.45029562917
1       59.45029574583
2       59.45034666250
2       59.45035225000
2       59.45043451667
2       59.45061997083
4       59.45061998750
1       59.45062010833
2       59.45065973333
2       59.45074080000
2       59.45075347083
2       59.45093393750
4       59.45093395833
1       59.45093407917
2       59.45097599583
2       59.45105615000
2       59.45108564167
2       59.45111247917
2       59.45121486250
4       59.45121488333
1       59.45121500000
2       59.45123073750
2       59.45153441667
4       59.45153443333
1       59.45153455417
2       59.45165438333
2       59.45169108750
2       59.45178905833
4       59.45178907500
1       59.45178919583
2       59.45187956250
2       59.45188594167
2       59.45212865417
4       59.45212865417
1       59.45212879167
2       59.45214587917
2       59.45219192083
2       59.45219286667
2       59.45276326667
4       59.45276328333
1       59.45276340417
2       59.45280700833
2       59.45290503333
2       59.45299278333
4       59.45299280417
1       59.45299292500
2       59.45300174583
2       59.45306703333
2       59.45320583750
4       59.45320585417
1       59.45320597500
2       59.45361292083
4       59.45361293750
1       59.45361305833
2       59.45365787083
2       59.45374206667
2       59.45401337500
4       59.45401337500
1       59.45401351250
2       59.45402991667
2       59.45404053333
2       59.45412863333
2       59.45443302083
4       59.45443303750
1       59.45443315833
2       59.45462947917
2       59.45479807917
4       59.45479809583
1       59.45479821667
2       59.45485866667
2       59.45499117083
2       59.45499149583
2       59.45504684167
4       59.45504686250
1       59.45504698333
2       59.45505910417
2       59.45510177083
2       59.45515910000
2       59.45530113750
4       59.45530115833
1       59.45530127917
2       59.45538065833
2       59.45553100833
4       59.45553102917
1       59.45553115000
2       59.45571117500
2       59.45573905417
4       59.45573905417
1       59.45573919167
2       59.45575160417
2       59.45576658333
2       59.45578117083
2       59.45595901667
4       59.45595903333
1       59.45595915417
2       59.45598574583
2       59.45604440417
2       59.45631174583
4       59.45631174583
1       59.45631188333
2       59.45643690417
2       59.45685458750
4       59.45685460833
1       59.45685472917
2       59.45688213333
2       59.45694434583
2       59.45705564583
4       59.45705566667
1       59.45705578333
2       59.45725314167
2       59.45728425833
4       59.45728427917
1       59.45728439583
2       59.45730411250
2       59.45741408750
2       59.45741477500
2       59.45771386250
4       59.45771387917
1       59.45771400000
2       59.45773444583
2       59.45785263750
2       59.45792548333
2       59.45799568333
4       59.45799570000
1       59.45799582083
2       59.45803146250
2       59.45804568750
2       59.45806886667
2       59.45813576667
2       59.45839550833
4       59.45839552500
1       59.45839564583
2       59.45852560833
2       59.45852864167
2       59.45864982500
4       59.45864984583
1       59.45864996250
2       59.45881977083
2       59.45884292500
4       59.45884292500
1       59.45884306250
2       59.45886578750
2       59.45890157917
2       59.45892509583
2       59.45897121667
2       59.45914272500
4       59.45914272500
1       59.45914286250
2       59.45916357500
2       59.45940107917
4       59.45940110000
1       59.45940122083
2       59.45941992083
2       59.45948256250
2       59.45961869167
4       59.45961871250
1       59.45961883333
2       59.45967531667
2       59.45974198750
2       59.45974918333
2       59.45985116667
4       59.45985118750
1       59.45985130833
2       59.45988300833
2       59.45996677500
2       59.46030405417
4       59.46030405417
1       59.46030419167
2       59.46035477083
2       59.46042796667
2       59.46043250417
2       59.46052630000
4       59.46052632083
1       59.46052644167
2       59.46054811250
2       59.46057397917
2       59.46082107083
4       59.46082108750
1       59.46082120833
2       59.46102175417
4       59.46102175417
1       59.46102189167
2       59.46128712500
4       59.46128714583
1       59.46128726250
2       59.46133020833
2       59.46136035417
2       59.46164740000
4       59.46164742083
1       59.46164754167
2       59.46167067500
2       59.46179386250
2       59.46194057083
4       59.46194058750
1       59.46194070833
2       59.46200384583
2       59.46211810833
2       59.46220290833
4       59.46220292500
1       59.46220304583
2       59.46233249583
2       59.46246065000
4       59.46246066667
1       59.46246078750
2       59.46246663750
2       59.46250025833
2       59.46271608333
4       59.46271610000
1       59.46271622083
2       59.46275406250
2       59.46279055000
2       59.46290289167
4       59.46290291250
1       59.46290303333
2       59.46298372917
2       59.46307279167
2       59.46311505833
4       59.46311507500
1       59.46311519583
2       59.46312141667
2       59.46315231250
2       59.46334534583
4       59.46334534583
1       59.46334548333
2       59.46345835833
2       59.46351357917
2       59.46352987083
4       59.46352988750
1       59.46353000833
2       59.46357062083
2       59.46387032083
4       59.46387033750
1       59.46387045833
2       59.46393066667
2       59.46411146250
4       59.46411148333
1       59.46411160000
2       59.46453508333
4       59.46453508333
1       59.46453522083
2       59.46473678333
2       59.46487256250
4       59.46487258333
1       59.46487270417
2       59.46502165417
2       59.46504724583
2       59.46515322917
4       59.46515324583
1       59.46515336667
2       59.46538038333
4       59.46538040417
1       59.46538052500
2       59.46540165417
2       59.46548838750
2       59.46570925833
4       59.46570927500
1       59.46570939583
2       59.46579581250
2       59.46596339583
4       59.46596339583
1       59.46596353333
2       59.46618963333
4       59.46618963333
1       59.46618977083
2       59.46621646250
2       59.46632670833
2       59.46643377917
4       59.46643380000
1       59.46643392083
2       59.46643768333
2       59.46670206667
4       59.46670208333
1       59.46670220417
2       59.46676760833
2       59.46704916667
4       59.46704918750
1       59.46704930833
2       59.46713986250
2       59.46723166667
4       59.46723168333
1       59.46723180417
2       59.46751381250
4       59.46751382917
1       59.46751395000
2       59.46766515000
2       59.46801504167
4       59.46801505833
1       59.46801517917
2       59.46809455000
2       59.46809809167
2       59.46831411667
4       59.46831413750
1       59.46831425417
2       59.46855153333
4       59.46855155417
1       59.46855167500
2       59.46865622917
2       59.46868338750
2       59.46870026667
2       59.46895700417
4       59.46895702500
1       59.46895714583
2       59.46896602500
2       59.46922683333
4       59.46922683333
1       59.46922697083
2       59.46930076667
2       59.46934448750
2       59.46936176250
2       59.46945547083
4       59.46945548750
1       59.46945560833
2       59.46968244167
4       59.46968246250
1       59.46968258333
2       59.46978773333
2       59.46995334583
4       59.46995336667
1       59.46995348750
2       59.47004540833
2       59.47023092083
4       59.47023094167
1       59.47023106250
2       59.47038722083
2       59.47041471667
4       59.47041473750
1       59.47041485833
2       59.47042867500
2       59.47046511667
2       59.47116260417
4       59.47116260417
1       59.47116274167
2       59.47117323333
2       59.47138757917
4       59.47138760000
1       59.47138771667
2       59.47159053333
4       59.47159053333
1       59.47159067083
2       59.47163098750
2       59.47163489583
2       59.47163796250
2       59.47203930833
4       59.47203932500
1       59.47203944583
2       59.47219507917
2       59.47230379167
4       59.47230380833
1       59.47230392917
2       59.47237133333
2       59.47248460000
4       59.47248462083
1       59.47248474167
2       59.47248697500
2       59.47286182083
4       59.47286184167
1       59.47286196250
2       59.47288964167
2       59.47297017917
2       59.47298941250
2       59.47315963750
4       59.47315965833
1       59.47315977917
2       59.47320794167
2       59.47325398333
2       59.47333019583
2       59.47333060833
2       59.47334847083
4       59.47334848750
1       59.47334860833
2       59.47346762500
2       59.47363356667
4       59.47363358750
1       59.47363370833
2       59.47394398750
4       59.47394400833
1       59.47394412917
2       59.47394586250
2       59.47399537083
2       59.47399635833
2       59.47413312500
4       59.47413314583
1       59.47413326667
2       59.47415358750
2       59.47431519583
2       59.47447094583
4       59.47447096667
1       59.47447108750
2       59.47470739583
4       59.47470739583
1       59.47470753333
2       59.47480014167
2       59.47489886667
4       59.47489888750
1       59.47489900833
2       59.47492567500
2       59.47493162917
2       59.47511880000
4       59.47511882083
1       59.47511894167
2       59.47520225833
2       59.47520635833
2       59.47529302500
2       59.47538250417
4       59.47538252500
1       59.47538264583
2       59.47584418333
4       59.47584418333
1       59.47584432083
2       59.47588030833
2       59.47597272500
2       59.47610056667
4       59.47610058750
1       59.47610070417
2       59.47610790417
2       59.47650176250
4       59.47650178333
1       59.47650190417
2       59.47652388333
2       59.47653607917
2       59.47657688333
2       59.47732347500
4       59.47732349583
1       59.47732361250
2       59.47781795833
4       59.47781797917
1       59.47781810000
2       59.47817469583
4       59.47817471667
1       59.47817483333
2       59.47837145417
2       59.47842280833
4       59.47842282917
1       59.47842295000
2       59.47846255833
2       59.47884344167
4       59.47884345833
1       59.47884357917
2       59.47892328750
2       59.47926312083
4       59.47926313750
1       59.47926325833
2       59.47927965833
2       59.47930751667
2       59.47940063750
2       59.47944364167
4       59.47944366250
1       59.47944378333
2       59.47955099167
2       59.47962814167
2       59.47966350833
4       59.47966352500
1       59.47966364583
2       59.47970130000
2       59.47979338750
2       59.47997300000
4       59.47997301667
1       59.47997313750
2       59.48007569583
2       59.48019885000
4       59.48019886667
1       59.48019898750
2       59.48022238333
2       59.48022565000
2       59.48024452083
2       59.48030792083
2       59.48059695000
4       59.48059696667
1       59.48059708750
2       59.48063671667
2       59.48069836667
2       59.48087826250
4       59.48087827917
1       59.48087840000
2       59.48101396667
2       59.48102957500
2       59.48119284167
4       59.48119286250
1       59.48119298333
2       59.48128690417
2       59.48157182917
4       59.48157185000
1       59.48157196667
2       59.48158270417
2       59.48158537083
2       59.48161787083
2       59.48170000000
2       59.48171452083
2       59.48187253333
4       59.48187255417
1       59.48187267500
2       59.48221005417
4       59.48221007500
1       59.48221019583
2       59.48267575000
4       59.48267577083
1       59.48267589167
2       59.48276119167
2       59.48281420417
2       59.48288782500
4       59.48288782500
1       59.48288796250
2       59.48295232083
2       59.48307852917
2       59.48322060417
4       59.48322062500
1       59.48322074583
2       59.48332067917
2       59.48337568750
2       59.48343260833
4       59.48343262500
1       59.48343274583
2       59.48351635833
2       59.48353767500
2       59.48363205417
2       59.48366171250
4       59.48366172917
1       59.48366185000
2       59.48386908750
4       59.48386910417
1       59.48386922500
2       59.48398245417
2       59.48420372917
4       59.48420374583
1       59.48420386667
2       59.48424513333
2       59.48441832500
4       59.48441832500
1       59.48441846250
2       59.48459358333
2       59.48465920000
4       59.48465922083
1       59.48465934167
2       59.48472704583
2       59.48475617500
2       59.48480059167
2       59.48496772917
4       59.48496775000
1       59.48496786667
2       59.48521503333
4       59.48521503333
1       59.48521517083
2       59.48521896667
2       59.48524912083
2       59.48541143750
4       59.48541145417
1       59.48541157500
2       59.48546065833
2       59.48551875000
2       59.48555053333
2       59.48569578333
4       59.48569578333
1       59.48569592083
2       59.48573131250
2       59.48578793750
2       59.48584425833
2       59.48588629167
2       59.48597087500
4       59.48597087500
1       59.48597101250
2       59.48602117083
2       59.48605259167
2       59.48638580833
4       59.48638582500
1       59.48638594583
2       59.48639677500
2       59.48661170833
4       59.48661172917
1       59.48661185000
2       59.48672531250
2       59.48677168333
2       59.48683300000
4       59.48683302083
1       59.48683313750
2       59.48689360417
2       59.48715550833
4       59.48715552917
1       59.48715565000
2       59.48723118333
2       59.48734239583
2       59.48761532083
4       59.48761534167
1       59.48761546250
2       59.48774958750
2       59.48785810417
4       59.48785810417
1       59.48785824167
2       59.48790018750
2       59.48801949167
2       59.48808571667
4       59.48808571667
1       59.48808585417
2       59.48835955417
4       59.48835955417
1       59.48835969167
2       59.48842754583
2       59.48876282917
4       59.48876284583
1       59.48876296667
2       59.48879955833
2       59.48891111667
2       59.48903504583
4       59.48903506667
1       59.48903518333
2       59.48906016250
2       59.48908605833
2       59.48918239167
2       59.48922648750
4       59.48922650833
1       59.48922662917
2       59.48937015417
2       59.48944802917
4       59.48944804583
1       59.48944816667
2       59.49038970417
4       59.49038970417
1       59.49038984167
2       59.49039201667
2       59.49046520833
2       59.49071892917
4       59.49071895000
1       59.49071907083
2       59.49073150417
2       59.49076330417
2       59.49081137083
2       59.49095520000
4       59.49095522083
1       59.49095533750
2       59.49103361667
2       59.49108232083
2       59.49112370000
2       59.49119490833
4       59.49119492917
1       59.49119504583
2       59.49137844167
2       59.49139539167
4       59.49139540833
1       59.49139552917
2       59.49141754583
2       59.49149731667
2       59.49156815000
4       59.49156816667
1       59.49156828750
2       59.49157550833
2       59.49167482917
2       59.49171524167
2       59.49198026667
4       59.49198028750
1       59.49198040833
2       59.49208165833
2       59.49211708750
2       59.49236182917
4       59.49236185000
1       59.49236197083
2       59.49237511667
2       59.49249960417
2       59.49278055000
4       59.49278057083
1       59.49278068750
2       59.49292790417
2       59.49296134583
2       59.49306837917
4       59.49306839583
1       59.49306851667
2       59.49350724583
4       59.49350724583
1       59.49350738333
2       59.49350851667
2       59.49379972917
4       59.49379974583
1       59.49379986667
2       59.49408750833
4       59.49408752917
1       59.49408765000
2       59.49417602083
2       59.49429061667
2       59.49438197917
4       59.49438200000
1       59.49438211667
2       59.49456018750
2       59.49468449583
4       59.49468449583
1       59.49468463333
2       59.49485540417
2       59.49489068333
4       59.49489068333
1       59.49489082083
2       59.49493279167
2       59.49510771250
4       59.49510773333
1       59.49510785000
2       59.49535617083
4       59.49535619167
1       59.49535630833
2       59.49545227917
2       59.49560290417
4       59.49560290417
1       59.49560304167
2       59.49571981250
2       59.49574105417
2       59.49583937500
4       59.49583939583
1       59.49583951667
2       59.49584840000
2       59.49587085833
2       59.49597988750
2       59.49637630833
4       59.49637632917
1       59.49637645000
2       59.49640347083
2       59.49641117083
2       59.49664594583
4       59.49664596667
1       59.49664608750
2       59.49701565833
4       59.49701567500
1       59.49701579583
2       59.49703649167
2       59.49708053333
2       59.49711731250
2       59.49712021667
2       59.49737662083
4       59.49737664167
1       59.49737676250
2       59.49818180000
4       59.49818182083
1       59.49818194167
2       59.49842664167
4       59.49842666250
1       59.49842678333
2       59.49850147083
2       59.49857440000
2       59.49869032500
4       59.49869032500
1       59.49869046250
2       59.49877337500
2       59.49889890417
4       59.49889892500
1       59.49889904167
2       59.49918677500
4       59.49918677500
1       59.49918691250
2       59.49920037083
2       59.49921157083
2       59.49922285000
2       59.49947995417
4       59.49947995417
1       59.49948009167
2       59.49951967083
2       59.49956201250
2       59.49959887083
2       59.49960143333
2       59.49975220833
4       59.49975222917
1       59.49975235000
2       59.49977368750
2       59.49985558750
2       59.49985779167
2       59.49988462500
2       59.49997935417
4       59.49997937500
1       59.49997949583
2       59.50011652500
2       59.50031915417
4       59.50031917500
1       59.50031929583
2       59.50051792917
4       59.50051795000
1       59.50051806667
2       59.50063585417
2       59.50064787083
2       59.50066637917
2       59.50073422500
4       59.50073422500
1       59.50073436250
2       59.50075112083
2       59.50116096250
4       59.50116098333
1       59.50116110417
2       59.50126789167
2       59.50130899167
2       59.50133206250
2       59.50134175833
4       59.50134177500
1       59.50134189583
2       59.50138320833
2       59.50151661250
4       59.50151662917
1       59.50151675000
2       59.50156995000
2       59.50161955417
2       59.50196843333
4       59.50196843333
1       59.50196857083
2       59.50249905417
4       59.50249907500
1       59.50249919583
2       59.50253183333
2       59.50291766667
4       59.50291768750
1       59.50291780833
2       59.50312406667
2       59.50327641250
4       59.50327643333
1       59.50327655000
2       59.50348642083
4       59.50348644167
1       59.50348656250
2       59.50354039583
2       59.50366624167
2       59.50389340833
4       59.50389342917
1       59.50389355000
2       59.50393891667
2       59.50427809583
4       59.50427811667
1       59.50427823333
2       59.50433102917
2       59.50469438333
4       59.50469440417
1       59.50469452500
2       59.50473180000
2       59.50491334167
4       59.50491335833
1       59.50491347917
2       59.50500941667
2       59.50502327500
2       59.50504253750
2       59.50508959583
4       59.50508961667
1       59.50508973333
2       59.50525291250
2       59.50529426250
4       59.50529427917
1       59.50529440000
2       59.50549925833
4       59.50549927917
1       59.50549940000
2       59.50562115000
2       59.50566396667
2       59.50594649167
4       59.50594650833
1       59.50594662917
2       59.50603160000
2       59.50614118333
4       59.50614120417
1       59.50614132500
2       59.50623594167
2       59.50624523750
2       59.50626081667
2       59.50631307500
4       59.50631309583
1       59.50631321667
2       59.50645223750
2       59.50645782917
2       59.50653307500
4       59.50653309583
1       59.50653321667
2       59.50655857917
2       59.50660930417
2       59.50664277500
2       59.50667414583
2       59.50675731667
4       59.50675733750
1       59.50675745417
2       59.50704940000
4       59.50704942083
1       59.50704954167
2       59.50723327917
4       59.50723329583
1       59.50723341667
2       59.50724657083
2       59.50767508333
4       59.50767508333
1       59.50767522083
2       59.50819088750
4       59.50819090417
1       59.50819102500
2       59.50830316667
2       59.50843826250
4       59.50843827917
1       59.50843840000
2       59.50847006250
2       59.50850908750
2       59.50878745000
4       59.50878747083
1       59.50878759167
2       59.50886223333
2       59.50896492083
2       59.50899207917
4       59.50899209583
1       59.50899221667
2       59.50903845000
2       59.50905232500
2       59.50935814583
4       59.50935816667
1       59.50935828750
2       59.50937734167
2       59.50946566667
2       59.50953731667
2       59.50962968333
4       59.50962968333
1       59.50962982083
2       59.51020797083
4       59.51020798750
1       59.51020810833
2       59.51032432500
2       59.51036141250
2       59.51039613333
2       59.51041566250
4       59.51041567917
1       59.51041580000
2       59.51049385000
2       59.51050839167
2       59.51060014167
4       59.51060016250
1       59.51060028333
2       59.51063623750
2       59.51092280417
4       59.51092282500
1       59.51092294583
2       59.51105033750
2       59.51111458333
4       59.51111460417
1       59.51111472500
2       59.51112715417
2       59.51116466250
2       59.51159248750
4       59.51159250833
1       59.51159262917
2       59.51186224583
4       59.51186226667
1       59.51186238750
2       59.51194458750
2       59.51198209167
2       59.51200090833
2       59.51228718750
4       59.51228720417
1       59.51228732500
2       59.51232649167
2       59.51270677917
4       59.51270680000
1       59.51270692083
2       59.51277799583
2       59.51301347917
4       59.51301350000
1       59.51301361667
2       59.51339049167
4       59.51339050833
1       59.51339062917
2       59.51351993333
2       59.51353654583
2       59.51372932083
4       59.51372934167
1       59.51372946250
2       59.51378842500
2       59.51411812917
4       59.51411814583
1       59.51411826667
2       59.51414622917
2       59.51415027917
2       59.51416379167
2       59.51427055833
2       59.51431856250
4       59.51431858333
1       59.51431870000
2       59.51431878750
2       59.51436157500
2       59.51461433750
4       59.51461435417
1       59.51461447500
2       59.51463054167
2       59.51481540833
4       59.51481542500
1       59.51481554583
2       59.51489222917
2       59.51496942917
2       59.51525256667
4       59.51525258750
1       59.51525270833
2       59.51534291250
2       59.51544271667
4       59.51544273750
1       59.51544285833
2       59.51554008750
2       59.51576405000
4       59.51576406667
1       59.51576418750
2       59.51580537500
2       59.51607604583
4       59.51607606667
1       59.51607618750
2       59.51638735833
4       59.51638737917
1       59.51638750000
2       59.51647716667
2       59.51649632917
2       59.51651121250
2       59.51663945833
4       59.51663947917
1       59.51663960000
2       59.51669907500
2       59.51691239583
4       59.51691239583
1       59.51691253333
2       59.51703131667
2       59.51751224167
4       59.51751225833
1       59.51751237917
2       59.51768513750
4       59.51768515417
1       59.51768527500
2       59.51783023750
2       59.51808330000
4       59.51808332083
1       59.51808344167
2       59.51830684167
4       59.51830686250
1       59.51830697917
2       59.51864663750
4       59.51864665417
1       59.51864677500
2       59.51879079167
2       59.51883581667
2       59.51889642500
4       59.51889642500
1       59.51889656250
2       59.51895376667
2       59.51896962083
2       59.51909910417
4       59.51909912500
1       59.51909924583
2       59.51917959167
2       59.51930046667
4       59.51930046667
1       59.51930060417
2       59.51930474583
2       59.51938228750
2       59.51940514583
2       59.51948601667
2       59.51998117917
4       59.51998120000
1       59.51998132083
2       59.52004471250
2       59.52020937500
4       59.52020939583
1       59.52020951667
2       59.52025776667
2       59.52032335417
2       59.52033690833
2       59.52050815000
4       59.52050817083
1       59.52050828750
2       59.52066615000
2       59.52090494583
4       59.52090494583
1       59.52090508333
2       59.52098781667
2       59.52103185000
2       59.52144221250
4       59.52144222917
1       59.52144235000
2       59.52171679583
4       59.52171679583
1       59.52171693333
2       59.52185125417
2       59.52208379167
4       59.52208381250
1       59.52208393333
2       59.52215139167
2       59.52247431667
4       59.52247433333
1       59.52247445417
2       59.52298378333
4       59.52298380417
1       59.52298392500
2       59.52299003750
2       59.52304701667
2       59.52310133333
2       59.52317056667
2       59.52349117083
4       59.52349119167
1       59.52349131250
2       59.52366312083
2       59.52419637500
4       59.52419639583
1       59.52419651667
2       59.52424742917
2       59.52428248750
2       59.52450508750
4       59.52450510417
1       59.52450522500
2       59.52470578750
4       59.52470580833
1       59.52470592500
2       59.52486149167
2       59.52496175000
4       59.52496176667
1       59.52496188750
2       59.52497011667
2       59.52519802083
4       59.52519803750
1       59.52519815833
2       59.52535993750
2       59.52542595833
4       59.52542597917
1       59.52542609583
2       59.52552393750
2       59.52559814583
2       59.52561701667
4       59.52561703750
1       59.52561715833
2       59.52578257917
2       59.52585977083
4       59.52585979167
1       59.52585991250
2       59.52598334167
2       59.52603376667
4       59.52603378750
1       59.52603390833
2       59.52630558333
4       59.52630558333
1       59.52630572083
2       59.52634368333
2       59.52636367083
2       59.52699826667
4       59.52699828333
1       59.52699840417
2       59.52710985417
2       59.52712872083
2       59.52717049167
2       59.52718734167
4       59.52718736250
1       59.52718748333
2       59.52719957917
2       59.52727446250
2       59.52733002917
2       59.52737615000
2       59.52743415000
4       59.52743416667
1       59.52743428750
2       59.52754086250
2       59.52761105000
2       59.52779277083
4       59.52779278750
1       59.52779290833
2       59.52791309167
2       59.52801737500
4       59.52801739583
1       59.52801751667
2       59.52804681667
2       59.52827306667
4       59.52827308750
1       59.52827320833
2       59.52842678333
2       59.52849335000
4       59.52849336667
1       59.52849348750
2       59.52856002917
2       59.52857748750
2       59.52879446667
4       59.52879448750
1       59.52879460833
2       59.52888784167
2       59.52893188750
2       59.52897987500
4       59.52897989583
1       59.52898001250
2       59.52905947917
2       59.52911051667
2       59.52912798333
2       59.52932816250
4       59.52932817917
1       59.52932830000
2       59.52940988333
2       59.52942445000
2       59.52951785833
4       59.52951787917
1       59.52951800000
2       59.52959173750
2       59.52965040000
2       59.52988415417
4       59.52988415417
1       59.52988429167
2       59.53005512917
2       59.53007495417
4       59.53007497500
1       59.53007509583
2       59.53041977917
4       59.53041979583
1       59.53041991667
2       59.53057044167
2       59.53063074583
4       59.53063074583
1       59.53063088333
2       59.53064107917
2       59.53072748333
2       59.53076085417
2       59.53088622083
4       59.53088624167
1       59.53088635833
2       59.53104410833
2       59.53118559583
4       59.53118559583
1       59.53118573333
2       59.53135421250
2       59.53139490833
4       59.53139492500
1       59.53139504583
2       59.53140788333
2       59.53157283333
4       59.53157285000
1       59.53157297083
2       59.53163735417
2       59.53163948750
2       59.53167549583
2       59.53172415000
2       59.53177220833
4       59.53177222917
1       59.53177234583
2       59.53179899167
2       59.53225605833
4       59.53225607917
1       59.53225619583
2       59.53227366250
2       59.53243065000
2       59.53270892917
4       59.53270894583
1       59.53270906667
2       59.53315000417
4       59.53315002500
1       59.53315014583
2       59.53324878750
2       59.53340379583
4       59.53340381667
1       59.53340393333
2       59.53358076667
2       59.53363432500
4       59.53363432500
1       59.53363446250
2       59.53384897500
4       59.53384897500
1       59.53384911250
2       59.53401790833
2       59.53427862917
4       59.53427865000
1       59.53427877083
2       59.53446305000
2       59.53449486667
4       59.53449488750
1       59.53449500833
2       59.53455614167
2       59.53469755417
4       59.53469757500
1       59.53469769583
2       59.53479563750
2       59.53536940417
4       59.53536940417
1       59.53536954167
2       59.53548292083
2       59.53548619583
2       59.53569660000
4       59.53569662083
1       59.53569674167
2       59.53574025000
2       59.53595887083
4       59.53595888750
1       59.53595900833
2       59.53598174583
2       59.53608078333
2       59.53618613333
4       59.53618615417
1       59.53618627500
2       59.53627527083
2       59.53634111250
2       59.53700919583
4       59.53700921667
1       59.53700933750
2       59.53713476250
2       59.53714962500
2       59.53721730417
2       59.53724509583
4       59.53724509583
1       59.53724523333
2       59.53769082917
4       59.53769084583
1       59.53769096667
2       59.53771372917
2       59.53779184583
2       59.53779947917
2       59.53785412917
2       59.53794327083
4       59.53794329167
1       59.53794340833
2       59.53794851667
2       59.53797906667
2       59.53818007083
4       59.53818009167
1       59.53818021250
2       59.53826225000
2       59.53834731667
2       59.53835269167
2       59.53875085833
4       59.53875087500
1       59.53875099583
2       59.54277717917
2       59.54281107083
2       59.54294675000
4       59.54294677083
1       59.54294688750
2       59.54324560833
4       59.54324562917
1       59.54324575000
2       59.54326016667
2       59.54334927917
2       59.54342803750
2       59.54346945833
4       59.54346947917
1       59.54346960000
2       59.54351349583
2       59.54354997500
2       59.54360065417
2       59.54362273750
2       59.54366225833
4       59.54366227917
1       59.54366240000
2       59.54409212917
4       59.54409214583
1       59.54409226667
2       59.54415308333
2       59.54432275833
4       59.54432277500
1       59.54432289583
2       59.54461518333
4       59.54461520417
1       59.54461532500
2       59.54475300833
2       59.54508288750
4       59.54508290417
1       59.54508302500
2       59.54546242083
4       59.54546243750
1       59.54546255833
2       59.54558629583
2       59.54559591667
2       59.54586056667
4       59.54586056667
1       59.54586070417
2       59.54594859167
2       59.54600967917
2       59.54614807917
4       59.54614809583
1       59.54614821667
2       59.54629051250
2       59.54629412500
2       59.54634749583
4       59.54634751667
1       59.54634763333
2       59.54639513333
2       59.54662471667
4       59.54662473750
1       59.54662485833
2       59.54678639167
2       59.54694768750
4       59.54694770417
1       59.54694782500
2       59.54711086250
2       59.54720308750
4       59.54720310417
1       59.54720322500
2       59.54756545833
4       59.54756547917
1       59.54756560000
2       59.54776983333
4       59.54776983333
1       59.54776997083
2       59.54779423750
2       59.54806092083
4       59.54806094167
1       59.54806106250
2       59.54819902083
2       59.54835840417
4       59.54835842500
1       59.54835854167
2       59.54871020833
4       59.54871022917
1       59.54871035000
2       59.54885360417
2       59.54896251667
4       59.54896253750
1       59.54896265833
2       59.54917519583
4       59.54917521667
1       59.54917533750
2       59.54918976250
2       59.54925002083
2       59.54946166250
4       59.54946168333
1       59.54946180417
2       59.54959157500
2       59.54992213750
4       59.54992215417
1       59.54992227500
2       59.55015193333
4       59.55015195417
1       59.55015207500
2       59.55024539583
2       59.55040242083
4       59.55040244167
1       59.55040256250
2       59.55044737917
2       59.55059283333
4       59.55059283333
1       59.55059297083
2       59.55078912500
4       59.55078912500
1       59.55078926250
2       59.55080842500
2       59.55127185000
4       59.55127187083
1       59.55127199167
2       59.55141456667
2       59.55156787500
4       59.55156789583
1       59.55156801250
2       59.55168519583
2       59.55175872083
4       59.55175873750
1       59.55175885833
2       59.55177171667
2       59.55191741250
2       59.55213833333
4       59.55213835417
1       59.55213847500
2       59.55216082500
2       59.55219831667
2       59.55231417917
2       59.55238410833
4       59.55238412500
1       59.55238424583
2       59.55251989167
2       59.55259910000
4       59.55259912083
1       59.55259924167
2       59.55286007917
4       59.55286009583
1       59.55286021667
2       59.55289083750
2       59.55312014583
4       59.55312016667
1       59.55312028750
2       59.55315524583
2       59.55321050833
2       59.55335032500
4       59.55335034583
1       59.55335046250
2       59.55337355000
2       59.55337972500
2       59.55338440417
2       59.55342216667
2       59.55521248333
4       59.55521250000
1       59.55521262083
2       59.55523861250
2       59.55527997917
2       59.55532905833
2       59.55533207917
2       59.55542043750
2       59.55556553750
4       59.55556555417
1       59.55556567500
2       59.55565524583
2       59.55647304583
4       59.55647304583
1       59.55647318333
2       59.55649388750
2       59.55668804167
4       59.55668806250
1       59.55668817917
2       59.55671022083
2       59.55678016667
2       59.55679834583
2       59.55685010000
2       59.55700269583
4       59.55700271667
1       59.55700283750
2       59.55706492500
2       59.55706997500
2       59.55710211667
2       59.55716135417
2       59.55728513750
4       59.55728515833
1       59.55728527917
2       59.55732073333
2       59.55737573750
2       59.55740485833
2       59.55744258750
2       59.55765592917
4       59.55765595000
1       59.55765606667
2       59.55769431667
2       59.55823790417
4       59.55823792500
1       59.55823804583
2       59.55831070417
2       59.55851408333
4       59.55851408333
1       59.55851422083
2       59.55897343750
4       59.55897345417
1       59.55897357500
2       59.55898211250
2       59.55905867083
2       59.55929643333
4       59.55929645417
1       59.55929657500
2       59.55952533750
4       59.55952535833
1       59.55952547500
2       59.55991353333
4       59.55991355417
1       59.55991367500
2       59.56036632500
4       59.56036632500
1       59.56036646250
2       59.56045279167
2       59.56047094583
2       59.56053450833
2       59.56054014167
4       59.56054016250
1       59.56054028333
2       59.56063167083
2       59.56064493333
2       59.56073529583
4       59.56073529583
1       59.56073543333
2       59.56074993750
2       59.56088843333
2       59.56090160417
2       59.56091451667
4       59.56091453750
1       59.56091465833
2       59.56095924583
2       59.56107022083
2       59.56119308333
4       59.56119310000
1       59.56119322083
2       59.56120561667
2       59.56124085417
2       59.56148851667
4       59.56148853750
1       59.56148865833
2       59.56162696250
2       59.56170646667
4       59.56170648333
1       59.56170660417
2       59.56179788333
2       59.56196385833
4       59.56196387917
1       59.56196399583
2       59.56207378750
2       59.56212215833
2       59.56213940000
2       59.56221226667
4       59.56221228333
1       59.56221240417
2       59.56233551250
2       59.56238117083
2       59.56258519583
4       59.56258519583
1       59.56258533333
2       59.56265845417
2       59.56269831667
2       59.56269847083
2       59.56271105000
2       59.56278492917
4       59.56278495000
1       59.56278506667
2       59.56279916250
2       59.56287838750
2       59.56308468750
4       59.56308470833
1       59.56308482917
2       59.56337588750
4       59.56337590417
1       59.56337602500
2       59.56340901667
2       59.56341659583
2       59.56355832917
2       59.56366606667
4       59.56366608333
1       59.56366620417
2       59.56375574583
2       59.56383730000
2       59.56395289583
4       59.56395291667
1       59.56395303750
2       59.56403298750
2       59.56414360417
4       59.56414360417
1       59.56414374167
2       59.56430827500
2       59.56433471250
4       59.56433473333
1       59.56433485417
2       59.56444744167
2       59.56457760417
4       59.56457760417
1       59.56457774167
2       59.56469251250
2       59.56472793750
2       59.56478160833
4       59.56478162917
1       59.56478175000
2       59.56480835833
2       59.56496798333
2       59.56496999167
2       59.56506742917
4       59.56506744583
1       59.56506756667
2       59.56525260833
2       59.56528642500
4       59.56528642500
1       59.56528656250
2       59.56578287083
4       59.56578289167
1       59.56578301250
2       59.56586167500
2       59.56600412083
4       59.56600413750
1       59.56600425833
2       59.56614058333
2       59.56614523750
2       59.56618367500
4       59.56618369583
1       59.56618381667
2       59.56624622917
2       59.56636851667
4       59.56636853750
1       59.56636865833
2       59.56801835417
4       59.56801835417
1       59.56801849167
2       59.56807229167
2       59.56819852917
4       59.56819855000
1       59.56819867083
2       59.56840393750
4       59.56840395833
1       59.56840407917
2       59.56840722500
2       59.56882458333
4       59.56882460417
1       59.56882472500
2       59.56884545000
2       59.56910410833
4       59.56910412917
1       59.56910425000
2       59.56917042500
2       59.56919017917
2       59.56920213333
2       59.56921375000
2       59.56925972917
2       59.56929383750
4       59.56929385833
1       59.56929397917
2       59.56932663333
2       59.56933526667
2       59.56971950417
4       59.56971952500
1       59.56971964583
2       59.56973999167
2       59.56981587083
2       59.56988778333
4       59.56988778333
1       59.56988792083
2       59.56990335000
2       59.56996857083
2       59.57004873750
2       59.57008970833
4       59.57008972500
1       59.57008984583
2       59.57018788750
2       59.57026271667
2       59.57040381667
4       59.57040383750
1       59.57040395833
2       59.57088502917
4       59.57088504583
1       59.57088516667
2       59.57117858750
4       59.57117860833
1       59.57117872500
2       59.57140607500
4       59.57140609583
1       59.57140621250
2       59.57149290417
2       59.57170517917
4       59.57170519583
1       59.57170531667
2       59.57174232917
2       59.57175750833
2       59.57209406250
4       59.57209407917
1       59.57209420000
2       59.57212922500
2       59.57220502500
2       59.57225643750
2       59.57226991250
2       59.57237696667
4       59.57237698333
1       59.57237710417
2       59.57245716667
2       59.57256072917
2       59.57279267083
4       59.57279269167
1       59.57279281250
2       59.57292675833
2       59.57295988333
2       59.57308970833
4       59.57308972500
1       59.57308984583
2       59.57325532917
2       59.57328048333
4       59.57328050000
1       59.57328062083
2       59.57354714583
4       59.57354714583
1       59.57354728333
2       59.57356899167
2       59.57380190833
4       59.57380192917
1       59.57380205000
2       59.57391152917
2       59.57405659583
4       59.57405661667
1       59.57405673750
2       59.57445900417
4       59.57445900417
1       59.57445914167
2       59.57449708750
2       59.57454950833
2       59.57460180000
2       59.57479724167
4       59.57479725833
1       59.57479737917
2       59.57491512917
2       59.57510690417
4       59.57510690417
1       59.57510704167
2       59.57515556250
2       59.57523083333
2       59.57529407083
4       59.57529408750
1       59.57529420833
2       59.57533571667
2       59.57536324583
2       59.57551499583
4       59.57551501667
1       59.57551513750
2       59.57562200833
2       59.57563619167
2       59.57597999167
4       59.57598000833
1       59.57598012917
2       59.57605351667
2       59.57625395000
4       59.57625396667
1       59.57625408750
2       59.57652957500
4       59.57652959583
1       59.57652971667
2       59.57659675833
2       59.57660604167
2       59.57673585417
4       59.57673585417
1       59.57673599167
2       59.57684752500
2       59.57695977500
4       59.57695979583
1       59.57695991667
2       59.57698658750
2       59.57700349167
2       59.57723167917
4       59.57723169583
1       59.57723181667
2       59.57742745417
2       59.57762912917
4       59.57762915000
1       59.57762927083
2       59.57766197083
2       59.57892997500
4       59.57892999583
1       59.57893011667
2       59.57900480833
2       59.57908191250
2       59.57923800417
4       59.57923800417
1       59.57923814167
2       59.57925749583
2       59.57927070417
2       59.57939158750
2       59.57950790000
4       59.57950791667
1       59.57950803750
2       59.57955664167
2       59.57969037917
2       59.57987627917
4       59.57987629583
1       59.57987641667
2       59.57992126667
2       59.58010648750
4       59.58010650833
1       59.58010662917
2       59.58012731250
2       59.58065400833
4       59.58065402500
1       59.58065414583
2       59.58078078333
2       59.58119984167
4       59.58119985833
1       59.58119997917
2       59.58121503333
2       59.58156743750
4       59.58156745833
1       59.58156757917
2       59.58169661250
2       59.58170626667
2       59.58182222500
4       59.58182222500
1       59.58182236250
2       59.58202754583
2       59.58206530000
4       59.58206531667
1       59.58206543750
2       59.58217398333
2       59.58219374583
2       59.58225074583
2       59.58242337917
4       59.58242340000
1       59.58242352083
2       59.58250716667
2       59.58252937500
2       59.58254161667
2       59.58265561250
4       59.58265563333
1       59.58265575417
2       59.58276318333
2       59.58280921250
2       59.58284860833
4       59.58284862917
1       59.58284875000
2       59.58285662083
2       59.58302352917
2       59.58307550417
4       59.58307552500
1       59.58307564583
2       59.58318449583
2       59.58319747083
2       59.58325543750
4       59.58325545417
1       59.58325557500
2       59.58344285000
4       59.58344287083
1       59.58344299167
2       59.58347826250
2       59.58361280000
2       59.58365257083
4       59.58365259167
1       59.58365271250
2       59.58372441667
2       59.58409899167
4       59.58409900833
1       59.58409912917
2       59.58410235833
2       59.58411966250
2       59.58427156250
2       59.58432890000
4       59.58432892083
1       59.58432903750
2       59.58440841250
2       59.58490256667
4       59.58490258750
1       59.58490270417
2       59.58505728333
2       59.58507842500
2       59.58513448750
4       59.58513450833
1       59.58513462917
2       59.58522190000
2       59.58531990833
2       59.58541799167
4       59.58541801250
1       59.58541813333
2       59.58543121250
2       59.58549580417
2       59.58563652917
4       59.58563655000
1       59.58563667083
2       59.58583861667
2       59.58597439167
4       59.58597441250
1       59.58597453333
2       59.58599037917
2       59.58622912500
4       59.58622912500
1       59.58622926250
2       59.58625598750
2       59.58632813750
2       59.58641867917
4       59.58641870000
1       59.58641882083
2       59.58644714167
2       59.58654475000
2       59.58655538750
2       59.58657229167
2       59.58671270417
4       59.58671272500
1       59.58671284167
2       59.58675873750
2       59.58700291667
4       59.58700293750
1       59.58700305833
2       59.58708175833
2       59.58728772917
4       59.58728774583
1       59.58728786667
2       59.58745997500
2       59.58764407083
4       59.58764409167
1       59.58764421250
2       59.58766102083
2       59.58771698333
2       59.58792607500
4       59.58792609583
1       59.58792621667
2       59.58843512917
4       59.58843514583
1       59.58843526667
2       59.58846820417
2       59.58856856250
2       59.58860038750
2       59.58880374583
4       59.58880374583
1       59.58880388333
2       59.59282612500
4       59.59282614583
1       59.59282626667
2       59.59283250833
2       59.59289018750
2       59.59293722083
2       59.59302726250
4       59.59302727917
1       59.59302740000
2       59.59309615417
2       59.59327470000
4       59.59327471667
1       59.59327483750
2       59.59328559167
2       59.59330910417
2       59.59334487500
2       59.59341806667
2       59.59362540417
4       59.59362542500
1       59.59362554583
2       59.59383149167
4       59.59383150833
1       59.59383162917
2       59.59400335000
2       59.59434086250
4       59.59434088333
1       59.59434100417
2       59.59438092917
2       59.59439576667
2       59.59443523750
2       59.59444424167
2       59.59448758333
2       59.59449156667
2       59.59523415000
4       59.59523417083
1       59.59523429167
2       59.59534216250
2       59.59546693333
4       59.59546693333
1       59.59546707083
2       59.59561244583
2       59.59580722083
4       59.59580723750
1       59.59580735833
2       59.59603246250
4       59.59603248333
1       59.59603260417
2       59.59622757083
4       59.59622759167
1       59.59622771250
2       59.59669660000
4       59.59669661667
1       59.59669673750
2       59.59683732083
2       59.59690026250
4       59.59690027917
1       59.59690040000
2       59.59701854583
2       59.59704663750
2       59.59708404167
4       59.59708406250
1       59.59708418333
2       59.59709498750
2       59.59729442083
4       59.59729443750
1       59.59729455833
2       59.59743756667
2       59.59749254583
4       59.59749256667
1       59.59749268750
2       59.59752529583
2       59.59758746667
2       59.59760571250
2       59.59771607083
4       59.59771608750
1       59.59771620833
2       59.59779595000
2       59.59781874167
2       59.59806384167
4       59.59806386250
1       59.59806397917
2       59.59809569167
2       59.59822881250
2       59.59826127083
4       59.59826128750
1       59.59826140833
2       59.59834970833
2       59.59861100833
4       59.59861102917
1       59.59861115000
2       59.59861203333
2       59.59871903750
2       59.59875610833
2       59.59890947917
4       59.59890949583
1       59.59890961667
2       59.59904311250
2       59.59905925417
2       59.59909435417
4       59.59909435417
1       59.59909449167
2       59.59941689167
4       59.59941691250
1       59.59941703333
2       59.59944441667
2       59.59945370833
2       59.59955733750
2       59.59956597083
2       59.59959647917
2       59.59973094583
4       59.59973096667
1       59.59973108750
2       59.59989282917
2       59.59999433750
4       59.59999435417
1       59.59999447500
2       59.60013372083
2       59.60017079583
2       59.60034693750
4       59.60034695417
1       59.60034707500
2       59.60044176667
2       59.60089945000
4       59.60089946667
1       59.60089958750
2       59.60093792083
2       59.60096669167
2       59.60100316667
2       59.60126316667
4       59.60126318750
1       59.60126330833
2       59.60133770833
2       59.60152086250
4       59.60152087917
1       59.60152100000
2       59.60182959167
4       59.60182961250
1       59.60182973333
2       59.60213061250
4       59.60213063333
1       59.60213075417
2       59.60217573750
2       59.60258672917
4       59.60258674583
1       59.60258686667
2       59.60262882083
2       59.60268908333
2       59.60278256667
4       59.60278256667
1       59.60278270417
2       59.60285936250
2       59.60554790833
2       59.60579006667
4       59.60579008750
1       59.60579020833
2       59.60667571667
4       59.60667573750
1       59.60667585833
2       59.60681947500
2       59.60685990833
2       59.60688274583
4       59.60688274583
1       59.60688288333
2       59.60705994583
2       59.60733884167
4       59.60733886250
1       59.60733898333
2       59.60741533333
2       59.60742331667
2       59.60824770000
4       59.60824772083
1       59.60824783750
2       59.60856042500
4       59.60856044583
1       59.60856056250
2       59.60960840000
4       59.60960842083
1       59.60960854167
2       59.61014764583
4       59.61014764583
1       59.61014778333
2       59.61030333333
2       59.61042524167
4       59.61042526250
1       59.61042538333
2       59.61042654167
2       59.61047723750
2       59.61087930833
4       59.61087932500
1       59.61087944583
2       59.61098097083
2       59.61104962917
2       59.61169976250
4       59.61169978333
1       59.61169990417
2       59.61197666667
4       59.61197668333
1       59.61197680417
2       59.61210324583
2       59.61226151667
4       59.61226153750
1       59.61226165833
2       59.61256231250
4       59.61256233333
1       59.61256245417
2       59.61279447500
4       59.61279447500
1       59.61279461250
2       59.61298722917
4       59.61298725000
1       59.61298737083
2       59.61308430417
2       59.61310480000
2       59.61347715833
4       59.61347717917
1       59.61347730000
2       59.61363813333
2       59.61410879167
4       59.61410880833
1       59.61410892917
2       59.61446617083
4       59.61446619167
1       59.61446631250
2       59.61455033750
2       59.61489617083
4       59.61489619167
1       59.61489631250
2       59.61525256667
4       59.61525258333
1       59.61525270417
2       59.61536379167
2       59.61543097917
2       59.61979861250
4       59.61979863333
1       59.61979875417
2       59.61981344583
2       59.62056372917
4       59.62056374583
1       59.62056386667
2       59.62076978333
4       59.62076978333
1       59.62076992083
2       59.62094597917
2       59.62138853333
4       59.62138853333
1       59.62138867083
2       59.62307441250
4       59.62307442917
1       59.62307455000
2       59.62314329167
2       59.62316582500
2       59.62384219583
4       59.62384221667
1       59.62384233750
2       59.62423205833
4       59.62423207500
1       59.62423219583
2       59.62439435833
2       59.62463285000
4       59.62463287083
1       59.62463299167
2       59.62618262500
4       59.62618262500
1       59.62618276250
2       59.62784440417
4       59.62784442500
1       59.62784454583
2       59.62811866667
4       59.62811868750
1       59.62811880417
2       59.62880861250
4       59.62880863333
1       59.62880875417
2       59.62932665833
4       59.62932667917
1       59.62932680000
2       59.62981390417
4       59.62981392500
1       59.62981404583
2       59.63182941250
4       59.63182942917
1       59.63182955000
2       59.63234148333
4       59.63234150000
1       59.63234162083
2       59.63304132500
4       59.63304132500
1       59.63304146250
2       59.63362859167
4       59.63362861250
1       59.63362873333
2       59.63509530000
4       59.63509532083
1       59.63509544167
2       59.63597272917
4       59.63597275000
1       59.63597287083
2       59.63607637083
2       59.63672794583
4       59.63672794583
1       59.63672808333
2       59.63799978750
4       59.63799980833
1       59.63799992917
2       59.63907360000
4       59.63907361667
1       59.63907373750
2       59.63922692500
2       59.63956786250
4       59.63956787917
1       59.63956800000
2       59.64155518750
4       59.64155520417
1       59.64155532500
2       59.64242925000
4       59.64242927083
1       59.64242939167
2       59.64248494583
2       59.64388102083
4       59.64388104167
1       59.64388116250
2       59.64427618750
4       59.64427620417
1       59.64427632500
2       59.64591711667
4       59.64591713333
1       59.64591725417
2       59.64610647500
4       59.64610649583
1       59.64610661250
2       59.64882327917
4       59.64882329583
1       59.64882341667
2       59.64978517917
4       59.64978519583
1       59.64978531667
2       59.65817082917
4       59.65817084583
1       59.65817096667
2       59.65991340417
4       59.65991342500
1       59.65991354167
2       59.66029365417
4       59.66029367500
1       59.66029379167
2       59.66221577917
4       59.66221580000
1       59.66221591667
2       59.66562401667
4       59.66562403750
1       59.66562415833
2       59.66576878750
2       59.67180042083
4       59.67180043750
1       59.67180055833
2       59.68249071667
4       59.68249073750
1       59.68249085833
2       59.68287135000
4       59.68287137083
1       59.68287148750
