# Software: TrackLab 1.6.0
# Start of measurement: 24/8/2026 2:08:48.372 UTC
# Start of measurement - unix time: 1787537328.372
# Chip ID: K8-W0036
# Readout IP address: 192.168.1.49
# Event code 1: evttrgcorbofall
# Event code 2: evttrg
# Event code 4: evttrgcorbolead
# Event code 8: 
# Event code 16: 
# -----------------------------------------------------------------------------------------------------------------------------
2       5.07627608750
4       5.07627608750
1       5.07627622500
2       5.08174810000
4       5.08174811667
1       5.08174823750
2       5.08363646250
4       5.08363647917
1       5.08363660000
2       5.08941678333
4       5.08941680417
1       5.08941692083
2       5.09147666667
4       5.09147666667
1       5.09147680417
2       5.09593713750
4       5.09593715833
1       5.09593727917
2       5.10002815417
4       5.10002817500
1       5.10002829583
2       5.10335917917
4       5.10335920000
1       5.10335932083
2       5.10469841667
4       5.10469843750
1       5.10469855833
2       5.10770061667
4       5.10770063750
1       5.10770075833
2       5.10846177917
4       5.10846180000
1       5.10846192083
2       5.10866313750
2       5.10931136667
4       5.10931138750
1       5.10931150833
2       5.11018581667
4       5.11018581667
1       5.11018595417
2       5.11065690833
4       5.11065692500
1       5.11065704583
2       5.11151168750
4       5.11151170833
1       5.11151182500
2       5.11166618333
2       5.11195632500
4       5.11195634583
1       5.11195646667
2       5.11231205417
4       5.11231207083
1       5.11231219167
2       5.11428552917
4       5.11428554583
1       5.11428566667
2       5.11562926250
4       5.11562927917
1       5.11562940000
2       5.11585618750
4       5.11585620833
1       5.11585632917
2       5.11598762917
2       5.11601678750
2       5.11626078750
4       5.11626078750
1       5.11626092500
2       5.11760938333
4       5.11760940417
1       5.11760952500
2       5.11851431667
4       5.11851433750
1       5.11851445833
2       5.11855936667
2       5.11887491667
4       5.11887491667
1       5.11887505417
2       5.11921552917
4       5.11921555000
1       5.11921567083
2       5.11950795833
4       5.11950797500
1       5.11950809583
2       5.12013162500
4       5.12013164583
1       5.12013176667
2       5.12031222917
2       5.12150192083
4       5.12150194167
1       5.12150206250
2       5.12173214583
4       5.12173214583
1       5.12173228333
2       5.12188455833
2       5.12375139167
4       5.12375141250
1       5.12375153333
2       5.12397422500
4       5.12397424583
1       5.12397436667
2       5.12402461250
2       5.12419819167
4       5.12419821250
1       5.12419833333
2       5.12423063333
2       5.12423121250
2       5.12498042083
4       5.12498043750
1       5.12498055833
2       5.12504212083
2       5.12519090417
4       5.12519092083
1       5.12519104167
2       5.12552211250
4       5.12552213333
1       5.12552225417
2       5.12654295833
4       5.12654297917
1       5.12654309583
2       5.12656977917
2       5.12708411667
4       5.12708411667
1       5.12708425417
2       5.12762300833
4       5.12762302917
1       5.12762315000
2       5.12781683750
2       5.12798512083
4       5.12798513750
1       5.12798525833
2       5.12820829167
4       5.12820830833
1       5.12820842917
2       5.12831834583
2       5.12832993333
2       5.12851741667
4       5.12851741667
1       5.12851755417
2       5.12933680417
4       5.12933682083
1       5.12933694167
2       5.12959388750
4       5.12959388750
1       5.12959402500
2       5.12984297500
4       5.12984297500
1       5.12984311250
2       5.12988201667
2       5.12994326667
2       5.13007906667
4       5.13007908750
1       5.13007920833
2       5.13032922917
4       5.13032925000
1       5.13032937083
2       5.13121820833
4       5.13121822500
1       5.13121834583
2       5.13139611250
4       5.13139613333
1       5.13139625000
2       5.13144345417
2       5.13147098333
2       5.13159288333
2       5.13179019583
4       5.13179021667
1       5.13179033750
2       5.13219653333
4       5.13219655000
1       5.13219667083
2       5.13219728750
2       5.13227281667
2       5.13235497500
2       5.13256196250
4       5.13256198333
1       5.13256210417
2       5.13279190000
4       5.13279192083
1       5.13279204167
2       5.13284656250
2       5.13310121667
4       5.13310123750
1       5.13310135833
2       5.13331481667
4       5.13331483750
1       5.13331495417
2       5.13336624167
2       5.13345564167
2       5.13356855833
4       5.13356857500
1       5.13356869583
2       5.13361467500
2       5.13374612917
2       5.13376761250
2       5.13402240000
4       5.13402241667
1       5.13402253750
2       5.13409789583
2       5.13418733750
2       5.13471334167
4       5.13471336250
1       5.13471348333
2       5.13497967083
4       5.13497968750
1       5.13497980833
2       5.13507440000
2       5.13510025000
2       5.13514519583
2       5.13544990833
4       5.13544992500
1       5.13545004583
2       5.13545029583
2       5.13562847917
2       5.13569406667
4       5.13569408750
1       5.13569420833
2       5.13570333333
2       5.13571423333
2       5.13604382500
4       5.13604384167
1       5.13604396250
2       5.13624299167
2       5.13634033333
4       5.13634035417
1       5.13634047500
2       5.13651947500
2       5.13657054167
4       5.13657055833
1       5.13657067917
2       5.13670196250
2       5.13684043750
4       5.13684043750
1       5.13684057500
2       5.13697363750
2       5.13730092500
4       5.13730094167
1       5.13730106250
2       5.13738995833
2       5.13740097500
2       5.13746977917
2       5.13757614583
4       5.13757616667
1       5.13757628750
2       5.13765660417
2       5.13766627083
2       5.13793943750
4       5.13793945833
1       5.13793957917
2       5.13818561667
4       5.13818563750
1       5.13818575417
2       5.13830087917
2       5.13831705000
2       5.13852472083
4       5.13852473750
1       5.13852485833
2       5.13856483750
2       5.13863757917
2       5.13885399167
4       5.13885400833
1       5.13885412917
2       5.13909052500
4       5.13909054583
1       5.13909066667
2       5.13918285000
2       5.13928785417
4       5.13928787500
1       5.13928799167
2       5.13952074583
4       5.13952074583
1       5.13952088333
2       5.13978576667
4       5.13978578750
1       5.13978590833
2       5.13979397917
2       5.14018154583
4       5.14018154583
1       5.14018168333
2       5.14018520417
2       5.14038095833
4       5.14038097500
1       5.14038109583
2       5.14055020417
2       5.14076918333
4       5.14076920000
1       5.14076932083
2       5.14077672500
2       5.14080562083
2       5.14084803750
2       5.14093675000
2       5.14109872917
4       5.14109875000
1       5.14109887083
2       5.14120737917
2       5.14121735000
2       5.14126995417
2       5.14133650417
4       5.14133652083
1       5.14133664167
2       5.14147092083
2       5.14150711667
2       5.14159054583
4       5.14159056667
1       5.14159068750
2       5.14161610000
2       5.14168099583
2       5.14172934167
2       5.14182151667
4       5.14182151667
1       5.14182165417
2       5.14187374583
2       5.14188970833
2       5.14196059583
2       5.14225475417
4       5.14225477083
1       5.14225489167
2       5.14233888750
2       5.14237065000
2       5.14244684167
4       5.14244685833
1       5.14244697917
2       5.14246323333
2       5.14254287083
2       5.14260022083
2       5.14267261667
4       5.14267261667
1       5.14267275417
2       5.14279366250
2       5.14319970417
4       5.14319972083
1       5.14319984167
2       5.14323422500
2       5.14335865833
2       5.14337355417
2       5.14337407083
2       5.14342158333
4       5.14342160000
1       5.14342172083
2       5.14351075000
2       5.14356273333
2       5.14361873333
4       5.14361875417
1       5.14361887500
2       5.14366611250
2       5.14369059583
2       5.14376140833
2       5.14380585000
4       5.14380587083
1       5.14380599167
2       5.14386124167
2       5.14394627917
2       5.14399894167
4       5.14399896250
1       5.14399908333
2       5.14420804583
4       5.14420806667
1       5.14420818750
2       5.14423109583
2       5.14436164583
2       5.14438880417
2       5.14441989167
4       5.14441991250
1       5.14442003333
2       5.14447294583
2       5.14447460417
2       5.14450406667
2       5.14451265833
2       5.14451373333
2       5.14452755000
2       5.14475541250
4       5.14475543333
1       5.14475555417
2       5.14475938750
2       5.14505158750
4       5.14505158750
1       5.14505172500
2       5.14508270000
2       5.14515216667
2       5.14541427917
4       5.14541429583
1       5.14541441667
2       5.14560247500
4       5.14560249583
1       5.14560261667
2       5.14568290417
2       5.14569080000
2       5.14573593333
2       5.14592870833
4       5.14592872917
1       5.14592884583
2       5.14598856250
2       5.14606481667
2       5.14607742917
2       5.14611913750
4       5.14611915833
1       5.14611927917
2       5.14617740000
2       5.14621120417
2       5.14634966250
4       5.14634968333
1       5.14634980000
2       5.14641224167
2       5.14642708750
2       5.14648381250
2       5.14652349167
2       5.14654044583
2       5.14658592917
4       5.14658594583
1       5.14658606667
2       5.14665242917
2       5.14679617083
4       5.14679619167
1       5.14679631250
2       5.14688396667
2       5.14694694167
2       5.14699582917
4       5.14699584583
1       5.14699596667
2       5.14705413750
2       5.14709167083
2       5.14719194167
4       5.14719196250
1       5.14719208333
2       5.14719229167
2       5.14728737500
2       5.14755204167
4       5.14755206250
1       5.14755218333
2       5.14757583750
2       5.14772523333
2       5.14781241667
4       5.14781243750
1       5.14781255833
2       5.14797070000
2       5.14799387917
4       5.14799389583
1       5.14799401667
2       5.14805252083
2       5.14805452083
2       5.14812412500
2       5.14819094167
4       5.14819096250
1       5.14819108333
2       5.14821577083
2       5.14825820417
2       5.14830854583
2       5.14833968333
2       5.14846551250
4       5.14846553333
1       5.14846565417
2       5.14859010417
2       5.14891572917
4       5.14891575000
1       5.14891587083
2       5.14892262500
2       5.14893122917
2       5.14902134167
2       5.14918926250
4       5.14918927917
1       5.14918940000
2       5.14921480417
2       5.14935489583
2       5.14938100000
4       5.14938101667
1       5.14938113750
2       5.14939459583
2       5.14950628750
2       5.14953740000
2       5.14954404167
2       5.14970725833
4       5.14970727917
1       5.14970740000
2       5.14979773750
2       5.14987290833
2       5.14992992500
4       5.14992994167
1       5.14993006250
2       5.14999446250
2       5.15005938750
2       5.15006440833
2       5.15012698333
4       5.15012700417
1       5.15012712500
2       5.15015845833
2       5.15016243333
2       5.15017898333
2       5.15020201250
2       5.15020409583
2       5.15027372917
2       5.15040261667
4       5.15040263750
1       5.15040275833
2       5.15041648333
2       5.15042045833
2       5.15052708333
2       5.15070730000
4       5.15070731667
1       5.15070743750
2       5.15074932917
2       5.15084605833
2       5.15087357917
2       5.15100937083
4       5.15100939167
1       5.15100951250
2       5.15101006667
2       5.15116271667
2       5.15119221250
2       5.15125910417
4       5.15125912500
1       5.15125924583
2       5.15126508333
2       5.15129694167
2       5.15139125833
2       5.15140617500
2       5.15144832917
4       5.15144834583
1       5.15144846667
2       5.15146882083
2       5.15147739167
2       5.15148999583
2       5.15153048333
2       5.15159171667
2       5.15160595417
2       5.15163147917
4       5.15163150000
1       5.15163162083
2       5.15170000000
2       5.15180230417
2       5.15192458333
4       5.15192460417
1       5.15192472500
2       5.15202886667
2       5.15206700417
2       5.15214950833
4       5.15214950833
1       5.15214964583
2       5.15215042083
2       5.15216767917
2       5.15223653750
2       5.15224716667
2       5.15224991667
2       5.15226804167
2       5.15230341667
2       5.15235848333
4       5.15235850417
1       5.15235862083
2       5.15243770417
2       5.15259331667
4       5.15259331667
1       5.15259345417
2       5.15259996667
2       5.15269442917
2       5.15272342083
2       5.15282149167
4       5.15282151250
1       5.15282162917
2       5.15290133333
2       5.15299771250
2       5.15300005000
2       5.15302423333
4       5.15302425000
1       5.15302437083
2       5.15303979167
2       5.15319514167
4       5.15319516250
1       5.15319528333
2       5.15330154167
2       5.15330645000
2       5.15331901667
2       5.15338397500
4       5.15338399583
1       5.15338411667
2       5.15340349167
2       5.15344360000
2       5.15344529583
2       5.15346576250
2       5.15347273750
2       5.15347543750
2       5.15348567083
2       5.15357412083
4       5.15357414167
1       5.15357426250
2       5.15359162500
2       5.15362680417
2       5.15371710833
2       5.15372705417
2       5.15389569167
4       5.15389571250
1       5.15389582917
2       5.15403648333
2       5.15403846250
2       5.15411594167
4       5.15411595833
1       5.15411607917
2       5.15413753333
2       5.15419577917
2       5.15421235000
2       5.15426232500
2       5.15431269167
4       5.15431271250
1       5.15431283333
2       5.15436803750
2       5.15439253333
2       5.15443029583
2       5.15443460417
2       5.15445347083
2       5.15447470000
2       5.15460217083
4       5.15460219167
1       5.15460230833
2       5.15466942917
2       5.15467842083
2       5.15472205833
2       5.15479293333
2       5.15481616667
4       5.15481616667
1       5.15481630417
2       5.15490229167
2       5.15494507917
2       5.15501558750
4       5.15501560833
1       5.15501572917
2       5.15506394167
2       5.15535807917
4       5.15535809583
1       5.15535821667
2       5.15549586667
2       5.15554819583
4       5.15554819583
1       5.15554833333
2       5.15555646250
2       5.15603043333
4       5.15603045000
1       5.15603057083
2       5.15609742083
2       5.15610071250
2       5.15626527917
4       5.15626530000
1       5.15626542083
2       5.15627227917
2       5.15632226250
2       5.15636009167
2       5.15639544583
2       5.15639940000
2       5.15674028750
4       5.15674030833
1       5.15674042917
2       5.15675181667
2       5.15683797500
2       5.15717419167
4       5.15717421250
1       5.15717432917
2       5.15726360417
2       5.15729774167
2       5.15737687500
4       5.15737689583
1       5.15737701667
2       5.15741455000
2       5.15747992083
2       5.15751110833
2       5.15766672917
4       5.15766674583
1       5.15766686667
2       5.15772142917
2       5.15775421250
2       5.15775881667
2       5.15778140417
2       5.15778793750
2       5.15780132917
2       5.15781976667
2       5.15783233750
2       5.15797709583
4       5.15797709583
1       5.15797723333
2       5.15797897917
2       5.15801355833
2       5.15801485000
2       5.15805495833
2       5.15805891250
2       5.15818477917
4       5.15818480000
1       5.15818492083
2       5.15825830000
2       5.15826495833
2       5.15831064583
2       5.15839211250
4       5.15839213333
1       5.15839225417
2       5.15846527500
2       5.15851363333
2       5.15860161250
4       5.15860163333
1       5.15860175417
2       5.15866610417
2       5.15867832500
2       5.15873588750
2       5.15884125000
4       5.15884127083
1       5.15884139167
2       5.15889593333
2       5.15893636250
2       5.15894791667
2       5.15905054583
4       5.15905054583
1       5.15905068333
2       5.15907214167
2       5.15911888333
2       5.15914065417
2       5.15915757500
2       5.15923938750
4       5.15923938750
1       5.15923952500
2       5.15929438750
2       5.15932317083
2       5.15933052500
2       5.15933250417
2       5.15940302500
2       5.15940370833
2       5.15942851250
4       5.15942852917
1       5.15942865000
2       5.15948285833
2       5.15949705417
2       5.15951898333
2       5.15965076250
4       5.15965077917
1       5.15965090000
2       5.15969355417
2       5.15982232917
2       5.15991907083
4       5.15991908750
1       5.15991920833
2       5.15995089583
2       5.16005955417
2       5.16023968750
4       5.16023968750
1       5.16023982500
2       5.16027548750
2       5.16027777500
2       5.16034898333
2       5.16044537917
4       5.16044540000
1       5.16044552083
2       5.16050599167
2       5.16052593333
2       5.16053780833
2       5.16062825000
4       5.16062827083
1       5.16062839167
2       5.16066132083
2       5.16066762500
2       5.16072391667
2       5.16074386250
2       5.16079112083
2       5.16085210417
4       5.16085212500
1       5.16085224583
2       5.16086507500
2       5.16090875833
2       5.16092365417
2       5.16095082500
2       5.16096897500
2       5.16102407917
2       5.16103501667
4       5.16103503750
1       5.16103515833
2       5.16104920417
2       5.16109164167
2       5.16110260417
2       5.16110561250
2       5.16113731667
2       5.16126985000
4       5.16126986667
1       5.16126998750
2       5.16133231667
2       5.16133412917
2       5.16133673750
2       5.16139965000
2       5.16155465833
4       5.16155467500
1       5.16155479583
2       5.16156125833
2       5.16164378750
2       5.16165805000
2       5.16178085000
4       5.16178087083
1       5.16178098750
2       5.16185711250
2       5.16185741250
2       5.16186045833
2       5.16189017917
2       5.16205220833
4       5.16205222500
1       5.16205234583
2       5.16210688333
2       5.16220917500
2       5.16221380417
2       5.16222805000
4       5.16222806667
1       5.16222818750
2       5.16242081250
4       5.16242083333
1       5.16242095417
2       5.16242512500
2       5.16259937083
4       5.16259939167
1       5.16259951250
2       5.16275437917
2       5.16279446667
2       5.16284642083
4       5.16284643750
1       5.16284655833
2       5.16299550000
2       5.16302265000
4       5.16302270000
1       5.16302282083
2       5.16302336667
2       5.16303955417
2       5.16312303333
2       5.16314527500
2       5.16337086667
4       5.16337088750
1       5.16337100833
2       5.16337413333
2       5.16343639167
2       5.16353675417
2       5.16386954583
4       5.16386954583
1       5.16386968333
2       5.16391702083
2       5.16398389167
2       5.16401306250
2       5.16413660417
4       5.16413662500
1       5.16413674583
2       5.16414659583
2       5.16415185833
2       5.16423284167
2       5.16429388333
2       5.16444497500
4       5.16444499583
1       5.16444511667
2       5.16446887083
2       5.16447842917
2       5.16449297083
2       5.16471990000
4       5.16471992083
1       5.16472004167
2       5.16475102500
2       5.16487297083
2       5.16495940000
4       5.16495941667
1       5.16495953750
2       5.16505705000
2       5.16508452500
2       5.16512628333
2       5.16517135833
4       5.16517137500
1       5.16517149583
2       5.16517465000
2       5.16520216250
2       5.16522344167
2       5.16539863750
4       5.16539865833
1       5.16539877917
2       5.16542639167
2       5.16556356250
2       5.16558566667
4       5.16558568750
1       5.16558580833
2       5.16559339167
2       5.16559406250
2       5.16559837083
2       5.16567615833
2       5.16572485833
2       5.16573236667
2       5.16580632917
4       5.16580634583
1       5.16580646667
2       5.16581622083
2       5.16583347083
2       5.16589218750
2       5.16596169583
2       5.16597554583
2       5.16597695833
2       5.16601994583
4       5.16601994583
1       5.16602008333
2       5.16609207083
2       5.16620875833
4       5.16620877917
1       5.16620890000
2       5.16626376667
2       5.16629687500
2       5.16640780833
4       5.16640782500
1       5.16640794583
2       5.16654266667
2       5.16654335000
2       5.16661490000
4       5.16661491667
1       5.16661503750
2       5.16664894167
2       5.16668670417
2       5.16669768333
2       5.16703480833
4       5.16703482917
1       5.16703495000
2       5.16703952917
2       5.16713550833
2       5.16719422917
2       5.16720742917
4       5.16720752083
1       5.16720764167
2       5.16724588750
2       5.16727002500
2       5.16735381667
2       5.16739985833
4       5.16739987917
1       5.16740000000
2       5.16742544583
2       5.16745640000
2       5.16747571667
2       5.16749227083
2       5.16752910000
2       5.16764830833
4       5.16764832917
1       5.16764845000
2       5.16767480000
2       5.16776469583
2       5.16777779167
2       5.16777816667
2       5.16788840417
4       5.16788842500
1       5.16788854583
2       5.16793456250
2       5.16841150000
4       5.16841152083
1       5.16841164167
2       5.16845187500
2       5.16847835000
2       5.16850318333
2       5.16854525000
2       5.16874861250
4       5.16874862917
1       5.16874875000
2       5.16884275417
2       5.16890993333
2       5.16892617083
4       5.16892619167
1       5.16892631250
2       5.16902749167
2       5.16917819583
4       5.16917819583
1       5.16917833333
2       5.16925839583
2       5.16935243333
2       5.16943028333
4       5.16943030417
1       5.16943042500
2       5.16945823333
2       5.16955814167
2       5.16956012083
2       5.16971390833
4       5.16971392500
1       5.16971404583
2       5.16974297917
2       5.16979296667
2       5.16981453750
2       5.16983465833
2       5.16983738333
2       5.16984995833
2       5.16986618333
2       5.17007816250
4       5.17007818333
1       5.17007830000
2       5.17013153750
2       5.17037826667
4       5.17037828750
1       5.17037840833
2       5.17037896667
2       5.17042163333
2       5.17047931250
2       5.17055319167
2       5.17058041250
4       5.17058042917
1       5.17058055000
2       5.17071951250
2       5.17096518333
4       5.17096520000
1       5.17096532083
2       5.17104105000
2       5.17121567917
4       5.17121569583
1       5.17121581667
2       5.17129019167
2       5.17132655417
2       5.17137696250
2       5.17138790000
2       5.17141397917
2       5.17151932500
4       5.17151932500
1       5.17151946250
2       5.17162436250
2       5.17163032500
2       5.17164881667
2       5.17170977917
2       5.17171022500
2       5.17175686250
4       5.17175688333
1       5.17175700417
2       5.17176378750
2       5.17189499583
2       5.17192645000
2       5.17192877500
2       5.17195230833
4       5.17195232917
1       5.17195245000
2       5.17201852083
2       5.17208012917
2       5.17209210833
2       5.17211454167
2       5.17236430417
4       5.17236432083
1       5.17236444167
2       5.17240205417
2       5.17251961250
2       5.17253817917
2       5.17256474583
4       5.17256476667
1       5.17256488750
2       5.17270915000
2       5.17278467500
4       5.17278467500
1       5.17278481250
2       5.17282765833
2       5.17298708333
4       5.17298710000
1       5.17298722083
2       5.17305428750
2       5.17309630417
2       5.17309770000
2       5.17315924167
2       5.17317616667
4       5.17317616667
1       5.17317630417
2       5.17320725833
2       5.17325832083
2       5.17330073333
2       5.17337090000
4       5.17337091667
1       5.17337103750
2       5.17360374583
4       5.17360376667
1       5.17360388750
2       5.17367134583
2       5.17378064167
2       5.17379452500
4       5.17379454583
1       5.17379466667
2       5.17384056667
2       5.17388026250
2       5.17399986667
4       5.17399988750
1       5.17400000833
2       5.17417334167
2       5.17420392083
4       5.17420393750
1       5.17420405833
2       5.17423577917
2       5.17426489583
2       5.17438545833
4       5.17438547917
1       5.17438560000
2       5.17438612500
2       5.17439845000
2       5.17441396667
2       5.17451160833
2       5.17454110000
2       5.17469400417
4       5.17469402083
1       5.17469414167
2       5.17470905833
2       5.17473222917
2       5.17475474583
2       5.17477630000
2       5.17479087500
2       5.17485614583
2       5.17494227083
4       5.17494229167
1       5.17494240833
2       5.17496276250
2       5.17498666250
2       5.17504651667
2       5.17509096250
2       5.17523479167
4       5.17523481250
1       5.17523493333
2       5.17525064167
2       5.17527310833
2       5.17538208750
2       5.17544974583
4       5.17544976667
1       5.17544988333
2       5.17545826250
2       5.17547292083
2       5.17549978333
2       5.17564011667
4       5.17564011667
1       5.17564025417
2       5.17564679583
2       5.17568523750
2       5.17584580833
4       5.17584582500
1       5.17584594583
2       5.17586866250
2       5.17596342917
2       5.17598195417
2       5.17600710000
2       5.17601020417
2       5.17611843333
4       5.17611845000
1       5.17611857083
2       5.17629858333
2       5.17648811667
4       5.17648811667
1       5.17648825417
2       5.17649973750
2       5.17653156667
2       5.17658052917
2       5.17680207083
4       5.17680209167
1       5.17680221250
2       5.17684180417
2       5.17699158750
4       5.17699158750
1       5.17699172500
2       5.17714390833
2       5.17720987500
4       5.17720989167
1       5.17721001250
2       5.17723831250
2       5.17738539583
4       5.17738541667
1       5.17738553750
2       5.17744365833
2       5.17745820417
2       5.17746288333
2       5.17750300000
2       5.17757385417
4       5.17757387083
1       5.17757399167
2       5.17763912917
2       5.17765274583
2       5.17767920000
2       5.17773580417
2       5.17774805000
2       5.17775603333
4       5.17775605417
1       5.17775617500
2       5.17783227500
2       5.17787162083
2       5.17792894583
2       5.17795765417
4       5.17795767500
1       5.17795779583
2       5.17801398750
2       5.17817369167
4       5.17817371250
1       5.17817382917
2       5.17835294583
2       5.17851430417
4       5.17851432500
1       5.17851444583
2       5.17856588750
2       5.17857520000
2       5.17881995000
4       5.17881997083
1       5.17882009167
2       5.17884673750
2       5.17887621250
2       5.17891588750
2       5.17894777917
2       5.17902727500
4       5.17902727500
1       5.17902741250
2       5.17908225833
2       5.17911933333
2       5.17944892500
4       5.17944894583
1       5.17944906667
2       5.17950695417
2       5.17953580000
2       5.17965295000
4       5.17965297083
1       5.17965309167
2       5.17988559583
4       5.17988561667
1       5.17988573750
2       5.18000665833
2       5.18007765833
2       5.18009091667
4       5.18009093750
1       5.18009105833
2       5.18012192917
2       5.18018759583
2       5.18019552083
2       5.18029198333
2       5.18056879583
4       5.18056879583
1       5.18056893333
2       5.18063249583
2       5.18074608333
2       5.18077019583
4       5.18077019583
1       5.18077033333
2       5.18083777917
2       5.18091692500
2       5.18102666250
4       5.18102667917
1       5.18102680000
2       5.18108523333
2       5.18108590417
2       5.18113522500
2       5.18120678333
4       5.18120680417
1       5.18120692083
2       5.18147076250
4       5.18147077917
1       5.18147090000
2       5.18160525833
2       5.18161119167
2       5.18161317917
2       5.18162376667
2       5.18170318750
4       5.18170320833
1       5.18170332917
2       5.18194345833
4       5.18194345833
1       5.18194359583
2       5.18194870000
2       5.18196732500
2       5.18197656667
2       5.18200337083
2       5.18210871250
2       5.18229679167
4       5.18229680833
1       5.18229692917
2       5.18248794167
4       5.18248795833
1       5.18248807917
2       5.18249295417
2       5.18250224583
2       5.18252333333
2       5.18257211667
2       5.18267977917
4       5.18267979583
1       5.18267991667
2       5.18271486250
2       5.18294271667
4       5.18294273750
1       5.18294285833
2       5.18296590000
2       5.18298082500
2       5.18303349583
2       5.18314149167
2       5.18315169583
4       5.18315169583
1       5.18315183333
2       5.18316926250
2       5.18329385833
2       5.18330050833
2       5.18332466667
2       5.18355911250
4       5.18355912917
1       5.18355925000
2       5.18359758333
2       5.18366212917
2       5.18371521667
2       5.18386924167
4       5.18386925833
1       5.18386937917
2       5.18395156250
2       5.18406717500
4       5.18406719583
1       5.18406731667
2       5.18449054167
4       5.18449056250
1       5.18449068333
2       5.18453494167
2       5.18477603333
4       5.18477605417
1       5.18477617500
2       5.18482546250
2       5.18482640833
2       5.18490785833
2       5.18503373333
4       5.18503375000
1       5.18503387083
2       5.18503779167
2       5.18507381250
2       5.18510399167
2       5.18517847917
2       5.18521262083
2       5.18524282083
2       5.18527591667
2       5.18533811250
4       5.18533812917
1       5.18533825000
2       5.18534645833
2       5.18539243750
2       5.18540015000
2       5.18542102500
2       5.18565551250
4       5.18565552917
1       5.18565565000
2       5.18571611250
2       5.18575750000
2       5.18575820000
2       5.18584266667
4       5.18584268750
1       5.18584280833
2       5.18589395417
2       5.18589793333
2       5.18593706250
2       5.18606159583
4       5.18606159583
1       5.18606173333
2       5.18614132083
2       5.18614172917
2       5.18618111667
2       5.18635535417
4       5.18635537083
1       5.18635549167
2       5.18647364167
2       5.18648322500
2       5.18678077500
4       5.18678079583
1       5.18678091250
2       5.18695692917
2       5.18706524583
4       5.18706524583
1       5.18706538333
2       5.18714007917
2       5.18724037500
4       5.18724039583
1       5.18724051667
2       5.18726949583
2       5.18731497500
2       5.18736628750
2       5.18739470000
2       5.18747919583
4       5.18747921667
1       5.18747933750
2       5.18754784583
2       5.18756933333
2       5.18757990833
2       5.18762197083
2       5.18764279583
2       5.18764295417
2       5.18770181250
4       5.18770182917
1       5.18770195000
2       5.18772500833
2       5.18787208750
2       5.18795185833
4       5.18795185833
1       5.18795199583
2       5.18797404583
2       5.18811917083
2       5.18823080000
4       5.18823082083
1       5.18823094167
2       5.18839410833
2       5.18840140417
4       5.18840142500
1       5.18840154583
2       5.18843416667
2       5.18861174583
4       5.18861174583
1       5.18861188333
2       5.18872401667
2       5.18872806667
2       5.18879012500
2       5.18882602083
4       5.18882603750
1       5.18882615833
2       5.18882994167
2       5.18933817083
4       5.18933819167
1       5.18933830833
2       5.18940030833
2       5.18948681667
2       5.18952421667
2       5.18956601250
4       5.18956602917
1       5.18956615000
2       5.18956622917
2       5.18957369167
2       5.18974448333
2       5.18974587083
2       5.18981640000
4       5.18981641667
1       5.18981653750
2       5.18993829583
2       5.18995688750
2       5.19008233333
4       5.19008235000
1       5.19008247083
2       5.19022650000
2       5.19041752500
4       5.19041754583
1       5.19041766667
2       5.19049761250
2       5.19064852083
4       5.19064853750
1       5.19064865833
2       5.19069046250
2       5.19069443750
2       5.19075342500
2       5.19076367083
2       5.19077426667
2       5.19079945833
2       5.19094847917
4       5.19094850000
1       5.19094862083
2       5.19096504167
2       5.19102135833
2       5.19109093333
2       5.19111447500
2       5.19111712083
2       5.19113262500
2       5.19116446250
4       5.19116447917
1       5.19116460000
2       5.19121878750
2       5.19150197917
4       5.19150200000
1       5.19150212083
2       5.19159381250
2       5.19163811667
2       5.19175172083
4       5.19175173750
1       5.19175185833
2       5.19195311667
4       5.19195313750
1       5.19195325417
2       5.19201570833
2       5.19215882500
4       5.19215882500
1       5.19215896250
2       5.19219857083
2       5.19224229583
2       5.19250660417
4       5.19250662083
1       5.19250674167
2       5.19252314167
2       5.19259475417
2       5.19263443750
2       5.19266761250
2       5.19269539167
4       5.19269541250
1       5.19269553333
2       5.19277558333
2       5.19278743750
2       5.19293257500
4       5.19293257500
1       5.19293271250
2       5.19308395417
2       5.19309826667
2       5.19314852917
4       5.19314855000
1       5.19314866667
2       5.19315876667
2       5.19319215833
2       5.19320823333
2       5.19321109583
2       5.19323420833
2       5.19330153750
2       5.19331845833
2       5.19334757917
4       5.19334760000
1       5.19334771667
2       5.19335422917
2       5.19336910000
2       5.19340294167
2       5.19346702500
2       5.19348171250
2       5.19350897917
2       5.19368977083
4       5.19368978750
1       5.19368990833
2       5.19370465833
2       5.19373614583
2       5.19374171250
2       5.19376561667
2       5.19383326250
2       5.19386598333
2       5.19388061250
4       5.19388062917
1       5.19388075000
2       5.19390575000
2       5.19394108750
2       5.19396826250
2       5.19399445833
2       5.19400838333
2       5.19401234167
2       5.19401507083
2       5.19405280833
4       5.19405282500
1       5.19405294583
2       5.19412669167
2       5.19417200000
2       5.19426644167
4       5.19426646250
1       5.19426658333
2       5.19427510000
2       5.19437304167
2       5.19448809583
4       5.19448809583
1       5.19448823333
2       5.19448903750
2       5.19456921250
2       5.19468179167
4       5.19468180833
1       5.19468192917
2       5.19469204583
2       5.19473320000
2       5.19486592500
4       5.19486594583
1       5.19486606667
2       5.19494342500
2       5.19494806250
2       5.19501533750
2       5.19502128333
2       5.19513565417
4       5.19513567500
1       5.19513579583
2       5.19513921667
2       5.19520010417
2       5.19524190417
2       5.19531312083
4       5.19531314167
1       5.19531326250
2       5.19543212500
2       5.19550622500
4       5.19550622500
1       5.19550636250
2       5.19551811250
2       5.19570528333
4       5.19570530417
1       5.19570542500
2       5.19579804583
2       5.19580865000
2       5.19586027917
2       5.19589151667
4       5.19589153750
1       5.19589165833
2       5.19601132500
2       5.19604709167
2       5.19622099167
4       5.19622101250
1       5.19622113333
2       5.19622529167
2       5.19632072083
2       5.19640738750
4       5.19640738750
1       5.19640752500
2       5.19665915833
4       5.19665917500
1       5.19665929583
2       5.19669695417
2       5.19678542917
2       5.19688342083
4       5.19688343750
1       5.19688355833
2       5.19690302917
2       5.19691959583
2       5.19697657083
2       5.19701032500
2       5.19753795000
4       5.19753797083
1       5.19753809167
2       5.19755525833
2       5.19768605000
2       5.19770785833
2       5.19770961667
2       5.19777977500
4       5.19777979583
1       5.19777991667
2       5.19788605000
2       5.19797649583
2       5.19801026667
4       5.19801028750
1       5.19801040833
2       5.19808453750
2       5.19810201667
2       5.19827460833
4       5.19827462500
1       5.19827474583
2       5.19831634583
2       5.19874590833
4       5.19874592917
1       5.19874604583
2       5.19881514167
2       5.19897552500
4       5.19897554583
1       5.19897566667
2       5.19909440417
2       5.19923752500
4       5.19923754583
1       5.19923766667
2       5.19940873333
2       5.19950142500
4       5.19950142500
1       5.19950156250
2       5.19951841667
2       5.19956407917
2       5.19981115833
4       5.19981117917
1       5.19981130000
2       5.19981150417
2       5.19988899167
2       5.19994565833
2       5.20000761250
4       5.20000763333
1       5.20000775417
2       5.20002113750
2       5.20006320417
2       5.20030772500
4       5.20030774583
1       5.20030786667
2       5.20031300417
2       5.20038815417
2       5.20045108750
2       5.20050448333
4       5.20050450417
1       5.20050462500
2       5.20056004583
2       5.20065247083
2       5.20072205000
4       5.20072207083
1       5.20072219167
2       5.20073937917
2       5.20074059167
2       5.20080189583
2       5.20087247083
2       5.20097110833
4       5.20097112917
1       5.20097125000
2       5.20119742500
4       5.20119744583
1       5.20119756667
2       5.20124173333
2       5.20148154167
4       5.20148156250
1       5.20148168333
2       5.20155406667
2       5.20180123750
4       5.20180123750
1       5.20180137500
2       5.20180184167
2       5.20218574167
4       5.20218575833
1       5.20218587917
2       5.20220371667
2       5.20223050417
2       5.20256497917
4       5.20256499583
1       5.20256511667
2       5.20265414167
2       5.20266707917
2       5.20274025833
2       5.20282309583
4       5.20282311667
1       5.20282323750
2       5.20295656250
2       5.20299958750
2       5.20304899583
4       5.20304899583
1       5.20304913333
2       5.20307748750
2       5.20312382083
2       5.20314199583
2       5.20321082083
2       5.20327656667
4       5.20327656667
1       5.20327670417
2       5.20329969167
2       5.20338509583
2       5.20351864167
4       5.20351866250
1       5.20351878333
2       5.20355143333
2       5.20384685417
4       5.20384687083
1       5.20384699167
2       5.20391445417
2       5.20398332917
2       5.20401084167
2       5.20404031250
2       5.20419098750
4       5.20419100833
1       5.20419112917
2       5.20419893333
2       5.20439436667
4       5.20439438750
1       5.20439450833
2       5.20452257083
2       5.20460671667
4       5.20460673750
1       5.20460685833
2       5.20461698333
2       5.20471495833
2       5.20477663333
4       5.20477665417
1       5.20477677083
2       5.20478458750
2       5.20506975417
4       5.20506977083
1       5.20506989167
2       5.20521487083
2       5.20528472083
4       5.20528474167
1       5.20528486250
2       5.20535296250
2       5.20553476250
4       5.20553478333
1       5.20553490417
2       5.20557918333
2       5.20562289167
2       5.20564944583
2       5.20570701667
4       5.20570701667
1       5.20570715417
2       5.20573195000
2       5.20574550417
2       5.20580808750
2       5.20581598333
2       5.20594551250
4       5.20594553333
1       5.20594565417
2       5.20598625000
2       5.20604026667
2       5.20608025417
2       5.20614720833
4       5.20614722917
1       5.20614735000
2       5.20616550417
2       5.20626046667
2       5.20641224583
4       5.20641226667
1       5.20641238333
2       5.20650592917
2       5.20651328750
2       5.20654603333
2       5.20689414583
4       5.20689416667
1       5.20689428750
2       5.20702199167
2       5.20705537083
2       5.20706208750
2       5.20714589583
4       5.20714589583
1       5.20714603333
2       5.20721510833
2       5.20722502917
2       5.20722708333
2       5.20731779167
4       5.20731781250
1       5.20731793333
2       5.20737710833
2       5.20761548750
4       5.20761548750
1       5.20761562500
2       5.20771859167
2       5.20781535417
4       5.20781537083
1       5.20781549167
2       5.20798253750
2       5.20811306250
4       5.20811308333
1       5.20811320417
2       5.20819626667
2       5.20851225833
4       5.20851227917
1       5.20851240000
2       5.20853403333
2       5.20859305417
2       5.20864767500
2       5.20873739167
4       5.20873740833
1       5.20873752917
2       5.20879671667
2       5.20884448333
2       5.20886130000
2       5.20914822083
4       5.20914824167
1       5.20914836250
2       5.20942178333
4       5.20942180417
1       5.20942192500
2       5.20948973750
2       5.20966125833
4       5.20966127917
1       5.20966140000
2       5.20971124167
2       5.20973447500
2       5.20981750000
2       5.20989773750
4       5.20989773750
1       5.20989787500
2       5.21000635000
2       5.21007825000
4       5.21007827083
1       5.21007838750
2       5.21016077500
2       5.21033465833
4       5.21033467917
1       5.21033480000
2       5.21038268333
2       5.21045714583
2       5.21053931250
4       5.21053933333
1       5.21053945417
2       5.21065456667
2       5.21092714167
4       5.21092716250
1       5.21092728333
2       5.21108390000
2       5.21111995000
4       5.21111997083
1       5.21112009167
2       5.21119384583
2       5.21123313750
2       5.21133388333
4       5.21133390000
1       5.21133402083
2       5.21133892083
2       5.21136642500
2       5.21140321667
2       5.21149624583
2       5.21152110000
4       5.21152111667
1       5.21152123750
2       5.21156175000
2       5.21180232500
4       5.21180234583
1       5.21180246667
2       5.21182911667
2       5.21185067083
2       5.21188805833
2       5.21200101250
4       5.21200103333
1       5.21200115417
2       5.21209935000
2       5.21212455000
2       5.21212758333
2       5.21218587500
2       5.21226928333
4       5.21226930417
1       5.21226942083
2       5.21255458333
4       5.21255460417
1       5.21255472500
2       5.21260950417
2       5.21264999583
2       5.21281328750
4       5.21281328750
1       5.21281342500
2       5.21305091250
4       5.21305092917
1       5.21305105000
2       5.21329712083
4       5.21329713750
1       5.21329725833
2       5.21335216250
2       5.21373950000
4       5.21373951667
1       5.21373963750
2       5.21383505000
2       5.21395558750
4       5.21395558750
1       5.21395572500
2       5.21399795833
2       5.21411164583
2       5.21414705000
4       5.21414706667
1       5.21414718750
2       5.21415499167
2       5.21417295000
2       5.21434845417
4       5.21434847500
1       5.21434859583
2       5.21445106667
2       5.21448395000
2       5.21461207083
4       5.21461209167
1       5.21461221250
2       5.21484060000
4       5.21484062083
1       5.21484074167
2       5.21493302083
2       5.21496421667
2       5.21496520000
2       5.21496754167
2       5.21497615833
2       5.21506754167
4       5.21506756250
1       5.21506768333
2       5.21508210417
2       5.21515787917
2       5.21517191667
2       5.21523778750
2       5.21527914583
4       5.21527914583
1       5.21527928333
2       5.21564845833
4       5.21564847917
1       5.21564859583
2       5.21566784167
2       5.21567773750
2       5.21574825000
2       5.21583705417
4       5.21583707083
1       5.21583719167
2       5.21592145417
2       5.21607051250
4       5.21607052917
1       5.21607065000
2       5.21619730417
2       5.21629413750
4       5.21629413750
1       5.21629427500
2       5.21637094583
2       5.21638355833
2       5.21642060417
2       5.21646425417
2       5.21661173750
4       5.21661175833
1       5.21661187500
2       5.21681277917
4       5.21681279583
1       5.21681291667
2       5.21683094583
2       5.21686045000
2       5.21695053333
2       5.21695286667
2       5.21706615000
4       5.21706616667
1       5.21706628750
2       5.21707675417
2       5.21714740833
2       5.21723410000
2       5.21723909583
2       5.21733478750
4       5.21733480833
1       5.21733492917
2       5.21738512083
2       5.21749212500
2       5.21759445417
4       5.21759447500
1       5.21759459583
2       5.21770179167
2       5.21774024167
2       5.21794724167
4       5.21794725833
1       5.21794737917
2       5.21795091250
2       5.21806255000
2       5.21815557083
4       5.21815559167
1       5.21815571250
2       5.21822610833
2       5.21852784583
4       5.21852784583
1       5.21852798333
2       5.21859941667
2       5.21903831667
4       5.21903833750
1       5.21903845833
2       5.21920951667
2       5.21922044583
2       5.21927540833
4       5.21927542917
1       5.21927554583
2       5.21936685833
2       5.21943049167
2       5.21946627083
2       5.21946791250
2       5.21957394167
4       5.21957396250
1       5.21957408333
2       5.21959770417
2       5.21979677500
4       5.21979679583
1       5.21979691667
2       5.21981012500
2       5.22020805833
4       5.22020807917
1       5.22020819583
2       5.22046157083
4       5.22046159167
1       5.22046170833
2       5.22051388333
2       5.22053113333
2       5.22059839167
2       5.22068615000
4       5.22068617083
1       5.22068628750
2       5.22069285833
2       5.22073020417
2       5.22073240833
2       5.22078019167
2       5.22080745833
2       5.22100549167
4       5.22100551250
1       5.22100562917
2       5.22103000417
2       5.22104487917
2       5.22105511667
2       5.22112040417
2       5.22132480417
4       5.22132482083
1       5.22132494167
2       5.22171628333
4       5.22171630000
1       5.22171642083
2       5.22180675417
2       5.22209354167
4       5.22209355833
1       5.22209367917
2       5.22214983333
2       5.22231542083
2       5.22252450000
4       5.22252452083
1       5.22252463750
2       5.22254823750
2       5.22259699167
2       5.22276927500
4       5.22276927500
1       5.22276941250
2       5.22283612917
2       5.22296362083
4       5.22296364167
1       5.22296376250
2       5.22308789167
2       5.22314357500
2       5.22334428333
4       5.22334430000
1       5.22334442083
2       5.22344792083
2       5.22346419167
2       5.22347339167
2       5.22354263333
2       5.22361380833
4       5.22361382500
1       5.22361394583
2       5.22366883333
2       5.22371357917
2       5.22376489167
2       5.22376682917
2       5.22380691250
2       5.22409413750
4       5.22409413750
1       5.22409427500
2       5.22414087083
2       5.22420146667
2       5.22420615000
2       5.22436277500
4       5.22436277500
1       5.22436291250
2       5.22448630417
2       5.22483717500
4       5.22483717500
1       5.22483731250
2       5.22486854583
2       5.22501493333
2       5.22531074167
4       5.22531076250
1       5.22531088333
2       5.22531936250
2       5.22540278333
2       5.22543866667
2       5.22558570417
4       5.22558572083
1       5.22558584167
2       5.22564860833
2       5.22565850000
2       5.22581686250
4       5.22581688333
1       5.22581700417
2       5.22602619583
4       5.22602621667
1       5.22602633750
2       5.22605300000
2       5.22623255000
2       5.22625275833
4       5.22625275833
1       5.22625289583
2       5.22630236250
2       5.22635077500
2       5.22642041667
2       5.22643060417
4       5.22643062083
1       5.22643074167
2       5.22648095833
2       5.22654225417
2       5.22694631250
4       5.22694632917
1       5.22694645000
2       5.22699504167
2       5.22702547917
2       5.22706823333
2       5.22707056250
2       5.22710830833
2       5.22718649583
4       5.22718651667
1       5.22718663750
2       5.22731564167
2       5.22732602500
2       5.22758193333
4       5.22758195417
1       5.22758207500
2       5.22761241667
2       5.22788507083
4       5.22788509167
1       5.22788521250
2       5.22802448333
2       5.22814835833
4       5.22814837917
1       5.22814850000
2       5.22819205833
2       5.22826793333
2       5.22840739583
4       5.22840739583
1       5.22840753333
2       5.22851568333
2       5.22876415000
4       5.22876417083
1       5.22876429167
2       5.22881345000
2       5.22886142500
2       5.22896217500
4       5.22896219583
1       5.22896231667
2       5.22901683333
2       5.22921858750
4       5.22921858750
1       5.22921872500
2       5.22924538750
2       5.22926263750
2       5.22931728750
2       5.22952029167
4       5.22952031250
1       5.22952043333
2       5.22957497917
2       5.22966237083
2       5.22968953333
2       5.22971875417
4       5.22971877500
1       5.22971889583
2       5.22986186667
2       5.22995382083
4       5.22995383750
1       5.22995395833
2       5.23005995833
2       5.23007145417
2       5.23026025000
4       5.23026027083
1       5.23026039167
2       5.23031681667
2       5.23036290833
2       5.23037957083
2       5.23062994583
4       5.23062994583
1       5.23063008333
2       5.23067500833
2       5.23083296250
4       5.23083298333
1       5.23083310417
2       5.23085577083
2       5.23092178750
2       5.23102676250
2       5.23108072083
4       5.23108074167
1       5.23108086250
2       5.23113271250
2       5.23113307917
2       5.23115158750
2       5.23115985833
2       5.23138014583
4       5.23138014583
1       5.23138028333
2       5.23138047083
2       5.23138746250
2       5.23145238333
2       5.23152858333
2       5.23173720417
4       5.23173722083
1       5.23173734167
2       5.23174755417
2       5.23175540417
2       5.23185606667
2       5.23207005000
4       5.23207006667
1       5.23207018750
2       5.23215419167
2       5.23218608750
2       5.23244763750
4       5.23244763750
1       5.23244777500
2       5.23246692500
2       5.23268361250
4       5.23268363333
1       5.23268375417
2       5.23271700000
2       5.23274975417
2       5.23280077500
2       5.23305384167
4       5.23305386250
1       5.23305398333
2       5.23306245417
2       5.23306473333
2       5.23318668750
2       5.23319028750
2       5.23320288333
2       5.23341450417
4       5.23341452500
1       5.23341464583
2       5.23353580833
2       5.23358083333
2       5.23361825417
4       5.23361827500
1       5.23361839167
2       5.23419325417
4       5.23419327083
1       5.23419339167
2       5.23449897917
4       5.23449900000
1       5.23449911667
2       5.23465244167
2       5.23494851667
4       5.23494851667
1       5.23494865417
2       5.23509556250
2       5.23513297917
2       5.23529592500
4       5.23529592500
1       5.23529606250
2       5.23536547917
2       5.23549965833
2       5.23555815417
4       5.23555817083
1       5.23555829167
2       5.23579978750
4       5.23579978750
1       5.23579992500
2       5.23592918750
2       5.23594410833
2       5.23598423750
2       5.23694909583
4       5.23694911667
1       5.23694923750
2       5.23696527917
2       5.23706898750
2       5.23716661250
4       5.23716662917
1       5.23716675000
2       5.23719176667
2       5.23726340833
2       5.23729089167
2       5.23739491250
4       5.23739492917
1       5.23739505000
2       5.23743399583
2       5.23743764167
2       5.23744755000
2       5.23749140000
2       5.23758937500
2       5.23760658750
4       5.23760658750
1       5.23760672500
2       5.23769927500
2       5.23777082917
2       5.23779342917
2       5.23779568750
2       5.23780395417
2       5.23790261250
4       5.23790263333
1       5.23790275417
2       5.23796960833
2       5.23799344583
2       5.23808713333
4       5.23808715417
1       5.23808727083
2       5.23812361250
2       5.23817122500
2       5.23824819583
2       5.23840798750
4       5.23840798750
1       5.23840812500
2       5.23844598750
2       5.23858313750
2       5.23860751667
4       5.23860751667
1       5.23860765417
2       5.23868734167
2       5.23870760417
2       5.23879867083
2       5.23880700000
2       5.23882519167
4       5.23882521250
1       5.23882532917
2       5.23887717500
2       5.23888515000
2       5.23895134167
2       5.23901262083
4       5.23901263750
1       5.23901275833
2       5.23911400000
2       5.23914512917
2       5.23916371667
2       5.23932531250
4       5.23932532917
1       5.23932545000
2       5.23937961250
2       5.23940315000
2       5.23949531250
2       5.23949649167
2       5.23964762083
4       5.23964763750
1       5.23964775833
2       5.23967143333
2       5.23967935417
2       5.23978282917
2       5.23980360417
2       5.23981057917
2       5.23993703333
4       5.23993705417
1       5.23993717500
2       5.23999147083
2       5.23999403750
2       5.24002750417
2       5.24004438750
2       5.24011325000
2       5.24015585417
4       5.24015587500
1       5.24015599583
2       5.24055577917
4       5.24055580000
1       5.24055592083
2       5.24056778333
2       5.24060217083
2       5.24075157917
2       5.24082982500
4       5.24082982500
1       5.24082996250
2       5.24099433333
2       5.24114537083
4       5.24114539167
1       5.24114551250
2       5.24115630000
2       5.24118720833
2       5.24119140417
2       5.24139312917
4       5.24139315000
1       5.24139326667
2       5.24149322500
2       5.24151609583
2       5.24154851667
2       5.24161936250
4       5.24161938333
1       5.24161950417
2       5.24220239583
4       5.24220241667
1       5.24220253750
2       5.24233282083
2       5.24233684167
2       5.24236199583
2       5.24240839167
4       5.24240841250
1       5.24240853333
2       5.24241828333
2       5.24243317917
2       5.24248951250
2       5.24258227083
2       5.24263235417
4       5.24263237083
1       5.24263249167
2       5.24264751250
2       5.24274261250
2       5.24276817917
2       5.24292316667
4       5.24292318750
1       5.24292330833
2       5.24295227917
2       5.24304390000
2       5.24304639583
2       5.24304932917
2       5.24312512500
4       5.24312514583
1       5.24312526667
2       5.24318313333
2       5.24342292083
4       5.24342293750
1       5.24342305833
2       5.24352655833
2       5.24353662083
2       5.24353884583
2       5.24358921667
2       5.24361298750
4       5.24361300833
1       5.24361312500
2       5.24363489583
2       5.24364353750
2       5.24380084167
4       5.24380085833
1       5.24380097917
2       5.24381542500
2       5.24393273750
2       5.24402151250
4       5.24402152917
1       5.24402165000
2       5.24407112083
2       5.24418866250
2       5.24419767083
2       5.24428706250
4       5.24428708333
1       5.24428720417
2       5.24431492083
2       5.24431561250
2       5.24442985417
2       5.24445537500
2       5.24468983750
4       5.24468985833
1       5.24468997917
2       5.24470007917
2       5.24478028750
2       5.24492732083
4       5.24492733750
1       5.24492745833
2       5.24492841250
2       5.24501257917
2       5.24521850833
4       5.24521852500
1       5.24521864583
2       5.24525193750
2       5.24534635417
2       5.24546789583
4       5.24546791667
1       5.24546803750
2       5.24552490000
2       5.24598465000
4       5.24598466667
1       5.24598478750
2       5.24610550417
2       5.24612404167
2       5.24619698333
4       5.24619700417
1       5.24619712500
2       5.24624832917
2       5.24632511667
2       5.24637652500
2       5.24652717083
4       5.24652719167
1       5.24652730833
2       5.24664906250
2       5.24686500417
4       5.24686502500
1       5.24686514583
2       5.24706802917
4       5.24706805000
1       5.24706817083
2       5.24725085833
2       5.24736914583
4       5.24736916667
1       5.24736928750
2       5.24756124167
2       5.24768255833
4       5.24768257500
1       5.24768269583
2       5.24769507083
2       5.24782064167
2       5.24787988333
2       5.24798265833
4       5.24798265833
1       5.24798279583
2       5.24803289583
2       5.24806276250
2       5.24832438750
4       5.24832440833
1       5.24832452917
2       5.24850501667
4       5.24850501667
1       5.24850515417
2       5.24869372500
2       5.24875037500
4       5.24875039583
1       5.24875051667
2       5.24875431250
2       5.24877156667
2       5.24892423333
2       5.24908166667
4       5.24908168750
1       5.24908180833
2       5.24918421667
2       5.24924089583
2       5.24926208750
4       5.24926208750
1       5.24926222500
2       5.24934429583
2       5.24950034167
4       5.24950035833
1       5.24950047917
2       5.24956882917
2       5.24958342500
2       5.24960791250
2       5.24960833750
2       5.24980971250
4       5.24980972917
1       5.24980985000
2       5.24988523750
2       5.24991863333
2       5.25006445000
4       5.25006447083
1       5.25006458750
2       5.25014388333
2       5.25083291250
4       5.25083292917
1       5.25083305000
2       5.25083742917
2       5.25097658750
2       5.25105012917
2       5.25105335000
2       5.25106304583
4       5.25106304583
1       5.25106318333
2       5.25129920417
4       5.25129922083
1       5.25129934167
2       5.25134882083
2       5.25142200833
2       5.25166583333
4       5.25166585000
1       5.25166597083
2       5.25168074583
2       5.25172642917
2       5.25175395417
2       5.25179527500
2       5.25184162917
2       5.25184335417
2       5.25207562500
4       5.25207562500
1       5.25207576250
2       5.25222327083
2       5.25222757083
2       5.25224445000
2       5.25232397083
4       5.25232398750
1       5.25232410833
2       5.25250983333
4       5.25250985417
1       5.25250997500
2       5.25254423333
2       5.25257568750
2       5.25258827083
2       5.25263734167
2       5.25283283333
4       5.25283285417
1       5.25283297500
2       5.25289407917
2       5.25298705000
2       5.25314840833
4       5.25314842917
1       5.25314855000
2       5.25327856250
2       5.25328684167
2       5.25339382500
4       5.25339384167
1       5.25339396250
2       5.25340450417
2       5.25341342083
2       5.25351217083
2       5.25352242917
2       5.25364324167
4       5.25364325833
1       5.25364337917
2       5.25364960833
2       5.25386022083
4       5.25386023750
1       5.25386035833
2       5.25400367917
2       5.25405231250
4       5.25405232917
1       5.25405245000
2       5.25411327917
2       5.25427268333
4       5.25427270000
1       5.25427282083
2       5.25447665833
4       5.25447667917
1       5.25447680000
2       5.25469460417
4       5.25469462083
1       5.25469474167
2       5.25471737500
2       5.25498013333
4       5.25498015000
1       5.25498027083
2       5.25498441250
2       5.25517644583
4       5.25517644583
1       5.25517658333
2       5.25544280417
4       5.25544282500
1       5.25544294583
2       5.25545806667
2       5.25549781250
2       5.25564052917
4       5.25564055000
1       5.25564067083
2       5.25565687500
2       5.25565869167
2       5.25568702917
2       5.25570912500
2       5.25585456250
4       5.25585457917
1       5.25585470000
2       5.25605326250
4       5.25605327917
1       5.25605340000
2       5.25631722917
4       5.25631724583
1       5.25631736667
2       5.25638552500
2       5.25654451667
4       5.25654453750
1       5.25654465417
2       5.25688207917
4       5.25688209583
1       5.25688221667
2       5.25694028333
2       5.25705985833
4       5.25705987500
1       5.25705999583
2       5.25707350000
2       5.25725927500
4       5.25725927500
1       5.25725941250
2       5.25728876250
2       5.25732808750
2       5.25738084583
2       5.25752558750
4       5.25752558750
1       5.25752572500
2       5.25752593333
2       5.25759875417
2       5.25761798750
2       5.25764180833
2       5.25783395833
4       5.25783397500
1       5.25783409583
2       5.25821115833
4       5.25821117500
1       5.25821129583
2       5.25821553333
2       5.25829673333
2       5.25832290417
2       5.25839866250
4       5.25839867917
1       5.25839880000
2       5.25847192917
2       5.25858050833
4       5.25858050833
1       5.25858064583
2       5.25870945833
2       5.25876277917
2       5.25879191667
4       5.25879191667
1       5.25879205417
2       5.25886004583
2       5.25897806250
4       5.25897807917
1       5.25897820000
2       5.25907313333
2       5.25910251667
2       5.25922412083
4       5.25922413750
1       5.25922425833
2       5.25922676667
2       5.25924897917
2       5.25926057500
2       5.25932521667
2       5.25940763750
4       5.25940765833
1       5.25940777917
2       5.25944246250
2       5.25948749583
2       5.25949933750
2       5.25951196667
2       5.25958714583
4       5.25958716667
1       5.25958728750
2       5.25961423333
2       5.25972426250
2       5.25976302917
2       5.25981367500
4       5.25981369583
1       5.25981381667
2       5.25990642500
2       5.25992574583
2       5.25995282917
2       5.26013704583
4       5.26013704583
1       5.26013718333
2       5.26014664583
2       5.26016448333
2       5.26016652917
2       5.26025257500
2       5.26026912500
2       5.26032310417
4       5.26032312500
1       5.26032324583
2       5.26054337500
4       5.26054337500
1       5.26054351250
2       5.26058617083
2       5.26062752500
2       5.26064545000
2       5.26080600417
4       5.26080602500
1       5.26080614583
2       5.26101107083
4       5.26101108750
1       5.26101120833
2       5.26105581667
2       5.26112428333
2       5.26118728333
4       5.26118730000
1       5.26118742083
2       5.26136125833
2       5.26148843750
4       5.26148843750
1       5.26148857500
2       5.26150786250
2       5.26156092083
2       5.26158809167
2       5.26159042917
2       5.26167655833
4       5.26167657500
1       5.26167669583
2       5.26169542917
2       5.26204515417
4       5.26204517500
1       5.26204529583
2       5.26216578750
2       5.26225451250
4       5.26225452917
1       5.26225465000
2       5.26255960833
4       5.26255962917
1       5.26255975000
2       5.26264497083
2       5.26264736250
2       5.26274212500
2       5.26280038750
4       5.26280038750
1       5.26280052500
2       5.26291130833
2       5.26320849583
4       5.26320849583
1       5.26320863333
2       5.26338375417
2       5.26349304167
4       5.26349306250
1       5.26349318333
2       5.26364740417
2       5.26367787083
2       5.26368577083
4       5.26368579167
1       5.26368591250
2       5.26371454583
2       5.26386227917
2       5.26404414583
4       5.26404416667
1       5.26404428750
2       5.26407199167
2       5.26408360000
2       5.26414712917
2       5.26428327917
4       5.26428330000
1       5.26428342083
2       5.26459992083
4       5.26459993750
1       5.26460005833
2       5.26468409167
2       5.26472112917
2       5.26477191250
2       5.26483976667
4       5.26483978750
1       5.26483990417
2       5.26519322917
4       5.26519324583
1       5.26519336667
2       5.26523807083
2       5.26525282083
2       5.26527107083
2       5.26539757500
4       5.26539757500
1       5.26539771250
2       5.26541279583
2       5.26541643750
2       5.26544883333
2       5.26552664583
2       5.26554196250
2       5.26575697500
4       5.26575699583
1       5.26575711667
2       5.26580393333
2       5.26617881250
4       5.26617882917
1       5.26617895000
2       5.26638369583
4       5.26638371667
1       5.26638383750
2       5.26641043750
2       5.26656474167
2       5.26656581250
2       5.26661311667
4       5.26661311667
1       5.26661325417
2       5.26661949583
2       5.26682853750
4       5.26682853750
1       5.26682867500
2       5.26687183333
2       5.26708946250
4       5.26708948333
1       5.26708960417
2       5.26709140417
2       5.26711892083
2       5.26712695000
2       5.26734909167
4       5.26734911250
1       5.26734923333
2       5.26740051667
2       5.26743465417
2       5.26746349583
2       5.26766610417
4       5.26766612083
1       5.26766624167
2       5.26776713750
2       5.26784662917
4       5.26784664583
1       5.26784676667
2       5.26795129167
2       5.26798975000
2       5.26811497917
4       5.26811500000
1       5.26811512083
2       5.26817190833
2       5.26831537500
4       5.26831537500
1       5.26831551250
2       5.26836141250
2       5.26844251250
2       5.26866943750
4       5.26866945833
1       5.26866957917
2       5.26874425417
2       5.26890695417
4       5.26890697500
1       5.26890709583
2       5.26903244167
2       5.26913056250
4       5.26913058333
1       5.26913070417
2       5.26914471667
2       5.26922860833
2       5.26930375000
4       5.26930377083
1       5.26930389167
2       5.26945342500
2       5.26950842083
4       5.26950844167
1       5.26950855833
2       5.26952229167
2       5.26952857083
2       5.26953687083
2       5.26954549583
2       5.26971155417
4       5.26971157083
1       5.26971169167
2       5.26974755000
2       5.27017644583
4       5.27017646667
1       5.27017658333
2       5.27018672083
2       5.27018913750
2       5.27024009583
2       5.27045607500
4       5.27045607500
1       5.27045621250
2       5.27059650833
2       5.27064843750
4       5.27064845833
1       5.27064857917
2       5.27079520833
2       5.27097347083
4       5.27097348750
1       5.27097360833
2       5.27107513333
2       5.27111488750
2       5.27114396667
2       5.27115729583
4       5.27115731667
1       5.27115743750
2       5.27117580833
2       5.27118749583
2       5.27132190000
2       5.27142456250
4       5.27142457917
1       5.27142470000
2       5.27142597500
2       5.27144109167
2       5.27153352083
2       5.27157765000
2       5.27185319167
4       5.27185321250
1       5.27185333333
2       5.27192542500
2       5.27207671667
4       5.27207673750
1       5.27207685833
2       5.27233907917
4       5.27233909583
1       5.27233921667
2       5.27236659167
2       5.27240574167
2       5.27243743333
2       5.27245072917
2       5.27255414167
4       5.27255416250
1       5.27255428333
2       5.27261202917
2       5.27267029583
2       5.27268815417
2       5.27269383750
2       5.27272435000
4       5.27272437083
1       5.27272449167
2       5.27295173750
4       5.27295173750
1       5.27295187500
2       5.27296086667
2       5.27297433750
2       5.27317179583
4       5.27317179583
1       5.27317193333
2       5.27360801250
4       5.27360803333
1       5.27360815417
2       5.27364968750
2       5.27366033750
2       5.27366427500
2       5.27367688750
2       5.27373026667
2       5.27380547500
4       5.27380549583
1       5.27380561667
2       5.27390252083
2       5.27423836667
4       5.27423836667
1       5.27423850417
2       5.27424989583
2       5.27428175833
2       5.27435220000
2       5.27443443750
4       5.27443445833
1       5.27443457917
2       5.27449407917
2       5.27450995000
2       5.27462323333
4       5.27462325000
1       5.27462337083
2       5.27471095000
2       5.27496272083
4       5.27496273750
1       5.27496285833
2       5.27506770417
2       5.27519989167
4       5.27519991250
1       5.27520003333
2       5.27530488750
2       5.27548903750
4       5.27548903750
1       5.27548917500
2       5.27550196667
2       5.27554601667
2       5.27555565417
2       5.27564439583
2       5.27565535000
2       5.27575510417
4       5.27575512083
1       5.27575524167
2       5.27643010833
4       5.27643012917
1       5.27643025000
2       5.27652976250
2       5.27667054167
4       5.27667056250
1       5.27667068333
2       5.27680896250
2       5.27687660833
4       5.27687662500
1       5.27687674583
2       5.27708953333
4       5.27708955000
1       5.27708967083
2       5.27716976250
2       5.27718593333
2       5.27719420833
2       5.27724486667
2       5.27731573750
4       5.27731575833
1       5.27731587917
2       5.27738927917
2       5.27748404583
2       5.27749858333
2       5.27755594167
4       5.27755595833
1       5.27755607917
2       5.27778015417
4       5.27778017083
1       5.27778029167
2       5.27793215833
2       5.27796500000
4       5.27796501667
1       5.27796513750
2       5.27802234583
2       5.27823863750
4       5.27823863750
1       5.27823877500
2       5.27831476250
2       5.27838563750
2       5.27852367917
4       5.27852369583
1       5.27852381667
2       5.27868640417
2       5.27875692083
4       5.27875694167
1       5.27875705833
2       5.27880002083
2       5.27895865417
4       5.27895867500
1       5.27895879583
2       5.27921238333
4       5.27921240000
1       5.27921252083
2       5.27924775833
2       5.27936303750
2       5.27942171667
4       5.27942171667
1       5.27942185417
2       5.27944956667
2       5.27947076667
2       5.27948999583
2       5.27951410833
2       5.27959791667
2       5.27975092083
4       5.27975093750
1       5.27975105833
2       5.27992886667
4       5.27992886667
1       5.27992900417
2       5.28000767917
2       5.28001000833
2       5.28004867083
2       5.28012620417
4       5.28012622083
1       5.28012634167
2       5.28050382500
4       5.28050384583
1       5.28050396667
2       5.28056110417
2       5.28062409167
2       5.28078642917
4       5.28078644583
1       5.28078656667
2       5.28085427500
2       5.28101825417
4       5.28101827083
1       5.28101839167
2       5.28112885000
2       5.28115401667
2       5.28122952917
4       5.28122955000
1       5.28122966667
2       5.28125075000
2       5.28138921250
2       5.28145411250
4       5.28145413333
1       5.28145425417
2       5.28152110417
2       5.28158598750
2       5.28171917083
4       5.28171919167
1       5.28171931250
2       5.28181051667
2       5.28202679167
4       5.28202681250
1       5.28202692917
2       5.28211758750
2       5.28229219583
4       5.28229221667
1       5.28229233750
2       5.28240838750
2       5.28242797500
2       5.28274190833
4       5.28274192917
1       5.28274205000
2       5.28287080000
2       5.28322059167
4       5.28322060833
1       5.28322072917
2       5.28343490000
4       5.28343492083
1       5.28343504167
2       5.28347266250
2       5.28348184583
2       5.28348575417
2       5.28353653333
2       5.28355376250
2       5.28361239167
2       5.28365016667
4       5.28365016667
1       5.28365030417
2       5.28375479167
2       5.28399265417
4       5.28399267500
1       5.28399279583
2       5.28428344167
4       5.28428346250
1       5.28428358333
2       5.28432555833
2       5.28432924167
2       5.28457061250
4       5.28457063333
1       5.28457075417
2       5.28475812500
4       5.28475814583
1       5.28475826667
2       5.28475979167
2       5.28479917083
2       5.28481514167
2       5.28512910833
4       5.28512912500
1       5.28512924583
2       5.28517252917
2       5.28521092083
2       5.28529670417
2       5.28543317917
4       5.28543320000
1       5.28543331667
2       5.28545476250
2       5.28556263333
2       5.28565050000
4       5.28565052083
1       5.28565063750
2       5.28570110417
2       5.28581204583
2       5.28592568750
4       5.28592570833
1       5.28592582917
2       5.28615387917
4       5.28615389583
1       5.28615401667
2       5.28620295417
2       5.28629568750
2       5.28644442083
4       5.28644443750
1       5.28644455833
2       5.28656999583
2       5.28659675000
2       5.28678960417
4       5.28678962083
1       5.28678974167
2       5.28679028333
2       5.28681538333
2       5.28683984583
2       5.28686102500
2       5.28688829583
2       5.28695313750
2       5.28703495833
4       5.28703497917
1       5.28703510000
2       5.28708960833
2       5.28732515417
4       5.28732517083
1       5.28732529167
2       5.28733580833
2       5.28755532500
4       5.28755534583
1       5.28755546667
2       5.28765050000
2       5.28780742083
4       5.28780743750
1       5.28780755833
2       5.28802707083
4       5.28802708750
1       5.28802720833
2       5.28810385833
2       5.28812800833
2       5.28817510417
2       5.28822544583
4       5.28822546667
1       5.28822558750
2       5.28840527083
4       5.28840529167
1       5.28840541250
2       5.28841621667
2       5.28893192500
4       5.28893194167
1       5.28893206250
2       5.28897924167
2       5.28912012083
4       5.28912013750
1       5.28912025833
2       5.28940685833
4       5.28940687917
1       5.28940700000
2       5.28955861250
2       5.28956850833
2       5.28958768750
2       5.28960467500
4       5.28960467500
1       5.28960481250
2       5.28968782083
2       5.28970110000
2       5.28970901250
2       5.28971522917
2       5.28978446250
4       5.28978448333
1       5.28978460417
2       5.28983850833
2       5.29009748333
4       5.29009750000
1       5.29009762083
2       5.29010970417
2       5.29015145417
2       5.29027242083
2       5.29032875417
4       5.29032877083
1       5.29032889167
2       5.29071391250
4       5.29071393333
1       5.29071405417
2       5.29080077917
2       5.29093617500
4       5.29093617500
1       5.29093631250
2       5.29097390417
2       5.29100535417
2       5.29105415833
2       5.29108314583
2       5.29117087500
4       5.29117089583
1       5.29117101667
2       5.29126184583
2       5.29133929583
2       5.29149225833
4       5.29149227917
1       5.29149240000
2       5.29159894583
2       5.29176218750
4       5.29176220833
1       5.29176232500
2       5.29205505417
4       5.29205507500
1       5.29205519583
2       5.29211701250
2       5.29212798333
2       5.29213095000
2       5.29223289167
4       5.29223291250
1       5.29223303333
2       5.29227466667
2       5.29236440417
2       5.29257010417
4       5.29257012500
1       5.29257024583
2       5.29279540417
4       5.29279542500
1       5.29279554583
2       5.29280564167
2       5.29289142917
2       5.29295994167
2       5.29297320833
2       5.29311960417
4       5.29311962083
1       5.29311974167
2       5.29359030000
4       5.29359032083
1       5.29359044167
2       5.29372148750
2       5.29372945000
2       5.29393539583
4       5.29393541667
1       5.29393553750
2       5.29401524583
2       5.29420942083
4       5.29420943750
1       5.29420955833
2       5.29421629167
2       5.29435182917
2       5.29441767917
4       5.29441770000
1       5.29441781667
2       5.29489036667
4       5.29489036667
1       5.29489050417
2       5.29492510833
2       5.29570547500
4       5.29570549583
1       5.29570561250
2       5.29578997917
2       5.29593402083
4       5.29593404167
1       5.29593416250
2       5.29595158750
2       5.29597808750
2       5.29600990417
2       5.29615272083
4       5.29615273750
1       5.29615285833
2       5.29618611250
2       5.29625895000
2       5.29631159167
2       5.29632682500
2       5.29642688750
4       5.29642688750
1       5.29642702500
2       5.29645207083
2       5.29647722083
2       5.29651372917
2       5.29653385833
2       5.29660542917
2       5.29667338333
4       5.29667340417
1       5.29667352500
2       5.29673724583
2       5.29682775000
2       5.29686307500
2       5.29690158333
4       5.29690160417
1       5.29690172500
2       5.29706880417
2       5.29724465833
4       5.29724467917
1       5.29724479583
2       5.29729622917
2       5.29730898333
2       5.29741260833
4       5.29741262500
1       5.29741274583
2       5.29746332500
2       5.29773786667
4       5.29773786667
1       5.29773800417
2       5.29776108750
2       5.29792238333
2       5.29806084167
4       5.29806086250
1       5.29806097917
2       5.29839200000
4       5.29839201667
1       5.29839213750
2       5.29857795000
2       5.29858947083
2       5.29860008333
4       5.29860010417
1       5.29860022500
2       5.29869487917
2       5.29878490417
2       5.29898235833
4       5.29898235833
1       5.29898249583
2       5.29898395833
2       5.29919072083
4       5.29919074167
1       5.29919086250
2       5.29925624167
2       5.29926250000
2       5.29940997083
2       5.29946822917
4       5.29946825000
1       5.29946837083
2       5.29979454167
4       5.29979455833
1       5.29979467917
2       5.29981670000
2       5.29995782083
2       5.30033012917
4       5.30033014583
1       5.30033026667
2       5.30033240417
2       5.30043650417
2       5.30067060833
4       5.30067062500
1       5.30067074583
2       5.30072027083
2       5.30072853333
2       5.30083552500
2       5.30103518333
4       5.30103520000
1       5.30103532083
2       5.30107665417
2       5.30118037083
2       5.30133973750
4       5.30133975833
1       5.30133987500
2       5.30143973333
2       5.30149201250
2       5.30155792500
4       5.30155794583
1       5.30155806667
2       5.30167452083
2       5.30168022083
2       5.30183483333
4       5.30183485417
1       5.30183497500
2       5.30188721250
2       5.30190846667
2       5.30214851250
4       5.30214852917
1       5.30214865000
2       5.30223665417
2       5.30228403750
2       5.30551512500
4       5.30551512500
1       5.30551526250
2       5.30567909167
2       5.30571020000
4       5.30571021667
1       5.30571033750
2       5.30580447500
2       5.30581090833
2       5.30599970000
4       5.30599971667
1       5.30599983750
2       5.30601928333
2       5.30615477917
2       5.30625378333
4       5.30625380417
1       5.30625392500
2       5.30629479167
2       5.30632100417
2       5.30634843333
2       5.30637770833
2       5.30647632917
4       5.30647635000
1       5.30647647083
2       5.30660691667
2       5.30690397500
4       5.30690399583
1       5.30690411667
2       5.30699875000
2       5.30702330000
2       5.30704005833
2       5.30709899167
2       5.30726596250
4       5.30726597917
1       5.30726610000
2       5.30758565417
4       5.30758567500
1       5.30758579167
2       5.30772966250
2       5.30794174583
4       5.30794174583
1       5.30794188333
2       5.30797080417
2       5.30821859583
4       5.30821861667
1       5.30821873750
2       5.30831933333
2       5.30864080417
4       5.30864082500
1       5.30864094583
2       5.30877630417
2       5.30878428333
2       5.30903837083
4       5.30903838750
1       5.30903850833
2       5.30918077083
2       5.30924673333
4       5.30924675417
1       5.30924687083
2       5.30931329583
2       5.30935901250
2       5.30960946667
4       5.30960948750
1       5.30960960833
2       5.30962902917
2       5.30967002500
2       5.30967468333
2       5.30983526667
4       5.30983528750
1       5.30983540833
2       5.30998631667
2       5.30999253750
2       5.31007675000
4       5.31007677083
1       5.31007689167
2       5.31010194167
2       5.31014833333
2       5.31034971667
4       5.31034971667
1       5.31034985417
2       5.31036194167
2       5.31066399583
4       5.31066399583
1       5.31066413333
2       5.31092667500
4       5.31092669583
1       5.31092681250
2       5.31093465417
2       5.31093859167
2       5.31118163750
4       5.31118163750
1       5.31118177500
2       5.31119307083
2       5.31132949583
2       5.31137247917
4       5.31137250000
1       5.31137262083
2       5.31152822083
2       5.31153218750
2       5.31182430833
4       5.31182432500
1       5.31182444583
2       5.31196508750
2       5.31234167917
4       5.31234170000
1       5.31234182083
2       5.31238250833
2       5.31248869167
2       5.31280110417
4       5.31280112500
1       5.31280124583
2       5.31284686667
2       5.31303928750
4       5.31303930833
1       5.31303942500
2       5.31337681250
4       5.31337682917
1       5.31337695000
2       5.31339928750
2       5.31346225417
2       5.31360070833
4       5.31360072917
1       5.31360085000
2       5.31361560000
2       5.31363814167
2       5.31364044583
2       5.31382233333
4       5.31382235417
1       5.31382247500
2       5.31384552917
2       5.31404128333
4       5.31404130000
1       5.31404142083
2       5.31438074167
4       5.31438075833
1       5.31438087917
2       5.31472955417
4       5.31472957083
1       5.31472969167
2       5.31490247500
2       5.31490506250
2       5.31494083333
4       5.31494085417
1       5.31494097500
2       5.31496775000
2       5.31500303750
2       5.31531178333
4       5.31531180000
1       5.31531192083
2       5.31543147917
2       5.31546153750
2       5.31584831667
4       5.31584833750
1       5.31584845833
2       5.31935221250
4       5.31935223333
1       5.31935235417
2       5.31936798333
2       5.31972275833
4       5.31972277500
1       5.31972289583
2       5.31974269583
2       5.31974397917
2       5.31997882083
4       5.31997884167
1       5.31997896250
2       5.32028888333
4       5.32028890417
1       5.32028902083
2       5.32031969583
2       5.32032601250
2       5.32045047083
2       5.32048427083
2       5.32060150833
4       5.32060152917
1       5.32060165000
2       5.32069750417
2       5.32071615417
2       5.32077242500
2       5.32082609167
4       5.32082610833
1       5.32082622917
2       5.32096058750
2       5.32098840833
2       5.32105627500
4       5.32105629583
1       5.32105641667
2       5.32112981250
2       5.32116547917
2       5.32123875833
4       5.32123877500
1       5.32123889583
2       5.32131267500
2       5.32139880417
2       5.32154318750
4       5.32154320833
1       5.32154332917
2       5.32180949583
4       5.32180949583
1       5.32180963333
2       5.32188333333
2       5.32201051250
4       5.32201052917
1       5.32201065000
2       5.32209867917
2       5.32210528333
2       5.32219929583
4       5.32219931667
1       5.32219943333
2       5.32221624167
2       5.32225164167
2       5.32261610000
4       5.32261611667
1       5.32261623750
2       5.32277699583
2       5.32298305417
4       5.32298307500
1       5.32298319583
2       5.32302945833
2       5.32304929167
2       5.32307317083
2       5.32320428750
4       5.32320428750
1       5.32320442500
2       5.32321220417
2       5.32328816667
2       5.32333714583
2       5.32334972500
2       5.32368127083
4       5.32368129167
1       5.32368140833
2       5.32371377917
2       5.32373527500
2       5.32389626250
2       5.32390683333
4       5.32390685000
1       5.32390697083
2       5.32406357917
2       5.32440562917
4       5.32440564583
1       5.32440576667
2       5.32478328750
4       5.32478328750
1       5.32478342500
2       5.32495783333
2       5.32498460417
2       5.32513795417
4       5.32513797083
1       5.32513809167
2       5.32525427917
2       5.32544167500
4       5.32544167500
1       5.32544181250
2       5.32556696667
2       5.32562222083
2       5.32580240417
4       5.32580242083
1       5.32580254167
2       5.32581534583
2       5.32583618333
2       5.32586999167
2       5.32601706667
2       5.32613137083
4       5.32613139167
1       5.32613151250
2       5.32627511250
2       5.32633536667
2       5.32637078333
4       5.32637080000
1       5.32637092083
2       5.32643208750
2       5.32644342917
2       5.32646749167
2       5.32661030417
4       5.32661032500
1       5.32661044167
2       5.32664141250
2       5.32679280000
2       5.32684582500
4       5.32684584583
1       5.32684596667
2       5.32699020833
2       5.32704452917
4       5.32704454583
1       5.32704466667
2       5.32709721250
2       5.32711340417
2       5.32733629167
4       5.32733630833
1       5.32733642917
2       5.32743875833
2       5.32764631667
4       5.32764631667
1       5.32764645417
2       5.32766865833
2       5.32773843333
2       5.32777099167
2       5.32794946667
4       5.32794948750
1       5.32794960833
2       5.32797560417
2       5.32803853750
2       5.32814750417
4       5.32814752500
1       5.32814764583
2       5.32830125000
2       5.32834689167
4       5.32834690833
1       5.32834702917
2       5.32839097083
2       5.32842709167
2       5.32848571667
2       5.32857614583
4       5.32857616667
1       5.32857628750
2       5.32859872083
2       5.32864209583
2       5.32870796667
2       5.32872060000
2       5.32873710000
2       5.32883113750
4       5.32883115833
1       5.32883127917
2       5.32889804167
2       5.32904581250
4       5.32904582917
1       5.32904595000
2       5.32905338750
2       5.32915247500
2       5.32939324167
4       5.32939326250
1       5.32939338333
2       5.32940150833
2       5.32952908750
2       5.32954227917
2       5.32956980000
2       5.32962609583
4       5.32962611667
1       5.32962623750
2       5.32967445417
2       5.32976094167
2       5.32978343333
2       5.33002628750
4       5.33002630833
1       5.33002642917
2       5.33011067917
2       5.33017990417
2       5.33024287500
4       5.33024287500
1       5.33024301250
2       5.33028595417
2       5.33041474167
2       5.33044459167
4       5.33044461250
1       5.33044473333
2       5.33058830833
2       5.33059595000
2       5.33070332917
4       5.33070334583
1       5.33070346667
2       5.33070962917
2       5.33071880833
2       5.33073312917
2       5.33077054167
2       5.33080070000
2       5.33085960833
2       5.33099815000
4       5.33099817083
1       5.33099829167
2       5.33115933750
2       5.33130022083
4       5.33130023750
1       5.33130035833
2       5.33130643750
2       5.33130806667
2       5.33135944583
2       5.33143270000
2       5.33164033750
4       5.33164033750
1       5.33164047500
2       5.33177382917
2       5.33191852500
4       5.33191852500
1       5.33191866250
2       5.33195737083
2       5.33203179583
2       5.33203414167
2       5.33203446250
2       5.33226930833
4       5.33226932917
1       5.33226945000
2       5.33236569167
2       5.33241381667
2       5.33249157917
4       5.33249160000
1       5.33249172083
2       5.33274662083
4       5.33274663750
1       5.33274675833
2       5.33282242083
2       5.33288538333
2       5.33290028333
2       5.33314050000
4       5.33314052083
1       5.33314064167
2       5.33314442083
2       5.33335447083
4       5.33335449167
1       5.33335461250
2       5.33343761250
2       5.33345804167
2       5.33358160000
4       5.33358162083
1       5.33358173750
2       5.33364660000
2       5.33368857083
2       5.33372238750
2       5.33386851667
4       5.33386853750
1       5.33386865417
2       5.33389402500
2       5.33390159167
2       5.33392877917
2       5.33394462083
2       5.33401455417
2       5.33407619583
4       5.33407621667
1       5.33407633750
2       5.33413776250
2       5.33418367500
2       5.33419048333
2       5.33419809167
2       5.33455112917
4       5.33455115000
1       5.33455127083
2       5.33464751250
2       5.33492209583
4       5.33492211667
1       5.33492223750
2       5.33499597917
2       5.33505525417
2       5.33529565417
4       5.33529567083
1       5.33529579167
2       5.33552196250
4       5.33552198333
1       5.33552210000
2       5.33560450417
2       5.33564548750
2       5.33572567917
2       5.33608437917
4       5.33608439583
1       5.33608451667
2       5.33626828750
2       5.33630602917
4       5.33630605000
1       5.33630617083
2       5.33633974583
2       5.33637224167
2       5.33660242083
4       5.33660243750
1       5.33660255833
2       5.33660644583
2       5.33663625000
2       5.33673226667
2       5.33673597083
2       5.33690807083
4       5.33690809167
1       5.33690821250
2       5.33699630833
2       5.33762824167
4       5.33762825833
1       5.33762837917
2       5.33768323750
2       5.33779146667
2       5.33784978750
4       5.33784978750
1       5.33784992500
2       5.33835360833
4       5.33835362917
1       5.33835374583
2       5.33837215833
2       5.33841562500
2       5.33865508750
4       5.33865510833
1       5.33865522917
2       5.33868518750
2       5.33870742083
2       5.33871398333
2       5.33871467917
2       5.33879256250
2       5.33879379167
2       5.33891150000
4       5.33891151667
1       5.33891163750
2       5.33900342083
2       5.33904122500
2       5.33921619583
4       5.33921621667
1       5.33921633333
2       5.33928071667
2       5.33928434167
2       5.33930746250
2       5.33935030000
2       5.33937082083
2       5.33947848750
4       5.33947848750
1       5.33947862500
2       5.33964905000
4       5.33964907083
1       5.33964919167
2       5.33968118333
2       5.33997928750
4       5.33997930833
1       5.33997942917
2       5.34002893750
2       5.34003325417
2       5.34020622917
4       5.34020625000
1       5.34020637083
2       5.34024956250
2       5.34045267083
4       5.34045268750
1       5.34045280833
2       5.34046785833
2       5.34087864583
4       5.34087864583
1       5.34087878333
2       5.34101106667
2       5.34102961667
2       5.34113892917
4       5.34113894583
1       5.34113906667
2       5.34120777083
2       5.34124193750
2       5.34126011250
2       5.34141186667
4       5.34141188750
1       5.34141200833
2       5.34145160833
2       5.34158142083
2       5.34158208750
2       5.34162753333
4       5.34162755417
1       5.34162767083
2       5.34164907083
2       5.34169070000
2       5.34172721250
2       5.34230851250
4       5.34230853333
1       5.34230865417
2       5.34242043750
2       5.34245588750
2       5.34251788333
4       5.34251790417
1       5.34251802500
2       5.34255224583
2       5.34256050417
2       5.34267809583
2       5.34287156667
4       5.34287158750
1       5.34287170833
2       5.34332434583
2       5.34337473333
4       5.34337475000
1       5.34337487083
2       5.34352470833
2       5.34360925833
4       5.34360927917
1       5.34360940000
2       5.34365950417
2       5.34370587500
2       5.34384832500
4       5.34384834583
1       5.34384846667
2       5.34384863750
2       5.34386134583
2       5.34388411667
2       5.34415740417
4       5.34415742500
1       5.34415754583
2       5.34416532500
2       5.34487918750
4       5.34487920833
1       5.34487932917
2       5.34492752083
2       5.34500071667
2       5.34514551250
4       5.34514552917
1       5.34514565000
2       5.34526030833
2       5.34542739583
4       5.34542739583
1       5.34542753333
2       5.34545780417
2       5.34553132500
2       5.34558528750
2       5.34564760417
4       5.34564762083
1       5.34564774167
2       5.34569829583
2       5.34580655000
2       5.34581974167
2       5.34583667917
4       5.34583669583
1       5.34583681667
2       5.34584997917
2       5.34630372083
4       5.34630374167
1       5.34630386250
2       5.34638598333
2       5.34653955417
4       5.34653957083
1       5.34653969167
2       5.34671413750
2       5.34697802500
4       5.34697804167
1       5.34697816250
2       5.34698407083
2       5.34713545000
2       5.34713577917
2       5.34728215000
4       5.34728216667
1       5.34728228750
2       5.34734947500
2       5.34735145833
2       5.34741631667
2       5.34751047917
4       5.34751049583
1       5.34751061667
2       5.34768664167
2       5.34773098333
4       5.34773100000
1       5.34773112083
2       5.34782105417
2       5.34794132083
4       5.34794134167
1       5.34794146250
2       5.34802875000
2       5.34848954583
4       5.34848956667
1       5.34848968750
2       5.34855082917
2       5.34861008333
2       5.34869783333
2       5.34870174167
4       5.34870176250
1       5.34870188333
2       5.34915925000
4       5.34915927083
1       5.34915939167
2       5.34927826667
2       5.34942157917
4       5.34942160000
1       5.34942172083
2       5.34951865000
2       5.34959305417
2       5.34961433333
2       5.34965012500
4       5.34965014583
1       5.34965026250
2       5.34974160000
2       5.34976374167
2       5.35007281250
4       5.35007282917
1       5.35007295000
2       5.35030195833
4       5.35030195833
1       5.35030209583
2       5.35076748750
4       5.35076750833
1       5.35076762917
2       5.35080775000
2       5.35098199583
4       5.35098199583
1       5.35098213333
2       5.35131260417
4       5.35131262083
1       5.35131274167
2       5.35132252083
2       5.35144735417
2       5.35156889583
4       5.35156891667
1       5.35156903333
2       5.35165105000
2       5.35172857917
2       5.35176699167
4       5.35176700833
1       5.35176712917
2       5.35183087500
2       5.35199520833
4       5.35199522917
1       5.35199535000
2       5.35201572917
2       5.35202505833
2       5.35202832500
2       5.35224857083
4       5.35224859167
1       5.35224870833
2       5.35240995833
2       5.35244470833
4       5.35244472917
1       5.35244485000
2       5.35267884583
4       5.35267884583
1       5.35267898333
2       5.35304354167
4       5.35304356250
1       5.35304368333
2       5.35312209167
2       5.35317541667
2       5.35322800833
4       5.35322802500
1       5.35322814583
2       5.35330353750
2       5.35356923333
4       5.35356925417
1       5.35356937083
2       5.35365597917
2       5.35394450000
4       5.35394452083
1       5.35394464167
2       5.35413461250
2       5.35421510833
4       5.35421512917
1       5.35421525000
2       5.35437840000
2       5.35440061250
2       5.35450062083
4       5.35450063750
1       5.35450075833
2       5.35454930417
2       5.35455031250
2       5.35459960417
2       5.35494144167
4       5.35494145833
1       5.35494157917
2       5.35536579583
4       5.35536579583
1       5.35536593333
2       5.35547018750
2       5.35566060833
4       5.35566062917
1       5.35566075000
2       5.35566852917
2       5.35568210000
2       5.35569930833
2       5.35581555000
2       5.35606400417
4       5.35606402500
1       5.35606414583
2       5.35621073750
2       5.35653566250
4       5.35653567917
1       5.35653580000
2       5.35653706250
2       5.35660654167
2       5.35660888333
2       5.35669297917
2       5.35725707500
4       5.35725709583
1       5.35725721667
2       5.35726602917
2       5.35729679167
2       5.35737102917
2       5.35748992083
4       5.35748994167
1       5.35749005833
2       5.35785990417
4       5.35785992500
1       5.35786004167
2       5.35791779583
2       5.35801191250
2       5.35807984583
4       5.35807984583
1       5.35807998333
2       5.35812950833
2       5.35813295000
2       5.35826702083
2       5.35846924583
4       5.35846926667
1       5.35846938750
2       5.35854725833
2       5.35892841250
4       5.35892843333
1       5.35892855417
2       5.35901363333
2       5.35915960833
4       5.35915962917
1       5.35915975000
2       5.35919012500
2       5.35922028750
2       5.35927921667
2       5.35935240417
4       5.35935242083
1       5.35935254167
2       5.35948222083
2       5.35948687083
2       5.35950515417
2       5.35979688333
4       5.35979690000
1       5.35979702083
2       5.35989359583
2       5.36005759167
4       5.36005760833
1       5.36005772917
2       5.36014529167
2       5.36036402917
4       5.36036404583
1       5.36036416667
2       5.36042621667
2       5.36051432917
2       5.36068365833
4       5.36068367500
1       5.36068379583
2       5.36076047083
2       5.36082737083
2       5.36099230000
4       5.36099231667
1       5.36099243750
2       5.36107947500
2       5.36120492917
4       5.36120494583
1       5.36120506667
2       5.36153423333
4       5.36153425000
1       5.36153437083
2       5.36169852500
2       5.36172033750
4       5.36172035833
1       5.36172047917
2       5.36204992917
4       5.36204995000
1       5.36205007083
2       5.36206480833
2       5.36209560417
2       5.36211475833
2       5.36214900000
2       5.36219370417
2       5.36250509583
4       5.36250511667
1       5.36250523333
2       5.36255934167
2       5.36257792917
2       5.36269484583
2       5.36281315000
4       5.36281316667
1       5.36281328750
2       5.36306653333
4       5.36306655417
1       5.36306667500
2       5.36315892500
2       5.36380705833
4       5.36380707917
1       5.36380719583
2       5.36385610000
2       5.36386773333
2       5.36393326250
2       5.36397568750
2       5.36411148333
4       5.36411150000
1       5.36411162083
2       5.36425760417
2       5.36435033333
4       5.36435035000
1       5.36435047083
2       5.36453513750
2       5.36460397917
4       5.36460399583
1       5.36460411667
2       5.36462321667
2       5.36474851667
2       5.36480546667
4       5.36480548750
1       5.36480560417
2       5.36487527917
2       5.36487693333
2       5.36506212083
4       5.36506213750
1       5.36506225833
2       5.36516630000
2       5.36522046250
2       5.36540860417
4       5.36540862500
1       5.36540874583
2       5.36541187500
2       5.36550195000
2       5.36569740833
4       5.36569742500
1       5.36569754583
2       5.36575832917
2       5.36588491250
2       5.36588587083
2       5.36590374583
4       5.36590376667
1       5.36590388750
2       5.36595111250
2       5.36597270833
2       5.36608297083
2       5.36611205417
4       5.36611207500
1       5.36611219583
2       5.36612671250
2       5.36627009167
2       5.36627365000
2       5.36654307500
4       5.36654309583
1       5.36654321667
2       5.36665960000
2       5.36680734583
4       5.36680736667
1       5.36680748750
2       5.36689374167
2       5.36692596250
2       5.36696797500
2       5.36702536667
4       5.36702538750
1       5.36702550417
2       5.36714321667
2       5.36716407917
2       5.36722995000
2       5.36729760417
4       5.36729762083
1       5.36729774167
2       5.36732177500
2       5.36753074583
4       5.36753076667
1       5.36753088750
2       5.36780660833
4       5.36780662917
1       5.36780675000
2       5.36780730833
2       5.36782657083
2       5.36806034583
4       5.36806036667
1       5.36806048333
2       5.36819087917
2       5.36823870000
2       5.36825605833
4       5.36825607917
1       5.36825620000
2       5.36826049167
2       5.36827405417
2       5.36828129167
2       5.36843131667
4       5.36843131667
1       5.36843145417
2       5.36850357917
2       5.36861717500
4       5.36861719583
1       5.36861731667
2       5.36867707500
2       5.36868010417
2       5.36879407917
2       5.36881527500
4       5.36881527500
1       5.36881541250
2       5.36886527500
2       5.36888755000
2       5.36893587500
2       5.36907560417
4       5.36907562500
1       5.36907574583
2       5.36941881250
4       5.36941883333
1       5.36941895000
2       5.36942769167
2       5.36947898750
2       5.36951087083
2       5.36967145833
4       5.36967147917
1       5.36967160000
2       5.36989403750
4       5.36989403750
1       5.36989417500
2       5.36991360417
2       5.36999542500
2       5.37006231250
2       5.37006430833
4       5.37006432500
1       5.37006444583
2       5.37008018750
2       5.37013482500
2       5.37020147917
2       5.37024845000
4       5.37024847083
1       5.37024858750
2       5.37041846667
2       5.37042897917
4       5.37042899583
1       5.37042911667
2       5.37049652917
2       5.37053436250
2       5.37054565000
2       5.37055559583
2       5.37070660417
4       5.37070662500
1       5.37070674583
2       5.37082077917
2       5.37089700000
4       5.37089701667
1       5.37089713750
2       5.37089805000
2       5.37106197917
2       5.37107518333
2       5.37129943333
4       5.37129945417
1       5.37129957083
2       5.37143752083
2       5.37148727500
4       5.37148729167
1       5.37148741250
2       5.37163366250
2       5.37163893750
2       5.37164592083
2       5.37166605833
4       5.37166607500
1       5.37166619583
2       5.37176675417
2       5.37178565000
2       5.37191547917
4       5.37191549583
1       5.37191561667
2       5.37191885833
2       5.37207116250
2       5.37212889167
4       5.37212890833
1       5.37212902917
2       5.37214967500
2       5.37220369583
2       5.37234048750
4       5.37234050833
1       5.37234062917
2       5.37271671667
4       5.37271671667
1       5.37271685417
2       5.37275783750
2       5.37278199167
2       5.37282438750
2       5.37292213750
4       5.37292215833
1       5.37292227917
2       5.37295957917
2       5.37299163333
2       5.37312117917
4       5.37312120000
1       5.37312132083
2       5.37321460000
2       5.37321760833
2       5.37334172083
4       5.37334174167
1       5.37334186250
2       5.37363193333
4       5.37363195000
1       5.37363207083
2       5.37378892917
2       5.37397540000
4       5.37397542083
1       5.37397554167
2       5.37426531250
4       5.37426533333
1       5.37426545417
2       5.37439866250
2       5.37467303750
4       5.37467305833
1       5.37467317917
2       5.37553853750
4       5.37553853750
1       5.37553867500
2       5.37633613333
4       5.37633615417
1       5.37633627500
2       5.37648147500
2       5.37649280417
2       5.37649772083
2       5.37660370000
4       5.37660371667
1       5.37660383750
2       5.37663482083
2       5.37675706667
2       5.37676699583
2       5.37681637083
2       5.37684515000
4       5.37684517083
1       5.37684529167
2       5.37687591250
2       5.37696008750
2       5.37705415417
2       5.37708274583
4       5.37708276667
1       5.37708288750
2       5.37711544167
2       5.37716545000
2       5.37719521667
2       5.37723340417
2       5.37726252083
4       5.37726254167
1       5.37726266250
2       5.37730389167
2       5.37744338333
2       5.37744666667
2       5.37751585000
4       5.37751587083
1       5.37751599167
2       5.37755531667
2       5.37770037500
2       5.37783684167
4       5.37783685833
1       5.37783697917
2       5.37793556667
2       5.37805912500
4       5.37805912500
1       5.37805926250
2       5.37811777083
2       5.37822308333
2       5.37823168333
2       5.37836750000
4       5.37836752083
1       5.37836764167
2       5.37861660000
4       5.37861661667
1       5.37861673750
2       5.37863116667
2       5.37869042083
2       5.37899585833
4       5.37899587500
1       5.37899599583
2       5.37900937917
2       5.37906400417
2       5.37909189583
2       5.37919388333
4       5.37919390000
1       5.37919402083
2       5.37922102917
2       5.37951951667
4       5.37951951667
1       5.37951965417
2       5.37963476250
2       5.37964140417
2       5.37976260417
4       5.37976262500
1       5.37976274583
2       5.37983818333
2       5.37990141667
2       5.38009115000
4       5.38009117083
1       5.38009129167
2       5.38011378333
2       5.38022176667
2       5.38036840000
4       5.38036841667
1       5.38036853750
2       5.38045450833
2       5.38064962917
4       5.38064965000
1       5.38064977083
2       5.38066012500
2       5.38072883750
2       5.38073769583
2       5.38074434167
2       5.38099535833
4       5.38099535833
1       5.38099549583
2       5.38100435000
2       5.38137776250
4       5.38137777917
1       5.38137790000
2       5.38158335417
4       5.38158337500
1       5.38158349583
2       5.38162078750
2       5.38189538333
4       5.38189540000
1       5.38189552083
2       5.38224509583
4       5.38224509583
1       5.38224523333
2       5.38226474583
2       5.38228554167
2       5.38264158750
4       5.38264160833
1       5.38264172917
2       5.38294240833
4       5.38294242917
1       5.38294254583
2       5.38309316250
2       5.38313384583
2       5.38314935000
4       5.38314936667
1       5.38314948750
2       5.38328518333
2       5.38335307917
4       5.38335309583
1       5.38335321667
2       5.38337035000
2       5.38351242083
2       5.38366345000
4       5.38366347083
1       5.38366359167
2       5.38374528333
2       5.38384162917
2       5.38396351250
4       5.38396353333
1       5.38396365417
2       5.38413077083
4       5.38413079167
1       5.38413091250
2       5.38415502083
2       5.38437792917
4       5.38437795000
1       5.38437807083
2       5.38442028333
2       5.38461510833
4       5.38461510833
1       5.38461524583
2       5.38472272500
2       5.38481747500
4       5.38481749583
1       5.38481761250
2       5.38493543750
2       5.38496772500
2       5.38501814583
4       5.38501814583
1       5.38501828333
2       5.38504435417
2       5.38511693333
2       5.38542092917
4       5.38542095000
1       5.38542107083
2       5.38549617083
2       5.38560482917
2       5.38570247917
4       5.38570250000
1       5.38570262083
2       5.38585680417
2       5.38592675833
4       5.38592677500
1       5.38592689583
2       5.38611820417
4       5.38611822500
1       5.38611834583
2       5.38612648333
2       5.38622123333
2       5.38625931667
2       5.38853978333
4       5.38853980417
1       5.38853992083
2       5.38861958750
2       5.38871662917
2       5.38872630833
2       5.38887725000
4       5.38887727083
1       5.38887739167
2       5.38893595000
2       5.38897632500
2       5.38908099167
2       5.38916614583
4       5.38916616667
1       5.38916628750
2       5.38918773750
2       5.38957852083
4       5.38957853750
1       5.38957865833
2       5.38972921250
2       5.38975199167
2       5.38986341250
4       5.38986343333
1       5.38986355000
2       5.38988617083
2       5.38991999583
2       5.38994550833
2       5.38999619583
2       5.39031018750
4       5.39031018750
1       5.39031032500
2       5.39034431667
2       5.39049567500
2       5.39055957083
4       5.39055959167
1       5.39055971250
2       5.39064008750
2       5.39097097917
4       5.39097100000
1       5.39097111667
2       5.39103297083
2       5.39103625833
2       5.39106072083
2       5.39107467500
2       5.39130417917
4       5.39130420000
1       5.39130432083
2       5.39135651667
2       5.39144004583
2       5.39148865417
2       5.39152642917
4       5.39152645000
1       5.39152657083
2       5.39162417083
2       5.39174306250
4       5.39174308333
1       5.39174320417
2       5.39176794583
2       5.39178050833
2       5.39179938333
2       5.39191266250
2       5.39191730833
2       5.39202531667
4       5.39202533750
1       5.39202545833
2       5.39212628333
2       5.39216075417
2       5.39279040000
4       5.39279042083
1       5.39279053750
2       5.39292457083
2       5.39298317917
2       5.39300803750
4       5.39300805833
1       5.39300817917
2       5.39301104583
2       5.39321071667
2       5.39321838333
2       5.39322524583
4       5.39322526667
1       5.39322538750
2       5.39326770417
2       5.39342544583
2       5.39350482917
4       5.39350484583
1       5.39350496667
2       5.39360092500
2       5.39363774167
2       5.39365720000
2       5.39368843333
2       5.39372217917
4       5.39372220000
1       5.39372232083
2       5.39391326250
4       5.39391328333
1       5.39391340000
2       5.39415868750
4       5.39415868750
1       5.39415882500
2       5.39440320833
4       5.39440322917
1       5.39440334583
2       5.39443997083
2       5.39467480000
4       5.39467482083
1       5.39467493750
2       5.39472368333
2       5.39473673750
2       5.39477287500
2       5.39491221250
4       5.39491222917
1       5.39491235000
2       5.39495202500
2       5.39496178750
2       5.39498608333
2       5.39508019583
2       5.39514151667
4       5.39514151667
1       5.39514165417
2       5.39525939167
2       5.39558440000
4       5.39558442083
1       5.39558453750
2       5.39572970417
2       5.39591453750
4       5.39591453750
1       5.39591467500
2       5.39606088333
2       5.39626463750
4       5.39626465833
1       5.39626477917
2       5.39666180417
4       5.39666182083
1       5.39666194167
2       5.39691482083
4       5.39691484167
1       5.39691495833
2       5.39700453333
2       5.39705898333
2       5.39707053750
2       5.39726199167
4       5.39726201250
1       5.39726212917
2       5.39744344583
2       5.39744743333
2       5.39748087917
4       5.39748089583
1       5.39748101667
2       5.39749745000
2       5.39751468750
2       5.39768261250
4       5.39768262917
1       5.39768275000
2       5.39768760417
2       5.39769087917
2       5.39797910833
4       5.39797912917
1       5.39797925000
2       5.39820637917
4       5.39820639583
1       5.39820651667
2       5.39824773333
2       5.39830200417
2       5.39838351667
2       5.39868724583
4       5.39868726667
1       5.39868738750
2       5.39881110000
2       5.39891448333
4       5.39891450417
1       5.39891462500
2       5.39904557083
2       5.39915094583
4       5.39915096667
1       5.39915108750
2       5.39916354583
2       5.39916453333
2       5.39920085417
2       5.39921852917
2       5.39932048333
2       5.39951734583
4       5.39951734583
1       5.39951748333
2       5.39960372917
2       5.39968889167
2       5.39984485000
4       5.39984487083
1       5.39984499167
2       5.39986777083
2       5.40010485417
4       5.40010487500
1       5.40010499167
2       5.40010822500
2       5.40020919583
2       5.40021390417
2       5.40026053333
2       5.40039641667
4       5.40039641667
1       5.40039655417
2       5.40040727917
2       5.40041358333
2       5.40042219167
2       5.40046319583
2       5.40053986250
2       5.40179778750
4       5.40179778750
1       5.40179792500
2       5.40190647083
2       5.40194881250
2       5.40202406667
4       5.40202408750
1       5.40202420833
2       5.40204952083
2       5.40215325000
2       5.40217970000
2       5.40220649583
4       5.40220649583
1       5.40220663333
2       5.40224261667
2       5.40229240417
2       5.40237052083
2       5.40250660833
4       5.40250662917
1       5.40250675000
2       5.40261757500
2       5.40269937917
4       5.40269939583
1       5.40269951667
2       5.40291539583
4       5.40291541667
1       5.40291553333
2       5.40302430417
2       5.40317998750
4       5.40318000833
1       5.40318012917
2       5.40320712917
2       5.40335621250
4       5.40335623333
1       5.40335635417
2       5.40355435417
4       5.40355437083
1       5.40355449167
2       5.40362093750
2       5.40370966667
2       5.40377785417
4       5.40377787083
1       5.40377799167
2       5.40384277500
2       5.40396008333
2       5.40449703333
4       5.40449705000
1       5.40449717083
2       5.40454376667
2       5.40469236250
2       5.40471087083
4       5.40471088750
1       5.40471100833
2       5.40482616250
2       5.40486230000
2       5.40512396667
4       5.40512396667
1       5.40512410417
2       5.40535083750
2       5.40537300000
4       5.40537301667
1       5.40537313750
2       5.40564665417
4       5.40564667500
1       5.40564679583
2       5.40568242500
2       5.40570027500
2       5.40570096667
2       5.40574897917
2       5.40577809583
2       5.40600303750
4       5.40600303750
1       5.40600317500
2       5.40604145417
2       5.40622231667
2       5.40637235417
4       5.40637237500
1       5.40637249583
2       5.40662142500
4       5.40662144583
1       5.40662156667
2       5.40666350000
2       5.40679474583
2       5.40692724167
4       5.40692726250
1       5.40692738333
2       5.40695235417
2       5.40714575417
4       5.40714577500
1       5.40714589167
2       5.40722927500
2       5.40730483750
2       5.40734755833
4       5.40734757917
1       5.40734770000
2       5.40753397083
4       5.40753398750
1       5.40753410833
2       5.40755618333
2       5.40792450417
4       5.40792452500
1       5.40792464583
2       5.40815269167
4       5.40815270833
1       5.40815282917
2       5.40838950417
4       5.40838952083
1       5.40838964167
2       5.40868240000
4       5.40868242083
1       5.40868254167
2       5.40879430417
2       5.40882642500
2       5.40896219167
4       5.40896221250
1       5.40896233333
2       5.40903804167
2       5.40926066250
4       5.40926067917
1       5.40926080000
2       5.40933152917
2       5.40941606250
2       5.40943654167
2       5.40948092500
4       5.40948094583
1       5.40948106667
2       5.40984391250
4       5.40984392917
1       5.40984405000
2       5.40987707500
2       5.40988008333
2       5.40997508333
2       5.41003445833
4       5.41003447917
1       5.41003459583
2       5.41013042500
2       5.41020302500
2       5.41028820833
4       5.41028822917
1       5.41028834583
2       5.41030728750
2       5.41098702083
4       5.41098704167
1       5.41098716250
2       5.41102047917
2       5.41108308750
2       5.41115764167
4       5.41115765833
1       5.41115777917
2       5.41121657917
2       5.41129416250
2       5.41155433333
4       5.41155435417
1       5.41155447500
2       5.41158360833
2       5.41168096667
2       5.41180387500
4       5.41180387500
1       5.41180401250
2       5.41184290833
2       5.41199234167
2       5.41208172500
4       5.41208172500
1       5.41208186250
2       5.41253380417
4       5.41253382500
1       5.41253394167
2       5.41583980417
4       5.41583982083
1       5.41583994167
2       5.41592594583
2       5.41598887500
2       5.41613760417
4       5.41613762500
1       5.41613774583
2       5.41628498333
2       5.41630155833
2       5.41651121250
4       5.41651123333
1       5.41651135417
2       5.41661854583
2       5.41670966250
2       5.41680590000
4       5.41680591667
1       5.41680603750
2       5.41689941667
2       5.41694511250
2       5.41701540417
2       5.41702129167
2       5.41725315000
4       5.41725316667
1       5.41725328750
2       5.41760754167
4       5.41760756250
1       5.41760768333
2       5.41780932917
4       5.41780934583
1       5.41780946667
2       5.41787257083
2       5.41791469167
2       5.41804618333
4       5.41804620417
1       5.41804632500
2       5.41809645000
2       5.41812300000
2       5.41813787500
2       5.41841378333
4       5.41841380000
1       5.41841392083
2       5.41842214167
2       5.41854924167
2       5.41900537500
4       5.41900539583
1       5.41900551667
2       5.41913357083
2       5.41918087083
2       5.41925480417
4       5.41925482083
1       5.41925494167
2       5.41939924583
2       5.41940948750
2       5.41945111667
4       5.41945111667
1       5.41945125417
2       5.41954560000
2       5.41954659583
2       5.41960287500
2       5.41962047083
2       5.41968872083
4       5.41968874167
1       5.41968885833
2       5.41974690000
2       5.41976022083
2       5.41979796250
2       5.41987092083
2       5.41991092083
4       5.41991094167
1       5.41991105833
2       5.41996530833
2       5.42011228333
2       5.42016933333
4       5.42016935417
1       5.42016947083
2       5.42050213750
4       5.42050213750
1       5.42050227500
2       5.42088206667
4       5.42088208750
1       5.42088220833
2       5.42112914167
4       5.42112915833
1       5.42112927917
2       5.42143130417
4       5.42143132500
1       5.42143144583
2       5.42175883333
4       5.42175885417
1       5.42175897500
2       5.42193540000
2       5.42209868333
4       5.42209870417
1       5.42209882500
2       5.42212652500
2       5.42216127083
2       5.42292043750
4       5.42292043750
1       5.42292057500
2       5.42312517083
4       5.42312519167
1       5.42312531250
2       5.42317155833
2       5.42329181250
2       5.42333515833
2       5.42334110417
4       5.42334112083
1       5.42334124167
2       5.42345678333
2       5.42355476250
4       5.42355477917
1       5.42355490000
2       5.42368226667
2       5.42371543750
2       5.42375685000
4       5.42375687083
1       5.42375699167
2       5.42377966667
2       5.42388728333
2       5.42407830833
4       5.42407832917
1       5.42407845000
2       5.42408270417
2       5.42422723333
2       5.42441103750
4       5.42441105833
1       5.42441117500
2       5.42445365417
2       5.42454375833
2       5.42467769167
4       5.42467770833
1       5.42467782917
2       5.42476145417
2       5.42506611250
4       5.42506613333
1       5.42506625417
2       5.42506681250
2       5.42514397500
2       5.42523171667
2       5.42528242083
4       5.42528243750
1       5.42528255833
2       5.42537251250
2       5.42541096250
2       5.42553845417
4       5.42553847500
1       5.42553859583
2       5.42561665833
2       5.42568483750
2       5.42575152917
4       5.42575155000
1       5.42575167083
2       5.42583857500
2       5.42586725000
2       5.42603106667
4       5.42603106667
1       5.42603120417
2       5.42608995417
2       5.42620589167
2       5.42623769167
4       5.42623771250
1       5.42623783333
2       5.43024752500
4       5.43024754583
1       5.43024766667
2       5.43041415833
2       5.43042872500
2       5.43062082500
4       5.43062084583
1       5.43062096667
2       5.43066483750
2       5.43142072500
4       5.43142074583
1       5.43142086250
2       5.43144598333
2       5.43169593750
4       5.43169593750
1       5.43169607500
2       5.43171387083
2       5.43210871667
4       5.43210871667
1       5.43210885417
2       5.43221830000
2       5.43224285833
2       5.43230278750
2       5.43286343333
4       5.43286345000
1       5.43286357083
2       5.43321271250
4       5.43321272917
1       5.43321285000
2       5.43325468750
2       5.43345877083
4       5.43345879167
1       5.43345891250
2       5.43353594167
2       5.43365982500
2       5.43372203333
4       5.43372205417
1       5.43372217500
2       5.43436199583
4       5.43436201667
1       5.43436213750
2       5.43441666250
2       5.43456408750
2       5.43467672917
4       5.43467675000
1       5.43467687083
2       5.43478140417
2       5.43494499583
4       5.43494501667
1       5.43494513333
2       5.43499363750
2       5.43503909167
2       5.43509101250
2       5.43523686250
4       5.43523687917
1       5.43523700000
2       5.43527491667
2       5.43563712083
4       5.43563714167
1       5.43563726250
2       5.43565353750
2       5.43575480417
2       5.43580617917
2       5.43607841667
4       5.43607841667
1       5.43607855417
2       5.43612609583
2       5.43623184167
2       5.43625697083
2       5.43626523750
2       5.43656629583
4       5.43656631667
1       5.43656643333
2       5.43656735000
2       5.43660907500
2       5.43661372083
2       5.43671635000
2       5.43673190417
2       5.43674284167
2       5.43731158333
4       5.43731160000
1       5.43731172083
2       5.43737095833
2       5.43753945000
4       5.43753946667
1       5.43753958750
2       5.43755272500
2       5.43764286250
2       5.43794021667
4       5.43794023750
1       5.43794035417
2       5.43797597500
2       5.43799454167
2       5.43815221667
4       5.43815223750
1       5.43815235833
2       5.43846592500
4       5.43846594583
1       5.43846606667
2       5.43847826667
2       5.43862621667
2       5.43869780417
4       5.43869782083
1       5.43869794167
2       5.43871602917
2       5.43886207083
2       5.43920082500
4       5.43920082500
1       5.43920096250
2       5.43928104583
2       5.44002530417
4       5.44002532500
1       5.44002544583
2       5.44023098333
2       5.44169177500
4       5.44169179583
1       5.44169191250
2       5.44188344167
4       5.44188345833
1       5.44188357917
2       5.44200307917
2       5.44200573333
2       5.44217693750
4       5.44217693750
1       5.44217707500
2       5.44223961250
2       5.44230452917
2       5.44277049583
4       5.44277051667
1       5.44277063333
2       5.44304119167
4       5.44304121250
1       5.44304132917
2       5.44312730833
2       5.44326574583
4       5.44326576667
1       5.44326588750
2       5.44352676667
4       5.44352678750
1       5.44352690833
2       5.44355713333
2       5.44360355417
2       5.44361345833
2       5.44378405833
4       5.44378407917
1       5.44378420000
2       5.44384433333
2       5.44387552500
2       5.44394106667
2       5.44402483750
4       5.44402483750
1       5.44402497500
2       5.44433857500
4       5.44433857500
1       5.44433871250
2       5.44434884583
2       5.44441312083
2       5.44461255000
4       5.44461257083
1       5.44461268750
2       5.44467146667
2       5.44490830000
4       5.44490831667
1       5.44490843750
2       5.44502155833
2       5.44505732917
2       5.44510339583
4       5.44510339583
1       5.44510353333
2       5.44526074583
2       5.44534913750
4       5.44534913750
1       5.44534927500
2       5.44558630000
4       5.44558632083
1       5.44558644167
2       5.44566715000
2       5.44589666667
4       5.44589668750
1       5.44589680833
2       5.44600456667
2       5.44615701250
4       5.44615702917
1       5.44615715000
2       5.44619767917
2       5.44637034583
4       5.44637034583
1       5.44637048333
2       5.44653750417
2       5.44663028333
4       5.44663030417
1       5.44663042500
2       5.44682305000
4       5.44682306667
1       5.44682318750
2       5.44685290417
2       5.44699962500
2       5.44738947500
4       5.44738947500
1       5.44738961250
2       5.44741737500
2       5.44746231667
2       5.44768265000
4       5.44768266667
1       5.44768278750
2       5.44789232083
4       5.44789233750
1       5.44789245833
2       5.44803938750
2       5.44804198750
2       5.44809433750
4       5.44809433750
1       5.44809447500
2       5.44809861250
2       5.44813872500
2       5.44821325000
2       5.44838450833
4       5.44838452917
1       5.44838465000
2       5.44843615417
2       5.44857029167
4       5.44857031250
1       5.44857043333
2       5.44873987083
2       5.44883892917
4       5.44883895000
1       5.44883907083
2       5.44891711667
2       5.44893700833
2       5.44898443750
2       5.44924531250
4       5.44924533333
1       5.44924545417
2       5.44933578750
2       5.44960591250
4       5.44960592917
1       5.44960605000
2       5.44971341667
2       5.44990251250
4       5.44990252917
1       5.44990265000
2       5.44999060833
2       5.45045395417
4       5.45045397500
1       5.45045409583
2       5.45047713750
2       5.45100315000
4       5.45100317083
1       5.45100329167
2       5.45138907500
4       5.45138909583
1       5.45138921667
2       5.45146126667
2       5.45157484167
2       5.45187757500
4       5.45187759583
1       5.45187771250
2       5.45253406250
4       5.45253408333
1       5.45253420417
2       5.45257880833
2       5.45266191250
2       5.45272121250
2       5.45294353750
4       5.45294353750
1       5.45294367500
2       5.45330817500
4       5.45330819583
1       5.45330831667
2       5.45346341250
2       5.45348566250
2       5.45356254583
4       5.45356256667
1       5.45356268750
2       5.45362577500
2       5.45372978750
2       5.45402693333
4       5.45402695417
1       5.45402707500
2       5.45417032500
2       5.45431467083
4       5.45431469167
1       5.45431481250
2       5.45443852917
2       5.45445082083
2       5.45461750000
4       5.45461751667
1       5.45461763750
2       5.45463274583
2       5.45485393750
4       5.45485395833
1       5.45485407917
2       5.45499405833
2       5.45518351250
4       5.45518353333
1       5.45518365417
2       5.45526111250
2       5.45576810833
4       5.45576812500
1       5.45576824583
2       5.45608847500
4       5.45608847500
1       5.45608861250
2       5.45637271667
4       5.45637273750
1       5.45637285417
2       5.45644780417
2       5.45649988333
2       5.45708146250
4       5.45708148333
1       5.45708160417
2       5.45721465833
2       5.45736535833
4       5.45736537917
1       5.45736549583
2       5.45760972917
4       5.45760975000
1       5.45760987083
2       5.45770252083
2       5.45770285000
2       5.45785750000
4       5.45785752083
1       5.45785764167
2       5.45789137083
2       5.45790855417
2       5.45802947917
2       5.45815633333
4       5.45815635417
1       5.45815647500
2       5.45816587500
2       5.45826991250
2       5.45830738750
2       5.45832720833
4       5.45832720833
1       5.45832734583
2       5.45854747500
4       5.45854747500
1       5.45854761250
2       5.45874917917
2       5.45882968333
4       5.45882970000
1       5.45882982083
2       5.45893332500
2       5.45896674167
2       5.45903402500
4       5.45903402500
1       5.45903416250
2       5.45908339583
2       5.45919438750
2       5.45953746667
4       5.45953746667
1       5.45953760417
2       5.45990251250
4       5.45990253333
1       5.45990265417
2       5.45997639167
2       5.46040337917
4       5.46040339583
1       5.46040351667
2       5.46055075000
2       5.46060900417
2       5.46065139583
4       5.46065141667
1       5.46065153333
2       5.46068092500
2       5.46074546667
2       5.46076135417
2       5.46079687500
2       5.46122377500
4       5.46122377500
1       5.46122391250
2       5.46126989167
2       5.46132477500
2       5.46152353333
4       5.46152355000
1       5.46152367083
2       5.46310159583
4       5.46310161667
1       5.46310173750
2       5.46317435833
2       5.46335321250
4       5.46335323333
1       5.46335335417
2       5.46341290417
2       5.46341384167
2       5.46367358333
4       5.46367360000
1       5.46367372083
2       5.46370309167
2       5.46374343333
2       5.46377024583
2       5.46386929167
2       5.46415915000
4       5.46415917083
1       5.46415929167
2       5.46416008750
2       5.46418322083
2       5.46425757083
2       5.46472849583
4       5.46472849583
1       5.46472863333
2       5.46473419167
2       5.46479832500
2       5.46498482083
4       5.46498484167
1       5.46498496250
2       5.46503888333
2       5.46510605417
2       5.46514916667
2       5.46544066667
4       5.46544068750
1       5.46544080833
2       5.46544195000
2       5.46558412083
2       5.46588984583
4       5.46588986667
1       5.46588998750
2       5.46596366667
2       5.46602491250
2       5.46640352917
4       5.46640355000
1       5.46640367083
2       5.46642325000
2       5.46662507917
4       5.46662510000
1       5.46662521667
2       5.46671227917
2       5.46673803333
2       5.46686554167
4       5.46686555833
1       5.46686567917
2       5.46704675833
2       5.46721399583
4       5.46721401667
1       5.46721413750
2       5.46722999167
2       5.46729815833
2       5.46762346250
4       5.46762347917
1       5.46762360000
2       5.46777246250
2       5.46805237500
4       5.46805239583
1       5.46805251667
2       5.46828574167
4       5.46828576250
1       5.46828588333
2       5.46835705000
2       5.46839622917
2       5.46849222083
2       5.46854687083
4       5.46854689167
1       5.46854700833
2       5.46874929167
4       5.46874931250
1       5.46874943333
2       5.46889632917
2       5.46894734167
4       5.46894736250
1       5.46894748333
2       5.46922794167
4       5.46922795833
1       5.46922807917
2       5.46951700417
4       5.46951702500
1       5.46951714583
2       5.47023211250
4       5.47023213333
1       5.47023225417
2       5.47028951250
2       5.47040145833
4       5.47040147500
1       5.47040159583
2       5.47043453750
2       5.47050477500
2       5.47051866667
2       5.47057171667
2       5.47060711250
4       5.47060712917
1       5.47060725000
2       5.47062003750
2       5.47068366250
2       5.47075779583
2       5.47087438333
4       5.47087440000
1       5.47087452083
2       5.47132587083
4       5.47132589167
1       5.47132600833
2       5.47135034167
2       5.47140043750
2       5.47141166667
2       5.47145668750
2       5.47161838750
4       5.47161840833
1       5.47161852917
2       5.47167993750
2       5.47171302500
2       5.47179453750
2       5.47185020417
4       5.47185022500
1       5.47185034167
2       5.47192536250
2       5.47204829167
4       5.47204830833
1       5.47204842917
2       5.47226285833
4       5.47226287917
1       5.47226300000
2       5.47227350000
2       5.47244306667
4       5.47244308750
1       5.47244320833
2       5.47245702083
2       5.47248350000
2       5.47256337500
2       5.47260426667
2       5.47260737917
2       5.47285317500
4       5.47285319583
1       5.47285331667
2       5.47286676667
2       5.47617467083
4       5.47617468750
1       5.47617480833
2       5.47625217917
2       5.47632809167
2       5.47649402917
4       5.47649404583
1       5.47649416667
2       5.47665766250
2       5.47678907083
4       5.47678909167
1       5.47678921250
2       5.47684219167
2       5.47705875417
4       5.47705877083
1       5.47705889167
2       5.47714452083
2       5.47745418333
4       5.47745420417
1       5.47745432083
2       5.47757582083
2       5.47770756250
4       5.47770758333
1       5.47770770417
2       5.47777247917
2       5.47789709167
2       5.47793447083
4       5.47793448750
1       5.47793460833
2       5.47817629167
4       5.47817630833
1       5.47817642917
2       5.47828264167
2       5.47842371250
4       5.47842372917
1       5.47842385000
2       5.47855914167
2       5.47877450833
4       5.47877452917
1       5.47877464583
2       5.47902918750
4       5.47902920833
1       5.47902932500
2       5.47905038750
2       5.47920928333
4       5.47920930000
1       5.47920942083
2       5.47941703750
4       5.47941703750
1       5.47941717500
2       5.47952828750
2       5.47960686667
4       5.47960686667
1       5.47960700417
2       5.47997782500
4       5.47997782500
1       5.47997796250
2       5.48000207083
2       5.48008552083
2       5.48013446667
2       5.48018283333
4       5.48018285000
1       5.48018297083
2       5.48042502083
4       5.48042503750
1       5.48042515833
2       5.48053327500
2       5.48058301250
2       5.48114339583
4       5.48114339583
1       5.48114353333
2       5.48138122500
4       5.48138122500
1       5.48138136250
2       5.48153555417
2       5.48158852917
4       5.48158855000
1       5.48158866667
2       5.48169889583
2       5.48170117500
2       5.48185589167
4       5.48185590833
1       5.48185602917
2       5.48188270000
2       5.48194261667
2       5.48194458750
2       5.48201815833
2       5.48220805000
4       5.48220806667
1       5.48220818750
2       5.48245578333
4       5.48245580000
1       5.48245592083
2       5.48256997917
2       5.48261475417
2       5.48264686250
2       5.48267512083
4       5.48267514167
1       5.48267526250
2       5.48268954583
2       5.48276735833
2       5.48280155000
2       5.48282636667
2       5.48292602083
4       5.48292604167
1       5.48292616250
2       5.48301755417
2       5.48311387500
4       5.48311389583
1       5.48311401667
2       5.48328450000
4       5.48328451667
1       5.48328463750
2       5.48343880833
2       5.48349550417
4       5.48349552500
1       5.48349564583
2       5.48363753333
2       5.48364314167
2       5.48408538750
4       5.48408538750
1       5.48408552500
2       5.48425495417
4       5.48425497500
1       5.48425509167
2       5.48427220833
2       5.48432348750
2       5.48439379167
2       5.48448876250
4       5.48448877917
1       5.48448890000
2       5.48451592917
2       5.48479352917
4       5.48479355000
1       5.48479367083
2       5.48504719583
4       5.48504719583
1       5.48504733333
2       5.48515759167
2       5.48520490000
2       5.48524667083
2       5.48528603750
4       5.48528603750
1       5.48528617500
2       5.48545429167
2       5.48546854583
2       5.48578287500
4       5.48578287500
1       5.48578301250
2       5.48586246250
2       5.48598227500
2       5.48612899583
4       5.48612899583
1       5.48612913333
2       5.48614696667
2       5.48641392917
4       5.48641394583
1       5.48641406667
2       5.48661296667
2       5.48663245833
2       5.48665668333
4       5.48665670417
1       5.48665682500
2       5.49037037083
4       5.49037039167
1       5.49037051250
2       5.49057374167
4       5.49057376250
1       5.49057388333
2       5.49066489167
2       5.49070357917
2       5.49077649583
2       5.49130410000
4       5.49130412083
1       5.49130424167
2       5.49139782083
2       5.49150475833
4       5.49150477917
1       5.49150490000
2       5.49153071250
2       5.49156140833
2       5.49188835000
4       5.49188836667
1       5.49188848750
2       5.49194136667
2       5.49195996250
2       5.49222692083
4       5.49222693750
1       5.49222705833
2       5.49228155417
2       5.49242829583
2       5.49250414583
4       5.49250416667
1       5.49250428750
2       5.49273000000
4       5.49273002083
1       5.49273014167
2       5.49278141250
2       5.49279493750
2       5.49295426667
4       5.49295426667
1       5.49295440417
2       5.49322488750
4       5.49322490833
1       5.49322502917
2       5.49324771667
2       5.49332950000
2       5.49338359167
2       5.49344713750
4       5.49344713750
1       5.49344727500
2       5.49347788750
2       5.49356867917
2       5.49371570417
4       5.49371572500
1       5.49371584583
2       5.49387809583
2       5.49394197500
4       5.49394199583
1       5.49394211667
2       5.49408908750
2       5.49410128333
2       5.49410860833
2       5.49421727500
4       5.49421729583
1       5.49421741250
2       5.49425030000
2       5.49430825417
2       5.49448318750
4       5.49448318750
1       5.49448332500
2       5.49465147083
2       5.49465482500
2       5.49491843333
4       5.49491845000
1       5.49491857083
2       5.49499137500
2       5.49500157083
2       5.49507378333
2       5.49547890417
4       5.49547892500
1       5.49547904583
2       5.49559877500
2       5.49564709583
2       5.49567527083
4       5.49567529167
1       5.49567541250
2       5.49567659167
2       5.49569543750
2       5.49579691250
2       5.49605256250
4       5.49605257917
1       5.49605270000
2       5.49611850000
2       5.49613005833
2       5.49621650417
2       5.49644416250
4       5.49644417917
1       5.49644430000
2       5.49666891250
4       5.49666892917
1       5.49666905000
2       5.49687465833
4       5.49687467917
1       5.49687480000
2       5.49693861667
2       5.49711740000
4       5.49711742083
1       5.49711754167
2       5.49745926250
4       5.49745927917
1       5.49745940000
2       5.49753347500
2       5.49769745833
4       5.49769747500
1       5.49769759583
2       5.49786702917
2       5.49801177083
4       5.49801178750
1       5.49801190833
2       5.49816679167
2       5.49820652500
4       5.49820652500
1       5.49820666250
2       5.49832211250
2       5.49867619167
4       5.49867620833
1       5.49867632917
2       5.49887129167
4       5.49887130833
1       5.49887142917
2       5.49889845417
2       5.49893387917
2       5.49893526250
2       5.49902862500
2       5.49904486667
2       5.49908827083
4       5.49908829167
1       5.49908840833
2       5.49913163333
2       5.49956716667
4       5.49956718750
1       5.49956730833
2       5.50497479167
4       5.50497480833
1       5.50497492917
2       5.50519109167
4       5.50519110833
1       5.50519122917
2       5.50534877500
2       5.50537829167
2       5.50538057083
2       5.50561667083
4       5.50561668750
1       5.50561680833
2       5.50596681250
4       5.50596683333
1       5.50596695417
2       5.50616888750
4       5.50616890833
1       5.50616902917
2       5.50678495417
4       5.50678497083
1       5.50678509167
2       5.50680148750
2       5.50709029167
4       5.50709031250
1       5.50709043333
2       5.50733242917
4       5.50733244583
1       5.50733256667
2       5.50737689583
2       5.50762358750
4       5.50762360833
1       5.50762372917
2       5.50809860000
4       5.50809862083
1       5.50809874167
2       5.50811154583
2       5.50820059167
2       5.50828739583
4       5.50828741667
1       5.50828753750
2       5.50831131250
2       5.50877560833
4       5.50877562917
1       5.50877575000
2       5.50878622917
2       5.50878959167
2       5.50879412500
2       5.50893922917
2       5.50896672500
2       5.50919630833
4       5.50919632917
1       5.50919645000
2       5.50975074167
4       5.50975076250
1       5.50975088333
2       5.50975271667
2       5.51002136250
4       5.51002137917
1       5.51002150000
2       5.51010585417
2       5.51016185417
2       5.51030420833
4       5.51030422917
1       5.51030435000
2       5.51044602083
2       5.51068679583
4       5.51068681667
1       5.51068693750
2       5.51091574583
4       5.51091574583
1       5.51091588333
2       5.51197000000
4       5.51197002083
1       5.51197014167
2       5.51209151250
2       5.51211861667
2       5.51232668333
4       5.51232670417
1       5.51232682500
2       5.51236643333
2       5.51253074583
4       5.51253076667
1       5.51253088750
2       5.51326738750
4       5.51326738750
1       5.51326752500
2       5.51376156667
4       5.51376158750
1       5.51376170833
2       5.51774222917
4       5.51774224583
1       5.51774236667
2       5.51796782500
4       5.51796782500
1       5.51796796250
2       5.51801120417
2       5.51832122083
4       5.51832124167
1       5.51832135833
2       5.51843156667
2       5.51843450417
2       5.51867562500
4       5.51867564583
1       5.51867576667
2       5.51870980000
2       5.51888863750
4       5.51888865833
1       5.51888877500
2       5.51912448750
4       5.51912450833
1       5.51912462917
2       5.51925460417
2       5.51930858333
2       5.51939737083
4       5.51939738750
1       5.51939750833
2       5.51945206250
2       5.51970738333
4       5.51970740000
1       5.51970752083
2       5.51979352500
2       5.51983915000
2       5.52013755417
4       5.52013757500
1       5.52013769583
2       5.52017572917
2       5.52063111667
4       5.52063111667
1       5.52063125417
2       5.52064179167
2       5.52086932500
4       5.52086932500
1       5.52086946250
2       5.52164373333
4       5.52164375000
1       5.52164387083
2       5.52175707917
2       5.52200915417
4       5.52200917083
1       5.52200929167
2       5.52227307500
4       5.52227309583
1       5.52227321250
2       5.52241118750
2       5.52242248750
2       5.52256654167
4       5.52256655833
1       5.52256667917
2       5.52264835000
2       5.52301865000
4       5.52301867083
1       5.52301879167
2       5.52439520833
4       5.52439522500
1       5.52439534583
2       5.52473274167
4       5.52473276250
1       5.52473288333
2       5.52513987083
4       5.52513989167
1       5.52514001250
2       5.52587485833
4       5.52587487500
1       5.52587499583
2       5.52735445000
4       5.52735446667
1       5.52735458750
2       5.52768192083
4       5.52768193750
1       5.52768205833
2       5.52824670833
4       5.52824672917
1       5.52824685000
2       5.52830896250
2       5.53185677083
4       5.53185678750
1       5.53185690833
2       5.53205712917
2       5.53326284583
4       5.53326286667
1       5.53326298750
2       5.53328037083
2       5.53351093750
4       5.53351093750
1       5.53351107500
2       5.53375864167
4       5.53375865833
1       5.53375877917
2       5.53382987917
2       5.53424152500
4       5.53424152500
1       5.53424166250
2       5.53446742917
4       5.53446744583
1       5.53446756667
2       5.53481757500
4       5.53481757500
1       5.53481771250
2       5.53492652917
2       5.53563541667
4       5.53563541667
1       5.53563555417
2       5.53584403333
2       5.53615570000
4       5.53615572083
1       5.53615584167
2       5.53803945000
4       5.53803946667
1       5.53803958750
2       5.53872443333
4       5.53872445417
1       5.53872457500
2       5.53884196250
2       5.53923867500
4       5.53923869583
1       5.53923881667
2       5.53937557500
2       5.53937755417
2       5.53989550000
4       5.53989552083
1       5.53989564167
2       5.54019138333
4       5.54019140000
1       5.54019152083
2       5.54026690000
2       5.54070817500
4       5.54070819583
1       5.54070831250
2       5.54141659583
4       5.54141659583
1       5.54141673333
2       5.54159978333
2       5.54171630000
4       5.54171631667
1       5.54171643750
2       5.54207075833
4       5.54207075833
1       5.54207089583
2       5.54233506250
4       5.54233507917
1       5.54233520000
2       5.54254077500
4       5.54254079583
1       5.54254091250
2       5.54268487083
2       5.54318831250
4       5.54318833333
1       5.54318845417
2       5.54447446250
4       5.54447448333
1       5.54447460000
2       5.54493359583
4       5.54493359583
1       5.54493373333
2       5.54987214167
4       5.54987215833
1       5.54987227917
2       5.55261138750
4       5.55261138750
1       5.55261152500
2       5.55443311667
4       5.55443311667
1       5.55443325417
2       5.55678813750
4       5.55678815833
1       5.55678827917
2       5.55799809583
4       5.55799809583
1       5.55799823333
2       5.55999006250
4       5.55999007917
1       5.55999020000
2       5.56168757083
4       5.56168758750
1       5.56168770833
2       5.57211825417
4       5.57211827083
1       5.57211839167
2       5.57655435417
4       5.57655437500
1       5.57655449583
2       5.60415135000
4       5.60415137083
1       5.60415149167
2       5.60665183333
4       5.60665185417
1       5.60665197500
2       15.88192735000
4       15.88192736667
1       15.88192748750
2       15.88202733750
2       15.88330632917
4       15.88330635000
1       15.88330647083
2       15.88793050417
4       15.88793052500
1       15.88793064583
2       15.88862740833
4       15.88862742500
1       15.88862754583
2       15.88888041667
4       15.88888041667
1       15.88888055417
2       15.89007357500
4       15.89007357500
1       15.89007371250
2       15.89036749167
4       15.89036751250
1       15.89036763333
2       15.89521888333
4       15.89521890000
1       15.89521902083
2       15.89738904167
4       15.89738905833
1       15.89738917917
2       15.89789658750
4       15.89789658750
1       15.89789672500
2       15.89910876667
4       15.89910878750
1       15.89910890833
2       15.90040255417
4       15.90040257500
1       15.90040269583
2       15.90123634167
4       15.90123636250
1       15.90123648333
2       15.90178276667
4       15.90178278750
1       15.90178290833
2       15.90225911250
4       15.90225913333
1       15.90225925417
2       15.90312494583
4       15.90312494583
1       15.90312508333
2       15.90601095000
4       15.90601097083
1       15.90601109167
2       15.90820640000
4       15.90820641667
1       15.90820653750
2       15.90852570417
4       15.90852572500
1       15.90852584583
2       15.90926788750
4       15.90926790833
1       15.90926802500
2       15.90932484167
2       15.90960377083
4       15.90960379167
1       15.90960391250
2       15.91013837917
4       15.91013839583
1       15.91013851667
2       15.91014541250
2       15.91046726667
4       15.91046728750
1       15.91046740833
2       15.91054683333
2       15.91061504583
2       15.91079392500
4       15.91079394583
1       15.91079406667
2       15.91242519583
4       15.91242521667
1       15.91242533750
2       15.91264322500
4       15.91264322500
1       15.91264336250
2       15.91293987917
4       15.91293990000
1       15.91294002083
2       15.91482564167
4       15.91482565833
1       15.91482577917
2       15.91546727083
4       15.91546728750
1       15.91546740833
2       15.91619288333
4       15.91619290000
1       15.91619302083
2       15.91745391250
4       15.91745392917
1       15.91745405000
2       15.91761362083
2       15.91768542500
4       15.91768542500
1       15.91768556250
2       15.91816669167
4       15.91816671250
1       15.91816683333
2       15.91837444583
2       15.91844393333
4       15.91844395000
1       15.91844407083
2       15.91891432500
4       15.91891434167
1       15.91891446250
2       15.91905345417
2       15.91924025833
4       15.91924027500
1       15.91924039583
2       15.91974773750
4       15.91974775833
1       15.91974787917
2       15.92033864167
4       15.92033865833
1       15.92033877917
2       15.92088844583
4       15.92088846667
1       15.92088858750
2       15.92106560000
2       15.92147572500
4       15.92147572500
1       15.92147586250
2       15.92174927500
4       15.92174927500
1       15.92174941250
2       15.92191289583
2       15.92224336250
4       15.92224337917
1       15.92224350000
2       15.92256050833
4       15.92256050833
1       15.92256064583
2       15.92298242083
4       15.92298244167
1       15.92298256250
2       15.92304500000
2       15.92380359167
4       15.92380360833
1       15.92380372917
2       15.92424706250
4       15.92424708333
1       15.92424720417
2       15.92444612500
2       15.92482767500
4       15.92482769583
1       15.92482781250
2       15.92489897500
2       15.92504329583
4       15.92504329583
1       15.92504343333
2       15.92564356250
4       15.92564357917
1       15.92564370000
2       15.92613909167
4       15.92613911250
1       15.92613923333
2       15.92630861667
2       15.92646462917
4       15.92646465000
1       15.92646477083
2       15.92655477500
2       15.92675043750
4       15.92675045833
1       15.92675057917
2       15.92722616667
4       15.92722616667
1       15.92722630417
2       15.92806415417
4       15.92806417500
1       15.92806429583
2       15.92808694583
2       15.92862396667
4       15.92862398750
1       15.92862410833
2       15.92866830000
2       15.92869748750
2       15.92875578333
2       15.92898664167
4       15.92898666250
1       15.92898678333
2       15.92903060000
2       15.92908632917
2       15.92967252500
4       15.92967254167
1       15.92967266250
2       15.93012836250
4       15.93012837917
1       15.93012850000
2       15.93110975833
4       15.93110977917
1       15.93110990000
2       15.93132144167
4       15.93132146250
1       15.93132158333
2       15.93150497500
2       15.93165500833
4       15.93165502500
1       15.93165514583
2       15.93167745833
2       15.93197466250
4       15.93197467917
1       15.93197480000
2       15.93205284583
2       15.93228704583
4       15.93228704583
1       15.93228718333
2       15.93233797083
2       15.93236647917
2       15.93276959167
4       15.93276960833
1       15.93276972917
2       15.93278511667
2       15.93291467083
2       15.93299239167
4       15.93299240833
1       15.93299252917
2       15.93302598333
2       15.93307623750
2       15.93311630000
2       15.93329428750
4       15.93329430833
1       15.93329442917
2       15.93338700417
2       15.93350150417
4       15.93350152083
1       15.93350164167
2       15.93397253750
4       15.93397253750
1       15.93397267500
2       15.93411066667
2       15.93423861250
4       15.93423863333
1       15.93423875417
2       15.93430738333
2       15.93434856250
2       15.93455555833
4       15.93455557917
1       15.93455570000
2       15.93456347083
2       15.93475098750
4       15.93475098750
1       15.93475112500
2       15.93492417083
2       15.93523687500
4       15.93523689583
1       15.93523701667
2       15.93528593333
2       15.93543766667
4       15.93543766667
1       15.93543780417
2       15.93554291250
2       15.93582087083
4       15.93582088750
1       15.93582100833
2       15.93586819167
2       15.93596293750
2       15.93603340000
4       15.93603341667
1       15.93603353750
2       15.93620576667
2       15.93623484583
4       15.93623484583
1       15.93623498333
2       15.93632568750
2       15.93644486667
2       15.93646439583
4       15.93646441667
1       15.93646453750
2       15.93662073333
2       15.93667512500
4       15.93667514583
1       15.93667526250
2       15.93670922083
2       15.93701953750
4       15.93701955833
1       15.93701967917
2       15.93721590833
4       15.93721592917
1       15.93721605000
2       15.93724574583
2       15.93735706667
2       15.93760005833
4       15.93760007917
1       15.93760019583
2       15.93781449167
4       15.93781450833
1       15.93781462917
2       15.93801157917
4       15.93801160000
1       15.93801171667
2       15.93802384167
2       15.93809967917
2       15.93818310833
2       15.93837693750
4       15.93837693750
1       15.93837707500
2       15.93841272917
2       15.93873496250
4       15.93873498333
1       15.93873510417
2       15.93875342083
2       15.93881913333
2       15.93907877083
4       15.93907879167
1       15.93907891250
2       15.93908705000
2       15.93923251250
2       15.93933682917
4       15.93933684583
1       15.93933696667
2       15.93946302917
2       15.93950906250
2       15.93958764583
4       15.93958766667
1       15.93958778750
2       15.93965936667
2       15.93977637917
4       15.93977639583
1       15.93977651667
2       15.93983201250
2       15.93983499167
2       15.93996250000
4       15.93996252083
1       15.93996263750
2       15.94007617083
2       15.94021262917
4       15.94021264583
1       15.94021276667
2       15.94021519583
2       15.94023150417
2       15.94023452083
2       15.94045144167
4       15.94045145833
1       15.94045157917
2       15.94055972500
2       15.94062761250
4       15.94062763333
1       15.94062775000
2       15.94065847917
2       15.94079495000
2       15.94095620417
4       15.94095622500
1       15.94095634583
2       15.94096565833
2       15.94105463750
2       15.94138181250
4       15.94138182917
1       15.94138195000
2       15.94143845000
2       15.94144743333
2       15.94147924583
2       15.94150769167
2       15.94187975833
4       15.94187977917
1       15.94187989583
2       15.94203597500
2       15.94211815000
4       15.94211816667
1       15.94211828750
2       15.94211919167
2       15.94223739167
2       15.94238176250
4       15.94238177917
1       15.94238190000
2       15.94239037917
2       15.94261172083
4       15.94261174167
1       15.94261185833
2       15.94266230000
2       15.94266568750
2       15.94287697083
4       15.94287699167
1       15.94287711250
2       15.94299920000
2       15.94312810833
4       15.94312812917
1       15.94312825000
2       15.94318070833
2       15.94325847917
2       15.94331891250
2       15.94333740000
4       15.94333741667
1       15.94333753750
2       15.94352525000
4       15.94352527083
1       15.94352539167
2       15.94360040417
2       15.94366237500
2       15.94368486250
2       15.94368649167
2       15.94379910417
4       15.94379912083
1       15.94379924167
2       15.94386862500
2       15.94388824167
2       15.94389752083
2       15.94412773333
4       15.94412775417
1       15.94412787083
2       15.94413333333
2       15.94418834583
2       15.94437212500
4       15.94437214583
1       15.94437226667
2       15.94453452917
2       15.94461034583
4       15.94461036667
1       15.94461048750
2       15.94471466250
2       15.94492162083
4       15.94492163750
1       15.94492175833
2       15.94496310833
2       15.94497432083
2       15.94514813750
4       15.94514813750
1       15.94514827500
2       15.94515720000
2       15.94527802917
2       15.94538339167
4       15.94538340833
1       15.94538352917
2       15.94540529583
2       15.94551088333
2       15.94553977500
2       15.94556193333
2       15.94562253333
4       15.94562255000
1       15.94562267083
2       15.94585047083
4       15.94585048750
1       15.94585060833
2       15.94592798750
2       15.94601143333
2       15.94611377083
4       15.94611379167
1       15.94611391250
2       15.94622960417
2       15.94622977083
2       15.94624196250
2       15.94640650833
4       15.94640652500
1       15.94640664583
2       15.94641154583
2       15.94641618750
2       15.94648203750
2       15.94651621667
2       15.94660360000
4       15.94660361667
1       15.94660373750
2       15.94660592917
2       15.94662523750
2       15.94668017083
2       15.94674832917
2       15.94675470000
2       15.94679079583
2       15.94684545000
4       15.94684547083
1       15.94684559167
2       15.94704745000
4       15.94704747083
1       15.94704759167
2       15.94706932083
2       15.94713025417
2       15.94726010000
4       15.94726012083
1       15.94726024167
2       15.94738003333
2       15.94740923750
2       15.94742840417
2       15.94748235417
4       15.94748237083
1       15.94748249167
2       15.94750749167
2       15.94771749167
4       15.94771751250
1       15.94771762917
2       15.94774901667
2       15.94781784167
2       15.94782418750
2       15.94783676250
2       15.94793746250
4       15.94793748333
1       15.94793760000
2       15.94796203333
2       15.94814110000
4       15.94814111667
1       15.94814123750
2       15.94815126250
2       15.94827295833
2       15.94830056250
2       15.94835479583
4       15.94835481667
1       15.94835493333
2       15.94839327083
2       15.94839515833
2       15.94852040833
2       15.94864334583
4       15.94864336667
1       15.94864348750
2       15.94895107500
4       15.94895109583
1       15.94895121667
2       15.94898216667
2       15.94923622917
4       15.94923625000
1       15.94923637083
2       15.94929647917
2       15.94932202500
2       15.94933493750
2       15.94940581667
2       15.94948366250
4       15.94948368333
1       15.94948380417
2       15.94962956667
2       15.94980625417
4       15.94980627500
1       15.94980639583
2       15.94981291250
2       15.94982084583
2       15.94985930417
2       15.94992887083
2       15.95011731667
4       15.95011733750
1       15.95011745833
2       15.95012698750
2       15.95015473750
2       15.95016997917
2       15.95032930833
4       15.95032932917
1       15.95032945000
2       15.95035810417
2       15.95037268750
2       15.95038153333
2       15.95038394167
2       15.95041670833
2       15.95041904583
2       15.95042534583
2       15.95043596667
2       15.95044186250
2       15.95044260000
2       15.95066842917
4       15.95066845000
1       15.95066856667
2       15.95072579583
2       15.95078311667
2       15.95086750000
4       15.95086752083
1       15.95086764167
2       15.95097641667
2       15.95100792083
2       15.95120145000
4       15.95120147083
1       15.95120159167
2       15.95135014167
2       15.95140316250
4       15.95140318333
1       15.95140330417
2       15.95143425833
2       15.95147831667
2       15.95150384583
2       15.95157433333
2       15.95167506250
4       15.95167508333
1       15.95167520417
2       15.95177255000
2       15.95181980417
2       15.95184296667
2       15.95212485000
4       15.95212486667
1       15.95212498750
2       15.95214508333
2       15.95219577917
2       15.95225639583
2       15.95229053333
2       15.95242828750
4       15.95242828750
1       15.95242842500
2       15.95248993750
2       15.95281253750
4       15.95281253750
1       15.95281267500
2       15.95289397083
2       15.95289737083
2       15.95297183750
2       15.95306065000
4       15.95306067083
1       15.95306079167
2       15.95307885000
2       15.95317487500
2       15.95322486667
2       15.95325632917
4       15.95325634583
1       15.95325646667
2       15.95328548333
2       15.95338219583
2       15.95340764167
2       15.95358952917
4       15.95358955000
1       15.95358967083
2       15.95371970833
2       15.95382016667
4       15.95382018750
1       15.95382030417
2       15.95393871250
2       15.95407587083
4       15.95407589167
1       15.95407601250
2       15.95408868750
2       15.95413880417
2       15.95418310000
2       15.95421129167
2       15.95421689167
2       15.95427819167
4       15.95427821250
1       15.95427833333
2       15.95434474167
2       15.95445801667
4       15.95445803750
1       15.95445815833
2       15.95450439583
2       15.95463694167
4       15.95463695833
1       15.95463707917
2       15.95466769167
2       15.95471681667
2       15.95488632500
4       15.95488634167
1       15.95488646250
2       15.95499135833
2       15.95504098333
2       15.95509038750
4       15.95509040833
1       15.95509052917
2       15.95514706667
2       15.95515930000
2       15.95532883750
4       15.95532883750
1       15.95532897500
2       15.95534110417
2       15.95534772083
2       15.95536825000
2       15.95538280833
2       15.95555448333
4       15.95555450417
1       15.95555462500
2       15.95556961250
2       15.95586965000
4       15.95586967083
1       15.95586979167
2       15.95600820000
2       15.95601648750
2       15.95623009583
4       15.95623009583
1       15.95623023333
2       15.95627458333
2       15.95632258333
2       15.95637910000
2       15.95653017917
4       15.95653020000
1       15.95653032083
2       15.95654745417
2       15.95669222083
2       15.95672095000
4       15.95672097083
1       15.95672109167
2       15.95681965833
2       15.95691175417
2       15.95701245833
4       15.95701247917
1       15.95701260000
2       15.95708798333
2       15.95709227083
2       15.95714893333
2       15.95716777917
2       15.95719065417
2       15.95731360417
4       15.95731362500
1       15.95731374583
2       15.95733374167
2       15.95733576667
2       15.95736096250
2       15.95738610000
2       15.95745964583
2       15.95754194583
4       15.95754194583
1       15.95754208333
2       15.95761219583
2       15.95761770000
2       15.95767525000
2       15.95771920833
2       15.95795717083
4       15.95795719167
1       15.95795731250
2       15.95796669583
2       15.95800449583
2       15.95802568750
2       15.95802728750
2       15.95805915000
2       15.95809258750
2       15.95815549583
4       15.95815551667
1       15.95815563750
2       15.95815750833
2       15.95821415833
2       15.95821916250
2       15.95823933750
2       15.95825816667
2       15.95829592500
2       15.95833207917
4       15.95833210000
1       15.95833222083
2       15.95835595417
2       15.95839862083
2       15.95841823333
2       15.95846785000
2       15.95854332083
4       15.95854334167
1       15.95854346250
2       15.95854375833
2       15.95875340000
4       15.95875342083
1       15.95875353750
2       15.95883000833
2       15.95884150833
2       15.95890837917
2       15.95891934583
2       15.95892961667
4       15.95892963750
1       15.95892975833
2       15.95903457500
2       15.95912480000
4       15.95912482083
1       15.95912494167
2       15.95918723333
2       15.95922408750
2       15.95925454167
2       15.95927107917
2       15.95929856667
2       15.95929893333
2       15.95934566667
4       15.95934568750
1       15.95934580417
2       15.95969345000
4       15.95969347083
1       15.95969359167
2       15.95969740000
2       15.95972260417
2       15.95979518333
2       15.95988730000
4       15.95988732083
1       15.95988744167
2       15.95988856250
2       15.95991105000
2       15.95995115417
2       15.95998854167
2       15.96004322083
2       15.96016742917
4       15.96016744583
1       15.96016756667
2       15.96022210833
2       15.96046322083
4       15.96046323750
1       15.96046335833
2       15.96057384167
2       15.96058582917
2       15.96060295417
2       15.96070202917
4       15.96070205000
1       15.96070216667
2       15.96072883333
2       15.96074610833
2       15.96076656250
2       15.96076730417
2       15.96078978750
2       15.96080935000
2       15.96106275000
4       15.96106276667
1       15.96106288750
2       15.96124327500
2       15.96127833750
4       15.96127835833
1       15.96127847500
2       15.96140295417
2       15.96153311250
4       15.96153313333
1       15.96153325417
2       15.96154964167
2       15.96159299583
2       15.96182622917
4       15.96182624583
1       15.96182636667
2       15.96192038333
2       15.96192654167
2       15.96202632500
4       15.96202634583
1       15.96202646667
2       15.96207329583
2       15.96217965000
2       15.96223021667
4       15.96223023750
1       15.96223035833
2       15.96226872083
2       15.96231873750
2       15.96235197083
2       15.96235215833
2       15.96239262083
2       15.96242136667
4       15.96242136667
1       15.96242150417
2       15.96242215000
2       15.96246023333
2       15.96266789167
4       15.96266791250
1       15.96266803333
2       15.96280297083
2       15.96287455000
4       15.96287456667
1       15.96287468750
2       15.96296039167
2       15.96307152500
4       15.96307154583
1       15.96307166667
2       15.96318930000
2       15.96325210000
4       15.96325212083
1       15.96325224167
2       15.96331742917
2       15.96336146667
2       15.96340282500
2       15.96347871250
4       15.96347873333
1       15.96347885417
2       15.96391687083
4       15.96391689167
1       15.96391701250
2       15.96410567917
4       15.96410569583
1       15.96410581667
2       15.96412028333
2       15.96414321250
2       15.96427436250
2       15.96428625417
4       15.96428627083
1       15.96428639167
2       15.96429880000
2       15.96448526667
4       15.96448526667
1       15.96448540417
2       15.96449986667
2       15.96451049167
2       15.96455454583
2       15.96460284167
2       15.96461890000
2       15.96469299583
4       15.96469301667
1       15.96469313750
2       15.96469567917
2       15.96489575000
4       15.96489576667
1       15.96489588750
2       15.96511895833
4       15.96511895833
1       15.96511909583
2       15.96512988750
2       15.96517289167
2       15.96520239167
2       15.96528419583
2       15.96536647083
4       15.96536648750
1       15.96536660833
2       15.96538526250
2       15.96539550833
2       15.96539945417
2       15.96543234167
2       15.96546743333
2       15.96558666667
4       15.96558666667
1       15.96558680417
2       15.96579469583
4       15.96579471667
1       15.96579483333
2       15.96584628750
2       15.96589468750
2       15.96612087083
4       15.96612089167
1       15.96612100833
2       15.96619320833
2       15.96622462083
2       15.96622788750
2       15.96632565417
4       15.96632567083
1       15.96632579167
2       15.96639256250
2       15.96641511250
2       15.96662727917
4       15.96662729583
1       15.96662741667
2       15.96674195000
2       15.96675691250
2       15.96683404583
4       15.96683404583
1       15.96683418333
2       15.96700593333
2       15.96700626250
2       15.96717783333
4       15.96717785000
1       15.96717797083
2       15.96720732917
2       15.96734882500
2       15.96736375000
2       15.96750978750
4       15.96750978750
1       15.96750992500
2       15.96762930833
2       15.96765649583
2       15.96770321667
4       15.96770323750
1       15.96770335833
2       15.96772637917
2       15.96802582083
4       15.96802583750
1       15.96802595833
2       15.96812754167
2       15.96827487083
4       15.96827488750
1       15.96827500833
2       15.96835270833
2       15.96841567083
2       15.96850116667
4       15.96850118750
1       15.96850130417
2       15.96852764167
2       15.96858320833
2       15.96859618333
2       15.96861446250
2       15.96890255833
4       15.96890257917
1       15.96890270000
2       15.96899196250
2       15.96902182500
2       15.96914097917
4       15.96914100000
1       15.96914111667
2       15.96917250417
2       15.96920100000
2       15.96920395417
2       15.96927588333
2       15.96941202083
4       15.96941203750
1       15.96941215833
2       15.96941792917
2       15.96957767500
2       15.96975147083
4       15.96975148750
1       15.96975160833
2       15.96979122083
2       15.96981475833
2       15.96984779167
2       15.96984827500
2       15.96988563750
2       15.96995522917
4       15.96995525000
1       15.96995536667
2       15.97009530000
2       15.97010194167
2       15.97024572083
4       15.97024573750
1       15.97024585833
2       15.97026947917
2       15.97028877917
2       15.97029272083
2       15.97032124167
2       15.97044213333
4       15.97044215417
1       15.97044227500
2       15.97049386250
2       15.97058060417
2       15.97066741667
4       15.97066741667
1       15.97066755417
2       15.97068032500
2       15.97077136667
2       15.97077695833
2       15.97079855000
2       15.97081018333
2       15.97082007917
2       15.97087135833
4       15.97087137917
1       15.97087150000
2       15.97087273333
2       15.97087567083
2       15.97090912500
2       15.97101610833
2       15.97104323750
2       15.97121026667
4       15.97121026667
1       15.97121040417
2       15.97138882500
4       15.97138884167
1       15.97138896250
2       15.97142121667
2       15.97146493750
2       15.97149943333
2       15.97154055000
2       15.97159246667
2       15.97171732917
4       15.97171735000
1       15.97171747083
2       15.97176407083
2       15.97180317500
2       15.97189917500
4       15.97189917500
1       15.97189931250
2       15.97198997917
2       15.97199162083
2       15.97200183333
2       15.97204859583
2       15.97212771250
4       15.97212773333
1       15.97212785417
2       15.97217844167
2       15.97218774583
2       15.97219071667
2       15.97225555000
2       15.97227446250
2       15.97230825000
2       15.97233936250
4       15.97233938333
1       15.97233950417
2       15.97237710000
2       15.97242350417
2       15.97245299167
2       15.97250005833
2       15.97260207083
4       15.97260208750
1       15.97260220833
2       15.97275670417
2       15.97277793750
2       15.97289121250
4       15.97289123333
1       15.97289135000
2       15.97293914583
2       15.97297103333
2       15.97297535000
2       15.97301054167
2       15.97308829167
4       15.97308830833
1       15.97308842917
2       15.97314238333
2       15.97314327500
2       15.97315590833
2       15.97318073750
2       15.97326842917
2       15.97329631250
4       15.97329633333
1       15.97329645417
2       15.97347218750
2       15.97349340833
4       15.97349342500
1       15.97349354583
2       15.97361890417
2       15.97362513333
2       15.97365902083
2       15.97374045000
4       15.97374046667
1       15.97374058750
2       15.97379942500
2       15.97383953333
2       15.97392200000
4       15.97392202083
1       15.97392214167
2       15.97394022917
2       15.97399849583
2       15.97414626667
4       15.97414626667
1       15.97414640417
2       15.97433438333
4       15.97433440417
1       15.97433452500
2       15.97441582917
2       15.97442051667
2       15.97454544167
4       15.97454545833
1       15.97454557917
2       15.97467991667
2       15.97477989167
4       15.97477991250
1       15.97478002917
2       15.97483787500
2       15.97483888333
2       15.97519190000
4       15.97519192083
1       15.97519203750
2       15.97529022917
2       15.97535751667
2       15.97539131250
4       15.97539133333
1       15.97539145417
2       15.97540984167
2       15.97548327917
2       15.97548733750
2       15.97549536250
2       15.97552310000
2       15.97553010833
2       15.97557849583
4       15.97557851667
1       15.97557863333
2       15.97562412500
2       15.97565961250
2       15.97567648750
2       15.97580342500
4       15.97580344583
1       15.97580356667
2       15.97584840833
2       15.97587361667
2       15.97591528750
2       15.97600377083
4       15.97600378750
1       15.97600390833
2       15.97609583750
2       15.97618196250
4       15.97618197917
1       15.97618210000
2       15.97626178750
2       15.97629465417
2       15.97632033750
2       15.97650895833
4       15.97650897500
1       15.97650909583
2       15.97652144167
2       15.97664925000
2       15.97667915000
2       15.97670206250
4       15.97670208333
1       15.97670220000
2       15.97690733333
4       15.97690735000
1       15.97690747083
2       15.97700173333
2       15.97702259583
2       15.97707564167
2       15.97717235417
4       15.97717237083
1       15.97717249167
2       15.97718261250
2       15.97727864167
2       15.97747172500
4       15.97747174583
1       15.97747186667
2       15.97764235417
4       15.97764237083
1       15.97764249167
2       15.97781592500
2       15.97782420833
4       15.97782430833
1       15.97782442917
2       15.97791401250
2       15.97808722500
4       15.97808724167
1       15.97808736250
2       15.97810342917
2       15.97813161667
2       15.97819748750
2       15.97822266250
2       15.97830284583
4       15.97830284583
1       15.97830298333
2       15.97850625000
4       15.97850627083
1       15.97850639167
2       15.97851180417
2       15.97852703333
2       15.97861950000
2       15.97863635833
2       15.97873406250
4       15.97873407917
1       15.97873420000
2       15.97878077917
2       15.97897860833
4       15.97897862500
1       15.97897874583
2       15.97904042500
2       15.97905012083
2       15.97905106667
2       15.97906434583
2       15.97907433333
2       15.97908847917
2       15.97921072917
4       15.97921074583
1       15.97921086667
2       15.97932995833
2       15.97938597083
4       15.97938599167
1       15.97938610833
2       15.97960885417
4       15.97960887083
1       15.97960899167
2       15.97961112917
2       15.97961217917
2       15.97971781250
2       15.97983443333
4       15.97983445000
1       15.97983457083
2       15.97984938333
2       15.97986022917
2       15.97993342500
2       15.98014577083
4       15.98014578750
1       15.98014590833
2       15.98017757917
2       15.98021965417
2       15.98035775417
4       15.98035777500
1       15.98035789583
2       15.98038882500
2       15.98080529167
4       15.98080531250
1       15.98080543333
2       15.98095467917
2       15.98096390833
2       15.98104968333
4       15.98104970000
1       15.98104982083
2       15.98106926667
2       15.98115340417
2       15.98122159167
2       15.98128648333
4       15.98128650417
1       15.98128662500
2       15.98129814167
2       15.98143123333
2       15.98145211250
2       15.98146537500
4       15.98146539583
1       15.98146551667
2       15.98161315417
2       15.98162632500
2       15.98174530833
4       15.98174532917
1       15.98174545000
2       15.98186543750
2       15.98195360417
4       15.98195362083
1       15.98195374167
2       15.98201824167
2       15.98203935833
2       15.98207982500
2       15.98208386250
2       15.98223445000
4       15.98223446667
1       15.98223458750
2       15.98238386667
2       15.98242361667
4       15.98242361667
1       15.98242375417
2       15.98243783750
2       15.98256170417
2       15.98260483750
4       15.98260483750
1       15.98260497500
2       15.98262769167
2       15.98268957917
2       15.98273792917
2       15.98276019167
2       15.98286288333
4       15.98286290417
1       15.98286302500
2       15.98293966667
2       15.98315727500
4       15.98315727500
1       15.98315741250
2       15.98334945000
4       15.98334947083
1       15.98334959167
2       15.98336728750
2       15.98346133333
2       15.98350470417
2       15.98357874167
4       15.98357876250
1       15.98357888333
2       15.98358714583
2       15.98359188750
2       15.98359522500
2       15.98383762500
4       15.98383762500
1       15.98383776250
2       15.98387442500
2       15.98412212083
4       15.98412214167
1       15.98412225833
2       15.98412647083
2       15.98412842917
2       15.98416424167
2       15.98433809167
4       15.98433810833
1       15.98433822917
2       15.98437457500
2       15.98437820000
2       15.98438011250
2       15.98443322083
2       15.98444070833
2       15.98444705833
2       15.98449542917
2       15.98463818333
4       15.98463820000
1       15.98463832083
2       15.98468621667
2       15.98476210417
2       15.98483796667
4       15.98483798750
1       15.98483810833
2       15.98489390000
2       15.98498632917
2       15.98502120833
4       15.98502122500
1       15.98502134583
2       15.98503210833
2       15.98507082083
2       15.98509763333
2       15.98516682500
2       15.98518141667
2       15.98523769583
4       15.98523771667
1       15.98523783333
2       15.98538314583
2       15.98554947083
4       15.98554949167
1       15.98554961250
2       15.98562395417
2       15.98576670417
4       15.98576672500
1       15.98576684583
2       15.98619104167
4       15.98619105833
1       15.98619117917
2       15.98627422083
2       15.98628678750
2       15.98633277917
2       15.98636619167
2       15.98654442083
4       15.98654444167
1       15.98654455833
2       15.98666469583
2       15.98669339583
2       15.98691140833
4       15.98691142917
1       15.98691155000
2       15.98711482917
2       15.98712537083
2       15.98713669583
4       15.98713669583
1       15.98713683333
2       15.98713702917
2       15.98737747083
4       15.98737748750
1       15.98737760833
2       15.98740530000
2       15.98751859167
2       15.98752225000
2       15.98755765000
2       15.98756169167
2       15.98758390000
2       15.98766423750
4       15.98766425833
1       15.98766437917
2       15.98766697083
2       15.98768747083
2       15.98781335000
2       15.98785308333
2       15.98786368333
2       15.98807766667
4       15.98807766667
1       15.98807780417
2       15.98808191250
2       15.98808237917
2       15.98808593750
2       15.98816265833
2       15.98820820417
2       15.98826285417
2       15.98834560000
4       15.98834562083
1       15.98834574167
2       15.98843889583
2       15.98849173333
2       15.98864150417
4       15.98864152500
1       15.98864164583
2       15.98872154167
2       15.98919860417
4       15.98919862500
1       15.98919874583
2       15.98933834583
2       15.98945032917
4       15.98945035000
1       15.98945047083
2       15.98948107500
2       15.98958145417
2       15.98972886250
4       15.98972887917
1       15.98972900000
2       15.98983083750
2       15.98983120417
2       15.98983947917
2       15.98986895417
2       15.98993621250
2       15.98997830000
4       15.98997831667
1       15.98997843750
2       15.99019000000
4       15.99019001667
1       15.99019013750
2       15.99031579583
2       15.99045585417
4       15.99045587500
1       15.99045599583
2       15.99052381250
2       15.99055889583
2       15.99056716250
2       15.99058803750
2       15.99068977083
4       15.99068979167
1       15.99068990833
2       15.99079965417
2       15.99088379583
4       15.99088379583
1       15.99088393333
2       15.99089641667
2       15.99092435417
2       15.99093222083
2       15.99143963333
4       15.99143965000
1       15.99143977083
2       15.99147015417
2       15.99147109583
2       15.99154864583
2       15.99167285417
4       15.99167287083
1       15.99167299167
2       15.99168652083
2       15.99181922917
2       15.99188324167
4       15.99188326250
1       15.99188338333
2       15.99189946250
2       15.99212900417
4       15.99212902500
1       15.99212914167
2       15.99216640833
2       15.99216732083
2       15.99216906667
2       15.99219322083
2       15.99235217917
4       15.99235219583
1       15.99235231667
2       15.99243796250
2       15.99245789583
2       15.99254468750
4       15.99254468750
1       15.99254482500
2       15.99260820833
2       15.99263970417
2       15.99267506250
2       15.99279211250
4       15.99279212917
1       15.99279225000
2       15.99282984167
2       15.99288712917
2       15.99295238333
2       15.99296032083
4       15.99296033750
1       15.99296045833
2       15.99305665417
2       15.99308851250
2       15.99311092083
2       15.99316468750
4       15.99316470833
1       15.99316482917
2       15.99323718750
2       15.99326826250
2       15.99329252917
2       15.99338134583
4       15.99338134583
1       15.99338148333
2       15.99343137083
2       15.99345085417
2       15.99347939167
2       15.99351017917
2       15.99361654167
4       15.99361656250
1       15.99361667917
2       15.99365095000
2       15.99367110000
2       15.99382620417
4       15.99382622083
1       15.99382634167
2       15.99389803333
2       15.99397861667
2       15.99404708333
4       15.99404710000
1       15.99404722083
2       15.99409778333
2       15.99415137083
2       15.99423300833
4       15.99423302917
1       15.99423315000
2       15.99425279167
2       15.99428191667
2       15.99435674167
2       15.99462245417
4       15.99462247500
1       15.99462259583
2       15.99467412917
2       15.99472942917
2       15.99481221250
4       15.99481223333
1       15.99481235417
2       15.99484167917
2       15.99484832500
2       15.99495460417
2       15.99510402917
4       15.99510404583
1       15.99510416667
2       15.99522164167
2       15.99530542083
4       15.99530543750
1       15.99530555833
2       15.99543093750
2       15.99553120417
4       15.99553122500
1       15.99553134583
2       15.99560318750
2       15.99562740417
2       15.99570422917
2       15.99581092917
4       15.99581095000
1       15.99581107083
2       15.99585225000
2       15.99596786250
2       15.99601726250
4       15.99601727917
1       15.99601740000
2       15.99603508333
2       15.99604102500
2       15.99621723750
4       15.99621725833
1       15.99621737917
2       15.99631792083
2       15.99637459167
2       15.99654252500
4       15.99654254583
1       15.99654266667
2       15.99658367500
2       15.99666802917
2       15.99675848750
4       15.99675850833
1       15.99675862917
2       15.99679230000
2       15.99691347917
2       15.99693039167
2       15.99697747083
4       15.99697748750
1       15.99697760833
2       15.99702282500
2       15.99713869583
2       15.99715274583
4       15.99715274583
1       15.99715288333
2       15.99718842083
2       15.99721360833
2       15.99724749167
2       15.99736336667
4       15.99736338750
1       15.99736350833
2       15.99743351250
2       15.99747034167
2       15.99749445417
2       15.99750543750
2       15.99761469167
4       15.99761471250
1       15.99761483333
2       15.99779095000
4       15.99779097083
1       15.99779108750
2       15.99785949167
2       15.99786145000
2       15.99792872500
2       15.99797744167
4       15.99797745833
1       15.99797757917
2       15.99799792917
2       15.99802517083
2       15.99807578750
2       15.99810460417
2       15.99810995000
2       15.99819304167
4       15.99819305833
1       15.99819317917
2       15.99850840417
4       15.99850842500
1       15.99850854583
2       15.99852685833
2       15.99858908750
2       15.99884515833
4       15.99884517500
1       15.99884529583
2       15.99887512917
2       15.99891911667
2       15.99903506250
4       15.99903508333
1       15.99903520417
2       15.99905198333
2       15.99923109583
2       15.99927944583
4       15.99927946667
1       15.99927958333
2       15.99928612083
2       15.99932981667
2       15.99966300417
4       15.99966302500
1       15.99966314167
2       15.99970108333
2       15.99972533333
2       15.99980483333
2       15.99984192500
2       16.00016250417
4       16.00016252500
1       16.00016264167
2       16.00018736667
2       16.00044141250
4       16.00044143333
1       16.00044155417
2       16.00048511667
2       16.00049804167
2       16.00052357917
2       16.00077065417
4       16.00077067083
1       16.00077079167
2       16.00093622917
2       16.00104092083
4       16.00104093750
1       16.00104105833
2       16.00105547083
2       16.00135791667
4       16.00135791667
1       16.00135805417
2       16.00138310833
2       16.00146992083
2       16.00152580833
2       16.00156796667
4       16.00156796667
1       16.00156810417
2       16.00160300833
2       16.00172364167
2       16.00180483333
4       16.00180485000
1       16.00180497083
2       16.00181067500
2       16.00191839167
2       16.00194748750
2       16.00206279167
4       16.00206280833
1       16.00206292917
2       16.00218969167
2       16.00227610833
4       16.00227612917
1       16.00227624583
2       16.00234130000
2       16.00236019583
2       16.00249576250
4       16.00249577917
1       16.00249590000
2       16.00266101250
2       16.00267232083
4       16.00267233750
1       16.00267245833
2       16.00267487083
2       16.00302007917
4       16.00302010000
1       16.00302021667
2       16.00302695833
2       16.00304027500
2       16.00329788750
4       16.00329790833
1       16.00329802917
2       16.00343007917
2       16.00371087500
4       16.00371089583
1       16.00371101667
2       16.00374385833
2       16.00377760417
2       16.00405650000
4       16.00405652083
1       16.00405664167
2       16.00405941250
2       16.00407039583
2       16.00413062500
2       16.00415744583
2       16.00416175000
2       16.00437805000
4       16.00437807083
1       16.00437818750
2       16.00458374167
4       16.00458376250
1       16.00458388333
2       16.00463411667
2       16.00465263750
2       16.00470234167
2       16.00472372917
2       16.00473675833
2       16.00480244167
4       16.00480246250
1       16.00480258333
2       16.00507173750
4       16.00507175833
1       16.00507187917
2       16.00518464583
2       16.00531052083
4       16.00531054167
1       16.00531066250
2       16.00535082917
2       16.00553804167
4       16.00553806250
1       16.00553818333
2       16.00565760417
2       16.00583249167
4       16.00583250833
1       16.00583262917
2       16.00584244583
2       16.00594240417
2       16.00595805417
2       16.00598916667
2       16.00599676250
2       16.00604182083
4       16.00604183750
1       16.00604195833
2       16.00607260833
2       16.00616304167
2       16.00619790833
2       16.00638507083
4       16.00638509167
1       16.00638521250
2       16.00643725000
2       16.00652539583
2       16.00692851667
4       16.00692851667
1       16.00692865417
2       16.00695529167
2       16.00696198333
2       16.00701533333
2       16.00712990833
4       16.00712992500
1       16.00713004583
2       16.00724915417
2       16.00730116250
2       16.00732663333
2       16.00752171667
4       16.00752173750
1       16.00752185833
2       16.00756155833
2       16.00784502917
4       16.00784504583
1       16.00784516667
2       16.00794734583
2       16.00806100833
4       16.00806102500
1       16.00806114583
2       16.00812157917
2       16.00815048750
2       16.00820641250
2       16.00842458750
4       16.00842460833
1       16.00842472917
2       16.00847672083
2       16.00851642500
2       16.00887883333
4       16.00887885417
1       16.00887897500
2       16.00897713750
2       16.00921300833
4       16.00921302500
1       16.00921314583
2       16.00936379167
2       16.00954821667
4       16.00954823750
1       16.00954835833
2       16.00960486250
2       16.00965683333
2       16.00966942083
2       16.00989801250
4       16.00989802917
1       16.00989815000
2       16.01002952500
2       16.01016996250
4       16.01016997917
1       16.01017010000
2       16.01017788750
2       16.01052963750
4       16.01052963750
1       16.01052977500
2       16.01065153333
2       16.01066142917
2       16.01079560833
4       16.01079562500
1       16.01079574583
2       16.01089825417
2       16.01090289583
2       16.01091509583
2       16.01097180833
2       16.01098779583
2       16.01103670833
4       16.01103672917
1       16.01103685000
2       16.01105826667
2       16.01108444167
2       16.01130507083
4       16.01130509167
1       16.01130521250
2       16.01131970833
2       16.01138285833
2       16.01141433333
2       16.01170580000
4       16.01170582083
1       16.01170594167
2       16.01186547500
2       16.01203732083
4       16.01203733750
1       16.01203745833
2       16.01209971250
2       16.01213850833
2       16.01214478750
2       16.01228022083
4       16.01228023750
1       16.01228035833
2       16.01228083750
2       16.01233710417
2       16.01236662917
2       16.01249910417
4       16.01249912083
1       16.01249924167
2       16.01250075833
2       16.01253024167
2       16.01254515833
2       16.01258921250
2       16.01263490417
2       16.01265015833
2       16.01302971250
4       16.01302973333
1       16.01302985417
2       16.01323415417
4       16.01323417500
1       16.01323429583
2       16.01355770417
4       16.01355772500
1       16.01355784583
2       16.01366935417
2       16.01367133333
2       16.01369684583
2       16.01378461250
2       16.01400760000
4       16.01400761667
1       16.01400773750
2       16.01400950417
2       16.01409263333
2       16.01431128333
4       16.01431130000
1       16.01431142083
2       16.01437974583
2       16.01442420417
2       16.01445564167
2       16.01456464167
4       16.01456466250
1       16.01456478333
2       16.01458189167
2       16.01466101250
2       16.01482897500
4       16.01482899583
1       16.01482911667
2       16.01493867083
2       16.01509931667
4       16.01509933750
1       16.01509945833
2       16.01510820833
2       16.01511845833
2       16.01531589583
2       16.01543907083
4       16.01543909167
1       16.01543921250
2       16.01553384583
2       16.01556729167
2       16.01567623333
4       16.01567625417
1       16.01567637500
2       16.01590716667
4       16.01590718750
1       16.01590730833
2       16.01599226667
2       16.01608537500
4       16.01608539583
1       16.01608551667
2       16.01612410417
2       16.01622145417
2       16.01626617500
2       16.01638839583
4       16.01638839583
1       16.01638853333
2       16.01642986667
2       16.01644170833
2       16.01647712500
2       16.01649871667
2       16.01654870000
2       16.01660572083
4       16.01660574167
1       16.01660586250
2       16.01664703333
2       16.01677128333
2       16.01679037917
2       16.01685611250
4       16.01685613333
1       16.01685625417
2       16.01686632083
2       16.01698093750
2       16.01705646250
4       16.01705647917
1       16.01705660000
2       16.01709889583
2       16.01712301667
2       16.01713005833
2       16.01718798333
2       16.01723035833
2       16.01725032917
4       16.01725035000
1       16.01725046667
2       16.01740925833
2       16.01757650833
4       16.01757652917
1       16.01757665000
2       16.01766065417
2       16.01767285000
2       16.01770866250
2       16.01802765833
4       16.01802767917
1       16.01802780000
2       16.01811150833
2       16.01816340833
2       16.01846585833
4       16.01846587500
1       16.01846599583
2       16.01867710833
4       16.01867712500
1       16.01867724583
2       16.01873611667
2       16.01881792083
2       16.01887457917
4       16.01887460000
1       16.01887471667
2       16.01893948333
2       16.01915182917
4       16.01915185000
1       16.01915197083
2       16.01930448750
2       16.01960332083
4       16.01960333750
1       16.01960345833
2       16.01973780417
2       16.01978508750
2       16.01988781250
4       16.01988783333
1       16.01988795417
2       16.01999043333
2       16.02002267500
2       16.02005372083
2       16.02025086250
4       16.02025088333
1       16.02025100417
2       16.02042869167
4       16.02042871250
1       16.02042883333
2       16.02046879167
2       16.02049559167
2       16.02056289583
2       16.02063771667
4       16.02063771667
1       16.02063785417
2       16.02094245000
4       16.02094246667
1       16.02094258750
2       16.02098845833
2       16.02136012500
4       16.02136014583
1       16.02136026667
2       16.02136910833
2       16.02143632500
2       16.02166179167
4       16.02166180833
1       16.02166192917
2       16.02172674583
2       16.02216309583
4       16.02216311667
1       16.02216323333
2       16.02242369583
4       16.02242371667
1       16.02242383750
2       16.02243900833
2       16.02266877083
4       16.02266879167
1       16.02266891250
2       16.02271389583
2       16.02281423333
2       16.02288865000
4       16.02288866667
1       16.02288878750
2       16.02309580000
4       16.02309582083
1       16.02309594167
2       16.02311398333
2       16.02312097083
2       16.02317530417
2       16.02319905000
2       16.02343426250
4       16.02343427917
1       16.02343440000
2       16.02352039167
2       16.02371350000
4       16.02371351667
1       16.02371363750
2       16.02379099167
2       16.02381417917
2       16.02382409167
2       16.02391485833
4       16.02391487917
1       16.02391500000
2       16.02421034167
4       16.02421035833
1       16.02421047917
2       16.02437499167
2       16.02437733333
2       16.02439586667
2       16.02455842500
4       16.02455844583
1       16.02455856667
2       16.02462174167
2       16.02466812083
2       16.02471347083
2       16.02475065833
2       16.02482672083
4       16.02482674167
1       16.02482686250
2       16.02483404167
2       16.02486752083
2       16.02496318750
2       16.02503149167
4       16.02503151250
1       16.02503162917
2       16.02506021250
2       16.02516495833
2       16.02520710417
2       16.02526491250
4       16.02526493333
1       16.02526505000
2       16.02526565000
2       16.02533087500
2       16.02535299583
2       16.02556105833
4       16.02556107917
1       16.02556119583
2       16.02596152917
4       16.02596155000
1       16.02596167083
2       16.02607086250
2       16.02631990417
4       16.02631992500
1       16.02632004167
2       16.02689060417
4       16.02689062500
1       16.02689074583
2       16.02699936667
2       16.02705388750
2       16.02711322917
4       16.02711324583
1       16.02711336667
2       16.02719464583
2       16.02727323333
2       16.02795780833
4       16.02795782917
1       16.02795794583
2       16.02806849167
2       16.02807443333
2       16.02832783750
4       16.02832785833
1       16.02832797917
2       16.02836125417
2       16.02840835833
2       16.02842855417
2       16.02851630417
2       16.02856899167
4       16.02856901250
1       16.02856913333
2       16.02858983750
2       16.02862491250
2       16.02914526250
4       16.02914527917
1       16.02914540000
2       16.02923607500
2       16.02926555833
2       16.02933604583
2       16.02953712083
4       16.02953713750
1       16.02953725833
2       16.02954177917
2       16.02960236250
2       16.02960308333
2       16.02997998333
4       16.02998000417
1       16.02998012500
2       16.02998801250
2       16.03010062500
2       16.03023171667
4       16.03023171667
1       16.03023185417
2       16.03026749583
2       16.03060897083
4       16.03060899167
1       16.03060911250
2       16.03069739167
2       16.03073355833
2       16.03100779167
4       16.03100781250
1       16.03100793333
2       16.03107469583
2       16.03122806667
4       16.03122806667
1       16.03122820417
2       16.03127083333
2       16.03134926667
2       16.03148315417
4       16.03148317083
1       16.03148329167
2       16.03151322083
2       16.03154668333
2       16.03165142917
2       16.03166025000
2       16.03177091667
4       16.03177093750
1       16.03177105833
2       16.03186729583
2       16.03196141250
4       16.03196142917
1       16.03196155000
2       16.03197471667
2       16.03205250000
2       16.03211544167
2       16.03213033333
2       16.03222008750
4       16.03222010833
1       16.03222022917
2       16.03223005417
2       16.03243373750
4       16.03243375833
1       16.03243387917
2       16.03244001667
2       16.03258079167
2       16.03258470417
2       16.03260556667
2       16.03260893750
2       16.03267355000
4       16.03267356667
1       16.03267368750
2       16.03269568750
2       16.03275474167
2       16.03276487500
2       16.03276922917
2       16.03282656250
2       16.03284382083
2       16.03295182500
4       16.03295184583
1       16.03295196667
2       16.03297895417
2       16.03307303750
2       16.03342081250
4       16.03342083333
1       16.03342095417
2       16.03364238333
4       16.03364240417
1       16.03364252083
2       16.03370459583
2       16.03376597500
2       16.03384739583
4       16.03384739583
1       16.03384753333
2       16.03391642917
2       16.03396965417
2       16.03400409583
2       16.03402125833
4       16.03402127917
1       16.03402140000
2       16.03405506250
2       16.03434131250
4       16.03434132917
1       16.03434145000
2       16.03441381250
2       16.03453736667
4       16.03453738750
1       16.03453750833
2       16.03463010833
2       16.03475101667
4       16.03475101667
1       16.03475115417
2       16.03477016250
2       16.03480991667
2       16.03489868333
2       16.03513287083
4       16.03513288750
1       16.03513300833
2       16.03547071250
4       16.03547073333
1       16.03547085417
2       16.03553970000
2       16.03560756667
2       16.03606895833
4       16.03606897917
1       16.03606910000
2       16.03612525000
2       16.03615145833
2       16.03631115000
4       16.03631117083
1       16.03631129167
2       16.03639889167
2       16.03642077917
2       16.03660752083
4       16.03660754167
1       16.03660766250
2       16.03662009167
2       16.03664095833
2       16.03671760417
2       16.03672310000
2       16.03699340833
4       16.03699342500
1       16.03699354583
2       16.03718956667
2       16.03721957083
2       16.03722854583
4       16.03722854583
1       16.03722868333
2       16.03754289583
4       16.03754289583
1       16.03754303333
2       16.03763766250
2       16.03767110417
2       16.03774930417
4       16.03774932083
1       16.03774944167
2       16.03774959167
2       16.03776352500
2       16.03788472083
2       16.03791025000
2       16.03791394583
2       16.03795592500
2       16.03803317917
4       16.03803319583
1       16.03803331667
2       16.03827927083
4       16.03827929167
1       16.03827940833
2       16.03838630833
2       16.03842794583
2       16.03846570417
4       16.03846572500
1       16.03846584583
2       16.03852106667
2       16.03855774583
2       16.03863761667
2       16.03865518750
4       16.03865520833
1       16.03865532917
2       16.03903011667
4       16.03903013750
1       16.03903025833
2       16.03904732500
2       16.03910763333
2       16.03923734167
4       16.03923736250
1       16.03923748333
2       16.03930039167
2       16.03948917500
4       16.03948917500
1       16.03948931250
2       16.03973992917
4       16.03973994583
1       16.03974006667
2       16.03989532917
2       16.03990022917
2       16.04003544167
4       16.04003545833
1       16.04003557917
2       16.04025102500
4       16.04025104583
1       16.04025116667
2       16.04036203750
2       16.04036332917
2       16.04040602917
2       16.04053925000
4       16.04053927083
1       16.04053939167
2       16.04063224167
2       16.04068203333
2       16.04075252500
4       16.04075254583
1       16.04075266250
2       16.04087209583
2       16.04093633333
4       16.04093635000
1       16.04093647083
2       16.04111028750
4       16.04111030833
1       16.04111042917
2       16.04114702500
2       16.04121364583
2       16.04122582917
2       16.04138780833
4       16.04138782917
1       16.04138795000
2       16.04140168750
2       16.04143057500
2       16.04144881667
2       16.04153815417
2       16.04166597500
4       16.04166599167
1       16.04166611250
2       16.04173662917
2       16.04173755833
2       16.04205263750
4       16.04205263750
1       16.04205277500
2       16.04213044167
2       16.04217575833
2       16.04228272917
4       16.04228274583
1       16.04228286667
2       16.04228772500
2       16.04230732083
2       16.04233147083
2       16.04240233750
2       16.04240267083
2       16.04245732500
4       16.04245734583
1       16.04245746667
2       16.04274893333
4       16.04274895417
1       16.04274907500
2       16.04287630000
2       16.04296019583
4       16.04296021667
1       16.04296033750
2       16.04297035833
2       16.04302375833
2       16.04308871250
2       16.04313434167
2       16.04321286667
4       16.04321288750
1       16.04321300833
2       16.04333542500
2       16.04346761667
4       16.04346763750
1       16.04346775833
2       16.04348713333
2       16.04349780833
2       16.04350760417
2       16.04403998333
4       16.04404000417
1       16.04404012500
2       16.04417235417
2       16.04418966250
2       16.04442448750
4       16.04442448750
1       16.04442462500
2       16.04450160417
2       16.04460803750
2       16.04488158750
4       16.04488160833
1       16.04488172917
2       16.04488590417
2       16.04495047083
2       16.04512902083
4       16.04512904167
1       16.04512916250
2       16.04513951250
2       16.04535926667
4       16.04535928750
1       16.04535940833
2       16.04538575417
2       16.04542709583
2       16.04560265000
2       16.04566626250
4       16.04566628333
1       16.04566640417
2       16.04570333750
2       16.04571570000
2       16.04580574583
2       16.04587853750
4       16.04587855833
1       16.04587867917
2       16.04588922500
2       16.04591527917
2       16.04598293750
2       16.04600317917
2       16.04600578333
2       16.04608162917
2       16.04623629583
4       16.04623629583
1       16.04623643333
2       16.04625087500
2       16.04632548333
2       16.04637042917
2       16.04639560000
2       16.04644170833
4       16.04644172500
1       16.04644184583
2       16.04668815833
4       16.04668817917
1       16.04668829583
2       16.04680662917
2       16.04690737083
4       16.04690739167
1       16.04690751250
2       16.04712013333
4       16.04712015417
1       16.04712027500
2       16.04735424167
4       16.04735425833
1       16.04735437917
2       16.04753275417
4       16.04753277083
1       16.04753289167
2       16.04765537500
2       16.04770663333
4       16.04770665417
1       16.04770677500
2       16.04808491250
4       16.04808492917
1       16.04808505000
2       16.04814426667
2       16.04825085417
2       16.04829890833
4       16.04829892917
1       16.04829905000
2       16.04862079167
4       16.04862080833
1       16.04862092917
2       16.04873641250
2       16.04874740417
2       16.04877984167
2       16.04880797083
4       16.04880799167
1       16.04880811250
2       16.04888512917
2       16.04899212083
4       16.04899214167
1       16.04899226250
2       16.04901502083
2       16.04906175417
2       16.04909645000
2       16.04931502083
4       16.04931503750
1       16.04931515833
2       16.04942277083
2       16.04967320833
4       16.04967322500
1       16.04967334583
2       16.04987456250
4       16.04987458333
1       16.04987470417
2       16.04991362917
2       16.04998612500
2       16.05006204167
2       16.05017295833
4       16.05017297500
1       16.05017309583
2       16.05018224583
2       16.05042571250
4       16.05042573333
1       16.05042585417
2       16.05057208750
2       16.05078728750
4       16.05078730833
1       16.05078742917
2       16.05080060833
2       16.05086089167
2       16.05086888333
2       16.05101822083
4       16.05101823750
1       16.05101835833
2       16.05111370417
2       16.05119640417
4       16.05119642500
1       16.05119654167
2       16.05163489583
4       16.05163491667
1       16.05163503750
2       16.05166751667
2       16.05198482500
4       16.05198482500
1       16.05198496250
2       16.05214977500
2       16.05217587500
2       16.05231428333
4       16.05231430000
1       16.05231442083
2       16.05231664583
2       16.05235740833
2       16.05274852917
4       16.05274854583
1       16.05274866667
2       16.05286382500
2       16.05307190833
4       16.05307192500
1       16.05307204583
2       16.05315530417
2       16.05317856667
2       16.05322051667
2       16.05325600000
2       16.05327195833
4       16.05327197500
1       16.05327209583
2       16.05342619167
2       16.05344720833
2       16.05346169583
4       16.05346169583
1       16.05346183333
2       16.05357067917
2       16.05360420000
2       16.05373196250
4       16.05373197917
1       16.05373210000
2       16.05374922500
2       16.05389792083
2       16.05403876250
4       16.05403878333
1       16.05403890417
2       16.05416620000
2       16.05421423333
4       16.05421425417
1       16.05421437500
2       16.05442727083
4       16.05442728750
1       16.05442740833
2       16.05444348333
2       16.05461531667
4       16.05461533750
1       16.05461545833
2       16.05466079583
2       16.05472202500
2       16.05479754167
4       16.05479755833
1       16.05479767917
2       16.05480025417
2       16.05492970833
2       16.05511427083
4       16.05511429167
1       16.05511441250
2       16.05514291250
2       16.05515223750
2       16.05517082500
2       16.05518143750
2       16.05523142500
2       16.05533152083
4       16.05533153750
1       16.05533165833
2       16.05535207500
2       16.05561334167
4       16.05561335833
1       16.05561347917
2       16.05568700000
2       16.05571642500
2       16.05598663750
4       16.05598665833
1       16.05598677917
2       16.05611518333
2       16.05613112500
2       16.05623783750
4       16.05623785833
1       16.05623797500
2       16.05626490417
2       16.05628148333
2       16.05628510000
2       16.05630732917
2       16.05633505000
2       16.05646060417
4       16.05646062500
1       16.05646074583
2       16.05646402083
2       16.05650575833
2       16.05657166250
2       16.05660146667
2       16.05677563333
4       16.05677565417
1       16.05677577083
2       16.05683193750
2       16.05689090833
2       16.05697237083
2       16.05704356250
4       16.05704358333
1       16.05704370417
2       16.05709860833
2       16.05716187500
2       16.05733377083
4       16.05733378750
1       16.05733390833
2       16.05735227917
2       16.05736489583
2       16.05740367917
2       16.05761697083
4       16.05761699167
1       16.05761711250
2       16.05767895000
2       16.05771930417
2       16.05777162083
2       16.05795607500
4       16.05795609583
1       16.05795621667
2       16.05813424167
2       16.05814490833
4       16.05814492917
1       16.05814505000
2       16.05825423333
2       16.05827088750
2       16.05852880833
4       16.05852882917
1       16.05852895000
2       16.05886898750
4       16.05886900833
1       16.05886912917
2       16.05892296667
2       16.05904530417
2       16.05913892500
4       16.05913894583
1       16.05913906667
2       16.05915724167
2       16.05943471667
4       16.05943471667
1       16.05943485417
2       16.05943704167
2       16.05952619583
2       16.05971197917
4       16.05971200000
1       16.05971212083
2       16.05979252083
2       16.05991967083
4       16.05991969167
1       16.05991981250
2       16.05993128333
2       16.06013304583
4       16.06013306667
1       16.06013318750
2       16.06017068750
2       16.06025588333
2       16.06040332500
4       16.06040332500
1       16.06040346250
2       16.06040387500
2       16.06053796667
2       16.06055262917
2       16.06055329167
2       16.06062225000
4       16.06062227083
1       16.06062239167
2       16.06071431667
2       16.06072647083
2       16.06076261667
2       16.06085341667
4       16.06085343750
1       16.06085355833
2       16.06094356667
2       16.06095320417
2       16.06098958333
2       16.06109815833
4       16.06109817500
1       16.06109829583
2       16.06115518750
2       16.06126518750
4       16.06126520833
1       16.06126532917
2       16.06128892500
2       16.06129757500
2       16.06130815833
2       16.06138755417
2       16.06155488333
4       16.06155490417
1       16.06155502500
2       16.06157317500
2       16.06161386250
2       16.06173646667
2       16.06185139583
4       16.06185141667
1       16.06185153750
2       16.06197095417
2       16.06197454583
2       16.06214752083
4       16.06214753750
1       16.06214765833
2       16.06228490833
2       16.06232904167
2       16.06238200000
4       16.06238201667
1       16.06238213750
2       16.06258076667
4       16.06258078750
1       16.06258090833
2       16.06288477917
4       16.06288480000
1       16.06288492083
2       16.06292685417
2       16.06293513750
2       16.06318057500
4       16.06318059583
1       16.06318071667
2       16.06323718750
2       16.06327708333
2       16.06336540417
2       16.06339058750
4       16.06339058750
1       16.06339072500
2       16.06341105000
2       16.06341609167
2       16.06346480833
2       16.06359590000
4       16.06359591667
1       16.06359603750
2       16.06369103333
2       16.06379640000
4       16.06379641667
1       16.06379653750
2       16.06392658750
2       16.06404480000
4       16.06404481667
1       16.06404493750
2       16.06420612917
2       16.06422336667
2       16.06424552083
4       16.06424553750
1       16.06424565833
2       16.06441541667
4       16.06441543750
1       16.06441555833
2       16.06455202500
2       16.06461551250
4       16.06461552917
1       16.06461565000
2       16.06476585000
2       16.06480727917
2       16.06484434167
4       16.06484436250
1       16.06484448333
2       16.06490882917
2       16.06492137083
2       16.06522755000
4       16.06522756667
1       16.06522768750
2       16.06533029167
2       16.06548796250
4       16.06548797917
1       16.06548810000
2       16.06556910000
2       16.06561541667
2       16.06600584167
4       16.06600585833
1       16.06600597917
2       16.06602680417
2       16.06609311667
2       16.06629707500
4       16.06629709583
1       16.06629721667
2       16.06648400000
2       16.06705769583
4       16.06705771667
1       16.06705783750
2       16.06714868750
2       16.06733549583
4       16.06733549583
1       16.06733563333
2       16.06737262083
2       16.06767964167
4       16.06767965833
1       16.06767977917
2       16.06782836667
2       16.06783664583
2       16.06786712083
4       16.06786713750
1       16.06786725833
2       16.06803009167
2       16.06811967500
4       16.06811969583
1       16.06811981667
2       16.06835972083
4       16.06835974167
1       16.06835986250
2       16.06837126667
2       16.06839447083
2       16.06844905417
2       16.06850314167
2       16.06871777500
4       16.06871779583
1       16.06871791250
2       16.06873430000
2       16.06888725833
2       16.06901541667
4       16.06901543750
1       16.06901555833
2       16.06905514583
2       16.06906383333
2       16.06906754167
2       16.06918305833
2       16.06922514583
4       16.06922514583
1       16.06922528333
2       16.06932848333
2       16.06941864583
2       16.06942126250
2       16.06950870417
4       16.06950872083
1       16.06950884167
2       16.06960644167
2       16.06984621250
4       16.06984623333
1       16.06984635417
2       16.06985447917
2       16.06995282500
2       16.07003498333
4       16.07003500000
1       16.07003512083
2       16.07063555000
4       16.07063557083
1       16.07063569167
2       16.07094990417
4       16.07094992500
1       16.07095004167
2       16.07102773333
2       16.07107506250
2       16.07111055833
2       16.07125792917
4       16.07125794583
1       16.07125806667
2       16.07149701667
4       16.07149701667
1       16.07149715417
2       16.07153282917
2       16.07161105833
2       16.07170435000
4       16.07170436667
1       16.07170448750
2       16.07174915417
2       16.07182757083
2       16.07195578333
4       16.07195580000
1       16.07195592083
2       16.07206904583
2       16.07215321667
2       16.07220749167
4       16.07220750833
1       16.07220762917
2       16.07224195000
2       16.07226683333
2       16.07227277917
2       16.07234605417
2       16.07241723750
4       16.07241725833
1       16.07241737917
2       16.07262158750
4       16.07262160833
1       16.07262172917
2       16.07265995833
2       16.07271295417
2       16.07290581667
4       16.07290581667
1       16.07290595417
2       16.07292483333
2       16.07298821667
2       16.07309452500
2       16.07316146250
4       16.07316147917
1       16.07316160000
2       16.07324987083
2       16.07325420417
2       16.07342945417
4       16.07342947500
1       16.07342959167
2       16.07345659167
2       16.07346250000
2       16.07355669583
2       16.07365505000
4       16.07365506667
1       16.07365518750
2       16.07370102500
2       16.07375137917
2       16.07380313750
2       16.07383726250
4       16.07383727917
1       16.07383740000
2       16.07389780833
2       16.07435226250
4       16.07435228333
1       16.07435240417
2       16.07448600833
2       16.07452075417
2       16.07460267500
4       16.07460269583
1       16.07460281250
2       16.07466793333
2       16.07477556250
2       16.07486830833
4       16.07486830833
1       16.07486844583
2       16.07489479583
2       16.07498989583
2       16.07501995417
2       16.07519325000
4       16.07519326667
1       16.07519338750
2       16.07540489583
4       16.07540491667
1       16.07540503750
2       16.07545220833
2       16.07546083333
2       16.07557373750
4       16.07557373750
1       16.07557387500
2       16.07562845000
2       16.07565198333
2       16.07575498333
4       16.07575500417
1       16.07575512500
2       16.07580464583
2       16.07588286667
2       16.07597458333
4       16.07597460000
1       16.07597472083
2       16.07604773333
2       16.07653398750
4       16.07653398750
1       16.07653412500
2       16.07654760833
2       16.07702156250
4       16.07702158333
1       16.07702170417
2       16.07712786667
2       16.07716402083
2       16.07746907083
4       16.07746908750
1       16.07746920833
2       16.07754987917
2       16.07756214167
2       16.07758407917
2       16.07761947500
2       16.07768598750
4       16.07768600833
1       16.07768612917
2       16.07781585000
2       16.07783904167
2       16.07785360000
2       16.07805303750
4       16.07805303750
1       16.07805317500
2       16.07825405417
2       16.07832365000
4       16.07832367083
1       16.07832378750
2       16.07845679167
2       16.07848596667
2       16.07851839583
2       16.07886683750
4       16.07886685833
1       16.07886697917
2       16.07895029583
2       16.07904737500
2       16.07926926667
4       16.07926928750
1       16.07926940833
2       16.07930272917
2       16.07937627083
2       16.07952404583
4       16.07952404583
1       16.07952418333
2       16.08002655000
4       16.08002656667
1       16.08002668750
2       16.08022785417
4       16.08022787083
1       16.08022799167
2       16.08026606250
2       16.08051480833
4       16.08051482917
1       16.08051494583
2       16.08056508333
2       16.08063863750
2       16.08101420417
4       16.08101422083
1       16.08101434167
2       16.08122195417
2       16.08130274583
4       16.08130276667
1       16.08130288333
2       16.08148018333
2       16.08169617083
4       16.08169618750
1       16.08169630833
2       16.08194893750
4       16.08194895833
1       16.08194907917
2       16.08198100417
2       16.08205096250
2       16.08218897917
4       16.08218899583
1       16.08218911667
2       16.08230672083
2       16.08235240417
2       16.08241096250
4       16.08241098333
1       16.08241110417
2       16.08243412917
2       16.08252853750
2       16.08253660833
2       16.08267004167
4       16.08267006250
1       16.08267018333
2       16.08274320833
2       16.08284125000
2       16.08309532083
4       16.08309533750
1       16.08309545833
2       16.08312642500
2       16.08325860000
2       16.08330892917
4       16.08330894583
1       16.08330906667
2       16.08334635000
2       16.08340437500
2       16.08346265833
2       16.08346301667
2       16.08358818333
4       16.08358820000
1       16.08358832083
2       16.08363884583
2       16.08373025417
2       16.08373887500
2       16.08381035417
4       16.08381037500
1       16.08381049583
2       16.08381205417
2       16.08394381250
2       16.08412040000
4       16.08412042083
1       16.08412054167
2       16.08415225000
2       16.08418174583
2       16.08441460833
4       16.08441462917
1       16.08441475000
2       16.08445472500
2       16.08474349167
4       16.08474350833
1       16.08474362917
2       16.08474818333
2       16.08479976250
2       16.08532748750
4       16.08532748750
1       16.08532762500
2       16.08536885417
2       16.08544239583
2       16.08551918750
4       16.08551918750
1       16.08551932500
2       16.08575440000
4       16.08575442083
1       16.08575454167
2       16.08582788750
2       16.08588092083
2       16.08590146250
2       16.08591905833
2       16.08601475000
4       16.08601477083
1       16.08601489167
2       16.08615085000
2       16.08644538333
4       16.08644540000
1       16.08644552083
2       16.08657594167
2       16.08664177917
4       16.08664179583
1       16.08664191667
2       16.08671435833
2       16.08676565833
2       16.08678290833
2       16.08692879167
4       16.08692881250
1       16.08692893333
2       16.08698323333
2       16.08704187500
2       16.08711375000
2       16.08721608333
4       16.08721610417
1       16.08721622500
2       16.08740092500
4       16.08740092500
1       16.08740106250
2       16.08743842083
2       16.08747587500
2       16.08766724167
4       16.08766726250
1       16.08766738333
2       16.08768172083
2       16.08770637500
2       16.08779471667
2       16.08788122083
4       16.08788124167
1       16.08788136250
2       16.08795638750
2       16.08813689167
4       16.08813691250
1       16.08813702917
2       16.08813887500
2       16.08818372500
2       16.08818796250
2       16.08819784583
2       16.08823570000
2       16.08836182500
4       16.08836182500
1       16.08836196250
2       16.08839898333
2       16.08860194583
4       16.08860196667
1       16.08860208750
2       16.08866813333
2       16.08875402083
2       16.08881425000
4       16.08881427083
1       16.08881439167
2       16.08886062500
2       16.08895341250
2       16.08925709583
4       16.08925709583
1       16.08925723333
2       16.08942705417
2       16.08947670833
4       16.08947672500
1       16.08947684583
2       16.08956680833
2       16.08958042083
2       16.09013985000
4       16.09013987083
1       16.09013999167
2       16.09014844167
2       16.09038072500
4       16.09038074583
1       16.09038086250
2       16.09046940417
2       16.09060554583
4       16.09060554583
1       16.09060568333
2       16.09063415417
2       16.09065427083
2       16.09066324167
2       16.09096530000
4       16.09096532083
1       16.09096543750
2       16.09107359583
2       16.09109211250
2       16.09114084583
2       16.09116334583
2       16.09141703750
4       16.09141705833
1       16.09141717917
2       16.09143233333
2       16.09161154167
2       16.09166155417
4       16.09166157083
1       16.09166169167
2       16.09175291250
2       16.09199144583
4       16.09199146667
1       16.09199158750
2       16.09225011250
4       16.09225013333
1       16.09225025417
2       16.09226033333
2       16.09255319167
4       16.09255321250
1       16.09255333333
2       16.09258071667
2       16.09259392500
2       16.09266744167
2       16.09267341667
2       16.09270560000
2       16.09302144167
4       16.09302145833
1       16.09302157917
2       16.09361803333
4       16.09361805000
1       16.09361817083
2       16.09362205833
2       16.09364454583
2       16.09397087500
4       16.09397089583
1       16.09397101667
2       16.09415965833
2       16.09432727083
4       16.09432729167
1       16.09432741250
2       16.09488435417
4       16.09488437083
1       16.09488449167
2       16.09492377917
2       16.09500425833
2       16.09526032500
4       16.09526032500
1       16.09526046250
2       16.09546067083
2       16.09547094167
2       16.09549947083
4       16.09549949167
1       16.09549960833
2       16.09553326250
2       16.09554815833
2       16.09557567917
2       16.09569818333
2       16.09584526667
4       16.09584526667
1       16.09584540417
2       16.09586147500
2       16.09597485417
2       16.09599234583
2       16.09628277083
4       16.09628278750
1       16.09628290833
2       16.09628947917
2       16.09629570833
2       16.09639475417
2       16.09660870000
4       16.09660871667
1       16.09660883750
2       16.09671539167
2       16.09706980417
4       16.09706982500
1       16.09706994583
2       16.09710125417
2       16.09712876667
2       16.09733575000
4       16.09733576667
1       16.09733588750
2       16.09740496667
2       16.09740764583
2       16.09745772083
2       16.09752023333
4       16.09752025417
1       16.09752037500
2       16.09768654167
2       16.09777437500
4       16.09777437500
1       16.09777451250
2       16.09780572917
2       16.09784619583
2       16.09791679167
2       16.09800689583
4       16.09800691667
1       16.09800703750
2       16.09803863750
2       16.09806482500
2       16.09813143750
2       16.09842915833
4       16.09842917917
1       16.09842930000
2       16.09848347500
2       16.09859281667
2       16.09872665000
4       16.09872666667
1       16.09872678750
2       16.09874070833
2       16.09880409583
2       16.09890848750
2       16.09908297917
4       16.09908299583
1       16.09908311667
2       16.09935701667
4       16.09935703750
1       16.09935715417
2       16.09936219167
2       16.09957324583
4       16.09957326667
1       16.09957338333
2       16.09957883333
2       16.09967455833
2       16.09974250417
2       16.10004545417
4       16.10004547083
1       16.10004559167
2       16.10006148750
2       16.10008162083
2       16.10019257917
2       16.10029795417
4       16.10029797500
1       16.10029809167
2       16.10040862083
2       16.10048399167
2       16.10055557500
4       16.10055559167
1       16.10055571250
2       16.10065667083
2       16.10090765833
4       16.10090767500
1       16.10090779583
2       16.10093521250
2       16.10105677500
2       16.10118602500
4       16.10118602500
1       16.10118616250
2       16.10120457500
2       16.10144499167
4       16.10144501250
1       16.10144513333
2       16.10160228750
2       16.10174911667
4       16.10174911667
1       16.10174925417
2       16.10185905000
2       16.10203224583
4       16.10203224583
1       16.10203238333
2       16.10209051667
2       16.10211767917
2       16.10212070000
2       16.10233397083
4       16.10233399167
1       16.10233411250
2       16.10237411667
2       16.10254129167
4       16.10254131250
1       16.10254143333
2       16.10286062917
4       16.10286065000
1       16.10286077083
2       16.10291924167
2       16.10294409167
2       16.10312766250
4       16.10312767917
1       16.10312780000
2       16.10320210833
2       16.10325814167
2       16.10334057500
4       16.10334059583
1       16.10334071667
2       16.10337142500
2       16.10341015833
2       16.10348333750
2       16.10356254167
4       16.10356256250
1       16.10356268333
2       16.10405008333
4       16.10405010000
1       16.10405022083
2       16.10408947500
2       16.10410350000
2       16.10430948750
4       16.10430950833
1       16.10430962917
2       16.10441010833
2       16.10448601250
4       16.10448602917
1       16.10448615000
2       16.10472511250
4       16.10472512917
1       16.10472525000
2       16.10475190417
2       16.10478607083
2       16.10485956250
2       16.10524712917
4       16.10524715000
1       16.10524727083
2       16.10540480833
2       16.10551446250
4       16.10551447917
1       16.10551460000
2       16.10560151667
2       16.10568532083
2       16.10571421250
2       16.10582385000
4       16.10582386667
1       16.10582398750
2       16.10603143750
4       16.10603145833
1       16.10603157500
2       16.10603370000
2       16.10606729583
2       16.10607120000
2       16.10622753333
4       16.10622755000
1       16.10622767083
2       16.10624487500
2       16.10639682500
2       16.10647030833
4       16.10647030833
1       16.10647044583
2       16.10664423333
2       16.10671082500
4       16.10671084583
1       16.10671096250
2       16.10682011250
2       16.10712119167
4       16.10712120833
1       16.10712132917
2       16.10729247917
4       16.10729250000
1       16.10729262083
2       16.10735341667
2       16.10749448750
4       16.10749450833
1       16.10749462917
2       16.10758927500
2       16.10759030417
2       16.10773798333
4       16.10773800000
1       16.10773812083
2       16.10783308750
2       16.10789587083
2       16.10793737917
2       16.10794475417
4       16.10794477500
1       16.10794489583
2       16.10796652917
2       16.10802213333
2       16.10821688750
4       16.10821690833
1       16.10821702917
2       16.10850834583
4       16.10850836667
1       16.10850848750
2       16.10853347917
2       16.10856531250
2       16.10871209167
2       16.10881977917
4       16.10881979583
1       16.10881991667
2       16.10884851667
2       16.10891485000
2       16.10897010417
2       16.10932917083
4       16.10932919167
1       16.10932931250
2       16.10935037500
2       16.10963055417
4       16.10963057083
1       16.10963069167
2       16.10963486667
2       16.10995583750
4       16.10995585833
1       16.10995597917
2       16.11008156250
2       16.11017879583
4       16.11017881667
1       16.11017893750
2       16.11019732083
2       16.11020865833
2       16.11050732917
4       16.11050734583
1       16.11050746667
2       16.11050942500
2       16.11070907917
4       16.11070910000
1       16.11070922083
2       16.11074051667
2       16.11077991667
2       16.11082068333
2       16.11089549167
2       16.11096947917
4       16.11096950000
1       16.11096962083
2       16.11178652083
4       16.11178653750
1       16.11178665833
2       16.11183488333
2       16.11204263333
4       16.11204265000
1       16.11204277083
2       16.11215619167
2       16.11224033333
2       16.11234102083
4       16.11234104167
1       16.11234116250
2       16.11236155000
2       16.11241820000
2       16.11254077083
4       16.11254078750
1       16.11254090833
2       16.11277327917
4       16.11277330000
1       16.11277342083
2       16.11295914167
2       16.11309787083
4       16.11309789167
1       16.11309801250
2       16.11312533750
2       16.11312930000
2       16.11347580417
4       16.11347582500
1       16.11347594167
2       16.11356987917
2       16.11381701667
4       16.11381703750
1       16.11381715833
2       16.11428068750
4       16.11428068750
1       16.11428082500
2       16.11434558333
2       16.11444467500
2       16.11452213750
4       16.11452215833
1       16.11452227917
2       16.11453835833
2       16.11454075000
2       16.11459240417
2       16.11492226667
4       16.11492228750
1       16.11492240833
2       16.11493484167
2       16.11494312083
2       16.11510475000
2       16.11515512083
4       16.11515514167
1       16.11515525833
2       16.11523727083
2       16.11537772917
4       16.11537774583
1       16.11537786667
2       16.11553876667
2       16.11554902500
2       16.11558275417
4       16.11558277083
1       16.11558289167
2       16.11558797917
2       16.11598187083
4       16.11598188750
1       16.11598200833
2       16.11601731667
2       16.11606298750
2       16.11610272917
2       16.11625156667
4       16.11625158750
1       16.11625170833
2       16.11654928750
4       16.11654928750
1       16.11654942500
2       16.11684828333
4       16.11684830417
1       16.11684842083
2       16.11699551250
2       16.11702962500
2       16.11719373333
4       16.11719375417
1       16.11719387500
2       16.11732868333
2       16.11756910000
4       16.11756912083
1       16.11756924167
2       16.11758108750
2       16.11759427500
2       16.11761350000
2       16.11776222083
4       16.11776224167
1       16.11776235833
2       16.11784041250
2       16.11806463750
4       16.11806463750
1       16.11806477500
2       16.11810471667
2       16.11818979583
2       16.11826963333
4       16.11826965000
1       16.11826977083
2       16.11841636667
2       16.11855278750
4       16.11855278750
1       16.11855292500
2       16.11880026250
4       16.11880028333
1       16.11880040417
2       16.11883438333
2       16.11891132083
2       16.11907087500
4       16.11907087500
1       16.11907101250
2       16.11934439167
4       16.11934440833
1       16.11934452917
2       16.11936235417
2       16.11936903333
2       16.11943192917
2       16.11953866667
2       16.11957435417
4       16.11957437083
1       16.11957449167
2       16.11957642917
2       16.11969365417
2       16.11970595417
2       16.11988039167
4       16.11988041250
1       16.11988053333
2       16.11988865833
2       16.12001229167
2       16.12010402917
4       16.12010405000
1       16.12010416667
2       16.12012383333
2       16.12030177500
4       16.12030177500
1       16.12030191250
2       16.12036304583
2       16.12037159583
2       16.12041531250
2       16.12060610833
4       16.12060612917
1       16.12060625000
2       16.12061907917
2       16.12073805833
2       16.12078033750
2       16.12094103750
4       16.12094103750
1       16.12094117500
2       16.12113053333
2       16.12131095417
4       16.12131097083
1       16.12131109167
2       16.12133681250
2       16.12194893750
4       16.12194895833
1       16.12194907500
2       16.12202210417
2       16.12220425833
4       16.12220427917
1       16.12220440000
2       16.12222350417
2       16.12228177500
2       16.12233211667
2       16.12246462500
4       16.12246464583
1       16.12246476250
2       16.12251495833
2       16.12259211667
2       16.12271314583
4       16.12271314583
1       16.12271328333
2       16.12282310417
2       16.12300357917
4       16.12300359583
1       16.12300371667
2       16.12311875417
2       16.12321518333
4       16.12321520000
1       16.12321532083
2       16.12329733750
2       16.12333213750
2       16.12334536667
2       16.12349017083
4       16.12349019167
1       16.12349031250
2       16.12367200833
2       16.12382762083
4       16.12382764167
1       16.12382775833
2       16.12389286250
2       16.12392703333
2       16.12394720000
2       16.12395017917
2       16.12403200000
4       16.12403202083
1       16.12403214167
2       16.12414566667
2       16.12418438750
2       16.12418833333
2       16.12431450833
4       16.12431452917
1       16.12431465000
2       16.12463118333
4       16.12463120417
1       16.12463132500
2       16.12477988333
2       16.12497171667
4       16.12497171667
1       16.12497185417
2       16.12526518750
4       16.12526520833
1       16.12526532917
2       16.12536817500
2       16.12576001667
4       16.12576001667
1       16.12576015417
2       16.12579910000
2       16.12589090000
2       16.12596540833
4       16.12596542917
1       16.12596555000
2       16.12607074167
2       16.12628274167
4       16.12628275833
1       16.12628287917
2       16.12633470417
2       16.12636092083
2       16.12640365417
2       16.12653614583
4       16.12653616667
1       16.12653628333
2       16.12660895417
2       16.12673817917
2       16.12686172083
4       16.12686173750
1       16.12686185833
2       16.12687363333
2       16.12692128333
2       16.12694321667
2       16.12700742083
2       16.12707703750
4       16.12707705833
1       16.12707717917
2       16.12707898333
2       16.12708796667
2       16.12721743750
2       16.12728630000
4       16.12728632083
1       16.12728643750
2       16.12732473333
2       16.12762950833
4       16.12762952500
1       16.12762964583
2       16.12767020000
2       16.12776492917
2       16.12782554167
4       16.12782556250
1       16.12782567917
2       16.12785342917
2       16.12789052500
2       16.12790737500
2       16.12793414167
2       16.12796166250
2       16.12811112917
4       16.12811115000
1       16.12811127083
2       16.12816504167
2       16.12835177917
4       16.12835180000
1       16.12835192083
2       16.12840187917
2       16.12842840833
2       16.12845721667
2       16.12854934583
4       16.12854936667
1       16.12854948750
2       16.12867153333
2       16.12876628333
4       16.12876630000
1       16.12876642083
2       16.12894938750
4       16.12894938750
1       16.12894952500
2       16.12922968750
4       16.12922970833
1       16.12922982917
2       16.12924743333
2       16.12934189583
2       16.12938729167
2       16.12943271667
4       16.12943273750
1       16.12943285417
2       16.12950948750
2       16.12957381667
2       16.12965895000
4       16.12965897083
1       16.12965909167
2       16.12998346667
4       16.12998346667
1       16.12998360417
2       16.13013518750
2       16.13018914167
4       16.13018915833
1       16.13018927917
2       16.13029753750
2       16.13032010000
2       16.13033363750
2       16.13036504583
4       16.13036504583
1       16.13036518333
2       16.13045851667
2       16.13053207917
2       16.13066256667
4       16.13066256667
1       16.13066270417
2       16.13082446250
2       16.13083610417
4       16.13083612083
1       16.13083624167
2       16.13099869583
2       16.13113194167
4       16.13113196250
1       16.13113208333
2       16.13117760000
2       16.13131045000
2       16.13132967083
4       16.13132968750
1       16.13132980833
2       16.13141873750
2       16.13143258750
2       16.13146213750
2       16.13146837500
2       16.13148432083
2       16.13153562083
4       16.13153563750
1       16.13153575833
2       16.13157772917
2       16.13203116667
4       16.13203118750
1       16.13203130833
2       16.13217228750
2       16.13223885000
4       16.13223887083
1       16.13223898750
2       16.13233025833
2       16.13249615000
4       16.13249617083
1       16.13249629167
2       16.13250122083
2       16.13258228333
2       16.13264960833
2       16.13266319583
2       16.13278437500
4       16.13278439583
1       16.13278451667
2       16.13295990417
4       16.13295992500
1       16.13296004583
2       16.13309508750
2       16.13311090833
2       16.13314636250
4       16.13314638333
1       16.13314650417
2       16.13315964167
2       16.13319868333
2       16.13325532500
2       16.13326072083
2       16.13348723333
4       16.13348725000
1       16.13348737083
2       16.13354285000
2       16.13365611250
4       16.13365613333
1       16.13365625000
2       16.13368527500
2       16.13387243750
4       16.13387245833
1       16.13387257917
2       16.13389958750
2       16.13400268750
2       16.13422159583
4       16.13422161667
1       16.13422173750
2       16.13431726250
2       16.13454113750
4       16.13454113750
1       16.13454127500
2       16.13463066667
2       16.13468736250
2       16.13470117083
4       16.13470118750
1       16.13470130833
2       16.13472601250
2       16.13490364167
4       16.13490365833
1       16.13490377917
2       16.13514177083
4       16.13514179167
1       16.13514191250
2       16.13543277500
4       16.13543277500
1       16.13543291250
2       16.13571762500
4       16.13571762500
1       16.13571776250
2       16.13592283333
4       16.13592285417
1       16.13592297500
2       16.13618179167
4       16.13618181250
1       16.13618192917
2       16.13630292500
2       16.13642526667
4       16.13642526667
1       16.13642540417
2       16.13643942500
2       16.13645306667
2       16.13646460417
2       16.13647661667
2       16.13659547917
2       16.13665305833
4       16.13665307917
1       16.13665319583
2       16.13671004583
2       16.13677436250
2       16.13727282917
4       16.13727285000
1       16.13727296667
2       16.13734437083
2       16.13743155833
2       16.13743577083
2       16.13757692917
4       16.13757694583
1       16.13757706667
2       16.13766273333
2       16.13773458750
2       16.13774094583
2       16.13779685000
4       16.13779687083
1       16.13779699167
2       16.13792228750
2       16.13793295000
2       16.13796003333
2       16.13805020000
4       16.13805021667
1       16.13805033750
2       16.13824501667
4       16.13824503750
1       16.13824515417
2       16.13826084583
2       16.13839200417
2       16.13880971667
4       16.13880973750
1       16.13880985833
2       16.13893062500
2       16.13894777083
2       16.13898555000
2       16.13913567917
4       16.13913569583
1       16.13913581667
2       16.13924754167
2       16.13929627917
2       16.13931247500
2       16.13936147917
4       16.13936150000
1       16.13936162083
2       16.13938869583
2       16.13949728333
2       16.13952157917
2       16.13965499583
4       16.13965501667
1       16.13965513333
2       16.13987860417
4       16.13987862083
1       16.13987874167
2       16.13989251250
2       16.14023104583
4       16.14023104583
1       16.14023118333
2       16.14031812500
2       16.14031840000
2       16.14040122917
2       16.14045227083
4       16.14045228750
1       16.14045240833
2       16.14051054167
2       16.14058362500
2       16.14067225417
4       16.14067227500
1       16.14067239583
2       16.14070992917
2       16.14111437500
4       16.14111439583
1       16.14111451667
2       16.14113694583
2       16.14125618333
2       16.14127940000
2       16.14138071250
4       16.14138072917
1       16.14138085000
2       16.14147809583
2       16.14153999167
2       16.14160992083
4       16.14160993750
1       16.14161005833
2       16.14170162917
2       16.14177717083
2       16.14184207083
4       16.14184209167
1       16.14184221250
2       16.14200570417
2       16.14204285833
4       16.14204287917
1       16.14204300000
2       16.14210647083
2       16.14220146250
2       16.14251052917
4       16.14251055000
1       16.14251067083
2       16.14255717500
2       16.14259968750
2       16.14282358750
4       16.14282360833
1       16.14282372917
2       16.14286228333
2       16.14293278750
2       16.14326435833
4       16.14326437917
1       16.14326449583
2       16.14332929167
2       16.14343502500
2       16.14344452500
2       16.14378345417
4       16.14378347500
1       16.14378359583
2       16.14386817083
2       16.14397353750
2       16.14400897500
4       16.14400899167
1       16.14400911250
2       16.14412524583
2       16.14430746250
4       16.14430748333
1       16.14430760417
2       16.14442832500
2       16.14455683750
4       16.14455685833
1       16.14455697500
2       16.14461778750
2       16.14468570833
2       16.14483839167
4       16.14483841250
1       16.14483853333
2       16.14498209583
2       16.14498247083
2       16.14502175833
2       16.14509067917
4       16.14509070000
1       16.14509082083
2       16.14511729583
2       16.14524446250
2       16.14529151667
4       16.14529153750
1       16.14529165833
2       16.14543134583
2       16.14553392500
4       16.14553394583
1       16.14553406667
2       16.14560048750
2       16.14561443750
2       16.14562239583
2       16.14568170417
2       16.14582933750
4       16.14582933750
1       16.14582947500
2       16.14595862083
2       16.14617620833
4       16.14617620833
1       16.14617634583
2       16.14617751667
2       16.14638086667
4       16.14638086667
1       16.14638100417
2       16.14656407500
4       16.14656409583
1       16.14656421667
2       16.14659751250
2       16.14661401667
2       16.14686415417
4       16.14686417500
1       16.14686429583
2       16.14692280417
2       16.14702651667
2       16.14714832083
4       16.14714834167
1       16.14714846250
2       16.14722615833
2       16.14727892500
2       16.14737058750
4       16.14737058750
1       16.14737072500
2       16.14747399167
2       16.14754551250
2       16.14762460000
4       16.14762461667
1       16.14762473750
2       16.14793636250
4       16.14793637917
1       16.14793650000
2       16.14797344583
2       16.14804668333
2       16.14809104583
2       16.14825937083
4       16.14825939167
1       16.14825951250
2       16.14838187083
2       16.14850531667
4       16.14850531667
1       16.14850545417
2       16.14858750833
2       16.14860777917
2       16.14865254167
2       16.14866133750
2       16.14869017500
2       16.14892845833
4       16.14892845833
1       16.14892859583
2       16.14903832500
2       16.14942653333
4       16.14942655417
1       16.14942667083
2       16.14953747500
2       16.14960605417
2       16.14963721250
4       16.14963723333
1       16.14963735417
2       16.14968628750
2       16.14973523750
2       16.14982302500
2       16.14987697083
4       16.14987699167
1       16.14987710833
2       16.14988137500
2       16.14991741667
2       16.14998032500
2       16.15010387917
4       16.15010389583
1       16.15010401667
2       16.15014432500
2       16.15020094583
2       16.15049872917
4       16.15049875000
1       16.15049887083
2       16.15056527917
2       16.15063254167
2       16.15087994167
4       16.15087995833
1       16.15088007917
2       16.15089848333
2       16.15114822083
4       16.15114823750
1       16.15114835833
2       16.15146524583
4       16.15146524583
1       16.15146538333
2       16.15149040417
2       16.15151665000
2       16.15157419583
2       16.15170114167
4       16.15170116250
1       16.15170128333
2       16.15176130833
2       16.15185347500
2       16.15192232083
4       16.15192233750
1       16.15192245833
2       16.15197135833
2       16.15210713333
4       16.15210715417
1       16.15210727500
2       16.15218629583
2       16.15222505417
2       16.15230819583
4       16.15230819583
1       16.15230833333
2       16.15244035833
2       16.15246985417
2       16.15248612500
4       16.15248612500
1       16.15248626250
2       16.15253611250
2       16.15270700000
4       16.15270702083
1       16.15270714167
2       16.15290415000
4       16.15290417083
1       16.15290429167
2       16.15292433750
2       16.15298028333
2       16.15300243333
2       16.15304848333
2       16.15308634167
4       16.15308636250
1       16.15308648333
2       16.15311118750
2       16.15516070417
4       16.15516072500
1       16.15516084583
2       16.15520280417
2       16.15521735833
2       16.15528523750
2       16.15531315417
2       16.15532003333
2       16.15556148750
4       16.15556150833
1       16.15556162500
2       16.15556947917
2       16.15558767500
2       16.15561817500
2       16.15564486667
2       16.15566094167
2       16.15572746250
2       16.15577081250
4       16.15577082917
1       16.15577095000
2       16.15603983333
4       16.15603985000
1       16.15603997083
2       16.15616835000
2       16.15650516250
4       16.15650517917
1       16.15650530000
2       16.15654138333
2       16.15682785417
4       16.15682787500
1       16.15682799583
2       16.15685634583
2       16.15694766667
2       16.15696226667
2       16.15696967917
2       16.15701064583
2       16.15702325000
2       16.15708618750
4       16.15708618750
1       16.15708632500
2       16.15712331667
2       16.15726212500
2       16.15733125000
4       16.15733127083
1       16.15733139167
2       16.15733192917
2       16.15739885000
2       16.15750883333
2       16.15757663750
4       16.15757665833
1       16.15757677500
2       16.15760177917
2       16.15767540833
2       16.15770955417
2       16.15775955833
2       16.15815370417
4       16.15815372500
1       16.15815384583
2       16.15847307917
4       16.15847310000
1       16.15847322083
2       16.15875389583
4       16.15875391667
1       16.15875403750
2       16.15877046250
2       16.15898447083
4       16.15898449167
1       16.15898461250
2       16.15926365000
4       16.15926366667
1       16.15926378750
2       16.15928291250
2       16.15929251250
2       16.15932467917
2       16.15938685417
2       16.15948428750
4       16.15948430833
1       16.15948442500
2       16.15958820833
2       16.15988942917
4       16.15988945000
1       16.15988957083
2       16.15999302083
2       16.16005895833
2       16.16011826667
4       16.16011828750
1       16.16011840833
2       16.16023911250
2       16.16041031250
4       16.16041033333
1       16.16041045000
2       16.16047266667
2       16.16067793750
4       16.16067793750
1       16.16067807500
2       16.16081739583
2       16.16087810000
4       16.16087812083
1       16.16087824167
2       16.16116320833
4       16.16116322500
1       16.16116334583
2       16.16126596250
2       16.16165982500
4       16.16165984583
1       16.16165996667
2       16.16170842083
2       16.16175853750
2       16.16176177500
2       16.16192972500
4       16.16192974583
1       16.16192986250
2       16.16229510417
4       16.16229512083
1       16.16229524167
2       16.16235930833
2       16.16240766250
2       16.16247887500
2       16.16250372500
4       16.16250372500
1       16.16250386250
2       16.16254737500
2       16.16257291667
2       16.16258943333
2       16.16260181667
2       16.16272759583
4       16.16272761667
1       16.16272773750
2       16.16275617500
2       16.16277034167
2       16.16289155417
2       16.16292304167
2       16.16307311250
4       16.16307313333
1       16.16307325417
2       16.16315157083
2       16.16326087500
2       16.16333579583
4       16.16333579583
1       16.16333593333
2       16.16336166250
2       16.16348075833
2       16.16348272500
2       16.16427842083
4       16.16427843750
1       16.16427855833
2       16.16435988333
2       16.16436025000
2       16.16457985833
4       16.16457987500
1       16.16457999583
2       16.16461984167
2       16.16486105833
4       16.16486107917
1       16.16486120000
2       16.16985728333
4       16.16985730000
1       16.16985742083
2       16.17005633750
4       16.17005633750
1       16.17005647500
2       16.17009805833
2       16.17034850833
4       16.17034852917
1       16.17034864583
2       16.17037270000
2       16.17040680417
2       16.17040721667
2       16.17056176250
4       16.17056177917
1       16.17056190000
2       16.17056946667
2       16.17067813750
2       16.17083374583
4       16.17083376667
1       16.17083388750
2       16.17091221250
2       16.17100335417
2       16.17104747917
4       16.17104750000
1       16.17104762083
2       16.17109113333
2       16.17122899167
4       16.17122900833
1       16.17122912917
2       16.17128193750
2       16.17150351667
4       16.17150353750
1       16.17150365417
2       16.17159355417
2       16.17164193333
2       16.17173201667
4       16.17173203750
1       16.17173215417
2       16.17190960417
2       16.17213082917
4       16.17213085000
1       16.17213096667
2       16.17219142500
2       16.17222227083
2       16.17226275417
2       16.17243255833
4       16.17243257500
1       16.17243269583
2       16.17259329583
2       16.17259852083
2       16.17266177917
4       16.17266180000
1       16.17266192083
2       16.17293213333
4       16.17293215000
1       16.17293227083
2       16.17313077083
2       16.17328845833
4       16.17328847917
1       16.17328860000
2       16.17332426667
2       16.17335336250
2       16.17336863750
2       16.17352000417
4       16.17352002083
1       16.17352014167
2       16.17362237917
2       16.17370746250
4       16.17370748333
1       16.17370760417
2       16.17375015417
2       16.17376618333
2       16.17378356250
2       16.17383992917
2       16.17385162917
2       16.17385588750
2       16.17424703750
4       16.17424705833
1       16.17424717917
2       16.17450540000
4       16.17450541667
1       16.17450553750
2       16.17473230833
4       16.17473232917
1       16.17473244583
2       16.17492402917
2       16.17493928750
4       16.17493930833
1       16.17493942500
2       16.17499362917
2       16.17505886667
2       16.17516789583
4       16.17516791667
1       16.17516803750
2       16.17518144583
2       16.17522412917
2       16.17542520833
4       16.17542522917
1       16.17542535000
2       16.17547389583
2       16.17552200000
2       16.17556829583
2       16.17561699583
4       16.17561701667
1       16.17561713750
2       16.17570311667
2       16.17570447917
2       16.17572128333
2       16.17576527917
2       16.17587305000
4       16.17587306667
1       16.17587318750
2       16.17590252917
2       16.17626655417
4       16.17626657500
1       16.17626669583
2       16.17629770833
2       16.17633084167
2       16.17647220417
4       16.17647222083
1       16.17647234167
2       16.17656065417
2       16.17659808750
2       16.17661065417
2       16.17662091250
2       16.17666898333
4       16.17666900417
1       16.17666912500
2       16.17669150000
2       16.17674911667
2       16.17676169167
2       16.17676246250
2       16.17679652500
2       16.17696344583
4       16.17696346667
1       16.17696358333
2       16.17715294167
4       16.17715296250
1       16.17715308333
2       16.17735532917
4       16.17735535000
1       16.17735547083
2       16.17741386667
2       16.17748975417
2       16.17782293750
4       16.17782293750
1       16.17782307500
2       16.17784488333
2       16.17796774583
2       16.17815321667
4       16.17815323750
1       16.17815335833
2       16.17829339583
2       16.17832246250
2       16.17846257917
4       16.17846259583
1       16.17846271667
2       16.17861982083
2       16.17866795417
2       16.17873389583
4       16.17873389583
1       16.17873403333
2       16.17875071667
2       16.17896599167
4       16.17896600833
1       16.17896612917
2       16.17901900000
2       16.17915849167
2       16.17925191250
4       16.17925192917
1       16.17925205000
2       16.17929792500
2       16.17933498333
2       16.17940221667
2       16.18427333750
4       16.18427335833
1       16.18427347917
2       16.18442073750
2       16.18453028333
4       16.18453030000
1       16.18453042083
2       16.18461046250
2       16.18512384167
4       16.18512385833
1       16.18512397917
2       16.18565912917
4       16.18565915000
1       16.18565927083
2       16.18587281667
2       16.18594300000
4       16.18594302083
1       16.18594314167
2       16.18599535000
2       16.18616995833
4       16.18616997500
1       16.18617009583
2       16.18634672917
2       16.18652170000
4       16.18652172083
1       16.18652183750
2       16.18653750833
2       16.18663989583
2       16.18671413333
2       16.18699697917
4       16.18699700000
1       16.18699712083
2       16.18707025000
2       16.18711683750
2       16.18722451667
4       16.18722453750
1       16.18722465417
2       16.18737651667
2       16.18748814583
4       16.18748814583
1       16.18748828333
2       16.18750538750
2       16.18777731667
4       16.18777733750
1       16.18777745833
2       16.18813469583
4       16.18813469583
1       16.18813483333
2       16.18824435000
2       16.18825202083
2       16.18828613333
2       16.18842550000
4       16.18842552083
1       16.18842564167
2       16.18859447917
2       16.18866230000
4       16.18866232083
1       16.18866244167
2       16.18917818750
4       16.18917820833
1       16.18917832917
2       16.18922641250
2       16.18929794583
2       16.18934409167
2       16.18953850417
4       16.18953852083
1       16.18953864167
2       16.18975540417
4       16.18975542500
1       16.18975554583
2       16.19051824583
4       16.19051824583
1       16.19051838333
2       16.19063578333
2       16.19072390000
4       16.19072392083
1       16.19072404167
2       16.19073791250
2       16.19078682083
2       16.19078950000
2       16.19111743750
4       16.19111743750
1       16.19111757500
2       16.19130511667
2       16.19159865000
4       16.19159866667
1       16.19159878750
2       16.19161756250
2       16.19176367917
2       16.19180378333
4       16.19180380417
1       16.19180392500
2       16.19185907083
2       16.19197628333
2       16.19207087917
4       16.19207089583
1       16.19207101667
2       16.19212574583
2       16.19240387083
4       16.19240388750
1       16.19240400833
2       16.19242273750
2       16.19244663750
2       16.19245690833
2       16.19262015833
4       16.19262015833
1       16.19262029583
2       16.19272518333
2       16.19273914167
2       16.19275639583
2       16.19299742500
4       16.19299744583
1       16.19299756250
2       16.19314157500
2       16.19317629167
4       16.19317630833
1       16.19317642917
2       16.19325377917
2       16.19339490417
4       16.19339492500
1       16.19339504167
2       16.19345726250
2       16.19348398750
2       16.19356127083
2       16.19365001667
4       16.19365003750
1       16.19365015833
2       16.19374470000
2       16.19374634583
2       16.19390566667
4       16.19390566667
1       16.19390580417
2       16.19393420833
2       16.19420212500
4       16.19420214583
1       16.19420226667
2       16.19423951667
2       16.19454160833
4       16.19454162500
1       16.19454174583
2       16.19454464167
2       16.19458998333
2       16.19464033750
2       16.19468811667
2       16.19503016250
4       16.19503017917
1       16.19503030000
2       16.19505543750
2       16.19520006667
4       16.19520006667
1       16.19520020417
2       16.19540582917
4       16.19540585000
1       16.19540597083
2       16.19541835417
2       16.19546309167
2       16.19561707083
4       16.19561708750
1       16.19561720833
2       16.19562572083
2       16.19578810000
2       16.19585700000
4       16.19585702083
1       16.19585714167
2       16.19588771667
2       16.19627280000
4       16.19627281667
1       16.19627293750
2       16.19633091667
2       16.19655715833
4       16.19655717917
1       16.19655730000
2       16.19656571667
2       16.19659062917
2       16.19663492500
2       16.19687775417
4       16.19687777083
1       16.19687789167
2       16.19694569167
2       16.19700792917
2       16.19714019167
4       16.19714021250
1       16.19714033333
2       16.19722785000
2       16.19728902917
2       16.19746769167
4       16.19746771250
1       16.19746783333
2       16.19752467500
2       16.19762036667
2       16.19764263750
4       16.19764265833
1       16.19764277917
2       16.19767700000
2       16.19780752917
2       16.19788209583
4       16.19788211667
1       16.19788223750
2       16.19790766667
2       16.19792902083
2       16.19796423750
2       16.19813245833
4       16.19813247500
1       16.19813259583
2       16.19827258750
2       16.19841763333
4       16.19841765417
1       16.19841777500
2       16.19860844583
4       16.19860846667
1       16.19860858750
2       16.19869495417
2       16.19871180000
2       16.19873233333
2       16.19879688333
4       16.19879690417
1       16.19879702500
2       16.19885780417
2       16.19938257083
4       16.19938259167
1       16.19938271250
2       16.19943916250
2       16.19968959583
4       16.19968959583
1       16.19968973333
2       16.19992368750
4       16.19992370833
1       16.19992382917
2       16.20015997500
4       16.20015997500
1       16.20016011250
2       16.20024142083
2       16.20025259583
2       16.20027220000
2       16.20038882917
4       16.20038884583
1       16.20038896667
2       16.20051297500
2       16.20065575000
4       16.20065576667
1       16.20065588750
2       16.20098266250
4       16.20098268333
1       16.20098280417
2       16.20101316667
2       16.20104325833
2       16.20138940417
4       16.20138942500
1       16.20138954167
2       16.20141257500
2       16.20154705417
2       16.20157618750
4       16.20157618750
1       16.20157632500
2       16.20160572917
2       16.20164741667
2       16.20170208333
2       16.20176603333
4       16.20176605417
1       16.20176617500
2       16.20192468333
2       16.20195020417
4       16.20195022500
1       16.20195034583
2       16.20215295000
4       16.20215297083
1       16.20215309167
2       16.20230060000
2       16.20242684167
4       16.20242685833
1       16.20242697917
2       16.20246949583
2       16.20253514167
2       16.20257427917
2       16.20258476250
2       16.20272754583
4       16.20272756667
1       16.20272768750
2       16.20283414167
2       16.20288722500
2       16.20290807917
4       16.20290810000
1       16.20290822083
2       16.20301970833
2       16.20302721250
2       16.20304720833
2       16.20308331250
2       16.20315351667
4       16.20315353750
1       16.20315365833
2       16.20318136667
2       16.20324786250
2       16.20330653333
2       16.20342984167
4       16.20342986250
1       16.20342998333
2       16.20353647500
2       16.20364974583
4       16.20364974583
1       16.20364988333
2       16.20365534167
2       16.20373057917
2       16.20567652083
4       16.20567653750
1       16.20567665833
2       16.20579835417
2       16.20584702917
2       16.20590172917
4       16.20590174583
1       16.20590186667
2       16.20598587083
2       16.20608524583
2       16.20625052500
4       16.20625054583
1       16.20625066667
2       16.20647340417
4       16.20647342500
1       16.20647354167
2       16.20649727917
2       16.20665588750
2       16.20677645833
4       16.20677647500
1       16.20677659583
2       16.20678814167
2       16.20686157500
2       16.20686728750
2       16.20690957917
2       16.20695364167
2       16.20704410000
4       16.20704412083
1       16.20704424167
2       16.20712798333
2       16.20730219167
4       16.20730221250
1       16.20730233333
2       16.20746082500
2       16.20781655417
4       16.20781657083
1       16.20781669167
2       16.20802819583
4       16.20802821667
1       16.20802833333
2       16.20811165417
2       16.20814933750
2       16.20820742083
2       16.20827954583
4       16.20827954583
1       16.20827968333
2       16.20829845833
2       16.20843492083
2       16.20851277083
4       16.20851278750
1       16.20851290833
2       16.20858830000
2       16.20870062500
4       16.20870064583
1       16.20870076250
2       16.20885227917
2       16.20892119167
4       16.20892121250
1       16.20892133333
2       16.20918745833
4       16.20918747917
1       16.20918760000
2       16.20932695417
2       16.20961107500
4       16.20961109583
1       16.20961121667
2       16.20977075417
2       16.20989568333
4       16.20989570417
1       16.20989582500
2       16.21007282500
4       16.21007282500
1       16.21007296250
2       16.21017387917
2       16.21031832083
4       16.21031833750
1       16.21031845833
2       16.21073996250
4       16.21073998333
1       16.21074010417
2       16.21075644583
2       16.21080094167
2       16.21081184167
2       16.21106318333
4       16.21106320417
1       16.21106332500
2       16.21119235833
2       16.21146507083
4       16.21146508750
1       16.21146520833
2       16.21157637083
2       16.21160047917
2       16.21170979167
4       16.21170980833
1       16.21170992917
2       16.21177377083
2       16.21183072917
2       16.21183499167
2       16.21219938333
4       16.21219940417
1       16.21219952083
2       16.21236362500
2       16.21241758750
4       16.21241760833
1       16.21241772917
2       16.21261705833
2       16.21296381250
4       16.21296382917
1       16.21296395000
2       16.21321054167
4       16.21321056250
1       16.21321068333
2       16.21322547917
2       16.21338049583
2       16.21341192083
2       16.21353986667
4       16.21353986667
1       16.21354000417
2       16.21402669167
4       16.21402670833
1       16.21402682917
2       16.21408770833
2       16.21416256250
2       16.21424031667
4       16.21424033750
1       16.21424045833
2       16.21463681250
4       16.21463682917
1       16.21463695000
2       16.21469766667
2       16.21480080417
2       16.21503802083
4       16.21503803750
1       16.21503815833
2       16.21508764167
2       16.21534262917
4       16.21534264583
1       16.21534276667
2       16.21538513333
2       16.21910406667
4       16.21910408750
1       16.21910420833
2       16.21949230833
4       16.21949232500
1       16.21949244583
2       16.21991200833
4       16.21991202500
1       16.21991214583
2       16.21993511250
2       16.21996063333
2       16.22015477917
4       16.22015479583
1       16.22015491667
2       16.22017229167
2       16.22025809167
2       16.22040677917
4       16.22040679583
1       16.22040691667
2       16.22065617917
4       16.22065620000
1       16.22065631667
2       16.22066585000
2       16.22099544583
4       16.22099544583
1       16.22099558333
2       16.22105275417
2       16.22107190417
2       16.22118250833
4       16.22118252500
1       16.22118264583
2       16.22136533333
2       16.22151310833
4       16.22151312917
1       16.22151325000
2       16.22152070000
2       16.22154427917
2       16.22165357500
2       16.22190130833
4       16.22190132917
1       16.22190145000
2       16.22202614583
2       16.22240340417
4       16.22240342083
1       16.22240354167
2       16.22255876250
2       16.22275158750
4       16.22275160833
1       16.22275172500
2       16.22290198333
2       16.22300757083
4       16.22300758750
1       16.22300770833
2       16.22303076250
2       16.22326361667
4       16.22326361667
1       16.22326375417
2       16.22334707917
2       16.22339379583
2       16.22360845417
4       16.22360847500
1       16.22360859583
2       16.22361997917
2       16.22367932500
2       16.22371672083
2       16.22378166250
2       16.22380751667
4       16.22380753750
1       16.22380765833
2       16.22381080000
2       16.22389862917
2       16.22401155417
4       16.22401157500
1       16.22401169167
2       16.22412450417
2       16.22429475000
4       16.22429477083
1       16.22429489167
2       16.22433381250
2       16.22467939167
4       16.22467941250
1       16.22467953333
2       16.22486839167
2       16.22529800417
4       16.22529802083
1       16.22529814167
2       16.22539707917
2       16.22540335000
2       16.22548618750
4       16.22548620833
1       16.22548632917
2       16.22549306667
2       16.22597173333
4       16.22597175417
1       16.22597187500
2       16.22597846250
2       16.22607639583
2       16.22624989583
4       16.22624991667
1       16.22625003750
2       16.22696281250
4       16.22696283333
1       16.22696295417
2       16.22705550833
2       16.22706614167
2       16.22710386250
2       16.22729530833
4       16.22729532500
1       16.22729544583
2       16.22731348750
2       16.22733513750
2       16.22734100000
2       16.22743512083
2       16.22751256250
2       16.22761197083
4       16.22761198750
1       16.22761210833
2       16.22768520833
2       16.22774375000
2       16.22775603750
2       16.22838512500
4       16.22838512500
1       16.22838526250
2       16.22851622500
2       16.22868380833
4       16.22868382500
1       16.22868394583
2       16.22869036250
2       16.22898925000
4       16.22898927083
1       16.22898938750
2       16.23279032083
2       16.23299207500
4       16.23299209583
1       16.23299221667
2       16.23303381667
2       16.23316702083
2       16.23317172500
2       16.23320931250
4       16.23320933333
1       16.23320945417
2       16.23321101250
2       16.23333030000
2       16.23335176667
2       16.23352635000
4       16.23352637083
1       16.23352648750
2       16.23372609583
4       16.23372611667
1       16.23372623750
2       16.23389572500
2       16.23394137083
4       16.23394139167
1       16.23394150833
2       16.23397715417
2       16.23398517500
2       16.23438061667
4       16.23438063750
1       16.23438075417
2       16.23440742917
2       16.23464362917
4       16.23464365000
1       16.23464377083
2       16.23496624167
4       16.23496626250
1       16.23496638333
2       16.23534417083
4       16.23534419167
1       16.23534431250
2       16.23544717917
2       16.23560254167
4       16.23560255833
1       16.23560267917
2       16.23574195000
2       16.23599734583
4       16.23599734583
1       16.23599748333
2       16.23626125417
4       16.23626127500
1       16.23626139167
2       16.23633917083
2       16.23643192500
2       16.23661672500
4       16.23661674583
1       16.23661686250
2       16.23666407083
2       16.23693857083
4       16.23693858750
1       16.23693870833
2       16.23731189583
4       16.23731189583
1       16.23731203333
2       16.23752392083
4       16.23752394167
1       16.23752406250
2       16.23766990417
2       16.23782232500
4       16.23782232500
1       16.23782246250
2       16.23790617917
2       16.23794196250
2       16.23795385833
2       16.23847093750
4       16.23847095833
1       16.23847107917
2       16.23861674583
2       16.23878491667
4       16.23878493750
1       16.23878505833
2       16.23886009167
2       16.23891775417
2       16.23919336250
4       16.23919338333
1       16.23919350000
2       16.23945432500
4       16.23945432500
1       16.23945446250
2       16.23999010833
4       16.23999012917
1       16.23999024583
2       16.24003660833
2       16.24033540417
4       16.24033542500
1       16.24033554167
2       16.24049868750
2       16.24090705833
4       16.24090705833
1       16.24090719583
2       16.24092338333
2       16.24113757917
4       16.24113760000
1       16.24113772083
2       16.24113991667
2       16.24145424167
4       16.24145426250
1       16.24145437917
2       16.24145728333
2       16.24149636250
2       16.24192659583
4       16.24192659583
1       16.24192673333
2       16.24201411250
2       16.24208556667
2       16.24211242500
2       16.24222767500
4       16.24222767500
1       16.24222781250
2       16.24241353333
4       16.24241355417
1       16.24241367500
2       16.24253414167
2       16.24258542083
2       16.24450791250
4       16.24450793333
1       16.24450805417
2       16.24502217500
4       16.24502219583
1       16.24502231667
2       16.24521434167
4       16.24521435833
1       16.24521447917
2       16.24522400000
2       16.24538522500
2       16.24543034167
4       16.24543035833
1       16.24543047917
2       16.24606458333
4       16.24606460000
1       16.24606472083
2       16.24613190000
2       16.24620173333
2       16.24639162083
4       16.24639164167
1       16.24639176250
2       16.24655313750
2       16.24668131250
4       16.24668132917
1       16.24668145000
2       16.24668796250
2       16.24695625833
4       16.24695627500
1       16.24695639583
2       16.24725703333
4       16.24725705417
1       16.24725717500
2       16.24726929167
2       16.24728888750
2       16.24761072083
4       16.24761073750
1       16.24761085833
2       16.24768790833
2       16.24777005000
2       16.24797974583
4       16.24797976667
1       16.24797988333
2       16.24802727917
2       16.24832723333
4       16.24832725417
1       16.24832737500
2       16.24853519583
4       16.24853519583
1       16.24853533333
2       16.24890556667
4       16.24890556667
1       16.24890570417
2       16.24903572083
2       16.24904495833
2       16.24917489583
4       16.24917491667
1       16.24917503750
2       16.24945041667
4       16.24945043750
1       16.24945055833
2       16.24958091667
2       16.24970847917
4       16.24970850000
1       16.24970862083
2       16.24981080417
2       16.25018802500
4       16.25018802500
1       16.25018816250
2       16.25034800833
2       16.25051759583
4       16.25051759583
1       16.25051773333
2       16.25080982500
4       16.25080984583
1       16.25080996667
2       16.25110218750
4       16.25110220833
1       16.25110232917
2       16.25118236250
2       16.25136625833
4       16.25136627500
1       16.25136639583
2       16.25158609167
4       16.25158611250
1       16.25158623333
2       16.25169083750
2       16.25170538333
2       16.25173221250
2       16.25196903750
4       16.25196905833
1       16.25196917500
2       16.25225024167
4       16.25225025833
1       16.25225037917
2       16.25227848333
2       16.25272389583
4       16.25272389583
1       16.25272403333
2       16.25288518333
2       16.25292525417
4       16.25292527500
1       16.25292539583
2       16.25297760833
2       16.25327331250
4       16.25327333333
1       16.25327345417
2       16.25337210417
2       16.25354004583
4       16.25354006667
1       16.25354018750
2       16.25370436667
2       16.25371785833
2       16.25378616250
4       16.25378617917
1       16.25378630000
2       16.25379879167
2       16.25383780417
2       16.25403198333
4       16.25403200417
1       16.25403212083
2       16.25423195000
4       16.25423197083
1       16.25423209167
2       16.25930374583
4       16.25930374583
1       16.25930388333
2       16.25935610000
2       16.25944520833
2       16.25953620833
4       16.25953620833
1       16.25953634583
2       16.25959416250
2       16.25973467083
4       16.25973468750
1       16.25973480833
2       16.25988601667
2       16.26014541667
4       16.26014543750
1       16.26014555833
2       16.26019042917
2       16.26039580000
4       16.26039582083
1       16.26039594167
2       16.26069650833
4       16.26069652917
1       16.26069665000
2       16.26088435000
4       16.26088437083
1       16.26088449167
2       16.26140635833
4       16.26140637917
1       16.26140650000
2       16.26146963333
2       16.26171999167
4       16.26172001250
1       16.26172013333
2       16.26175580833
2       16.26185446250
2       16.26207871667
4       16.26207873750
1       16.26207885417
2       16.26224395833
2       16.26225066667
2       16.26246528750
4       16.26246528750
1       16.26246542500
2       16.26248612917
2       16.26256694583
2       16.26264976667
2       16.26285042500
4       16.26285044583
1       16.26285056667
2       16.26310883333
4       16.26310885417
1       16.26310897500
2       16.26321224583
2       16.26330366667
2       16.26348412500
4       16.26348414167
1       16.26348426250
2       16.26356567917
2       16.26367288750
2       16.26371532917
4       16.26371534583
1       16.26371546667
2       16.26382232917
2       16.26383522500
2       16.26400687083
4       16.26400689167
1       16.26400701250
2       16.26426707917
4       16.26426709583
1       16.26426721667
2       16.26455171250
4       16.26455172917
1       16.26455185000
2       16.26460992917
2       16.26472992083
2       16.26484120000
4       16.26484122083
1       16.26484134167
2       16.26495846250
2       16.26499682917
2       16.26518691667
4       16.26518693750
1       16.26518705833
2       16.26521246250
2       16.26522802083
2       16.26527702917
2       16.26534853750
2       16.26573747500
4       16.26573747500
1       16.26573761250
2       16.26575134583
2       16.26579308750
2       16.26586649167
2       16.26598227917
4       16.26598230000
1       16.26598242083
2       16.26611778333
2       16.26645224583
4       16.26645224583
1       16.26645238333
2       16.26646518333
2       16.26652310417
2       16.26668047083
4       16.26668049167
1       16.26668060833
2       16.26686295417
4       16.26686297500
1       16.26686309583
2       16.26687592917
2       16.26768699167
4       16.26768701250
1       16.26768713333
2       16.26774633333
2       16.26789771250
4       16.26789773333
1       16.26789785000
2       16.26794243750
2       16.26800600000
2       16.26800833333
2       16.26814612500
4       16.26814614583
1       16.26814626250
2       16.26818362500
2       16.26820208750
2       16.26828717500
2       16.27288068333
2       16.27321861250
4       16.27321862917
1       16.27321875000
2       16.27322214167
2       16.27339439583
2       16.27342387917
4       16.27342389583
1       16.27342401667
2       16.27347725833
2       16.27349152500
2       16.27350239167
2       16.27369552917
4       16.27369555000
1       16.27369566667
2       16.27405683333
4       16.27405685000
1       16.27405697083
2       16.27414133333
2       16.27432779167
4       16.27432781250
1       16.27432793333
2       16.27433744167
2       16.27471542500
4       16.27471542500
1       16.27471556250
2       16.27474310833
2       16.27491908750
2       16.27501412917
4       16.27501414583
1       16.27501426667
2       16.27508064583
2       16.27588458333
4       16.27588460417
1       16.27588472500
2       16.27618370833
4       16.27618372917
1       16.27618385000
2       16.27654737500
4       16.27654737500
1       16.27654751250
2       16.27667527917
2       16.27718702917
4       16.27718705000
1       16.27718717083
2       16.27735843333
2       16.27743495417
4       16.27743497500
1       16.27743509583
2       16.27754333750
2       16.27759468333
2       16.27768601667
4       16.27768603750
1       16.27768615833
2       16.27769510833
2       16.27770263750
2       16.27788552500
4       16.27788554583
1       16.27788566250
2       16.27789343333
2       16.27803594167
2       16.27804747083
2       16.27835119583
4       16.27835121667
1       16.27835133750
2       16.27929322083
4       16.27929323750
1       16.27929335833
2       16.27934520833
2       16.27942247500
2       16.27942776667
2       16.27957943750
4       16.27957943750
1       16.27957957500
2       16.27965557917
2       16.27994472500
4       16.27994472500
1       16.27994486250
2       16.28009542083
2       16.28013721250
2       16.28025147083
4       16.28025148750
1       16.28025160833
2       16.28064102500
4       16.28064102500
1       16.28064116250
2       16.28074895833
2       16.28091130417
4       16.28091132500
1       16.28091144167
2       16.28100338750
2       16.28101100833
2       16.28111098750
2       16.28111765833
4       16.28111767500
1       16.28111779583
2       16.28123450833
2       16.28127102917
2       16.28131078333
4       16.28131080417
1       16.28131092500
2       16.28150721250
4       16.28150723333
1       16.28150735417
2       16.28157867083
2       16.28161185417
2       16.28166315417
2       16.28188767083
4       16.28188769167
1       16.28188781250
2       16.28188897500
2       16.28709065833
4       16.28709067500
1       16.28709079583
2       16.28710318333
2       16.28743845417
4       16.28743847083
1       16.28743859167
2       16.28745561667
2       16.28754997917
2       16.28761322917
2       16.28764742083
2       16.28782922083
4       16.28782924167
1       16.28782936250
2       16.28785616667
2       16.28786665000
2       16.28805615417
4       16.28805617500
1       16.28805629583
2       16.28810614583
2       16.28823201250
2       16.28851686250
4       16.28851687917
1       16.28851700000
2       16.28865133750
2       16.28937507917
4       16.28937510000
1       16.28937522083
2       16.28947117917
2       16.28959966667
4       16.28959966667
1       16.28959980417
2       16.28962480833
2       16.28993484583
4       16.28993484583
1       16.28993498333
2       16.28996967500
2       16.29004179167
2       16.29030417500
4       16.29030419167
1       16.29030431250
2       16.29032606667
2       16.29034922917
2       16.29044960833
2       16.29051387500
4       16.29051389583
1       16.29051401667
2       16.29063737083
2       16.29076389167
4       16.29076390833
1       16.29076402917
2       16.29081659167
2       16.29082417500
2       16.29090436667
2       16.29094015417
2       16.29099746667
4       16.29099748750
1       16.29099760833
2       16.29111573750
2       16.29111805833
2       16.29134850417
4       16.29134852083
1       16.29134864167
2       16.29144689167
2       16.29158240000
4       16.29158242083
1       16.29158254167
2       16.29163603750
2       16.29165320000
2       16.29177445833
4       16.29177447917
1       16.29177460000
2       16.29179042917
2       16.29180200000
2       16.29183247083
2       16.29185800417
2       16.29193186667
2       16.29205803333
4       16.29205805417
1       16.29205817500
2       16.29212193333
2       16.29215835000
2       16.29220469583
2       16.29220640000
2       16.29221732917
2       16.29225714167
2       16.29238094167
4       16.29238096250
1       16.29238108333
2       16.29242143333
2       16.29246710000
2       16.29267200417
4       16.29267202500
1       16.29267214583
2       16.29283210833
2       16.29283675417
2       16.29289340833
4       16.29289342917
1       16.29289355000
2       16.29295132500
2       16.29299103750
2       16.29306496667
2       16.29309376250
4       16.29309378333
1       16.29309390417
2       16.29333987500
4       16.29333987500
1       16.29334001250
2       16.29340180417
2       16.29341466250
2       16.29341872917
2       16.29345350833
2       16.29345638333
2       16.29358333750
4       16.29358335833
1       16.29358347917
2       16.29374627917
2       16.29382210833
4       16.29382212917
1       16.29382225000
2       16.29384452083
2       16.29409908750
4       16.29409910833
1       16.29409922917
2       16.29411956667
2       16.29423027500
2       16.29449682083
4       16.29449684167
1       16.29449696250
2       16.29469425000
4       16.29469427083
1       16.29469439167
2       16.29469726250
2       16.29480620833
2       16.29481218750
2       16.29499863333
4       16.29499865000
1       16.29499877083
2       16.29525377083
4       16.29525379167
1       16.29525391250
2       16.29562565000
4       16.29562567083
1       16.29562579167
2       16.29594860000
4       16.29594862083
1       16.29594874167
2       16.29624610417
4       16.29624612083
1       16.29624624167
2       16.29660543333
4       16.29660545000
1       16.29660557083
2       16.29670112917
2       16.29674784583
2       16.29679192083
2       16.29697641250
4       16.29697643333
1       16.29697655417
2       16.29715261250
2       16.29728244167
4       16.29728245833
1       16.29728257917
2       16.29728747917
2       16.29747327500
2       16.29785082083
4       16.29785084167
1       16.29785096250
2       16.29793825000
2       16.29800918333
2       16.29817880833
4       16.29817882917
1       16.29817895000
2       16.29822209583
2       16.29823074167
2       16.29845697917
4       16.29845699583
1       16.29845711667
2       16.29856928750
2       16.29924597917
4       16.29924599583
1       16.29924611667
2       16.29926019583
2       16.29934637083
2       16.29972591250
4       16.29972593333
1       16.29972605000
2       16.29992333333
2       16.30005543333
4       16.30005545000
1       16.30005557083
2       16.30044929583
4       16.30044931667
1       16.30044943750
2       16.30073285417
4       16.30073287500
1       16.30073299583
2       16.30085542500
2       16.30087197500
2       16.30093550000
2       16.30094588333
2       16.30116109583
4       16.30116109583
1       16.30116123333
2       16.30116576667
2       16.30128930833
2       16.30129560833
2       16.30137312083
4       16.30137314167
1       16.30137326250
2       16.30138144167
2       16.30147416667
2       16.30148174583
2       16.30178546250
4       16.30178547917
1       16.30178560000
2       16.30214812083
4       16.30214814167
1       16.30214826250
2       16.30244262917
4       16.30244265000
1       16.30244277083
2       16.30251855000
2       16.30265425417
4       16.30265427500
1       16.30265439583
2       16.30265826250
2       16.30285800000
4       16.30285802083
1       16.30285814167
2       16.30286825000
2       16.30288483333
2       16.30296192917
2       16.30296227917
2       16.30310240417
4       16.30310242500
1       16.30310254583
2       16.30324131250
2       16.30326309167
2       16.30326741667
2       16.30343630417
4       16.30343632083
1       16.30343644167
2       16.30344723333
2       16.30365829167
4       16.30365831250
1       16.30365842917
2       16.30378668750
2       16.30384274583
4       16.30384274583
1       16.30384288333
2       16.30403122500
4       16.30403122500
1       16.30403136250
2       16.30415407917
2       16.30434551250
4       16.30434552917
1       16.30434565000
2       16.30440514167
2       16.30442863333
2       16.30446880833
2       16.30489168333
4       16.30489170000
1       16.30489182083
2       16.30503445000
2       16.30510240417
4       16.30510242083
1       16.30510254167
2       16.30517099583
2       16.30518222917
2       16.30538157083
4       16.30538158750
1       16.30538170833
2       16.30542534583
2       16.30556543750
4       16.30556545833
1       16.30556557917
2       16.30572870833
2       16.30577414167
4       16.30577415833
1       16.30577427917
2       16.30587947917
2       16.30590862917
2       16.30605508333
4       16.30605510000
1       16.30605522083
2       16.30648788333
4       16.30648790417
1       16.30648802500
2       16.30650213333
2       16.30657201250
2       16.30698109167
4       16.30698110833
1       16.30698122917
2       16.30712982917
2       16.30735273333
4       16.30735275000
1       16.30735287083
2       16.30748228750
2       16.30752428333
2       16.30761904167
4       16.30761906250
1       16.30761918333
2       16.30788965417
4       16.30788967083
1       16.30788979167
2       16.30799697917
2       16.30805731667
2       16.30806352083
2       16.30857993750
4       16.30857995833
1       16.30858007500
2       16.30902676250
4       16.30902678333
1       16.30902690417
2       16.30917349167
2       16.30923447917
4       16.30923449583
1       16.30923461667
2       16.31319065833
4       16.31319067917
1       16.31319079583
2       16.31329498750
2       16.31340457083
4       16.31340459167
1       16.31340471250
2       16.31347872083
2       16.31360863750
4       16.31360865833
1       16.31360877917
2       16.31370202917
2       16.31399887083
4       16.31399888750
1       16.31399900833
2       16.31448368750
4       16.31448368750
1       16.31448382500
2       16.31448402500
2       16.31496396667
4       16.31496398750
1       16.31496410417
2       16.31520747500
4       16.31520747500
1       16.31520761250
2       16.31653301667
4       16.31653303750
1       16.31653315833
2       16.31659195417
2       16.31699238750
4       16.31699240833
1       16.31699252500
2       16.31699835000
2       16.31727560000
4       16.31727562083
1       16.31727574167
2       16.31801785833
4       16.31801787917
1       16.31801800000
2       16.31812718333
2       16.31839716667
4       16.31839718750
1       16.31839730417
2       16.31874686667
4       16.31874686667
1       16.31874700417
2       16.31911522500
4       16.31911522500
1       16.31911536250
2       16.31959516250
4       16.31959518333
1       16.31959530417
2       16.31977964167
2       16.32000790000
4       16.32000792083
1       16.32000804167
2       16.32026927500
4       16.32026929583
1       16.32026941667
2       16.32051035417
4       16.32051037083
1       16.32051049167
2       16.32077395833
4       16.32077395833
1       16.32077409583
2       16.32085416667
2       16.32093105000
2       16.32108271250
4       16.32108273333
1       16.32108285000
2       16.32119462500
2       16.32122978750
2       16.32147256250
4       16.32147257917
1       16.32147270000
2       16.32167099583
4       16.32167101667
1       16.32167113750
2       16.32196221667
4       16.32196221667
1       16.32196235417
2       16.32206583750
2       16.32232283333
4       16.32232285000
1       16.32232297083
2       16.32320288333
4       16.32320290417
1       16.32320302500
2       16.32408230000
4       16.32408231667
1       16.32408243750
2       16.32442741667
4       16.32442743750
1       16.32442755833
2       16.32465964583
4       16.32465964583
1       16.32465978333
2       16.32469404583
2       16.32670554583
4       16.32670554583
1       16.32670568333
2       16.32698119167
4       16.32698121250
1       16.32698133333
2       16.32727532083
4       16.32727534167
1       16.32727546250
2       16.32837599167
4       16.32837600833
1       16.32837612917
2       16.32850616250
2       16.32899470833
4       16.32899472917
1       16.32899485000
2       16.32922725000
4       16.32922727083
1       16.32922738750
2       16.32981812500
4       16.32981812500
1       16.32981826250
2       16.33064023750
4       16.33064025833
1       16.33064037500
2       16.33069555833
2       16.33231621250
4       16.33231623333
1       16.33231635000
2       16.33241956667
2       16.33339539583
4       16.33339539583
1       16.33339553333
2       16.33385248750
4       16.33385250833
1       16.33385262917
2       16.33635326667
4       16.33635326667
1       16.33635340417
2       16.33647412083
2       16.33669378333
4       16.33669380000
1       16.33669392083
2       16.33673980833
2       16.33721803750
4       16.33721803750
1       16.33721817500
2       16.33840814583
4       16.33840816667
1       16.33840828750
2       16.33928618750
4       16.33928620833
1       16.33928632500
2       16.33995269583
4       16.33995269583
1       16.33995283333
2       16.34134877917
4       16.34134880000
1       16.34134891667
2       16.34286477083
4       16.34286479167
1       16.34286491250
2       16.34326426667
4       16.34326428750
1       16.34326440833
2       16.34419999583
4       16.34419999583
1       16.34420013333
2       16.34425992500
2       16.34434837083
2       16.34868351250
4       16.34868352917
1       16.34868365000
2       16.34958140000
4       16.34958141667
1       16.34958153750
2       16.35171117917
4       16.35171120000
1       16.35171132083
2       16.35228451667
4       16.35228451667
1       16.35228465417
2       16.35480184583
4       16.35480186667
1       16.35480198333
2       16.35705844583
4       16.35705844583
1       16.35705858333
2       16.35934892917
4       16.35934895000
1       16.35934907083
2       16.35953763750
2       16.35972218333
4       16.35972220000
1       16.35972232083
2       16.36456374167
4       16.36456376250
1       16.36456388333
2       16.37520001250
4       16.37520002917
1       16.37520015000
2       16.39242151250
4       16.39242152917
1       16.39242165000
2       16.39820672500
4       16.39820674583
1       16.39820686667
2       20.67287477083
4       20.67287479167
1       20.67287491250
2       20.67318543333
4       20.67318545000
1       20.67318557083
2       20.67399770000
4       20.67399771667
1       20.67399783750
2       20.67832547917
4       20.67832550000
1       20.67832562083
2       20.68586175000
4       20.68586177083
1       20.68586189167
2       20.68605545417
2       20.68652919167
4       20.68652921250
1       20.68652932917
2       20.68823652083
4       20.68823653750
1       20.68823665833
2       20.68875144167
4       20.68875146250
1       20.68875158333
2       20.68929855833
4       20.68929857917
1       20.68929870000
2       20.69096109167
4       20.69096111250
1       20.69096123333
2       20.69259067917
4       20.69259070000
1       20.69259082083
2       20.69495610833
4       20.69495612917
1       20.69495624583
2       20.69545487917
4       20.69545490000
1       20.69545502083
2       20.69584730000
4       20.69584731667
1       20.69584743750
2       20.69866030833
4       20.69866032500
1       20.69866044583
2       20.69874124583
2       20.69901262500
4       20.69901264167
1       20.69901276250
2       20.69965318333
4       20.69965320417
1       20.69965332500
2       20.70064062500
4       20.70064064583
1       20.70064076667
2       20.70090957917
4       20.70090960000
1       20.70090972083
2       20.70500375000
4       20.70500376667
1       20.70500388750
2       20.70555131667
4       20.70555131667
1       20.70555145417
2       20.70612205000
4       20.70612207083
1       20.70612219167
2       20.70775604583
4       20.70775606667
1       20.70775618750
2       20.70806135417
4       20.70806137083
1       20.70806149167
2       20.70831538750
4       20.70831538750
1       20.70831552500
2       20.71021966250
4       20.71021968333
1       20.71021980417
2       20.71046610000
4       20.71046612083
1       20.71046623750
2       20.71136040000
4       20.71136042083
1       20.71136053750
2       20.71354889583
4       20.71354891667
1       20.71354903750
2       20.71413517917
4       20.71413520000
1       20.71413532083
2       20.71578967083
4       20.71578969167
1       20.71578981250
2       20.71653559167
4       20.71653560833
1       20.71653572917
2       20.71661010417
2       20.71678857083
4       20.71678859167
1       20.71678871250
2       20.71846495417
4       20.71846497500
1       20.71846509583
2       20.71894647917
4       20.71894649583
1       20.71894661667
2       20.71914721667
2       20.71990865417
4       20.71990867500
1       20.71990879583
2       20.71992157917
2       20.72123242917
4       20.72123245000
1       20.72123257083
2       20.72167284583
4       20.72167286667
1       20.72167298333
2       20.72247215000
4       20.72247217083
1       20.72247229167
2       20.72273751667
4       20.72273753750
1       20.72273765833
2       20.72305247500
4       20.72305247500
1       20.72305261250
2       20.72319222917
2       20.72407332083
4       20.72407333750
1       20.72407345833
2       20.72410375000
2       20.72415351250
2       20.72418692500
2       20.72472671667
4       20.72472673750
1       20.72472685833
2       20.72485735417
2       20.72488253333
2       20.72605109583
4       20.72605111667
1       20.72605123750
2       20.72684473750
4       20.72684473750
1       20.72684487500
2       20.72689207500
2       20.72698250833
2       20.72699800833
2       20.72718917083
4       20.72718919167
1       20.72718931250
2       20.72772960000
4       20.72772962083
1       20.72772974167
2       20.72810236667
4       20.72810238750
1       20.72810250833
2       20.72857300000
4       20.72857302083
1       20.72857314167
2       20.72883833750
4       20.72883835833
1       20.72883847917
2       20.72903845833
4       20.72903847500
1       20.72903859583
2       20.72920279167
2       20.72923285417
4       20.72923287500
1       20.72923299583
2       20.72932615000
2       20.72937427917
2       20.72966839583
4       20.72966839583
1       20.72966853333
2       20.72979957500
2       20.72988145417
4       20.72988147083
1       20.72988159167
2       20.72991815000
2       20.73001952500
2       20.73034152500
4       20.73034154583
1       20.73034166667
2       20.73080720000
4       20.73080722083
1       20.73080734167
2       20.73103076667
4       20.73103078750
1       20.73103090417
2       20.73136490833
4       20.73136492917
1       20.73136504583
2       20.73150698333
2       20.73217122083
4       20.73217123750
1       20.73217135833
2       20.73232387083
2       20.73251197083
4       20.73251198750
1       20.73251210833
2       20.73276570417
4       20.73276572500
1       20.73276584583
2       20.73291509167
2       20.73298567917
4       20.73298570000
1       20.73298582083
2       20.73313043750
2       20.73335462917
4       20.73335464583
1       20.73335476667
2       20.73410392500
4       20.73410394583
1       20.73410406667
2       20.73420957083
2       20.73430684167
4       20.73430685833
1       20.73430697917
2       20.73431120417
2       20.73468186667
4       20.73468186667
1       20.73468200417
2       20.73470534583
2       20.73476827917
2       20.73479571667
2       20.73505340000
4       20.73505341667
1       20.73505353750
2       20.73507240833
2       20.73511218750
2       20.73511664167
2       20.73517045000
2       20.73523791667
2       20.73532349583
4       20.73532349583
1       20.73532363333
2       20.73532435833
2       20.73533407500
2       20.73538901250
2       20.73540565000
2       20.73542548750
2       20.73556498333
4       20.73556500000
1       20.73556512083
2       20.73563934167
2       20.73590446667
4       20.73590448750
1       20.73590460833
2       20.73592530000
2       20.73592899583
2       20.73600376667
2       20.73623106667
4       20.73623106667
1       20.73623120417
2       20.73643992917
2       20.73654462083
4       20.73654463750
1       20.73654475833
2       20.73655199583
2       20.73656385833
2       20.73656817917
2       20.73677979583
4       20.73677979583
1       20.73677993333
2       20.73696695417
2       20.73702070833
4       20.73702072500
1       20.73702084583
2       20.73717902083
2       20.73749926250
4       20.73749927917
1       20.73749940000
2       20.73753047917
2       20.73768101250
4       20.73768103333
1       20.73768115417
2       20.73773970833
2       20.73788083750
4       20.73788085833
1       20.73788097917
2       20.73792094167
2       20.73818957500
4       20.73818959583
1       20.73818971250
2       20.73820353750
2       20.73826248750
2       20.73834299167
2       20.73855655000
4       20.73855657083
1       20.73855669167
2       20.73858730000
2       20.73868707917
2       20.73878476250
4       20.73878477917
1       20.73878490000
2       20.73925910417
4       20.73925912083
1       20.73925924167
2       20.73936927500
2       20.73960918750
4       20.73960920833
1       20.73960932917
2       20.73964856667
2       20.73976221667
2       20.73985533750
4       20.73985535833
1       20.73985547917
2       20.73990498750
2       20.73996953750
2       20.74007064583
4       20.74007064583
1       20.74007078333
2       20.74011626667
2       20.74012956667
2       20.74014482500
2       20.74018980833
2       20.74033130417
4       20.74033132083
1       20.74033144167
2       20.74041078750
2       20.74062871250
4       20.74062872917
1       20.74062885000
2       20.74064562500
2       20.74067744583
2       20.74086515833
4       20.74086517917
1       20.74086530000
2       20.74087650417
2       20.74093643333
2       20.74104212083
2       20.74117294583
4       20.74117296667
1       20.74117308750
2       20.74126202083
2       20.74128130417
2       20.74134287083
2       20.74154653750
4       20.74154653750
1       20.74154667500
2       20.74159353750
2       20.74164718333
2       20.74168170000
2       20.74181657500
4       20.74181657500
1       20.74181671250
2       20.74186549167
2       20.74187608750
2       20.74191026250
2       20.74233551667
4       20.74233551667
1       20.74233565417
2       20.74233984167
2       20.74234323333
2       20.74272405417
4       20.74272407083
1       20.74272419167
2       20.74273595000
2       20.74275587500
2       20.74277765833
2       20.74286811250
2       20.74288075000
2       20.74310062083
4       20.74310063750
1       20.74310075833
2       20.74313443750
2       20.74318186250
2       20.74319112083
2       20.74324410417
2       20.74327656667
2       20.74331333750
4       20.74331335833
1       20.74331347917
2       20.74335047500
2       20.74340504583
2       20.74342590417
2       20.74343558333
2       20.74347692917
2       20.74371902083
4       20.74371904167
1       20.74371916250
2       20.74377169167
2       20.74377397500
2       20.74380851667
2       20.74395850833
4       20.74395852917
1       20.74395865000
2       20.74397549167
2       20.74399231250
2       20.74411996667
2       20.74417050833
4       20.74417052917
1       20.74417065000
2       20.74417215833
2       20.74425698750
2       20.74426920417
2       20.74427422917
2       20.74438024167
4       20.74438026250
1       20.74438037917
2       20.74438839167
2       20.74460347083
4       20.74460349167
1       20.74460361250
2       20.74487069583
4       20.74487069583
1       20.74487083333
2       20.74487114167
2       20.74489027083
2       20.74489816250
2       20.74492342917
2       20.74496734583
2       20.74507837500
4       20.74507837500
1       20.74507851250
2       20.74510853750
2       20.74532022500
4       20.74532022500
1       20.74532036250
2       20.74534299583
2       20.74539933333
2       20.74554842500
4       20.74554842500
1       20.74554856250
2       20.74558981250
2       20.74562996667
2       20.74565137083
2       20.74566401667
2       20.74573592917
2       20.74595317917
4       20.74595320000
1       20.74595332083
2       20.74615792917
4       20.74615794583
1       20.74615806667
2       20.74622940000
2       20.74635355000
4       20.74635357083
1       20.74635369167
2       20.74642983333
2       20.74644800833
2       20.74646330000
2       20.74652592917
4       20.74652595000
1       20.74652607083
2       20.74659879583
2       20.74668391250
2       20.74674221667
4       20.74674221667
1       20.74674235417
2       20.74686140000
2       20.74691613333
4       20.74691615000
1       20.74691627083
2       20.74693460417
2       20.74700647500
2       20.74705652500
2       20.74714892500
4       20.74714894583
1       20.74714906667
2       20.74718236667
2       20.74722154583
2       20.74722811250
2       20.74735620000
4       20.74735621667
1       20.74735633750
2       20.74745296250
2       20.74748605000
2       20.74749212500
2       20.74750662500
2       20.74755997083
4       20.74755999167
1       20.74756011250
2       20.74769385833
2       20.74777989167
4       20.74777990833
1       20.74778002917
2       20.74798520417
4       20.74798522500
1       20.74798534583
2       20.74803000417
2       20.74808389167
2       20.74820815000
4       20.74820817083
1       20.74820829167
2       20.74820946667
2       20.74835062500
2       20.74840687500
4       20.74840689583
1       20.74840701667
2       20.74869675833
4       20.74869677500
1       20.74869689583
2       20.74875300833
2       20.74878916667
2       20.74881167083
2       20.74883916667
2       20.74890010833
4       20.74890012500
1       20.74890024583
2       20.74891866250
2       20.74892692500
2       20.74923522083
4       20.74923524167
1       20.74923536250
2       20.74931712083
2       20.74936160833
2       20.74941151667
4       20.74941153750
1       20.74941165833
2       20.74948937917
2       20.74951447500
2       20.74956960000
2       20.74968578333
4       20.74968580000
1       20.74968592083
2       20.74973013750
2       20.74975075000
2       20.74976819583
2       20.74982258333
2       20.74984337917
2       20.74985601667
2       20.74987164583
2       20.74993585417
4       20.74993587083
1       20.74993599167
2       20.74997536667
2       20.75004086250
2       20.75011799583
2       20.75013792917
2       20.75020913333
4       20.75020915000
1       20.75020927083
2       20.75024420833
2       20.75040783750
2       20.75054235417
4       20.75054237500
1       20.75054249167
2       20.75060355000
2       20.75064344583
2       20.75069408750
2       20.75075037917
4       20.75075040000
1       20.75075052083
2       20.75080631250
2       20.75085805833
2       20.75097821250
4       20.75097822917
1       20.75097835000
2       20.75105604167
2       20.75117205000
2       20.75119684167
4       20.75119686250
1       20.75119698333
2       20.75120284167
2       20.75121506667
2       20.75123265833
2       20.75126340000
2       20.75132435417
2       20.75133082083
2       20.75146912500
4       20.75146912500
1       20.75146926250
2       20.75160200417
2       20.75162447500
2       20.75166595417
4       20.75166597500
1       20.75166609583
2       20.75166695000
2       20.75167910833
2       20.75168705000
2       20.75170590833
2       20.75201175417
4       20.75201177083
1       20.75201189167
2       20.75201303750
2       20.75209810833
2       20.75210705833
2       20.75216732917
2       20.75221372083
4       20.75221373750
1       20.75221385833
2       20.75231905417
2       20.75255753750
4       20.75255753750
1       20.75255767500
2       20.75267927917
2       20.75283839583
4       20.75283839583
1       20.75283853333
2       20.75287478750
2       20.75301764583
2       20.75309212917
4       20.75309215000
1       20.75309227083
2       20.75311527083
2       20.75314478333
2       20.75322228750
2       20.75327695000
4       20.75327697083
1       20.75327708750
2       20.75335446250
2       20.75346145833
4       20.75346147500
1       20.75346159583
2       20.75347401667
2       20.75349090833
2       20.75350116250
2       20.75354522917
2       20.75355385000
2       20.75360223333
2       20.75362740833
2       20.75362837083
2       20.75365420000
4       20.75365421667
1       20.75365433750
2       20.75368111667
2       20.75373403333
2       20.75376886667
2       20.75407222917
4       20.75407225000
1       20.75407237083
2       20.75417891667
2       20.75420174167
2       20.75420802500
2       20.75425674583
4       20.75425674583
1       20.75425688333
2       20.75440779583
2       20.75444286250
2       20.75449518750
4       20.75449518750
1       20.75449532500
2       20.75450909167
2       20.75451837083
2       20.75456240417
2       20.75459926667
2       20.75467140000
2       20.75477642917
4       20.75477645000
1       20.75477657083
2       20.75478443750
2       20.75522950417
4       20.75522952083
1       20.75522964167
2       20.75523350417
2       20.75527769167
2       20.75529247083
2       20.75541438750
4       20.75541440833
1       20.75541452917
2       20.75543093333
2       20.75550913750
2       20.75569757500
4       20.75569759583
1       20.75569771667
2       20.75573895833
2       20.75575820417
2       20.75578570000
2       20.75579396250
2       20.75583965000
2       20.75585560000
2       20.75588835833
2       20.75590363333
2       20.75609511667
4       20.75609513750
1       20.75609525417
2       20.75610433750
2       20.75620270000
2       20.75628252500
2       20.75636632917
4       20.75636635000
1       20.75636647083
2       20.75640443750
2       20.75650474583
2       20.75662632500
4       20.75662632500
1       20.75662646250
2       20.75663334583
2       20.75664420000
2       20.75665287083
2       20.75668530000
2       20.75680057500
2       20.75698082500
4       20.75698084583
1       20.75698096250
2       20.75701684167
2       20.75712350833
2       20.75715265000
2       20.75716020000
2       20.75743153750
4       20.75743155833
1       20.75743167917
2       20.75743783333
2       20.75749641250
2       20.75753223750
2       20.75754784583
2       20.75759317917
2       20.75761600417
2       20.75767268333
4       20.75767270000
1       20.75767282083
2       20.75801286667
4       20.75801288750
1       20.75801300833
2       20.75802706667
2       20.75816727917
2       20.75818975417
2       20.75822161667
4       20.75822161667
1       20.75822175417
2       20.75823673333
2       20.75828716667
2       20.75832550833
2       20.75843971250
4       20.75843973333
1       20.75843985417
2       20.75844383333
2       20.75846336667
2       20.75855212917
2       20.75860052083
2       20.75860351250
2       20.75862470000
4       20.75862472083
1       20.75862483750
2       20.75864816667
2       20.75865874167
2       20.75866380000
2       20.75876710417
2       20.75886017083
4       20.75886019167
1       20.75886031250
2       20.75886083333
2       20.75887039167
2       20.75892574583
2       20.75908203333
4       20.75908205000
1       20.75908217083
2       20.75913809167
2       20.75923110000
2       20.75929164167
4       20.75929165833
1       20.75929177917
2       20.75935801250
2       20.75942685417
2       20.75961069583
4       20.75961069583
1       20.75961083333
2       20.75972035417
2       20.75972171250
2       20.76000555833
4       20.76000557500
1       20.76000569583
2       20.76002942083
2       20.76004401250
2       20.76006381667
2       20.76018711250
4       20.76018712917
1       20.76018725000
2       20.76021252083
2       20.76043909583
4       20.76043909583
1       20.76043923333
2       20.76056494167
2       20.76057893333
2       20.76059407500
2       20.76062079167
4       20.76062081250
1       20.76062093333
2       20.76065072500
2       20.76072932083
2       20.76073882917
2       20.76075764167
2       20.76082072917
4       20.76082075000
1       20.76082087083
2       20.76098661667
2       20.76101963750
4       20.76101963750
1       20.76101977500
2       20.76109468750
2       20.76111155000
2       20.76124662083
4       20.76124663750
1       20.76124675833
2       20.76140669583
2       20.76145070000
4       20.76145071667
1       20.76145083750
2       20.76146132083
2       20.76159709167
2       20.76164742917
4       20.76164744583
1       20.76164756667
2       20.76177721667
2       20.76187731250
4       20.76187732917
1       20.76187745000
2       20.76219927500
4       20.76219929583
1       20.76219941250
2       20.76226975833
2       20.76233466250
2       20.76238813333
2       20.76250272917
4       20.76250275000
1       20.76250287083
2       20.76252384167
2       20.76253010000
2       20.76261158333
2       20.76265168333
2       20.76266732500
2       20.76268315417
4       20.76268317083
1       20.76268329167
2       20.76277892083
2       20.76295086250
4       20.76295088333
1       20.76295100417
2       20.76308985833
2       20.76317997917
4       20.76317999583
1       20.76318011667
2       20.76325778333
2       20.76327903333
2       20.76329827917
2       20.76341945833
4       20.76341947500
1       20.76341959583
2       20.76346120417
2       20.76357020417
2       20.76357491250
2       20.76360270000
4       20.76360271667
1       20.76360283750
2       20.76361962500
2       20.76365000833
2       20.76368776250
2       20.76374006667
2       20.76389343333
4       20.76389345417
1       20.76389357500
2       20.76396933333
2       20.76402995833
2       20.76406338333
4       20.76406340000
1       20.76406352083
2       20.76411968333
2       20.76418060833
2       20.76422665417
2       20.76424927917
2       20.76430060833
4       20.76430062917
1       20.76430075000
2       20.76438400417
2       20.76443277500
2       20.76455824583
4       20.76455824583
1       20.76455838333
2       20.76482450833
4       20.76482452917
1       20.76482465000
2       20.76504714167
4       20.76504716250
1       20.76504727917
2       20.76514949167
2       20.76527534167
4       20.76527535833
1       20.76527547917
2       20.76528786667
2       20.76530484167
2       20.76545195417
4       20.76545197500
1       20.76545209583
2       20.76551184583
2       20.76555223333
2       20.76559001250
2       20.76568044583
4       20.76568044583
1       20.76568058333
2       20.76568114583
2       20.76582484167
2       20.76582985417
2       20.76586692917
4       20.76586694583
1       20.76586706667
2       20.76593649583
2       20.76601797500
2       20.76614452500
4       20.76614454583
1       20.76614466667
2       20.76615744583
2       20.76620676667
2       20.76623391667
2       20.76632833333
4       20.76632835417
1       20.76632847500
2       20.76634824583
2       20.76641841667
2       20.76642038333
2       20.76644392500
2       20.76647246667
2       20.76667842917
4       20.76667844583
1       20.76667856667
2       20.76668945000
2       20.76674332500
2       20.76675457083
2       20.76680532500
2       20.76681526667
2       20.76686693750
4       20.76686695833
1       20.76686707917
2       20.76687654583
2       20.76691533750
2       20.76694705417
2       20.76696198333
2       20.76712527083
4       20.76712529167
1       20.76712541250
2       20.76716167917
2       20.76721534583
2       20.76726368750
2       20.76733717500
4       20.76733719583
1       20.76733731667
2       20.76740450000
2       20.76746944167
2       20.76751149583
4       20.76751151667
1       20.76751163750
2       20.76759995000
2       20.76768770000
4       20.76768772083
1       20.76768784167
2       20.76782417917
2       20.76792096250
4       20.76792098333
1       20.76792110417
2       20.76794536667
2       20.76802090000
2       20.76824149583
4       20.76824149583
1       20.76824163333
2       20.76829944167
2       20.76849254167
4       20.76849256250
1       20.76849267917
2       20.76874227083
4       20.76874229167
1       20.76874240833
2       20.76876981250
2       20.76880559583
2       20.76881352500
2       20.76884930417
2       20.76900897083
4       20.76900898750
1       20.76900910833
2       20.76913483750
2       20.76925010000
4       20.76925011667
1       20.76925023750
2       20.76927202083
2       20.76937124167
2       20.76937795000
2       20.76948260000
4       20.76948262083
1       20.76948274167
2       20.76951908333
2       20.76957607917
2       20.76965881667
4       20.76965881667
1       20.76965895417
2       20.76968900000
2       20.76985658750
4       20.76985660833
1       20.76985672917
2       20.76985821667
2       20.76985891667
2       20.76988579583
2       20.76988935833
2       20.76999003750
2       20.76999238750
2       20.77011590000
4       20.77011591667
1       20.77011603750
2       20.77013520833
2       20.77016860417
2       20.77035700833
4       20.77035700833
1       20.77035714583
2       20.77038921667
2       20.77041471250
2       20.77055816250
4       20.77055818333
1       20.77055830417
2       20.77067147917
2       20.77067797917
2       20.77079403333
4       20.77079405000
1       20.77079417083
2       20.77097772917
2       20.77099972917
4       20.77099975000
1       20.77099986667
2       20.77113114167
2       20.77113577083
2       20.77115072083
2       20.77137992083
4       20.77137994167
1       20.77138005833
2       20.77139940417
2       20.77141434167
2       20.77153984167
2       20.77154451667
2       20.77169086667
4       20.77169088750
1       20.77169100833
2       20.77190055000
4       20.77190057083
1       20.77190069167
2       20.77194275000
2       20.77204133750
2       20.77206220417
2       20.77212303333
4       20.77212305417
1       20.77212317500
2       20.77225532083
2       20.77226298750
2       20.77228049583
2       20.77230799583
4       20.77230801667
1       20.77230813750
2       20.77234945417
2       20.77237491250
2       20.77259619167
4       20.77259621250
1       20.77259632917
2       20.77272638333
2       20.77274492083
2       20.77279223750
4       20.77279225833
1       20.77279237500
2       20.77291292083
2       20.77298499583
2       20.77302016667
4       20.77302018750
1       20.77302030833
2       20.77311752917
2       20.77319265000
2       20.77326587500
4       20.77326587500
1       20.77326601250
2       20.77328268333
2       20.77328346250
2       20.77331422500
2       20.77334208750
2       20.77336923750
2       20.77337787917
2       20.77359878333
4       20.77359880417
1       20.77359892083
2       20.77365244167
2       20.77367097500
2       20.77372530000
2       20.77378230000
4       20.77378232083
1       20.77378244167
2       20.77402306250
4       20.77402308333
1       20.77402320000
2       20.77406953333
2       20.77424275000
4       20.77424276667
1       20.77424288750
2       20.77426524167
2       20.77428342500
2       20.77436092500
2       20.77436954583
2       20.77441522500
2       20.77441926250
2       20.77450343750
4       20.77450343750
1       20.77450357500
2       20.77451066667
2       20.77454943333
2       20.77462532500
2       20.77465740833
2       20.77470472917
4       20.77470475000
1       20.77470487083
2       20.77486835833
2       20.77492007917
4       20.77492009583
1       20.77492021667
2       20.77495450000
2       20.77521018333
4       20.77521020417
1       20.77521032083
2       20.77521684583
2       20.77524169167
2       20.77534804167
2       20.77536392500
2       20.77570091667
4       20.77570091667
1       20.77570105417
2       20.77582134583
2       20.77585212500
2       20.77586725833
2       20.77591341667
4       20.77591343750
1       20.77591355833
2       20.77593558750
2       20.77594813750
2       20.77597565000
2       20.77599688333
2       20.77605117500
2       20.77608103333
2       20.77619197083
4       20.77619198750
1       20.77619210833
2       20.77626980417
2       20.77632178333
2       20.77632247917
2       20.77642285833
4       20.77642287500
1       20.77642299583
2       20.77661957083
4       20.77661958750
1       20.77661970833
2       20.77680117500
4       20.77680117500
1       20.77680131250
2       20.77684648750
2       20.77688389167
2       20.77689839167
2       20.77698034583
2       20.77711243750
4       20.77711245833
1       20.77711257917
2       20.77712172500
2       20.77714692917
2       20.77725986667
2       20.77748572917
4       20.77748574583
1       20.77748586667
2       20.77755038750
2       20.77763046250
2       20.77778780000
4       20.77778781667
1       20.77778793750
2       20.77781600000
2       20.77786530000
2       20.77792846250
2       20.77804457500
4       20.77804457500
1       20.77804471250
2       20.77804853333
2       20.77812998333
2       20.77815222917
2       20.77816539583
2       20.77821775000
2       20.77836910833
4       20.77836912917
1       20.77836925000
2       20.77837574167
2       20.77838998333
2       20.77878288333
4       20.77878290417
1       20.77878302500
2       20.77880965417
2       20.77885573333
2       20.77892458750
2       20.77897492917
4       20.77897494583
1       20.77897506667
2       20.77904847083
2       20.77915107083
4       20.77915108750
1       20.77915120833
2       20.77918658333
2       20.77922470000
2       20.77944000417
4       20.77944002500
1       20.77944014167
2       20.77957045417
2       20.77964936250
4       20.77964937917
1       20.77964950000
2       20.77965494167
2       20.77976198750
2       20.77982886667
4       20.77982886667
1       20.77982900417
2       20.78000507500
2       20.78006869583
4       20.78006871667
1       20.78006883750
2       20.78009081250
2       20.78011508750
2       20.78012069583
2       20.78029466250
4       20.78029468333
1       20.78029480000
2       20.78031186250
2       20.78035857083
2       20.78038735833
2       20.78046685417
2       20.78049393750
4       20.78049395833
1       20.78049407917
2       20.78055195417
2       20.78062850833
2       20.78065072917
2       20.78069895417
4       20.78069897083
1       20.78069909167
2       20.78072216667
2       20.78082852917
2       20.78086017083
2       20.78087085833
2       20.78089047083
4       20.78089048750
1       20.78089060833
2       20.78099748750
2       20.78108752917
4       20.78108755000
1       20.78108767083
2       20.78122950000
2       20.78143332917
4       20.78143335000
1       20.78143347083
2       20.78153600417
2       20.78160128333
2       20.78184240000
4       20.78184241667
1       20.78184253750
2       20.78197851667
2       20.78203912917
4       20.78203914583
1       20.78203926667
2       20.78214021250
2       20.78219611250
2       20.78222627500
2       20.78224949583
4       20.78224951667
1       20.78224963333
2       20.78246378750
4       20.78246378750
1       20.78246392500
2       20.78249620417
2       20.78250447083
2       20.78256444583
2       20.78263265000
2       20.78263303750
2       20.78268643750
4       20.78268643750
1       20.78268657500
2       20.78280261667
2       20.78298115833
4       20.78298117917
1       20.78298130000
2       20.78301829583
2       20.78305663750
2       20.78320734167
4       20.78320735833
1       20.78320747917
2       20.78327391667
2       20.78329152917
2       20.78333115000
2       20.78349661250
4       20.78349663333
1       20.78349675417
2       20.78384067083
4       20.78384069167
1       20.78384081250
2       20.78392641250
2       20.78424772083
4       20.78424773750
1       20.78424785833
2       20.78427266667
2       20.78431465833
2       20.78434809583
2       20.78438145833
2       20.78448063750
4       20.78448063750
1       20.78448077500
2       20.78454122917
2       20.78455173750
2       20.78464363750
2       20.78473450833
4       20.78473452500
1       20.78473464583
2       20.78481020000
2       20.78484529167
2       20.78502347500
4       20.78502349583
1       20.78502361667
2       20.78534708333
4       20.78534710417
1       20.78534722500
2       20.78546005833
2       20.78549747083
2       20.78554980417
4       20.78554982083
1       20.78554994167
2       20.78557836667
2       20.78559024167
2       20.78560573750
2       20.78560912917
2       20.78561772083
2       20.78592111250
4       20.78592112917
1       20.78592125000
2       20.78604774167
2       20.78606779167
2       20.78610362500
2       20.78615197917
4       20.78615200000
1       20.78615212083
2       20.78645173750
4       20.78645175833
1       20.78645187500
2       20.78653962083
2       20.78699927083
4       20.78699928750
1       20.78699940833
2       20.78720259583
4       20.78720261667
1       20.78720273333
2       20.78736625833
2       20.78761566667
4       20.78761568750
1       20.78761580833
2       20.78763256667
2       20.78764552083
2       20.78768962917
2       20.78770642500
2       20.78785255417
4       20.78785257500
1       20.78785269583
2       20.78788437917
2       20.78797078750
2       20.78807018333
2       20.78812113750
4       20.78812113750
1       20.78812127500
2       20.78826190833
2       20.78828510417
2       20.78829733750
2       20.78841890417
4       20.78841892500
1       20.78841904583
2       20.78859915833
2       20.78901476667
4       20.78901478750
1       20.78901490417
2       20.78915720417
2       20.78923704167
4       20.78923706250
1       20.78923718333
2       20.78933575833
2       20.78939239167
2       20.78963749167
4       20.78963750833
1       20.78963762917
2       20.78965868750
2       20.78980811250
2       20.78984355417
4       20.78984357083
1       20.78984369167
2       20.78989820000
2       20.78999352500
2       20.79007079583
4       20.79007079583
1       20.79007093333
2       20.79010558333
2       20.79015983750
2       20.79018802917
2       20.79025966667
4       20.79025968750
1       20.79025980833
2       20.79028535000
2       20.79035065417
2       20.79056064167
4       20.79056065833
1       20.79056077917
2       20.79073887917
2       20.79074511667
4       20.79074513750
1       20.79074525833
2       20.79097565417
4       20.79097567500
1       20.79097579583
2       20.79109718750
2       20.79121044583
4       20.79121046667
1       20.79121058750
2       20.79129728750
2       20.79132411667
2       20.79133471667
2       20.79139065417
4       20.79139067500
1       20.79139079167
2       20.79149437917
2       20.79171432083
4       20.79171433750
1       20.79171445833
2       20.79176766250
2       20.79184882917
2       20.79190113333
4       20.79190115417
1       20.79190127083
2       20.79191138750
2       20.79197930833
2       20.79198217917
2       20.79205810417
2       20.79225885417
4       20.79225887083
1       20.79225899167
2       20.79228631667
2       20.79228770417
2       20.79230785833
2       20.79239130833
2       20.79243340833
2       20.79260393750
4       20.79260395833
1       20.79260407917
2       20.79261196250
2       20.79266822500
2       20.79277953750
4       20.79277953750
1       20.79277967500
2       20.79280109583
2       20.79287356667
2       20.79307343750
4       20.79307345833
1       20.79307357917
2       20.79307728750
2       20.79310948333
2       20.79320514167
2       20.79331237083
4       20.79331239167
1       20.79331250833
2       20.79335791667
2       20.79355001250
4       20.79355002917
1       20.79355015000
2       20.79388448750
4       20.79388448750
1       20.79388462500
2       20.79388682083
2       20.79388879167
2       20.79409880833
4       20.79409882500
1       20.79409894583
2       20.79416372917
2       20.79424985833
2       20.79428167500
2       20.79445951667
4       20.79445951667
1       20.79445965417
2       20.79448607500
2       20.79457872917
2       20.79461217917
2       20.79474574583
4       20.79474574583
1       20.79474588333
2       20.79474900000
2       20.79478885000
2       20.79481356250
2       20.79497952083
4       20.79497953750
1       20.79497965833
2       20.79511997917
2       20.79527497917
4       20.79527499583
1       20.79527511667
2       20.79541180833
2       20.79546410833
4       20.79546412917
1       20.79546425000
2       20.79553102083
2       20.79556905417
2       20.79560055417
2       20.79563207083
2       20.79563477083
2       20.79575522917
4       20.79575524583
1       20.79575536667
2       20.79591455417
2       20.79594312083
2       20.79607521250
4       20.79607523333
1       20.79607535417
2       20.79620612083
2       20.79622128750
2       20.79625907083
4       20.79625909167
1       20.79625921250
2       20.79631967500
2       20.79647898750
4       20.79647898750
1       20.79647912500
2       20.79659460000
2       20.79663827917
2       20.79671749167
4       20.79671750833
1       20.79671762917
2       20.79676056667
2       20.79681884583
2       20.79688409583
2       20.79693644583
4       20.79693646667
1       20.79693658750
2       20.79696982083
2       20.79707558333
2       20.79713387083
4       20.79713389167
1       20.79713401250
2       20.79731590417
4       20.79731592083
1       20.79731604167
2       20.79731798750
2       20.79739976667
2       20.79742661250
2       20.79760423333
4       20.79760425000
1       20.79760437083
2       20.79768057083
2       20.79782450417
4       20.79782452083
1       20.79782464167
2       20.79793238333
2       20.79793672917
2       20.79803779583
4       20.79803779583
1       20.79803793333
2       20.79805235417
2       20.79806101250
2       20.79818452083
2       20.79824713750
4       20.79824715833
1       20.79824727917
2       20.79846177083
4       20.79846179167
1       20.79846191250
2       20.79849252917
2       20.79854721667
2       20.79862699583
2       20.79866702917
4       20.79866704583
1       20.79866716667
2       20.79875253750
2       20.79882411667
2       20.79887644167
4       20.79887645833
1       20.79887657917
2       20.79906132083
4       20.79906133750
1       20.79906145833
2       20.79914867083
2       20.79920245833
2       20.79928387500
4       20.79928389583
1       20.79928401667
2       20.79928620417
2       20.79935635417
2       20.79946500833
2       20.79952626250
4       20.79952628333
1       20.79952640417
2       20.79953522083
2       20.79960180417
2       20.79986812917
4       20.79986814583
1       20.79986826667
2       20.79992113750
2       20.79999862917
2       20.80007613750
4       20.80007613750
1       20.80007627500
2       20.80011855000
2       20.80025771250
4       20.80025772917
1       20.80025785000
2       20.80063031250
4       20.80063033333
1       20.80063045417
2       20.80080812917
4       20.80080814583
1       20.80080826667
2       20.80088295000
2       20.80102713750
4       20.80102715833
1       20.80102727917
2       20.80120465000
4       20.80120466667
1       20.80120478750
2       20.80136664583
2       20.80141395000
4       20.80141397083
1       20.80141409167
2       20.80165017500
4       20.80165017500
1       20.80165031250
2       20.80181044167
2       20.80183001667
4       20.80183003750
1       20.80183015833
2       20.80187764583
2       20.80194890000
2       20.80205165000
4       20.80205166667
1       20.80205178750
2       20.80205354167
2       20.80207671667
2       20.80209329583
2       20.80220890000
2       20.80233874583
4       20.80233874583
1       20.80233888333
2       20.80241424167
2       20.80269745000
4       20.80269746667
1       20.80269758750
2       20.80270049583
2       20.80292075417
4       20.80292077500
1       20.80292089167
2       20.80304167917
2       20.80306445833
2       20.80310488750
4       20.80310490833
1       20.80310502917
2       20.80320290833
2       20.80320700000
2       20.80333578750
4       20.80333580833
1       20.80333592917
2       20.80358052083
4       20.80358054167
1       20.80358066250
2       20.80370042500
2       20.80380310000
4       20.80380311667
1       20.80380323750
2       20.80382634583
2       20.80399589167
4       20.80399591250
1       20.80399603333
2       20.80414888333
2       20.80444269583
4       20.80444271667
1       20.80444283750
2       20.80444859583
2       20.80459964583
2       20.80466496250
4       20.80466497917
1       20.80466510000
2       20.80468186250
2       20.80476369167
2       20.80476401667
2       20.80480745833
2       20.80483345417
2       20.80509331250
4       20.80509333333
1       20.80509345417
2       20.80510422500
2       20.80514289583
2       20.80519818333
2       20.80538344167
4       20.80538346250
1       20.80538358333
2       20.80543380000
2       20.80556851667
4       20.80556851667
1       20.80556865417
2       20.80573845833
2       20.80580534583
4       20.80580536667
1       20.80580548750
2       20.80582430833
2       20.80591675417
2       20.80604250833
4       20.80604252500
1       20.80604264583
2       20.80620320833
2       20.80631743750
4       20.80631745833
1       20.80631757917
2       20.80634262500
2       20.80649995000
2       20.80651019583
2       20.80661323333
4       20.80661325417
1       20.80661337500
2       20.80663838333
2       20.80685467083
4       20.80685469167
1       20.80685480833
2       20.80700772083
2       20.80709151250
4       20.80709153333
1       20.80709165000
2       20.80720912500
2       20.80737440000
4       20.80737442083
1       20.80737454167
2       20.80738767083
2       20.80772567500
4       20.80772567500
1       20.80772581250
2       20.80772751667
2       20.80790705417
4       20.80790707500
1       20.80790719583
2       20.80828460000
4       20.80828462083
1       20.80828474167
2       20.80828764167
2       20.80829154167
2       20.80836478333
2       20.80837366667
2       20.80839587917
2       20.80861615417
4       20.80861617500
1       20.80861629583
2       20.80876055417
2       20.80878049167
2       20.80893282917
4       20.80893284583
1       20.80893296667
2       20.80902721250
2       20.80912433333
2       20.80921007083
4       20.80921008750
1       20.80921020833
2       20.80927730417
2       20.80929024583
2       20.80949688750
4       20.80949690833
1       20.80949702917
2       20.80950092500
2       20.80950550833
2       20.80958241667
2       20.80965095833
2       20.80967351667
2       20.80972442500
4       20.80972444583
1       20.80972456667
2       20.80974698750
2       20.80976687500
2       20.80979671667
2       20.80983208333
2       20.80988510000
2       20.80996397083
4       20.80996399167
1       20.80996411250
2       20.81011430417
2       20.81034683750
4       20.81034685833
1       20.81034697917
2       20.81037342917
2       20.81041215833
2       20.81055812083
4       20.81055814167
1       20.81055826250
2       20.81069066250
2       20.81074298333
4       20.81074300000
1       20.81074312083
2       20.81081686667
2       20.81083270000
2       20.81095463750
4       20.81095465833
1       20.81095477917
2       20.81096788333
2       20.81099040833
2       20.81128584167
4       20.81128586250
1       20.81128598333
2       20.81164327917
4       20.81164330000
1       20.81164342083
2       20.81180620417
2       20.81206029167
4       20.81206030833
1       20.81206042917
2       20.81217717917
2       20.81218149583
2       20.81218684583
2       20.81233055833
4       20.81233057917
1       20.81233070000
2       20.81236633750
2       20.81249293333
2       20.81254893333
4       20.81254895000
1       20.81254907083
2       20.81265349167
2       20.81277542500
4       20.81277544167
1       20.81277556250
2       20.81289062083
2       20.81307384167
4       20.81307385833
1       20.81307397917
2       20.81318878750
2       20.81337957500
4       20.81337959167
1       20.81337971250
2       20.81339220417
2       20.81356837500
2       20.81369353750
4       20.81369355833
1       20.81369367917
2       20.81372840000
2       20.81385097083
2       20.81387802500
2       20.81390098750
4       20.81390100833
1       20.81390112917
2       20.81423115833
4       20.81423117500
1       20.81423129583
2       20.81468555833
4       20.81468557500
1       20.81468569583
2       20.81483660417
2       20.81524405000
4       20.81524407083
1       20.81524419167
2       20.81530464583
2       20.81547429167
4       20.81547430833
1       20.81547442917
2       20.81570076667
4       20.81570076667
1       20.81570090417
2       20.81570474167
2       20.81583919583
2       20.81584819583
2       20.81598199167
4       20.81598201250
1       20.81598212917
2       20.81600090000
2       20.81608144167
2       20.81610190833
2       20.81621252917
4       20.81621254583
1       20.81621266667
2       20.81624932917
2       20.81644931250
4       20.81644933333
1       20.81644945417
2       20.81646858333
2       20.81652451667
2       20.81671832083
4       20.81671834167
1       20.81671846250
2       20.81696851250
4       20.81696852917
1       20.81696865000
2       20.81698461667
2       20.81730135833
4       20.81730137917
1       20.81730149583
2       20.81735558333
2       20.81741363333
2       20.81748142500
2       20.81753806667
4       20.81753808750
1       20.81753820833
2       20.81757387083
2       20.81775834583
4       20.81775834583
1       20.81775848333
2       20.81790615417
2       20.81802536667
4       20.81802538750
1       20.81802550833
2       20.81825121667
4       20.81825123750
1       20.81825135833
2       20.81834362083
2       20.81837512083
2       20.81858910417
4       20.81858912083
1       20.81858924167
2       20.81863250833
2       20.81893720417
4       20.81893722083
1       20.81893734167
2       20.81897928750
2       20.81945721250
4       20.81945722917
1       20.81945735000
2       20.81947455833
2       20.81978448750
4       20.81978450833
1       20.81978462917
2       20.81983319167
2       20.81986629583
2       20.81987362917
2       20.81989541250
2       20.81993115417
2       20.82002268333
4       20.82002270417
1       20.82002282500
2       20.82020415417
2       20.82021209583
2       20.82025217083
4       20.82025219167
1       20.82025231250
2       20.82029365000
2       20.82030522917
2       20.82033004167
2       20.82040027917
2       20.82044763333
4       20.82044765000
1       20.82044777083
2       20.82065028333
4       20.82065030417
1       20.82065042500
2       20.82065730000
2       20.82080602083
2       20.82082821250
4       20.82082822917
1       20.82082835000
2       20.82082847500
2       20.82088745833
2       20.82091367083
2       20.82097625833
2       20.82100772917
2       20.82102462083
2       20.82134759583
4       20.82134761667
1       20.82134773750
2       20.82162612083
4       20.82162614167
1       20.82162626250
2       20.82168544167
2       20.82177622917
2       20.82178717083
2       20.82180630000
2       20.82185699167
4       20.82185701250
1       20.82185713333
2       20.82186259167
2       20.82200413750
2       20.82200511667
2       20.82205340833
2       20.82213947083
4       20.82213949167
1       20.82213961250
2       20.82216105833
2       20.82217132500
2       20.82220935000
2       20.82228526250
2       20.82234321667
4       20.82234323750
1       20.82234335833
2       20.82243237917
2       20.82248200833
2       20.82249692500
2       20.82291392083
4       20.82291393750
1       20.82291405833
2       20.82295869167
2       20.82302127917
2       20.82312953750
4       20.82312955833
1       20.82312967917
2       20.82327824583
2       20.82330480000
2       20.82334747917
4       20.82334750000
1       20.82334762083
2       20.82374629167
4       20.82374631250
1       20.82374643333
2       20.82387609583
2       20.82402087083
4       20.82402088750
1       20.82402100833
2       20.82415766250
2       20.82428984167
4       20.82428985833
1       20.82428997917
2       20.82431536667
2       20.82434254583
2       20.82435483333
2       20.82435640417
2       20.82438562917
2       20.82441339167
2       20.82473435000
4       20.82473436667
1       20.82473448750
2       20.82473717917
2       20.82494170000
4       20.82494172083
1       20.82494184167
2       20.82503152917
2       20.82504705000
2       20.82509475000
2       20.82514109167
4       20.82514111250
1       20.82514122917
2       20.82519375833
2       20.82523120417
2       20.82540938750
4       20.82540940833
1       20.82540952500
2       20.82543058750
2       20.82553198750
2       20.82558759167
4       20.82558760833
1       20.82558772917
2       20.82567964167
2       20.82587045000
4       20.82587047083
1       20.82587059167
2       20.82640969167
4       20.82640971250
1       20.82640982917
2       20.82655117917
2       20.82657927083
4       20.82657929167
1       20.82657940833
2       20.82680618750
4       20.82680618750
1       20.82680632500
2       20.82694029583
2       20.82704274167
4       20.82704275833
1       20.82704287917
2       20.82708280833
2       20.82722580833
4       20.82722582917
1       20.82722595000
2       20.82730246250
2       20.82747128750
4       20.82747130833
1       20.82747142917
2       20.82787406250
4       20.82787408333
1       20.82787420417
2       20.82804198333
4       20.82804200417
1       20.82804212500
2       20.82811287083
2       20.82817750000
2       20.82829607083
4       20.82829608750
1       20.82829620833
2       20.82838155417
2       20.82858162917
4       20.82858164583
1       20.82858176667
2       20.82866202917
2       20.82880745833
4       20.82880747917
1       20.82880760000
2       20.82888338333
2       20.82888462917
2       20.82894950417
2       20.82900622917
4       20.82900624583
1       20.82900636667
2       20.82903403333
2       20.82916386250
2       20.82917406667
4       20.82917408750
1       20.82917420417
2       20.82931059167
2       20.82941198750
4       20.82941198750
1       20.82941212500
2       20.82949609167
2       20.82959142500
4       20.82959142500
1       20.82959156250
2       20.82973622083
2       20.82976337083
2       20.82996811250
4       20.82996812917
1       20.82996825000
2       20.83012874167
2       20.83031520833
4       20.83031522917
1       20.83031534583
2       20.83034829167
2       20.83049304167
4       20.83049305833
1       20.83049317917
2       20.83057125000
2       20.83069344167
4       20.83069346250
1       20.83069358333
2       20.83079307083
2       20.83082466667
2       20.83105271250
4       20.83105273333
1       20.83105285417
2       20.83141460000
4       20.83141461667
1       20.83141473750
2       20.83161990417
4       20.83161992083
1       20.83162004167
2       20.83174584167
2       20.83190684583
4       20.83190686667
1       20.83190698750
2       20.83197432500
2       20.83206907500
2       20.83225286250
4       20.83225288333
1       20.83225300417
2       20.83254434583
4       20.83254436667
1       20.83254448750
2       20.83256987083
2       20.83261195417
2       20.83274643333
4       20.83274645000
1       20.83274657083
2       20.83276892500
2       20.83291557083
2       20.83293200000
2       20.83304030833
4       20.83304032917
1       20.83304045000
2       20.83304422917
2       20.83314660833
2       20.83339866250
4       20.83339868333
1       20.83339880417
2       20.83363078333
4       20.83363080417
1       20.83363092083
2       20.83366620417
2       20.83387527500
4       20.83387529583
1       20.83387541667
2       20.83398459583
2       20.83401204583
2       20.83410352500
4       20.83410354583
1       20.83410366667
2       20.83410949583
2       20.83412068750
2       20.83428729167
4       20.83428731250
1       20.83428743333
2       20.83430020833
2       20.83435721250
2       20.83444700417
2       20.83453944167
4       20.83453946250
1       20.83453958333
2       20.83461589167
2       20.83465617500
2       20.83466230417
2       20.83477979167
4       20.83477981250
1       20.83477993333
2       20.83478479583
2       20.83489745000
2       20.83494410000
2       20.83505505833
4       20.83505507917
1       20.83505520000
2       20.83509444583
2       20.83509912083
2       20.83515342083
2       20.83517660417
2       20.83527871667
4       20.83527873750
1       20.83527885417
2       20.83533792500
2       20.83543427917
2       20.83548370000
4       20.83548372083
1       20.83548384167
2       20.83550956250
2       20.83555655000
2       20.83557110417
2       20.83559664583
2       20.83583535417
4       20.83583537500
1       20.83583549583
2       20.83597555000
2       20.83617297083
4       20.83617299167
1       20.83617311250
2       20.83629356667
2       20.83632665000
2       20.83633130000
2       20.83634447500
2       20.83635347500
2       20.83640344583
4       20.83640344583
1       20.83640358333
2       20.83643883750
2       20.83646082083
2       20.83663073750
4       20.83663073750
1       20.83663087500
2       20.83665030833
2       20.83665629167
2       20.83670965833
2       20.83681590417
4       20.83681592083
1       20.83681604167
2       20.83720737917
4       20.83720740000
1       20.83720751667
2       20.83725514167
2       20.83725946667
2       20.83731164583
2       20.83734375417
2       20.83734946250
2       20.83739725833
4       20.83739725833
1       20.83739739583
2       20.83758661667
4       20.83758663750
1       20.83758675833
2       20.83786355417
4       20.83786357500
1       20.83786369583
2       20.83790724167
2       20.83791794583
2       20.83798377917
2       20.83810862500
4       20.83810864583
1       20.83810876667
2       20.83845347917
4       20.83845349583
1       20.83845361667
2       20.83865579583
4       20.83865581667
1       20.83865593750
2       20.83878073333
2       20.83881781250
2       20.83887213333
4       20.83887215000
1       20.83887227083
2       20.83895891667
2       20.83897046667
2       20.83903574583
2       20.83907780000
4       20.83907782083
1       20.83907794167
2       20.83908678333
2       20.83918419167
2       20.83919972083
2       20.83922160833
2       20.83936760833
4       20.83936762917
1       20.83936775000
2       20.83949718750
2       20.83950415000
2       20.83961868333
4       20.83961870417
1       20.83961882500
2       20.83976448750
2       20.83986088333
4       20.83986090417
1       20.83986102500
2       20.84012286250
4       20.84012287917
1       20.84012300000
2       20.84026490000
2       20.84029476667
4       20.84029478750
1       20.84029490833
2       20.84052691667
4       20.84052693750
1       20.84052705833
2       20.84053321250
2       20.84060047083
2       20.84064451667
2       20.84065237917
2       20.84081848750
4       20.84081850833
1       20.84081862917
2       20.84083921250
2       20.84085885417
2       20.84099462083
2       20.84120040000
4       20.84120042083
1       20.84120053750
2       20.84124400000
2       20.84124635833
2       20.84128645417
2       20.84135102083
2       20.84141405833
4       20.84141407917
1       20.84141420000
2       20.84152402083
2       20.84171405833
4       20.84171407917
1       20.84171420000
2       20.84174126667
2       20.84178897917
2       20.84202872500
4       20.84202872500
1       20.84202886250
2       20.84260807500
4       20.84260807500
1       20.84260821250
2       20.84280244167
4       20.84280245833
1       20.84280257917
2       20.84298636250
2       20.84316788750
4       20.84316790833
1       20.84316802917
2       20.84329963750
2       20.84335825833
2       20.84339274583
4       20.84339276667
1       20.84339288750
2       20.84359077500
4       20.84359079583
1       20.84359091667
2       20.84360145000
2       20.84361697917
2       20.84378653750
4       20.84378655833
1       20.84378667917
2       20.84380980000
2       20.84387827917
2       20.84396007500
4       20.84396007500
1       20.84396021250
2       20.84401045833
2       20.84417710417
4       20.84417712083
1       20.84417724167
2       20.84424960000
2       20.84429336667
2       20.84438604583
4       20.84438604583
1       20.84438618333
2       20.84450668333
2       20.84452192917
2       20.84460202500
4       20.84460204583
1       20.84460216250
2       20.84479903333
4       20.84479905417
1       20.84479917500
2       20.84494951250
2       20.84506740000
4       20.84506741667
1       20.84506753750
2       20.84507767500
2       20.84518238333
2       20.84524632917
4       20.84524635000
1       20.84524646667
2       20.84525814583
2       20.84553307917
4       20.84553309583
1       20.84553321667
2       20.84562973750
2       20.84564636667
2       20.84574707917
4       20.84574709583
1       20.84574721667
2       20.84580508750
2       20.84583390417
2       20.84587129167
2       20.84590679167
2       20.84621509167
4       20.84621510833
1       20.84621522917
2       20.84623400000
2       20.84653405000
4       20.84653406667
1       20.84653418750
2       20.84656949167
2       20.84667385833
2       20.84669265833
2       20.84680471667
4       20.84680473750
1       20.84680485833
2       20.84704118333
4       20.84704120417
1       20.84704132500
2       20.84708720833
2       20.84715679167
2       20.84727193333
4       20.84727195000
1       20.84727207083
2       20.84742413333
2       20.84757180417
4       20.84757182083
1       20.84757194167
2       20.84759895417
2       20.84762086667
2       20.84764295417
2       20.84772954167
2       20.84784907083
4       20.84784909167
1       20.84784921250
2       20.84788449583
2       20.84813002500
4       20.84813004583
1       20.84813016667
2       20.84868079167
4       20.84868081250
1       20.84868092917
2       20.84874004167
2       20.84879841250
2       20.84890038750
4       20.84890040833
1       20.84890052917
2       20.84910111250
4       20.84910112917
1       20.84910125000
2       20.84912628333
2       20.84919021667
2       20.84946145417
4       20.84946147500
1       20.84946159583
2       20.84954524583
2       20.84975917083
4       20.84975918750
1       20.84975930833
2       20.84976522917
2       20.85002188333
4       20.85002190000
1       20.85002202083
2       20.85025908750
4       20.85025910833
1       20.85025922917
2       20.85032899167
2       20.85041769583
2       20.85042632500
2       20.85067134583
4       20.85067134583
1       20.85067148333
2       20.85095763750
4       20.85095765833
1       20.85095777500
2       20.85114878333
2       20.85130488333
4       20.85130490417
1       20.85130502500
2       20.85132630417
2       20.85143957500
2       20.85150052500
4       20.85150054583
1       20.85150066667
2       20.85171847500
4       20.85171849583
1       20.85171861667
2       20.85174128750
2       20.85185292917
2       20.85191025833
4       20.85191025833
1       20.85191039583
2       20.85195007500
2       20.85196589167
2       20.85201162917
2       20.85202821250
2       20.85207716667
2       20.85215575417
4       20.85215577500
1       20.85215589583
2       20.85229088333
2       20.85248156667
4       20.85248158750
1       20.85248170833
2       20.85248590000
2       20.85250652917
2       20.85251105833
2       20.85259952917
2       20.85267348333
4       20.85267350417
1       20.85267362500
2       20.85269157917
2       20.85299007083
4       20.85299009167
1       20.85299021250
2       20.85313185833
2       20.85323045000
4       20.85323047083
1       20.85323059167
2       20.85325136667
2       20.85326566250
2       20.85329540833
2       20.85334017500
2       20.85350506667
4       20.85350508750
1       20.85350520833
2       20.85354518333
2       20.85354620833
2       20.85363958750
2       20.85368825833
4       20.85368827917
1       20.85368840000
2       20.85375052083
2       20.85375246250
2       20.85378233750
2       20.85382905417
2       20.85389958750
4       20.85389958750
1       20.85389972500
2       20.85404700833
2       20.85418080833
4       20.85418082917
1       20.85418094583
2       20.85426855833
2       20.85431796667
2       20.85436926667
2       20.85439245833
4       20.85439247917
1       20.85439260000
2       20.85445012500
2       20.85448324167
2       20.85449351250
2       20.85468391667
4       20.85468393750
1       20.85468405833
2       20.85482631250
2       20.85483261250
2       20.85485586250
2       20.85490615833
4       20.85490617917
1       20.85490630000
2       20.85506117500
2       20.85506619583
2       20.85520132500
4       20.85520132500
1       20.85520146250
2       20.85522980833
2       20.85523771667
2       20.85536558750
2       20.85554176667
4       20.85554176667
1       20.85554190417
2       20.85554841250
2       20.85557525833
2       20.85562991667
2       20.85572835000
2       20.85603278333
4       20.85603280417
1       20.85603292500
2       20.85609665417
2       20.85610353333
2       20.85612745000
2       20.85614131667
2       20.85627616667
4       20.85627618750
1       20.85627630833
2       20.85640322917
2       20.85641822500
2       20.85646029583
4       20.85646029583
1       20.85646043333
2       20.85670843750
4       20.85670843750
1       20.85670857500
2       20.85675247083
2       20.85705420833
4       20.85705422500
1       20.85705434583
2       20.85705816667
2       20.85706315417
2       20.85711877500
2       20.85732842917
4       20.85732844583
1       20.85732856667
2       20.85734637083
2       20.85755294167
4       20.85755295833
1       20.85755307917
2       20.85761627500
2       20.85762690000
2       20.85773924583
2       20.85773984167
2       20.85776068750
4       20.85776068750
1       20.85776082500
2       20.85788855000
2       20.85821511250
4       20.85821513333
1       20.85821525417
2       20.85824565000
2       20.85824800000
2       20.85829468333
2       20.85859910000
4       20.85859912083
1       20.85859924167
2       20.85881564167
4       20.85881565833
1       20.85881577917
2       20.85894447917
2       20.85907808333
4       20.85907810417
1       20.85907822500
2       20.85916843333
2       20.85919919583
2       20.85920025833
2       20.85925583750
2       20.85970345833
4       20.85970347917
1       20.85970360000
2       20.85999845833
4       20.85999847500
1       20.85999859583
2       20.86005707917
2       20.86009088333
2       20.86011277917
2       20.86029856667
4       20.86029858750
1       20.86029870833
2       20.86033636667
2       20.86034635833
2       20.86041522917
2       20.86056918750
4       20.86056918750
1       20.86056932500
2       20.86079538333
4       20.86079540417
1       20.86079552500
2       20.86087990000
2       20.86090144583
2       20.86096131667
2       20.86137248333
4       20.86137250417
1       20.86137262083
2       20.86141383750
2       20.86143041667
2       20.86157717917
4       20.86157720000
1       20.86157732083
2       20.86173577083
2       20.86175139167
2       20.86176458750
4       20.86176458750
1       20.86176472500
2       20.86188765833
2       20.86195108333
4       20.86195110000
1       20.86195122083
2       20.86202565833
2       20.86210839583
2       20.86211967917
2       20.86227473333
4       20.86227475417
1       20.86227487500
2       20.86244892500
4       20.86244897917
1       20.86244909583
2       20.86267547500
4       20.86267547500
1       20.86267561250
2       20.86279073750
2       20.86285065000
2       20.86289707917
4       20.86289709583
1       20.86289721667
2       20.86302092917
2       20.86302330000
2       20.86311528750
4       20.86311530833
1       20.86311542500
2       20.86329555833
4       20.86329557917
1       20.86329570000
2       20.86329888333
2       20.86332245417
2       20.86334925417
2       20.86336939167
2       20.86360387083
4       20.86360388750
1       20.86360400833
2       20.86372777917
2       20.86380956667
4       20.86380956667
1       20.86380970417
2       20.86383179583
2       20.86386853333
2       20.86392440417
2       20.86409849583
4       20.86409851667
1       20.86409863750
2       20.86420215417
2       20.86425872500
2       20.86429253333
4       20.86429255000
1       20.86429267083
2       20.86429811667
2       20.86434881250
2       20.86438819583
2       20.86446373750
2       20.86455612917
4       20.86455614583
1       20.86455626667
2       20.86462968333
2       20.86464659583
2       20.86475359583
4       20.86475359583
1       20.86475373333
2       20.86484332083
2       20.86492454167
2       20.86504441667
4       20.86504443750
1       20.86504455833
2       20.86509179583
2       20.86518584583
2       20.86525240000
4       20.86525242083
1       20.86525254167
2       20.86531100000
2       20.86533223750
2       20.86552040833
4       20.86552042917
1       20.86552055000
2       20.86552300833
2       20.86554127917
2       20.86567208333
2       20.86568273750
2       20.86576024583
4       20.86576026667
1       20.86576038750
2       20.86584400833
2       20.86598344167
4       20.86598346250
1       20.86598357917
2       20.86599078333
2       20.86615864167
4       20.86615866250
1       20.86615878333
2       20.86621330833
2       20.86633683750
4       20.86633683750
1       20.86633697500
2       20.86667044583
4       20.86667046667
1       20.86667058750
2       20.86670781250
2       20.86684823333
2       20.86711790833
4       20.86711792500
1       20.86711804583
2       20.86737862083
4       20.86737863750
1       20.86737875833
2       20.86752595833
2       20.86766638750
4       20.86766640833
1       20.86766652500
2       20.86768123750
2       20.86769956250
2       20.86805959167
4       20.86805961250
1       20.86805973333
2       20.86810992917
2       20.86812347500
2       20.86814933333
2       20.86823844583
4       20.86823846667
1       20.86823858750
2       20.86831456250
2       20.86832527083
2       20.86842156250
4       20.86842158333
1       20.86842170417
2       20.86851200833
2       20.86866631667
4       20.86866631667
1       20.86866645417
2       20.86869522083
2       20.86871337083
2       20.86876872083
2       20.86878026250
2       20.86879253333
2       20.86906082917
4       20.86906084583
1       20.86906096667
2       20.86907767917
2       20.86920000000
2       20.86930888750
4       20.86930890833
1       20.86930902917
2       20.86932153333
2       20.86941360000
2       20.86950806250
2       20.86950999167
4       20.86951001250
1       20.86951013333
2       20.86952921667
2       20.86959181250
2       20.86965870000
2       20.86974913333
4       20.86974915417
1       20.86974927500
2       20.86992302917
2       20.87002079167
4       20.87002080833
1       20.87002092917
2       20.87004957083
2       20.87009300417
2       20.87010389167
2       20.87016915833
2       20.87027183750
4       20.87027185833
1       20.87027197917
2       20.87031318750
2       20.87056632083
4       20.87056634167
1       20.87056646250
2       20.87061104583
2       20.87061528333
2       20.87076632500
4       20.87076634583
1       20.87076646667
2       20.87080015833
2       20.87093425833
2       20.87098855833
4       20.87098857917
1       20.87098870000
2       20.87101177083
2       20.87130127500
4       20.87130129583
1       20.87130141667
2       20.87139531250
2       20.87147756250
2       20.87151918750
4       20.87151920833
1       20.87151932917
2       20.87169384583
2       20.87181070000
4       20.87181071667
1       20.87181083750
2       20.87201601667
4       20.87201603750
1       20.87201615833
2       20.87202899167
2       20.87206010000
2       20.87218865417
2       20.87235819167
4       20.87235820833
1       20.87235832917
2       20.87250564583
2       20.87259145833
4       20.87259147917
1       20.87259159583
2       20.87283450417
4       20.87283452500
1       20.87283464583
2       20.87295572500
2       20.87300282083
2       20.87304953333
4       20.87304955417
1       20.87304967500
2       20.87308126667
2       20.87324926667
4       20.87324928750
1       20.87324940833
2       20.87328097917
2       20.87340250833
2       20.87343076250
4       20.87343078333
1       20.87343090000
2       20.87353469583
2       20.87366362917
4       20.87366364583
1       20.87366376667
2       20.87391700000
4       20.87391702083
1       20.87391713750
2       20.87398387500
2       20.87398818333
2       20.87425414167
4       20.87425416250
1       20.87425427917
2       20.87431936250
2       20.87436344583
2       20.87456643333
4       20.87456645000
1       20.87456657083
2       20.87459172500
2       20.87460227500
2       20.87502388750
4       20.87502390833
1       20.87502402917
2       20.87518823333
2       20.87524851667
4       20.87524851667
1       20.87524865417
2       20.87545582500
4       20.87545584583
1       20.87545596667
2       20.87547704583
2       20.87548100000
2       20.87551877500
2       20.87553330833
2       20.87553961667
2       20.87562281250
2       20.87563638750
4       20.87563638750
1       20.87563652500
2       20.87573543333
2       20.87577060417
2       20.87583577500
4       20.87583579167
1       20.87583591250
2       20.87587459583
2       20.87595145417
2       20.87603588750
2       20.87635222500
4       20.87635224583
1       20.87635236667
2       20.87643605417
2       20.87646449583
2       20.87653632500
2       20.87674207083
4       20.87674209167
1       20.87674221250
2       20.87716497083
4       20.87716498750
1       20.87716510833
2       20.87719047500
2       20.87732702083
2       20.87737904167
4       20.87737906250
1       20.87737918333
2       20.87742799583
2       20.87758099583
4       20.87758099583
1       20.87758113333
2       20.87759093333
2       20.87763275000
2       20.87780326667
4       20.87780328750
1       20.87780340417
2       20.87782572917
2       20.87783179583
2       20.87784470417
2       20.87787411667
2       20.87808216250
4       20.87808217917
1       20.87808230000
2       20.87811465417
2       20.87817188750
2       20.87821990417
2       20.87836969167
4       20.87836971250
1       20.87836982917
2       20.87844153750
2       20.87844355417
2       20.87853527500
2       20.87865020000
4       20.87865022083
1       20.87865034167
2       20.87866383333
2       20.87876739167
2       20.87928153333
4       20.87928155417
1       20.87928167500
2       20.87942097917
2       20.87944656667
2       20.87950242083
4       20.87950244167
1       20.87950255833
2       20.87978697083
4       20.87978698750
1       20.87978710833
2       20.87987640000
2       20.88013380417
4       20.88013382083
1       20.88013394167
2       20.88036596250
4       20.88036598333
1       20.88036610000
2       20.88054611250
4       20.88054612917
1       20.88054625000
2       20.88077303750
4       20.88077305833
1       20.88077317917
2       20.88079985833
2       20.88086512500
2       20.88087607500
2       20.88092874583
2       20.88095288333
4       20.88095290417
1       20.88095302500
2       20.88097078333
2       20.88101582083
2       20.88116249583
4       20.88116249583
1       20.88116263333
2       20.88117311250
2       20.88124039167
2       20.88128385833
2       20.88129471250
2       20.88131292083
2       20.88154554167
4       20.88154555833
1       20.88154567917
2       20.88157272917
2       20.88161998750
2       20.88193300417
4       20.88193302500
1       20.88193314583
2       20.88218082500
4       20.88218084583
1       20.88218096250
2       20.88218474583
2       20.88237086250
4       20.88237087917
1       20.88237100000
2       20.88250309583
2       20.88256992500
4       20.88256994583
1       20.88257006667
2       20.88263950417
2       20.88264491250
2       20.88268959167
2       20.88294194583
4       20.88294196667
1       20.88294208750
2       20.88310685833
2       20.88311810000
4       20.88311812083
1       20.88311824167
2       20.88317440000
2       20.88317749167
2       20.88317801250
2       20.88320555417
2       20.88327712083
2       20.88346266250
4       20.88346268333
1       20.88346280417
2       20.88363614167
2       20.88371963750
4       20.88371965833
1       20.88371977917
2       20.88385810000
2       20.88387864167
2       20.88395481667
4       20.88395481667
1       20.88395495417
2       20.88395911667
2       20.88396508333
2       20.88404852917
2       20.88417345833
4       20.88417345833
1       20.88417359583
2       20.88440035000
4       20.88440036667
1       20.88440048750
2       20.88455733750
2       20.88478483750
4       20.88478483750
1       20.88478497500
2       20.88495677083
2       20.88507636250
4       20.88507637917
1       20.88507650000
2       20.88517307917
2       20.88558484167
4       20.88558486250
1       20.88558497917
2       20.88578389167
4       20.88578391250
1       20.88578403333
2       20.88607931250
4       20.88607932917
1       20.88607945000
2       20.88608723750
2       20.88620190833
2       20.88621311250
2       20.88642801667
4       20.88642803750
1       20.88642815833
2       20.88644069167
2       20.88662252500
4       20.88662254583
1       20.88662266667
2       20.88663045000
2       20.88664731250
2       20.88680775833
2       20.88707102083
4       20.88707104167
1       20.88707116250
2       20.88724090417
2       20.88731875417
4       20.88731877500
1       20.88731889583
2       20.88732908750
2       20.88745093750
2       20.88757642500
4       20.88757642500
1       20.88757656250
2       20.88758502083
2       20.88767613333
2       20.88774911667
2       20.88777322917
4       20.88777325000
1       20.88777337083
2       20.88781069167
2       20.88810507083
4       20.88810508750
1       20.88810520833
2       20.88814118333
2       20.88846975417
4       20.88846977083
1       20.88846989167
2       20.88848268750
2       20.88860226250
2       20.88892350000
4       20.88892351667
1       20.88892363750
2       20.88901097917
2       20.88914080000
4       20.88914082083
1       20.88914093750
2       20.88916737083
2       20.88925616667
2       20.88930910417
2       20.88937797083
4       20.88937798750
1       20.88937810833
2       20.88939091250
2       20.88982912917
4       20.88982915000
1       20.88982927083
2       20.88984404583
2       20.88991058750
2       20.88993410417
2       20.89024750000
4       20.89024751667
1       20.89024763750
2       20.89035352917
2       20.89044127917
2       20.89050010417
4       20.89050012083
1       20.89050024167
2       20.89056054167
2       20.89088908333
4       20.89088910000
1       20.89088922083
2       20.89110795833
4       20.89110797917
1       20.89110809583
2       20.89116297500
2       20.89124709167
2       20.89127567083
2       20.89133090000
4       20.89133092083
1       20.89133103750
2       20.89138160417
2       20.89159485833
4       20.89159487500
1       20.89159499583
2       20.89186980833
4       20.89186982917
1       20.89186994583
2       20.89192515833
2       20.89195989167
2       20.89204209583
4       20.89204209583
1       20.89204223333
2       20.89210233750
2       20.89214052083
2       20.89236871667
4       20.89236871667
1       20.89236885417
2       20.89242459583
2       20.89244013333
2       20.89244222500
2       20.89252194583
2       20.89284557500
4       20.89284559583
1       20.89284571667
2       20.89294167083
2       20.89299041667
2       20.89347385833
4       20.89347387500
1       20.89347399583
2       20.89372598333
4       20.89372600000
1       20.89372612083
2       20.89409135417
4       20.89409137500
1       20.89409149583
2       20.89424206250
2       20.89425801667
2       20.89442957083
4       20.89442959167
1       20.89442971250
2       20.89444419583
2       20.89480622083
4       20.89480624167
1       20.89480635833
2       20.89496577083
2       20.89504590417
4       20.89504592500
1       20.89504604583
2       20.89521285417
2       20.89536785000
4       20.89536787083
1       20.89536798750
2       20.89537655833
2       20.89586247917
4       20.89586250000
1       20.89586262083
2       20.89608968333
4       20.89608970417
1       20.89608982500
2       20.89620792083
2       20.89631592083
4       20.89631594167
1       20.89631606250
2       20.89633915833
2       20.89636333333
2       20.89658679583
4       20.89658679583
1       20.89658693333
2       20.89662921250
2       20.89679016250
4       20.89679017917
1       20.89679030000
2       20.89706118333
4       20.89706120417
1       20.89706132500
2       20.89728502917
4       20.89728504583
1       20.89728516667
2       20.89745527500
2       20.89757687083
4       20.89757689167
1       20.89757700833
2       20.89794350000
4       20.89794352083
1       20.89794364167
2       20.89797495000
2       20.89804880417
2       20.89806936667
2       20.89825653333
4       20.89825655000
1       20.89825667083
2       20.89833432500
2       20.89837650417
2       20.89841118750
2       20.89842180833
2       20.89845595000
4       20.89845596667
1       20.89845608750
2       20.89854565833
2       20.89859443333
2       20.89878582083
4       20.89878584167
1       20.89878596250
2       20.89884379583
2       20.89886970000
2       20.89915183333
4       20.89915185417
1       20.89915197083
2       20.89915985000
2       20.89948311667
4       20.89948311667
1       20.89948325417
2       20.89951089167
2       20.89960435417
2       20.89966070833
2       20.89969608750
4       20.89969610833
1       20.89969622500
2       20.89980338750
2       20.89986728333
2       20.90010717917
4       20.90010719583
1       20.90010731667
2       20.90010944583
2       20.90011504583
2       20.90034120417
4       20.90034122500
1       20.90034134583
2       20.90035786667
2       20.90037507500
2       20.90046877500
2       20.90064930000
4       20.90064932083
1       20.90064944167
2       20.90070160833
2       20.90080473750
2       20.90102951250
4       20.90102952917
1       20.90102965000
2       20.90120510417
2       20.90123530417
4       20.90123532083
1       20.90123544167
2       20.90125281667
2       20.90126606250
2       20.90132536667
2       20.90134122500
2       20.90135090833
2       20.90139763333
2       20.90152181250
4       20.90152183333
1       20.90152195000
2       20.90161820833
2       20.90164340417
2       20.90175966667
4       20.90175966667
1       20.90175980417
2       20.90195738333
4       20.90195740000
1       20.90195752083
2       20.90203152083
2       20.90214618333
4       20.90214620000
1       20.90214632083
2       20.90216860417
2       20.90237618750
4       20.90237620833
1       20.90237632500
2       20.90238578333
2       20.90245028750
2       20.90251181250
2       20.90313483750
4       20.90313485833
1       20.90313497917
2       20.90324088750
2       20.90345544167
4       20.90345546250
1       20.90345558333
2       20.90347139583
2       20.90366546667
4       20.90366546667
1       20.90366560417
2       20.90376521667
2       20.90380792500
2       20.90384761250
4       20.90384763333
1       20.90384775417
2       20.90424713750
4       20.90424713750
1       20.90424727500
2       20.90425703750
2       20.90437037917
2       20.90446077083
4       20.90446078750
1       20.90446090833
2       20.90461875833
2       20.90462598333
2       20.90486282917
4       20.90486285000
1       20.90486297083
2       20.90489566250
2       20.90494835833
2       20.90496525000
2       20.90534381250
4       20.90534382917
1       20.90534395000
2       20.90545155417
2       20.90550477083
2       20.90551088750
2       20.90582476667
4       20.90582476667
1       20.90582490417
2       20.90584892500
2       20.90586288750
2       20.90613477917
4       20.90613480000
1       20.90613492083
2       20.90640378333
4       20.90640380000
1       20.90640392083
2       20.90641341667
2       20.90647197083
2       20.90658687917
4       20.90658690000
1       20.90658702083
2       20.90687041250
4       20.90687042917
1       20.90687055000
2       20.90687627917
2       20.90687835833
2       20.90714305417
4       20.90714307500
1       20.90714319167
2       20.90724965833
2       20.90739873333
4       20.90739875417
1       20.90739887083
2       20.90751243333
2       20.90792967500
4       20.90792967500
1       20.90792981250
2       20.90793668333
2       20.90801083750
2       20.90836319583
4       20.90836321667
1       20.90836333333
2       20.90840327500
2       20.90851894583
2       20.90861531667
4       20.90861531667
1       20.90861545417
2       20.90863055417
2       20.90889222917
4       20.90889224583
1       20.90889236667
2       20.90902012917
2       20.90911913333
4       20.90911915000
1       20.90911927083
2       20.90917748750
2       20.90918967500
2       20.90940775000
4       20.90940776667
1       20.90940788750
2       20.90941020833
2       20.90954111667
2       20.90965867500
4       20.90965869583
1       20.90965881667
2       20.90966142500
2       20.90991409167
4       20.90991411250
1       20.90991423333
2       20.91002070833
2       20.91003689167
2       20.91032048333
4       20.91032050000
1       20.91032062083
2       20.91040931667
2       20.91043774583
2       20.91046195000
2       20.91054938333
4       20.91054940000
1       20.91054952083
2       20.91124094167
4       20.91124096250
1       20.91124108333
2       20.91127675833
2       20.91136714583
2       20.91137775417
2       20.91142414167
4       20.91142415833
1       20.91142427917
2       20.91154801667
2       20.91175701667
4       20.91175703750
1       20.91175715833
2       20.91187833750
2       20.91189372083
2       20.91203151667
4       20.91203153750
1       20.91203165417
2       20.91216140417
2       20.91227935833
4       20.91227935833
1       20.91227949583
2       20.91235522083
2       20.91270064167
4       20.91270066250
1       20.91270078333
2       20.91330283333
4       20.91330285417
1       20.91330297500
2       20.91347977917
2       20.91351624167
4       20.91351626250
1       20.91351638333
2       20.91352906250
2       20.91385229583
4       20.91385229583
1       20.91385243333
2       20.91385467917
2       20.91402030833
2       20.91418120417
4       20.91418122500
1       20.91418134583
2       20.91428623750
2       20.91431440833
2       20.91478876667
4       20.91478878750
1       20.91478890833
2       20.91502024167
4       20.91502025833
1       20.91502037917
2       20.91504379167
2       20.91509255000
2       20.91511231667
2       20.91533991667
4       20.91533993750
1       20.91534005833
2       20.91534455417
2       20.91541545833
2       20.91557440417
4       20.91557442500
1       20.91557454583
2       20.91572380417
2       20.91576716667
4       20.91576718750
1       20.91576730833
2       20.91617397917
4       20.91617400000
1       20.91617412083
2       20.91638457500
4       20.91638459167
1       20.91638471250
2       20.91654358750
2       20.91656477083
4       20.91656478750
1       20.91656490833
2       20.91691087500
4       20.91691089583
1       20.91691101250
2       20.91698645417
2       20.91706952917
2       20.91712527083
4       20.91712529167
1       20.91712541250
2       20.91742240833
4       20.91742242917
1       20.91742255000
2       20.91754586667
2       20.91776782500
4       20.91776782500
1       20.91776796250
2       20.91781654583
2       20.91786215833
2       20.91789439167
2       20.91797253750
4       20.91797253750
1       20.91797267500
2       20.91803478333
2       20.91807684167
2       20.91807918333
2       20.91823323333
4       20.91823325417
1       20.91823337500
2       20.91832193750
2       20.91845882500
4       20.91845882500
1       20.91845896250
2       20.91851244583
2       20.91853462500
2       20.91878101250
4       20.91878102917
1       20.91878115000
2       20.91897383333
2       20.91897411250
2       20.91899005417
2       20.91907049167
4       20.91907051250
1       20.91907063333
2       20.91929970833
4       20.91929972500
1       20.91929984583
2       20.91947765000
4       20.91947766667
1       20.91947778750
2       20.91949609583
2       20.91956534583
2       20.91981906667
4       20.91981908750
1       20.91981920833
2       20.91987570833
2       20.92023978333
4       20.92023980000
1       20.92023992083
2       20.92035230000
2       20.92036495000
2       20.92037091250
2       20.92048883333
4       20.92048885417
1       20.92048897500
2       20.92050575000
2       20.92057533333
2       20.92062063750
2       20.92065278750
2       20.92074358333
4       20.92074360417
1       20.92074372083
2       20.92077135833
2       20.92085550000
2       20.92096617917
4       20.92096619583
1       20.92096631667
2       20.92131654583
4       20.92131654583
1       20.92131668333
2       20.92134671667
2       20.92146396250
2       20.92147260000
2       20.92162527500
4       20.92162529583
1       20.92162541667
2       20.92162595417
2       20.92162957500
2       20.92565568333
2       20.92565863333
2       20.92568110417
2       20.92592794583
4       20.92592796667
1       20.92592808750
2       20.92593493750
2       20.92596898333
2       20.92600279167
2       20.92604683750
2       20.92614880833
4       20.92614882500
1       20.92614894583
2       20.92621408750
2       20.92623490417
2       20.92653872917
4       20.92653875000
1       20.92653887083
2       20.92691435417
4       20.92691437083
1       20.92691449167
2       20.92691964583
2       20.92723960417
4       20.92723962083
1       20.92723974167
2       20.92733628333
2       20.92734023333
2       20.92758169583
4       20.92758171667
1       20.92758183750
2       20.92789477083
4       20.92789479167
1       20.92789491250
2       20.92803983750
2       20.92809148333
4       20.92809150417
1       20.92809162083
2       20.92811467500
2       20.92845122917
4       20.92845124583
1       20.92845136667
2       20.92861620000
2       20.92871950417
4       20.92871952083
1       20.92871964167
2       20.92873810833
2       20.92877710833
2       20.92880828750
2       20.92881227917
2       20.92881323333
2       20.92881754583
2       20.92893246667
4       20.92893246667
1       20.92893260417
2       20.92895565000
2       20.92900996250
2       20.92904374583
2       20.92907498750
2       20.92918556250
4       20.92918557917
1       20.92918570000
2       20.92923749583
2       20.92924945000
2       20.92925738333
2       20.92939925417
4       20.92939927500
1       20.92939939583
2       20.92946839583
2       20.92948696667
2       20.92951936667
2       20.92961611250
4       20.92961613333
1       20.92961625000
2       20.92962042500
2       20.92976988750
2       20.92983173333
4       20.92983175417
1       20.92983187500
2       20.92986326667
2       20.92998500833
2       20.93011369167
4       20.93011370833
1       20.93011382917
2       20.93013489583
2       20.93027655833
2       20.93051443333
4       20.93051445417
1       20.93051457083
2       20.93053528333
2       20.93057242500
2       20.93076977083
4       20.93076979167
1       20.93076991250
2       20.93091022500
2       20.93099395417
4       20.93099397083
1       20.93099409167
2       20.93106358750
2       20.93123710833
4       20.93123712917
1       20.93123725000
2       20.93128420417
2       20.93136100833
2       20.93137268333
2       20.93139084167
2       20.93145843333
4       20.93145845000
1       20.93145857083
2       20.93146170000
2       20.93146836250
2       20.93150610417
2       20.93164086667
4       20.93164086667
1       20.93164100417
2       20.93166180000
2       20.93194069167
4       20.93194071250
1       20.93194083333
2       20.93206818750
2       20.93245804583
4       20.93245806667
1       20.93245818333
2       20.93252862917
2       20.93284150417
4       20.93284152500
1       20.93284164583
2       20.93323550417
4       20.93323552500
1       20.93323564167
2       20.93343548750
4       20.93343550833
1       20.93343562917
2       20.93345004167
2       20.93346635833
2       20.93383628750
4       20.93383628750
1       20.93383642500
2       20.93389257917
2       20.93399401250
2       20.93415887917
4       20.93415889583
1       20.93415901667
2       20.93432755833
2       20.93459212083
4       20.93459214167
1       20.93459226250
2       20.93466434167
2       20.93491149167
4       20.93491151250
1       20.93491163333
2       20.93504400000
2       20.93859869167
2       20.93865358333
4       20.93865360000
1       20.93865372083
2       20.93868312917
2       20.93878449583
2       20.93892417083
4       20.93892418750
1       20.93892430833
2       20.93895965833
2       20.93906242500
2       20.93913158750
4       20.93913158750
1       20.93913172500
2       20.93913390000
2       20.93949528333
4       20.93949530417
1       20.93949542500
2       20.93988683750
4       20.93988685833
1       20.93988697917
2       20.94023427500
4       20.94023427500
1       20.94023441250
2       20.94024350417
2       20.94024578333
2       20.94033857917
2       20.94038137083
2       20.94051842917
4       20.94051845000
1       20.94051857083
2       20.94069044583
2       20.94074039167
4       20.94074041250
1       20.94074053333
2       20.94074637083
2       20.94083777500
2       20.94084611250
2       20.94096500833
4       20.94096502500
1       20.94096514583
2       20.94098750000
2       20.94106659583
2       20.94116268750
4       20.94116270833
1       20.94116282917
2       20.94116837917
2       20.94129487083
2       20.94130581250
2       20.94131411667
2       20.94132967917
2       20.94135712500
4       20.94135714583
1       20.94135726667
2       20.94140352917
2       20.94141012083
2       20.94144392500
2       20.94152701667
4       20.94152703750
1       20.94152715833
2       20.94154760833
2       20.94160855833
2       20.94168002500
2       20.94174929167
4       20.94174930833
1       20.94174942917
2       20.94176258333
2       20.94177874583
2       20.94202451667
4       20.94202451667
1       20.94202465417
2       20.94224686250
4       20.94224687917
1       20.94224700000
2       20.94231903333
2       20.94253600417
4       20.94253602083
1       20.94253614167
2       20.94281051250
4       20.94281053333
1       20.94281065417
2       20.94288416250
2       20.94296784167
2       20.94298277083
2       20.94298646667
2       20.94303977500
4       20.94303979583
1       20.94303991667
2       20.94307552500
2       20.94323445417
4       20.94323447500
1       20.94323459583
2       20.94329381667
2       20.94336898750
2       20.94346106250
4       20.94346107917
1       20.94346120000
2       20.94349486667
2       20.94351304167
2       20.94359387083
2       20.94365615000
4       20.94365616667
1       20.94365628750
2       20.94376945000
2       20.94382375833
2       20.94396527500
4       20.94396527500
1       20.94396541250
2       20.94450343750
4       20.94450345833
1       20.94450357500
2       20.94454317917
2       20.94456199167
2       20.94498512500
4       20.94498514583
1       20.94498526667
2       20.94501120417
2       20.94513474167
2       20.94528611250
4       20.94528612917
1       20.94528625000
2       20.94540967917
2       20.94547622083
4       20.94547624167
1       20.94547636250
2       20.94576011250
4       20.94576013333
1       20.94576025417
2       20.94579425417
2       20.94585820833
2       20.94601381667
4       20.94601381667
1       20.94601395417
2       20.94610322500
2       20.94610392917
2       20.94610528750
2       20.94621920833
4       20.94621922500
1       20.94621934583
2       20.94626122083
2       20.94639936667
2       20.94649547500
4       20.94649549583
1       20.94649561667
2       20.94664446250
2       20.94670377500
4       20.94670379583
1       20.94670391250
2       20.94686250833
2       20.94697937500
4       20.94697939583
1       20.94697951667
2       20.94708935417
2       20.94711846667
2       20.94758058750
4       20.94758060833
1       20.94758072917
2       20.94798063333
4       20.94798065000
1       20.94798077083
2       20.94805288750
2       20.94851427500
4       20.94851429583
1       20.94851441667
2       20.94889355833
4       20.94889357917
1       20.94889369583
2       20.94896835000
2       20.94912513750
4       20.94912515833
1       20.94912527500
2       20.94918695000
2       20.94918931250
2       20.94973718750
4       20.94973720833
1       20.94973732917
2       20.95158205417
2       20.95159103333
2       20.95196269167
4       20.95196270833
1       20.95196282917
2       20.95220750417
4       20.95220752500
1       20.95220764583
2       20.95229692500
2       20.95239555417
4       20.95239557500
1       20.95239569583
2       20.95254660000
2       20.95256050417
2       20.95264129167
4       20.95264131250
1       20.95264143333
2       20.95290800833
4       20.95290802500
1       20.95290814583
2       20.95297954167
2       20.95304376667
2       20.95309384167
4       20.95309386250
1       20.95309398333
2       20.95312825417
2       20.95324085417
2       20.95343196250
4       20.95343198333
1       20.95343210000
2       20.95343897500
2       20.95372483750
4       20.95372485833
1       20.95372497500
2       20.95375826250
2       20.95389302500
2       20.95390559167
2       20.95395594583
4       20.95395596667
1       20.95395608750
2       20.95397914167
2       20.95401261250
2       20.95408226250
2       20.95412730000
2       20.95415605833
4       20.95415607500
1       20.95415619583
2       20.95419740000
2       20.95420579167
2       20.95425606250
2       20.95426407500
2       20.95437760417
4       20.95437762500
1       20.95437774583
2       20.95441875000
2       20.95451247083
2       20.95469030000
4       20.95469031667
1       20.95469043750
2       20.95471115833
2       20.95483677500
2       20.95501523333
4       20.95501525417
1       20.95501537500
2       20.95517496667
2       20.95521205000
2       20.95566775833
4       20.95566777500
1       20.95566789583
2       20.95579756250
2       20.95587412917
4       20.95587415000
1       20.95587427083
2       20.95603346250
2       20.95614605417
4       20.95614607500
1       20.95614619583
2       20.95618881667
2       20.95662906250
4       20.95662908333
1       20.95662920417
2       20.95694254583
4       20.95694254583
1       20.95694268333
2       20.95699862500
2       20.95734610833
4       20.95734612917
1       20.95734625000
2       20.95781307500
4       20.95781309583
1       20.95781321667
2       20.95795586250
2       20.95802937500
4       20.95802939583
1       20.95802951250
2       20.95805759583
2       20.95813014167
2       20.95814897083
2       20.95831656250
4       20.95831658333
1       20.95831670000
2       20.95836234167
2       20.95838283750
2       20.95851370833
2       20.95851477917
4       20.95851479583
1       20.95851491667
2       20.95852190833
2       20.95855967500
2       20.95859916250
2       20.95876805417
4       20.95876807500
1       20.95876819583
2       20.95906348333
4       20.95906350000
1       20.95906362083
2       20.95921127083
2       20.95923875417
2       20.95931825417
4       20.95931827500
1       20.95931839583
2       20.95956502917
4       20.95956505000
1       20.95956517083
2       20.95969447917
2       20.95970540000
2       20.95976175417
4       20.95976177500
1       20.95976189167
2       20.95997600833
4       20.95997602917
1       20.95997615000
2       20.95997763750
2       20.96000318750
2       20.96020621250
4       20.96020622917
1       20.96020635000
2       20.96021050833
2       20.96025093750
2       20.96029500000
2       20.96062382500
4       20.96062382500
1       20.96062396250
2       20.96064306250
2       20.96066237500
2       20.96071998750
2       20.96073220833
2       20.96083226667
4       20.96083228750
1       20.96083240833
2       20.96091105417
2       20.96095155417
2       20.96097207917
2       20.96108003333
4       20.96108005000
1       20.96108017083
2       20.96113992083
2       20.96122803333
2       20.96123865417
2       20.96130557917
4       20.96130560000
1       20.96130572083
2       20.96138701250
2       20.96159505417
4       20.96159507500
1       20.96159519583
2       20.96178584583
4       20.96178584583
1       20.96178598333
2       20.96182123750
2       20.96182791250
2       20.96186730417
2       20.96187000000
2       20.96187592500
2       20.96188616250
2       20.96205652500
4       20.96205654583
1       20.96205666250
2       20.96224722917
4       20.96224724583
1       20.96224736667
2       20.96238007500
2       20.96243440417
4       20.96243442083
1       20.96243454167
2       20.96246352917
2       20.96252051667
2       20.96272716250
4       20.96272717917
1       20.96272730000
2       20.96284312917
2       20.96291000000
4       20.96291002083
1       20.96291014167
2       20.96293157500
2       20.96595331667
4       20.96595333750
1       20.96595345833
2       20.96595997917
2       20.96613187500
4       20.96613187500
1       20.96613201250
2       20.96616870833
2       20.96631833750
2       20.96632565000
2       20.96637499167
4       20.96637500833
1       20.96637512917
2       20.96641347917
2       20.96651910417
2       20.96653964167
2       20.96695596667
4       20.96695596667
1       20.96695610417
2       20.96732101250
4       20.96732103333
1       20.96732115417
2       20.96747277500
2       20.96752372500
2       20.96753295000
4       20.96753296667
1       20.96753308750
2       20.96756408750
2       20.96758296250
2       20.96797114583
4       20.96797114583
1       20.96797128333
2       20.96798213333
2       20.96813835000
2       20.96815404583
2       20.96817438750
4       20.96817440833
1       20.96817452917
2       20.96829177083
2       20.96830868750
2       20.96847099583
4       20.96847101667
1       20.96847113750
2       20.96854256667
2       20.96856866667
2       20.96863266667
2       20.96886422917
4       20.96886424583
1       20.96886436667
2       20.96903675000
2       20.96919810833
4       20.96919812917
1       20.96919825000
2       20.96933647917
2       20.96945346250
4       20.96945348333
1       20.96945360417
2       20.96945601250
2       20.96949720417
2       20.96950872083
2       20.96957398750
2       20.96959115000
2       20.96962002500
2       20.96968072917
4       20.96968074583
1       20.96968086667
2       20.96997210417
4       20.96997212500
1       20.96997224167
2       20.97011647083
2       20.97025101250
4       20.97025103333
1       20.97025115417
2       20.97037653333
2       20.97055738333
4       20.97055740417
1       20.97055752083
2       20.97085587083
4       20.97085589167
1       20.97085601250
2       20.97095352917
2       20.97122446250
4       20.97122447917
1       20.97122460000
2       20.97158285833
4       20.97158287500
1       20.97158299583
2       20.97162828333
2       20.97208397500
4       20.97208399583
1       20.97208411667
2       20.97209227083
2       20.97215492917
2       20.97229176250
4       20.97229177917
1       20.97229190000
2       20.97258584167
4       20.97258585833
1       20.97258597917
2       20.97258617500
2       20.97262657917
2       20.97263817083
2       20.97273186667
2       20.97276771667
2       20.97283290000
4       20.97283292083
1       20.97283303750
2       20.97290610417
2       20.97328438750
4       20.97328440833
1       20.97328452500
2       20.97337055000
2       20.97343075417
2       20.97356498333
4       20.97356500417
1       20.97356512500
2       20.97372824583
2       20.97380212500
4       20.97380214583
1       20.97380226667
2       20.97408089583
4       20.97408089583
1       20.97408103333
2       20.97412803333
2       20.97417069167
2       20.97418957083
2       20.97433433333
4       20.97433435000
1       20.97433447083
2       20.97444404167
2       20.97444762500
2       20.97448736667
2       20.97459003750
4       20.97459003750
1       20.97459017500
2       20.97465332500
2       20.97479406250
4       20.97479407917
1       20.97479420000
2       20.97490074583
2       20.97510683750
4       20.97510685833
1       20.97510697917
2       20.97511855833
2       20.97523661250
2       20.97533436667
4       20.97533436667
1       20.97533450417
2       20.97534790417
2       20.97565825000
4       20.97565826667
1       20.97565838750
2       20.97572097083
2       20.97604484167
4       20.97604486250
1       20.97604498333
2       20.97610941667
2       20.97612337500
2       20.98080715833
4       20.98080715833
1       20.98080729583
2       20.98090854167
2       20.98092010833
2       20.98094496667
2       20.98110996667
4       20.98110996667
1       20.98111010417
2       20.98124976250
2       20.98135217083
4       20.98135218750
1       20.98135230833
2       20.98144983333
2       20.98180251250
4       20.98180253333
1       20.98180265417
2       20.98181579583
2       20.98184989167
2       20.98185151250
2       20.98196876250
2       20.98210255417
4       20.98210257083
1       20.98210269167
2       20.98213340417
2       20.98222715833
2       20.98256201667
4       20.98256201667
1       20.98256215417
2       20.98279518333
4       20.98279520417
1       20.98279532500
2       20.98293832083
2       20.98297579167
2       20.98302777083
4       20.98302779167
1       20.98302791250
2       20.98314434583
2       20.98322977917
4       20.98322980000
1       20.98322992083
2       20.98335530833
2       20.98345239167
4       20.98345240833
1       20.98345252917
2       20.98348453750
2       20.98367265000
4       20.98367266667
1       20.98367278750
2       20.98371605417
2       20.98371866250
2       20.98378429583
2       20.98378592917
2       20.98379849167
2       20.98410189167
4       20.98410190833
1       20.98410202917
2       20.98423674583
2       20.98424032917
2       20.98429206667
4       20.98429208750
1       20.98429220833
2       20.98435360833
2       20.98458488750
4       20.98458490833
1       20.98458502500
2       20.98469520000
2       20.98476894167
4       20.98476896250
1       20.98476908333
2       20.98505812083
4       20.98505814167
1       20.98505825833
2       20.98527874167
4       20.98527875833
1       20.98527887917
2       20.98536985000
2       20.98548048333
4       20.98548050417
1       20.98548062083
2       20.98565709167
2       20.98565832500
2       20.98567587083
4       20.98567588750
1       20.98567600833
2       20.98568778750
2       20.98578815417
2       20.98580703333
2       20.98613857917
4       20.98613860000
1       20.98613872083
2       20.98646395000
4       20.98646397083
1       20.98646408750
2       20.98660237917
2       20.98660639583
2       20.98700254167
4       20.98700256250
1       20.98700267917
2       20.98712833750
2       20.98724658750
4       20.98724660833
1       20.98724672917
2       20.98732312917
2       20.98743304583
4       20.98743304583
1       20.98743318333
2       20.98785669167
4       20.98785670833
1       20.98785682917
2       20.98800177917
2       20.98802193750
2       20.98807027083
2       20.98808916667
2       20.98812928750
4       20.98812930833
1       20.98812942917
2       20.98831610000
2       20.98845450000
4       20.98845452083
1       20.98845464167
2       20.98852911250
2       20.98860127083
2       20.98862119583
2       20.98866091667
4       20.98866093750
1       20.98866105417
2       20.98881525417
2       20.98882984167
2       20.98889438333
4       20.98889440000
1       20.98889452083
2       20.98914355000
4       20.98914356667
1       20.98914368750
2       20.98917068750
2       20.98919449167
2       20.98938009167
4       20.98938011250
1       20.98938023333
2       20.98946744167
2       20.98951545000
2       20.98960588333
4       20.98960590000
1       20.98960602083
2       20.98985529583
4       20.98985529583
1       20.98985543333
2       20.98989934583
2       20.99004583333
4       20.99004585417
1       20.99004597083
2       20.99021871250
2       20.99033497083
4       20.99033499167
1       20.99033510833
2       20.99042599583
2       20.99070654167
4       20.99070656250
1       20.99070668333
2       20.99082784583
2       20.99387912500
4       20.99387914583
1       20.99387926667
2       20.99388935000
2       20.99390025833
2       20.99401985833
2       20.99410659167
4       20.99410660833
1       20.99410672917
2       20.99413115833
2       20.99422726667
2       20.99441065417
4       20.99441067500
1       20.99441079583
2       20.99441131667
2       20.99497384583
4       20.99497384583
1       20.99497398333
2       20.99500163333
2       20.99500689167
2       20.99524802500
4       20.99524802500
1       20.99524816250
2       20.99609095833
4       20.99609097500
1       20.99609109583
2       20.99614000833
2       20.99632487083
4       20.99632488750
1       20.99632500833
2       20.99685842500
4       20.99685844583
1       20.99685856667
2       20.99686730000
2       20.99720721250
4       20.99720723333
1       20.99720735417
2       20.99724833750
2       20.99728078333
2       20.99742482500
4       20.99742482500
1       20.99742496250
2       20.99743482500
2       20.99747915417
2       20.99748775000
2       20.99760729583
2       20.99767260000
4       20.99767261667
1       20.99767273750
2       20.99793293750
4       20.99793293750
1       20.99793307500
2       20.99802010417
2       20.99826222083
4       20.99826224167
1       20.99826236250
2       20.99841395833
2       20.99866425833
4       20.99866427917
1       20.99866440000
2       20.99870738333
2       20.99890105417
4       20.99890107500
1       20.99890119583
2       20.99891365417
2       20.99895880000
2       20.99901541250
2       20.99927272917
4       20.99927275000
1       20.99927287083
2       20.99930192500
2       20.99933335000
2       20.99947520417
4       20.99947522083
1       20.99947534167
2       20.99948945000
2       20.99953412500
2       20.99961956250
2       20.99963548333
2       20.99975930000
4       20.99975931667
1       20.99975943750
2       20.99992690417
2       21.00012404583
4       21.00012406667
1       21.00012418750
2       21.00022366250
2       21.00034137083
4       21.00034138750
1       21.00034150833
2       21.00036074167
2       21.00041585417
2       21.00108625833
4       21.00108627917
1       21.00108640000
2       21.00118522500
2       21.00129230000
4       21.00129232083
1       21.00129244167
2       21.00141212083
2       21.00150025000
4       21.00150026667
1       21.00150038750
2       21.00158540833
2       21.00181830000
4       21.00181832083
1       21.00181844167
2       21.00187326667
2       21.00196405833
2       21.00202992500
4       21.00202994583
1       21.00203006250
2       21.00210742083
2       21.00212490000
2       21.00252277917
4       21.00252279583
1       21.00252291667
2       21.00259257917
2       21.00263639583
2       21.00300212500
4       21.00300212500
1       21.00300226250
2       21.00301632917
2       21.00303651250
2       21.00322500833
4       21.00322502500
1       21.00322514583
2       21.00324548750
2       21.00368602083
4       21.00368603750
1       21.00368615833
2       21.00386955833
4       21.00386957917
1       21.00386970000
2       21.00659223333
2       21.00661407917
4       21.00661409583
1       21.00661421667
2       21.00665312500
2       21.00681476250
4       21.00681477917
1       21.00681490000
2       21.00684667917
2       21.00694920833
2       21.00703071667
4       21.00703073750
1       21.00703085833
2       21.00726460417
4       21.00726462500
1       21.00726474583
2       21.00772333750
4       21.00772335833
1       21.00772347917
2       21.00784590833
2       21.00786314583
2       21.00792036667
4       21.00792038750
1       21.00792050417
2       21.00802905833
2       21.00803069583
2       21.00803840000
2       21.00824100833
4       21.00824102500
1       21.00824114583
2       21.00840837917
2       21.00857025833
4       21.00857027500
1       21.00857039583
2       21.00867956667
2       21.00877009583
4       21.00877011667
1       21.00877023750
2       21.00880975833
2       21.00884394167
2       21.00893761667
2       21.00919805833
4       21.00919807917
1       21.00919820000
2       21.00940569167
4       21.00940570833
1       21.00940582917
2       21.00973286667
4       21.00973286667
1       21.00973300417
2       21.00978091667
2       21.01008894167
4       21.01008896250
1       21.01008907917
2       21.01075940417
4       21.01075942083
1       21.01075954167
2       21.01097791250
4       21.01097793333
1       21.01097805417
2       21.01109983750
2       21.01117772500
4       21.01117774167
1       21.01117786250
2       21.01118198750
2       21.01136613333
4       21.01136615417
1       21.01136627500
2       21.01146046667
2       21.01149003750
2       21.01156190833
4       21.01156192917
1       21.01156205000
2       21.01163710417
2       21.01168117500
2       21.01191133750
4       21.01191135833
1       21.01191147917
2       21.01191206667
2       21.01203329583
2       21.01212600833
4       21.01212602917
1       21.01212615000
2       21.01216965833
2       21.01265790000
4       21.01265792083
1       21.01265804167
2       21.01284904167
4       21.01284905833
1       21.01284917917
2       21.01298422083
2       21.01324918750
4       21.01324920833
1       21.01324932917
2       21.01335753333
2       21.01336215000
2       21.01340814167
2       21.01347010000
4       21.01347012083
1       21.01347024167
2       21.01348860833
2       21.01352638333
2       21.01367382083
4       21.01367383750
1       21.01367395833
2       21.01377655833
2       21.01387750000
4       21.01387752083
1       21.01387764167
2       21.01391827083
2       21.01393650417
2       21.01407327917
4       21.01407329583
1       21.01407341667
2       21.01412698333
2       21.01448573750
4       21.01448573750
1       21.01448587500
2       21.01450220417
2       21.01453703333
2       21.01464295000
2       21.01467677500
4       21.01467679583
1       21.01467691250
2       21.01472477083
2       21.01495927083
4       21.01495928750
1       21.01495940833
2       21.01501600833
2       21.01509207917
2       21.01524117083
4       21.01524119167
1       21.01524131250
2       21.01530975000
2       21.01535838333
2       21.01538692500
2       21.01569525000
4       21.01569527083
1       21.01569538750
2       21.01596453333
4       21.01596455000
1       21.01596467083
2       21.01602225417
2       21.01604576667
2       21.01629512083
4       21.01629514167
1       21.01629526250
2       21.01632800000
2       21.01645975000
2       21.01655910833
4       21.01655912500
1       21.01655924583
2       21.01676885000
4       21.01676887083
1       21.01676899167
2       21.01684263333
2       21.01685952917
2       21.01686851250
2       21.01691885833
2       21.01695192917
4       21.01695194583
1       21.01695206667
2       21.01696652083
2       21.01700030417
2       21.01709378750
2       21.02080353333
4       21.02080355417
1       21.02080367500
2       21.02085313750
2       21.02085557917
2       21.02086942500
2       21.02095857083
2       21.02109925000
4       21.02109927083
1       21.02109939167
2       21.02156066250
4       21.02156068333
1       21.02156080417
2       21.02171901250
2       21.02211581667
4       21.02211583750
1       21.02211595833
2       21.02222078333
2       21.02222310000
2       21.02303191667
4       21.02303193750
1       21.02303205833
2       21.02305381667
2       21.02312731667
2       21.02332805833
4       21.02332807917
1       21.02332820000
2       21.02371225417
4       21.02371227083
1       21.02371239167
2       21.02371398333
2       21.02427110000
4       21.02427112083
1       21.02427123750
2       21.02448270417
4       21.02448272500
1       21.02448284583
2       21.02449267500
2       21.02477284167
4       21.02477286250
1       21.02477298333
2       21.02483520833
2       21.02502063333
4       21.02502065000
1       21.02502077083
2       21.02515250000
2       21.02530381250
4       21.02530382917
1       21.02530395000
2       21.02545061250
2       21.02553739583
4       21.02553739583
1       21.02553753333
2       21.02554469167
2       21.02562478750
2       21.02576820417
4       21.02576822500
1       21.02576834583
2       21.02585668750
2       21.02586986667
2       21.02594539583
2       21.02602091667
4       21.02602093750
1       21.02602105833
2       21.02616337083
2       21.02617427917
2       21.02660655000
4       21.02660656667
1       21.02660668750
2       21.02677809167
2       21.02721334167
4       21.02721336250
1       21.02721347917
2       21.02727895833
2       21.02733328750
2       21.02744973333
4       21.02744975417
1       21.02744987500
2       21.02749753333
2       21.02763274167
2       21.02768304583
4       21.02768306667
1       21.02768318750
2       21.02824842083
4       21.02824843750
1       21.02824855833
2       21.02831771250
2       21.02851307500
4       21.02851307500
1       21.02851321250
2       21.02852630417
2       21.02859521667
2       21.02860055000
2       21.02878074583
4       21.02878076667
1       21.02878088750
2       21.02892612083
2       21.02918350000
4       21.02918352083
1       21.02918364167
2       21.02922689167
2       21.02930570417
2       21.02939811667
4       21.02939811667
1       21.02939825417
2       21.02941700000
2       21.02950471250
2       21.02950810417
2       21.02979655000
4       21.02979657083
1       21.02979669167
2       21.02982175000
2       21.03012581250
4       21.03012582917
1       21.03012595000
2       21.03030630833
4       21.03030630833
1       21.03030644583
2       21.03032720000
2       21.03042951667
2       21.03086807917
4       21.03086810000
1       21.03086822083
2       21.03090722917
2       21.03094032083
2       21.03396673750
4       21.03396675833
1       21.03396687500
2       21.03440397917
4       21.03440400000
1       21.03440412083
2       21.03477654583
4       21.03477654583
1       21.03477668333
2       21.03508202083
4       21.03508204167
1       21.03508216250
2       21.03530616250
4       21.03530618333
1       21.03530630000
2       21.03567745833
4       21.03567747917
1       21.03567760000
2       21.03575698750
2       21.03593983333
4       21.03593985417
1       21.03593997500
2       21.03595607917
2       21.03648065417
4       21.03648067500
1       21.03648079583
2       21.03682588333
4       21.03682590417
1       21.03682602500
2       21.03686666667
2       21.03694236250
2       21.03708987500
4       21.03708987500
1       21.03709001250
2       21.03710283333
2       21.03741315833
4       21.03741317917
1       21.03741330000
2       21.03749892917
2       21.03789210833
4       21.03789212500
1       21.03789224583
2       21.03799881250
2       21.03819250000
4       21.03819251667
1       21.03819263750
2       21.03836435833
2       21.03845888333
4       21.03845890417
1       21.03845902083
2       21.03856876250
2       21.03903650000
4       21.03903651667
1       21.03903663750
2       21.03909417083
2       21.03921668333
2       21.03928425833
4       21.03928427500
1       21.03928439583
2       21.03935516250
2       21.03937303333
2       21.03962504583
4       21.03962506667
1       21.03962518750
2       21.03965417917
2       21.03982081250
4       21.03982083333
1       21.03982095417
2       21.04035937917
4       21.04035940000
1       21.04035952083
2       21.04038190417
2       21.04063560417
4       21.04063562500
1       21.04063574583
2       21.04106853750
4       21.04106855833
1       21.04106867917
2       21.04109300000
2       21.04110364583
2       21.04127422917
4       21.04127425000
1       21.04127436667
2       21.04140809167
2       21.04144184583
2       21.04148123333
4       21.04148125000
1       21.04148137083
2       21.04167235417
4       21.04167237083
1       21.04167249167
2       21.04252895000
4       21.04252897083
1       21.04252908750
2       21.04263791250
2       21.04264946250
2       21.04280442500
4       21.04280442500
1       21.04280456250
2       21.04314430833
4       21.04314432500
1       21.04314444583
2       21.04318742083
2       21.04339166667
4       21.04339166667
1       21.04339180417
2       21.04772190833
4       21.04772190833
1       21.04772204583
2       21.04781160000
2       21.04824520000
4       21.04824522083
1       21.04824533750
2       21.04835416667
2       21.04839425417
2       21.04889312083
4       21.04889313750
1       21.04889325833
2       21.04904717500
2       21.04931176667
4       21.04931176667
1       21.04931190417
2       21.04942404167
2       21.04975104583
4       21.04975106667
1       21.04975118750
2       21.04977352500
2       21.04989871250
2       21.05002818750
4       21.05002820833
1       21.05002832917
2       21.05021337500
2       21.05056877500
4       21.05056879583
1       21.05056891667
2       21.05110839583
4       21.05110839583
1       21.05110853333
2       21.05116724167
2       21.05122927083
2       21.05149885417
4       21.05149887500
1       21.05149899583
2       21.05156405417
2       21.05171016250
4       21.05171018333
1       21.05171030417
2       21.05204807083
4       21.05204809167
1       21.05204820833
2       21.05216763333
2       21.05251570833
4       21.05251572917
1       21.05251585000
2       21.05258335000
2       21.05262735000
2       21.05264594167
2       21.05342229583
4       21.05342231667
1       21.05342243750
2       21.05347001667
2       21.05364185417
4       21.05364187500
1       21.05364199583
2       21.05373225833
2       21.05427114583
4       21.05427114583
1       21.05427128333
2       21.05429042083
2       21.05431727500
2       21.05435598750
2       21.05444306667
2       21.05445171667
2       21.05455612500
4       21.05455612500
1       21.05455626250
2       21.05468455417
2       21.05468595833
2       21.05513835000
4       21.05513837083
1       21.05513848750
2       21.05526291667
2       21.05529535417
2       21.05530355417
2       21.05553507083
4       21.05553508750
1       21.05553520833
2       21.05554477917
2       21.05588460833
4       21.05588462500
1       21.05588474583
2       21.05639402083
4       21.05639404167
1       21.05639416250
2       21.05654875833
2       21.05657014583
2       21.05664145417
4       21.05664147500
1       21.05664159583
2       21.05676171250
2       21.05676637500
2       21.05685055000
4       21.05685057083
1       21.05685069167
2       21.05689085417
2       21.05698794583
2       21.05714794583
4       21.05714794583
1       21.05714808333
2       21.05759567917
4       21.05759569583
1       21.05759581667
2       21.06146775833
4       21.06146777500
1       21.06146789583
2       21.06167517917
2       21.06179998333
4       21.06180000417
1       21.06180012083
2       21.06185363750
2       21.06207134167
4       21.06207136250
1       21.06207148333
2       21.06208684167
2       21.06254621667
4       21.06254623750
1       21.06254635417
2       21.06269915000
2       21.06302177083
4       21.06302178750
1       21.06302190833
2       21.06308083750
2       21.06320436667
2       21.06326967917
4       21.06326970000
1       21.06326982083
2       21.06339391667
2       21.06354853333
4       21.06354855417
1       21.06354867500
2       21.06357799167
2       21.06367817500
2       21.06374233750
2       21.06385051667
4       21.06385051667
1       21.06385065417
2       21.06386586250
2       21.06389068333
2       21.06436699167
4       21.06436701250
1       21.06436712917
2       21.06446740000
2       21.06448191667
2       21.06465912083
4       21.06465914167
1       21.06465926250
2       21.06468864583
2       21.06469591667
2       21.06483207500
2       21.06505798333
4       21.06505800417
1       21.06505812083
2       21.06525435833
2       21.06541296250
4       21.06541298333
1       21.06541310417
2       21.06556771667
2       21.06564357917
4       21.06564359583
1       21.06564371667
2       21.06567497917
2       21.06579135000
2       21.06593998333
4       21.06594000000
1       21.06594012083
2       21.06616645417
4       21.06616647500
1       21.06616659583
2       21.06620594583
2       21.06647026250
4       21.06647028333
1       21.06647040417
2       21.06662432917
2       21.06666768333
2       21.06685182500
4       21.06685182500
1       21.06685196250
2       21.06696275833
2       21.06714035417
4       21.06714037500
1       21.06714049583
2       21.06726483333
2       21.06733711250
4       21.06733712917
1       21.06733725000
2       21.06738149583
2       21.06743945000
2       21.06769024583
4       21.06769026667
1       21.06769038333
2       21.06770178333
2       21.06781901250
2       21.06796185417
4       21.06796187500
1       21.06796199583
2       21.06819299167
4       21.06819300833
1       21.06819312917
2       21.06827618750
2       21.06830127083
2       21.06832121667
2       21.06893491667
4       21.06893491667
1       21.06893505417
2       21.06928279167
4       21.06928281250
1       21.06928293333
2       21.06934670833
2       21.06957088750
4       21.06957090833
1       21.06957102500
2       21.06980039167
4       21.06980040833
1       21.06980052917
2       21.06984022500
2       21.07003037083
4       21.07003038750
1       21.07003050833
2       21.07051257917
4       21.07051259583
1       21.07051271667
2       21.07052672500
2       21.07063144583
2       21.07079702917
4       21.07079705000
1       21.07079716667
2       21.07093595833
2       21.07098655417
4       21.07098657500
1       21.07098669167
2       21.07099282917
2       21.07102997083
2       21.07110766667
2       21.07118363333
4       21.07118365417
1       21.07118377500
2       21.07476778750
2       21.07490135417
4       21.07490137500
1       21.07490149583
2       21.07492684167
2       21.07497747083
2       21.07513820000
4       21.07513822083
1       21.07513833750
2       21.07532756250
4       21.07532757917
1       21.07532770000
2       21.07548956250
2       21.07555351667
4       21.07555353750
1       21.07555365833
2       21.07557766250
2       21.07565221667
2       21.07574784583
4       21.07574786667
1       21.07574798333
2       21.07576608333
2       21.07628648333
4       21.07628650000
1       21.07628662083
2       21.07643653750
2       21.07648821667
4       21.07648821667
1       21.07648835417
2       21.07753813333
4       21.07753815417
1       21.07753827500
2       21.07782134583
4       21.07782134583
1       21.07782148333
2       21.07784656667
2       21.07813313750
4       21.07813315833
1       21.07813327500
2       21.07839842083
4       21.07839844167
1       21.07839856250
2       21.07864180833
4       21.07864182500
1       21.07864194583
2       21.07868550417
2       21.07881136250
2       21.07881602500
2       21.07909926250
4       21.07909927917
1       21.07909940000
2       21.07910718333
2       21.07968091250
4       21.07968093333
1       21.07968105000
2       21.07970972500
2       21.08001807500
4       21.08001807500
1       21.08001821250
2       21.08029460833
4       21.08029462917
1       21.08029475000
2       21.08031092500
2       21.08058849583
4       21.08058851667
1       21.08058863750
2       21.08068845833
2       21.08089647500
4       21.08089649583
1       21.08089661667
2       21.08090577917
2       21.08094683333
2       21.08117875833
4       21.08117877500
1       21.08117889583
2       21.08118898333
2       21.08136552500
2       21.08156553750
4       21.08156553750
1       21.08156567500
2       21.08173508750
2       21.08193917917
4       21.08193920000
1       21.08193932083
2       21.08198918333
2       21.08203355417
2       21.08205454583
2       21.08213996250
4       21.08213997917
1       21.08214010000
2       21.08217832083
2       21.08221614583
2       21.08238169583
4       21.08238171667
1       21.08238183750
2       21.08250065000
2       21.08255787917
2       21.08261090000
4       21.08261091667
1       21.08261103750
2       21.08305940000
4       21.08305942083
1       21.08305954167
2       21.08317665833
2       21.08350347917
4       21.08350350000
1       21.08350362083
2       21.08373876667
4       21.08373876667
1       21.08373890417
2       21.08384731250
2       21.08435751250
4       21.08435752917
1       21.08435765000
2       21.08469701667
4       21.08469701667
1       21.08469715417
2       21.08879917917
4       21.08879920000
1       21.08879932083
2       21.08883734167
2       21.08886619583
2       21.08887469167
2       21.08888957917
2       21.08911426250
4       21.08911427917
1       21.08911440000
2       21.08946003333
4       21.08946005000
1       21.08946017083
2       21.08948757500
2       21.08954610417
2       21.08954880833
2       21.08967962500
4       21.08967962500
1       21.08967976250
2       21.08982875000
2       21.09003137917
4       21.09003139583
1       21.09003151667
2       21.09008930000
2       21.09009988750
2       21.09014402500
2       21.09015397083
2       21.09033112083
4       21.09033113750
1       21.09033125833
2       21.09059713333
4       21.09059715000
1       21.09059727083
2       21.09066467083
2       21.09077006667
2       21.09077070000
2       21.09088259167
4       21.09088261250
1       21.09088273333
2       21.09101908333
2       21.09104889167
2       21.09129799583
4       21.09129801667
1       21.09129813750
2       21.09136486667
2       21.09136519167
2       21.09143001250
2       21.09144270833
2       21.09158418750
4       21.09158418750
1       21.09158432500
2       21.09169321667
2       21.09197170833
4       21.09197172500
1       21.09197184583
2       21.09205084167
2       21.09209761667
2       21.09215884167
2       21.09225254583
4       21.09225254583
1       21.09225268333
2       21.09238605000
2       21.09256885417
4       21.09256887500
1       21.09256899167
2       21.09257121667
2       21.09270836250
2       21.09271265833
2       21.09274275833
2       21.09281734167
4       21.09281735833
1       21.09281747917
2       21.09297100833
2       21.09315415000
4       21.09315417083
1       21.09315429167
2       21.09338112083
4       21.09338113750
1       21.09338125833
2       21.09340551667
2       21.09367025417
4       21.09367027083
1       21.09367039167
2       21.09368675000
2       21.09374510000
2       21.09384606667
2       21.09394910417
4       21.09394912083
1       21.09394924167
2       21.09419555417
4       21.09419557083
1       21.09419569167
2       21.09428299167
2       21.09439592083
4       21.09439594167
1       21.09439606250
2       21.09446714583
2       21.09456985833
2       21.09466812500
4       21.09466814583
1       21.09466826667
2       21.09472516667
2       21.09500343750
4       21.09500343750
1       21.09500357500
2       21.09560325417
4       21.09560327500
1       21.09560339583
2       21.09603720417
4       21.09603722083
1       21.09603734167
2       21.09607588333
2       21.09616427083
2       21.09671654583
4       21.09671656667
1       21.09671668750
2       21.09681187083
2       21.09714180417
4       21.09714182500
1       21.09714194583
2       21.09715115000
2       21.09723387917
2       21.09736171667
4       21.09736171667
1       21.09736185417
2       21.09741837083
2       21.09795488750
4       21.09795490833
1       21.09795502917
2       21.09796121250
2       21.09798339167
2       21.09825570417
4       21.09825572500
1       21.09825584583
2       21.09836375000
2       21.09841657917
2       21.09842122917
2       21.09859119583
4       21.09859119583
1       21.09859133333
2       21.09864753333
2       21.09864891250
2       21.09870922500
2       21.09875951667
2       21.09890321667
4       21.09890323750
1       21.09890335833
2       21.09894296250
2       21.09913608333
4       21.09913610417
1       21.09913622083
2       21.09929740417
2       21.10337415417
4       21.10337417500
1       21.10337429583
2       21.10351322083
2       21.10396570833
4       21.10396572500
1       21.10396584583
2       21.10412159583
2       21.10429755833
4       21.10429757917
1       21.10429770000
2       21.10433170417
2       21.10458142500
4       21.10458142500
1       21.10458156250
2       21.10560850417
4       21.10560852083
1       21.10560864167
2       21.10612269167
4       21.10612270833
1       21.10612282917
2       21.10626112083
2       21.10661386250
4       21.10661388333
1       21.10661400417
2       21.10662548333
2       21.10676486250
2       21.10681057083
4       21.10681059167
1       21.10681071250
2       21.10688575417
2       21.10703880417
4       21.10703882500
1       21.10703894583
2       21.10704012917
2       21.10734820000
4       21.10734822083
1       21.10734833750
2       21.10745648750
2       21.10763604167
4       21.10763605833
1       21.10763617917
2       21.10835977083
4       21.10835979167
1       21.10835991250
2       21.10859090833
4       21.10859092500
1       21.10859104583
2       21.10862606667
2       21.10872144583
2       21.10872737917
2       21.10902582917
4       21.10902585000
1       21.10902597083
2       21.10923057917
4       21.10923059583
1       21.10923071667
2       21.10972508333
4       21.10972510000
1       21.10972522083
2       21.10984560000
2       21.11017820833
4       21.11017822917
1       21.11017835000
2       21.11036398333
4       21.11036400000
1       21.11036412083
2       21.11055250000
2       21.11061111250
4       21.11061113333
1       21.11061125417
2       21.11095662500
4       21.11095664583
1       21.11095676250
2       21.11108873333
2       21.11120528333
4       21.11120530417
1       21.11120542083
2       21.11127617083
2       21.11209532083
4       21.11209533750
1       21.11209545833
2       21.11215793750
2       21.11240465833
4       21.11240467917
1       21.11240480000
2       21.11272170833
4       21.11272172917
1       21.11272185000
2       21.11314528750
4       21.11314530833
1       21.11314542917
2       21.11657519583
4       21.11657521667
1       21.11657533750
2       21.11684773750
4       21.11684775833
1       21.11684787917
2       21.11687852500
2       21.11721636250
4       21.11721637917
1       21.11721650000
2       21.11739526250
2       21.11748697500
4       21.11748699583
1       21.11748711250
2       21.11750982083
2       21.11808481667
4       21.11808483750
1       21.11808495833
2       21.11814416667
2       21.11819772083
2       21.11824454167
2       21.11831340000
4       21.11831342083
1       21.11831354167
2       21.11832165000
2       21.11845520833
2       21.11852971250
4       21.11852973333
1       21.11852985000
2       21.11870029167
2       21.11943093750
4       21.11943095833
1       21.11943107917
2       21.11944981667
2       21.11954686667
2       21.11978570417
4       21.11978572500
1       21.11978584583
2       21.12027726250
4       21.12027727917
1       21.12027740000
2       21.12085950417
4       21.12085952500
1       21.12085964583
2       21.12200888333
4       21.12200890000
1       21.12200902083
2       21.12203339583
2       21.12262596250
4       21.12262598333
1       21.12262610417
2       21.12317976667
4       21.12317976667
1       21.12317990417
2       21.12332158750
2       21.12336331667
2       21.12436125833
4       21.12436127917
1       21.12436140000
2       21.12460138333
4       21.12460140417
1       21.12460152083
2       21.12483859583
4       21.12483861667
1       21.12483873333
2       21.12521681667
4       21.12521683750
1       21.12521695833
2       21.12606643333
4       21.12606645000
1       21.12606657083
2       21.12661789167
4       21.12661791250
1       21.12661803333
2       21.12689945000
4       21.12689947083
1       21.12689959167
2       21.12770992917
4       21.12770994583
1       21.12771006667
2       21.12878016667
4       21.12878018750
1       21.12878030833
2       21.13021831250
4       21.13021832917
1       21.13021845000
2       21.13023952917
2       21.13025805000
2       21.13108681667
4       21.13108681667
1       21.13108695417
2       21.13110760417
2       21.13114084167
2       21.13168533333
4       21.13168535417
1       21.13168547500
2       21.13169525417
2       21.13250149167
4       21.13250150833
1       21.13250162917
2       21.13266413750
2       21.13279225833
4       21.13279227917
1       21.13279239583
2       21.13294097917
2       21.13360225417
4       21.13360227083
1       21.13360239167
2       21.13416593750
4       21.13416593750
1       21.13416607500
2       21.13421127500
2       21.13476770833
4       21.13476772500
1       21.13476784583
2       21.13806545833
4       21.13806547500
1       21.13806559583
2       21.13823304583
2       21.13827270833
4       21.13827272500
1       21.13827284583
2       21.13904880417
4       21.13904882083
1       21.13904894167
2       21.14185631667
4       21.14185633750
1       21.14185645833
2       21.14206726667
4       21.14206726667
1       21.14206740417
2       21.14218682500
2       21.14335505000
4       21.14335506667
1       21.14335518750
2       21.14348325417
2       21.14649245833
4       21.14649247917
1       21.14649259583
2       21.14782690417
4       21.14782692500
1       21.14782704583
2       21.14942313333
4       21.14942315417
1       21.14942327500
2       21.15188382083
4       21.15188383750
1       21.15188395833
2       21.15423916250
4       21.15423918333
1       21.15423930417
2       21.16233595833
4       21.16233597917
1       21.16233610000
2       21.16588705000
4       21.16588706667
1       21.16588718750
2       21.16816652500
4       21.16816652500
1       21.16816666250
2       21.18204982500
4       21.18204982500
1       21.18204996250
2       21.18569721667
4       21.18569721667
1       21.18569735417
2       21.18945402500
4       21.18945404583
1       21.18945416667
2       21.19025900000
4       21.19025901667
1       21.19025913750
2       21.19631140417
4       21.19631142083
1       21.19631154167
2       21.19673735417
4       21.19673737500
1       21.19673749167
2       33.87520076250
4       33.87520077917
1       33.87520090000
2       33.88245862083
4       33.88245863750
1       33.88245875833
2       33.88378285417
4       33.88378287083
1       33.88378299167
2       33.88795737917
4       33.88795740000
1       33.88795752083
2       33.88810607917
2       33.88946932917
4       33.88946934583
1       33.88946946667
2       33.88988479583
4       33.88988481667
1       33.88988493750
2       33.89187618333
4       33.89187620000
1       33.89187632083
2       33.89513209167
4       33.89513211250
1       33.89513223333
2       33.90085167500
4       33.90085167500
1       33.90085181250
2       33.90794394583
4       33.90794394583
1       33.90794408333
2       33.90803580417
2       33.90867397500
4       33.90867399583
1       33.90867411667
2       33.90942700417
4       33.90942702083
1       33.90942714167
2       33.91241359583
4       33.91241361667
1       33.91241373750
2       33.91312442917
4       33.91312445000
1       33.91312456667
2       33.91414323750
4       33.91414325833
1       33.91414337917
2       33.91550692917
4       33.91550695000
1       33.91550706667
2       33.91647519167
4       33.91647521250
1       33.91647533333
2       33.91758303333
4       33.91758305000
1       33.91758317083
2       33.91795081250
4       33.91795082917
1       33.91795095000
2       33.91824530000
4       33.91824532083
1       33.91824544167
2       33.91873042500
4       33.91873044583
1       33.91873056250
2       33.91896336250
4       33.91896338333
1       33.91896350000
2       33.91904819167
2       33.91940558333
4       33.91940560417
1       33.91940572500
2       33.91984248750
4       33.91984248750
1       33.91984262500
2       33.92089675833
4       33.92089677917
1       33.92089690000
2       33.92118813750
4       33.92118813750
1       33.92118827500
2       33.92153474583
4       33.92153476667
1       33.92153488750
2       33.92182350417
4       33.92182352083
1       33.92182364167
2       33.92223123333
4       33.92223125417
1       33.92223137500
2       33.92272968750
4       33.92272968750
1       33.92272982500
2       33.92278832917
2       33.92292047917
4       33.92292050000
1       33.92292061667
2       33.92294006250
2       33.92380127500
4       33.92380129583
1       33.92380141667
2       33.92387546250
2       33.92478005000
4       33.92478007083
1       33.92478019167
2       33.92486474583
2       33.92493873750
2       33.92576949167
4       33.92576950833
1       33.92576962917
2       33.92601588333
4       33.92601590000
1       33.92601602083
2       33.92616087083
2       33.92725927917
4       33.92725930000
1       33.92725942083
2       33.92803373750
4       33.92803375833
1       33.92803387917
2       33.92812018333
2       33.92818509583
2       33.92865182083
4       33.92865184167
1       33.92865196250
2       33.92890442500
4       33.92890444583
1       33.92890456667
2       33.92921753333
4       33.92921755417
1       33.92921767500
2       33.92931360417
2       33.92934000417
2       33.92958150000
4       33.92958152083
1       33.92958164167
2       33.92986910000
4       33.92986911667
1       33.92986923750
2       33.92996770417
2       33.93119922083
4       33.93119923750
1       33.93119935833
2       33.93121216667
2       33.93129002917
2       33.93149807917
4       33.93149809583
1       33.93149821667
2       33.93176339167
4       33.93176341250
1       33.93176353333
2       33.93199686250
4       33.93199687917
1       33.93199700000
2       33.93201045833
2       33.93242981667
4       33.93242983750
1       33.93242995417
2       33.93244799167
2       33.93264837083
4       33.93264839167
1       33.93264850833
2       33.93272989583
2       33.93285799167
2       33.93287332917
4       33.93287335000
1       33.93287347083
2       33.93309953333
4       33.93309955000
1       33.93309967083
2       33.93313922083
2       33.93347840417
4       33.93347842083
1       33.93347854167
2       33.93378150833
4       33.93378152917
1       33.93378165000
2       33.93460662083
4       33.93460664167
1       33.93460676250
2       33.93488380000
4       33.93488382083
1       33.93488394167
2       33.93499514167
2       33.93500672500
2       33.93514217500
4       33.93514217500
1       33.93514231250
2       33.93516702083
2       33.93615506667
4       33.93615508750
1       33.93615520833
2       33.93642767500
4       33.93642767500
1       33.93642781250
2       33.93660156667
2       33.93688450000
4       33.93688451667
1       33.93688463750
2       33.93689771667
2       33.93721766667
4       33.93721766667
1       33.93721780417
2       33.93739719167
2       33.93766674167
4       33.93766675833
1       33.93766687917
2       33.93771095833
2       33.93778537083
2       33.93781349167
2       33.93785006667
2       33.93803481250
4       33.93803482917
1       33.93803495000
2       33.93818082917
2       33.93819511250
2       33.93830079583
4       33.93830079583
1       33.93830093333
2       33.93846645833
2       33.93926693333
4       33.93926695000
1       33.93926707083
2       33.93927030000
2       33.93953125833
4       33.93953127500
1       33.93953139583
2       33.93992379167
4       33.93992381250
1       33.93992393333
2       33.94009045000
2       33.94020140000
4       33.94020142083
1       33.94020154167
2       33.94031758333
2       33.94048350000
4       33.94048352083
1       33.94048364167
2       33.94059054583
2       33.94077304583
4       33.94077306667
1       33.94077318750
2       33.94077933750
2       33.94084719583
2       33.94085756667
2       33.94086615833
2       33.94086746667
2       33.94104133750
4       33.94104135833
1       33.94104147917
2       33.94109364583
2       33.94112942083
2       33.94122979583
2       33.94141662083
4       33.94141664167
1       33.94141676250
2       33.94145540000
2       33.94148592083
2       33.94149152500
2       33.94162194167
4       33.94162195833
1       33.94162207917
2       33.94162397917
2       33.94174256667
2       33.94195027500
4       33.94195029167
1       33.94195041250
2       33.94196181250
2       33.94199735833
2       33.94217180833
4       33.94217182917
1       33.94217195000
2       33.94250068333
4       33.94250070417
1       33.94250082500
2       33.94285545833
4       33.94285545833
1       33.94285559583
2       33.94295417500
2       33.94313668750
4       33.94313668750
1       33.94313682500
2       33.94319200417
2       33.94322645833
2       33.94337313333
4       33.94337315417
1       33.94337327500
2       33.94346395417
2       33.94363922083
4       33.94363924167
1       33.94363936250
2       33.94364222500
2       33.94369085833
2       33.94375151667
2       33.94381637083
2       33.94389155000
4       33.94389157083
1       33.94389169167
2       33.94407906250
2       33.94413933333
4       33.94413935000
1       33.94413947083
2       33.94422415000
2       33.94426282500
2       33.94429432917
2       33.94495712917
4       33.94495714583
1       33.94495726667
2       33.94499431667
2       33.94510151667
2       33.94536617917
4       33.94536620000
1       33.94536631667
2       33.94537549583
2       33.94540861250
2       33.94550195417
2       33.94554637083
2       33.94606207917
4       33.94606209583
1       33.94606221667
2       33.94607075000
2       33.94609162917
2       33.94618760417
2       33.94623398750
2       33.94625282500
2       33.94653837500
4       33.94653837500
1       33.94653851250
2       33.94661787917
2       33.94692137500
4       33.94692137500
1       33.94692151250
2       33.94695772500
2       33.94702028333
2       33.94716767500
4       33.94716769583
1       33.94716781667
2       33.94718823750
2       33.94719811250
2       33.94727575833
2       33.94732242500
2       33.94737939583
4       33.94737941667
1       33.94737953750
2       33.94740394167
2       33.94747342917
2       33.94766689167
4       33.94766691250
1       33.94766703333
2       33.94775103333
2       33.94776591667
2       33.94777544167
2       33.94796627917
4       33.94796630000
1       33.94796641667
2       33.94797027917
2       33.94803820833
2       33.94808890417
2       33.94816478333
2       33.94829925833
4       33.94829925833
1       33.94829939583
2       33.94833960000
2       33.94860728750
4       33.94860730833
1       33.94860742917
2       33.94863994583
2       33.94866984583
2       33.94875961250
2       33.94880736667
4       33.94880736667
1       33.94880750417
2       33.94885330000
2       33.94904746250
4       33.94904747917
1       33.94904760000
2       33.94921942500
4       33.94921944583
1       33.94921956667
2       33.94922639167
2       33.94926380000
2       33.94933828333
2       33.94934688333
2       33.94940551250
4       33.94940552917
1       33.94940565000
2       33.94955659583
2       33.94971355417
4       33.94971357083
1       33.94971369167
2       33.94976695417
2       33.94989171250
2       33.94994311250
4       33.94994312917
1       33.94994325000
2       33.94997981250
2       33.95001316667
2       33.95004471250
2       33.95010838750
2       33.95014939167
4       33.95014940833
1       33.95014952917
2       33.95025313750
2       33.95029519167
2       33.95052070833
4       33.95052072917
1       33.95052085000
2       33.95052502917
2       33.95056947083
2       33.95070592500
4       33.95070592500
1       33.95070606250
2       33.95089368333
4       33.95089370417
1       33.95089382500
2       33.95098112917
2       33.95103816667
2       33.95113058333
4       33.95113060000
1       33.95113072083
2       33.95114373333
2       33.95115106250
2       33.95119771250
2       33.95145713750
4       33.95145713750
1       33.95145727500
2       33.95146105000
2       33.95151344583
2       33.95153034167
2       33.95172042500
4       33.95172044583
1       33.95172056250
2       33.95172148333
2       33.95183838333
2       33.95185527500
2       33.95187147917
2       33.95188976667
2       33.95192811250
4       33.95192813333
1       33.95192825417
2       33.95200135417
2       33.95202327083
2       33.95202391250
2       33.95207659583
2       33.95234345833
4       33.95234347500
1       33.95234359583
2       33.95236271250
2       33.95240014583
2       33.95243554583
2       33.95267307500
4       33.95267307500
1       33.95267321250
2       33.95268667500
2       33.95278798750
2       33.95282878333
2       33.95291988333
4       33.95291990417
1       33.95292002083
2       33.95320868750
4       33.95320870833
1       33.95320882917
2       33.95327023750
2       33.95328394167
2       33.95328553750
2       33.95343190000
4       33.95343192083
1       33.95343204167
2       33.95351168750
2       33.95357268333
2       33.95360180833
2       33.95371113333
4       33.95371115000
1       33.95371127083
2       33.95373000000
2       33.95378112083
2       33.95381387917
2       33.95390290833
2       33.95397073333
4       33.95397075000
1       33.95397087083
2       33.95403117083
2       33.95410096250
2       33.95417412917
4       33.95417415000
1       33.95417427083
2       33.95429085417
2       33.95439245000
4       33.95439246667
1       33.95439258750
2       33.95451627917
2       33.95458127083
4       33.95458128750
1       33.95458140833
2       33.95466535417
2       33.95473727917
2       33.95474051250
2       33.95486210000
4       33.95486212083
1       33.95486224167
2       33.95497376667
2       33.95499597917
2       33.95503205000
4       33.95503206667
1       33.95503218750
2       33.95527755833
4       33.95527757500
1       33.95527769583
2       33.95529671667
2       33.95535721667
2       33.95547327500
4       33.95547329583
1       33.95547341667
2       33.95548876250
2       33.95551467917
2       33.95560708750
2       33.95567002083
4       33.95567004167
1       33.95567016250
2       33.95579120833
2       33.95581440000
2       33.95583365000
2       33.95594026667
4       33.95594028750
1       33.95594040833
2       33.95613734167
4       33.95613736250
1       33.95613748333
2       33.95616160417
2       33.95617745833
2       33.95623175417
2       33.95630095417
2       33.95630961667
4       33.95630963750
1       33.95630975833
2       33.95633282500
2       33.95638477083
2       33.95639268750
2       33.95647326250
2       33.95649546667
4       33.95649548750
1       33.95649560833
2       33.95677062500
4       33.95677062500
1       33.95677076250
2       33.95680015417
2       33.95682989167
2       33.95686845000
2       33.95687997917
2       33.95708964167
4       33.95708966250
1       33.95708978333
2       33.95713412083
2       33.95752583750
4       33.95752583750
1       33.95752597500
2       33.95753517500
2       33.95757855000
2       33.95789061250
4       33.95789062917
1       33.95789075000
2       33.95790546250
2       33.95792037083
2       33.95797107500
2       33.95804987500
2       33.95809858750
4       33.95809860833
1       33.95809872917
2       33.95814928750
2       33.95816720417
2       33.95823539583
2       33.95825099583
2       33.95827316250
2       33.95830658750
4       33.95830658750
1       33.95830672500
2       33.95839869167
2       33.95853875833
4       33.95853877917
1       33.95853890000
2       33.95862592083
2       33.95865043750
2       33.95869447917
2       33.95870275000
2       33.95875844167
4       33.95875845833
1       33.95875857917
2       33.95877862083
2       33.95880974167
2       33.95881007917
2       33.95912740417
4       33.95912742083
1       33.95912754167
2       33.95925725417
2       33.95930725417
2       33.95988745417
4       33.95988747083
1       33.95988759167
2       33.95990405417
2       33.95993960417
2       33.96021848750
4       33.96021848750
1       33.96021862500
2       33.96024160833
2       33.96024995417
2       33.96041585000
2       33.96041652083
2       33.96048504167
4       33.96048505833
1       33.96048517917
2       33.96055998750
2       33.96072421667
4       33.96072423750
1       33.96072435417
2       33.96088547500
2       33.96093687917
4       33.96093690000
1       33.96093701667
2       33.96109585833
2       33.96113757500
4       33.96113759583
1       33.96113771667
2       33.96115180000
2       33.96119260417
2       33.96120583750
2       33.96128035833
2       33.96138046250
4       33.96138048333
1       33.96138060000
2       33.96140062500
2       33.96156753333
2       33.96161980417
4       33.96161982500
1       33.96161994583
2       33.96163440833
2       33.96169501667
2       33.96181832083
4       33.96181833750
1       33.96181845833
2       33.96184810417
2       33.96187354583
2       33.96202168750
4       33.96202170833
1       33.96202182917
2       33.96208626667
2       33.96230115833
4       33.96230117917
1       33.96230130000
2       33.96233297500
2       33.96233493750
2       33.96233928750
2       33.96239797083
2       33.96240195833
2       33.96248307500
4       33.96248309583
1       33.96248321667
2       33.96256115000
2       33.96261224167
2       33.96263076250
2       33.96263668333
2       33.96273729167
4       33.96273731250
1       33.96273743333
2       33.96281955000
2       33.96285110000
2       33.96292853333
4       33.96292855417
1       33.96292867500
2       33.96295172500
2       33.96295742083
2       33.96296629583
2       33.96302923333
2       33.96310242917
2       33.96312758333
4       33.96312760417
1       33.96312772500
2       33.96317233333
2       33.96331212083
2       33.96337374167
4       33.96337376250
1       33.96337388333
2       33.96340880417
2       33.96344461250
2       33.96362670000
4       33.96362671667
1       33.96362683750
2       33.96387255000
4       33.96387256667
1       33.96387268750
2       33.96395035833
2       33.96397091667
2       33.96404805833
4       33.96404807917
1       33.96404819583
2       33.96407556250
2       33.96408612917
2       33.96413017917
2       33.96417392083
2       33.96423911667
4       33.96423913750
1       33.96423925833
2       33.96427795833
2       33.96429031250
2       33.96434815000
2       33.96441372500
4       33.96441372500
1       33.96441386250
2       33.96442167500
2       33.96442901250
2       33.96457903750
2       33.96461477917
4       33.96461480000
1       33.96461492083
2       33.96464102500
2       33.96464463333
2       33.96482411667
4       33.96482413750
1       33.96482425417
2       33.96486429167
2       33.96487247917
2       33.96492587500
2       33.96504241667
4       33.96504243750
1       33.96504255833
2       33.96511167917
2       33.96515569167
2       33.96521770417
2       33.96550182500
4       33.96550184583
1       33.96550196667
2       33.96560010833
2       33.96573700833
4       33.96573702917
1       33.96573715000
2       33.96575064583
2       33.96593608750
4       33.96593608750
1       33.96593622500
2       33.96610367500
2       33.96611537500
4       33.96611537500
1       33.96611551250
2       33.96613314167
2       33.96632662083
4       33.96632664167
1       33.96632675833
2       33.96637267500
2       33.96647924167
2       33.96648824583
2       33.96657364167
4       33.96657366250
1       33.96657378333
2       33.96658395417
2       33.96667008333
2       33.96667240833
2       33.96668662917
2       33.96669920833
2       33.96670982083
2       33.96673537500
2       33.96674905833
4       33.96674907917
1       33.96674920000
2       33.96684862917
2       33.96688275833
2       33.96691027500
2       33.96699265833
4       33.96699267500
1       33.96699279583
2       33.96702121667
2       33.96709380417
2       33.96710269583
2       33.96712518333
2       33.96716654583
4       33.96716654583
1       33.96716668333
2       33.96719675000
2       33.96726760833
2       33.96729941250
2       33.96731829583
2       33.96735571250
4       33.96735573333
1       33.96735585417
2       33.96738950417
2       33.96739545000
2       33.96751409583
2       33.96759098333
4       33.96759100417
1       33.96759112500
2       33.96765744167
2       33.96772375000
2       33.96773097917
2       33.96774660000
2       33.96792174583
4       33.96792174583
1       33.96792188333
2       33.96799005417
2       33.96800160000
2       33.96806330417
2       33.96814737083
4       33.96814739167
1       33.96814751250
2       33.96815565417
2       33.96823222083
2       33.96828900833
2       33.96842463750
4       33.96842465833
1       33.96842477917
2       33.96846490417
2       33.96850878750
2       33.96857033333
2       33.96858595417
2       33.96864884583
4       33.96864884583
1       33.96864898333
2       33.96865682500
2       33.96865808333
2       33.96867067083
2       33.96887947917
4       33.96887950000
1       33.96887962083
2       33.96895818750
2       33.96908838750
4       33.96908838750
1       33.96908852500
2       33.96909039583
2       33.96913583750
2       33.96915795417
2       33.96923218750
2       33.96939443750
4       33.96939445833
1       33.96939457500
2       33.96940701667
2       33.96944872917
2       33.96946563750
2       33.96947855833
2       33.96951397500
2       33.96968193750
4       33.96968193750
1       33.96968207500
2       33.96977600000
2       33.96983962500
2       33.96990418750
4       33.96990420833
1       33.96990432917
2       33.96998365417
2       33.97015696667
4       33.97015696667
1       33.97015710417
2       33.97019564583
2       33.97023739583
2       33.97040532500
4       33.97040532500
1       33.97040546250
2       33.97043422083
2       33.97043440000
2       33.97047880417
2       33.97050801667
2       33.97071759167
4       33.97071760833
1       33.97071772917
2       33.97075812083
2       33.97075969167
2       33.97081579167
2       33.97085448333
2       33.97088468333
2       33.97091311250
4       33.97091313333
1       33.97091325417
2       33.97092240417
2       33.97098506250
2       33.97100985833
2       33.97102173333
2       33.97107150417
2       33.97126682083
4       33.97126683750
1       33.97126695833
2       33.97138045417
2       33.97140527500
2       33.97142289167
2       33.97150237917
4       33.97150240000
1       33.97150251667
2       33.97158582083
2       33.97166270833
2       33.97173698333
4       33.97173700000
1       33.97173712083
2       33.97180246250
2       33.97181835000
2       33.97187764167
2       33.97190153333
2       33.97200550417
4       33.97200552083
1       33.97200564167
2       33.97208928333
2       33.97222373750
4       33.97222375833
1       33.97222387917
2       33.97223274583
2       33.97232240833
2       33.97233042083
2       33.97257185833
4       33.97257187917
1       33.97257200000
2       33.97263915000
2       33.97267200000
2       33.97272886667
2       33.97289646667
4       33.97289648750
1       33.97289660833
2       33.97293259583
2       33.97293727917
2       33.97294092500
2       33.97294519583
2       33.97308597500
4       33.97308599583
1       33.97308611667
2       33.97322802500
2       33.97323863333
2       33.97333503333
4       33.97333505000
1       33.97333517083
2       33.97335858333
2       33.97344437917
2       33.97359971250
4       33.97359973333
1       33.97359985417
2       33.97365671250
2       33.97374842917
2       33.97377989583
2       33.97381607917
4       33.97381610000
1       33.97381621667
2       33.97384676667
2       33.97395878750
2       33.97410618750
4       33.97410618750
1       33.97410632500
2       33.97419913750
2       33.97423067917
2       33.97424524167
2       33.97433766667
4       33.97433768750
1       33.97433780833
2       33.97447012083
2       33.97464999583
4       33.97465001667
1       33.97465013750
2       33.97466330833
2       33.97469186667
2       33.97489780000
4       33.97489782083
1       33.97489794167
2       33.97499416250
2       33.97502994583
2       33.97512470417
4       33.97512472083
1       33.97512484167
2       33.97516211667
2       33.97518932500
2       33.97521210417
2       33.97522511250
2       33.97531120417
4       33.97531122500
1       33.97531134583
2       33.97535959583
2       33.97538399583
2       33.97538433333
2       33.97547208333
2       33.97557711250
4       33.97557713333
1       33.97557725417
2       33.97561326667
2       33.97561955417
2       33.97581865000
4       33.97581867083
1       33.97581878750
2       33.97609154167
4       33.97609156250
1       33.97609167917
2       33.97609517083
2       33.97613559583
2       33.97614945000
2       33.97620843750
2       33.97624453333
2       33.97628161667
4       33.97628163750
1       33.97628175833
2       33.97628237500
2       33.97632567083
2       33.97640745417
2       33.97647473333
4       33.97647475417
1       33.97647487500
2       33.97654467917
2       33.97659665833
2       33.97668744167
4       33.97668746250
1       33.97668758333
2       33.97668811250
2       33.97671227083
2       33.97678077917
2       33.97683053750
2       33.97715639167
4       33.97715640833
1       33.97715652917
2       33.97718352500
2       33.97725082917
2       33.97726017917
2       33.97727204167
2       33.97733693333
4       33.97733695417
1       33.97733707500
2       33.97736410417
2       33.97737073750
2       33.97738995833
2       33.97756589583
4       33.97756589583
1       33.97756603333
2       33.97764062917
2       33.97770394583
2       33.97772875417
2       33.97777446250
4       33.97777447917
1       33.97777460000
2       33.97782152917
2       33.97782944583
2       33.97785498333
2       33.97790964583
2       33.97799936667
4       33.97799936667
1       33.97799950417
2       33.97804881667
2       33.97813154167
2       33.97822229583
4       33.97822231667
1       33.97822243333
2       33.97828062917
2       33.97837891250
2       33.97838635417
2       33.97840319167
2       33.97841473333
4       33.97841475417
1       33.97841487083
2       33.97845047083
2       33.97846077500
2       33.97851740417
2       33.97860155000
4       33.97860156667
1       33.97860168750
2       33.97877111250
2       33.97893081250
4       33.97893082917
1       33.97893095000
2       33.97893510833
2       33.97895402917
2       33.97905235000
2       33.97931866667
4       33.97931866667
1       33.97931880417
2       33.97934816667
2       33.97946144167
2       33.97958567500
4       33.97958567500
1       33.97958581250
2       33.97981980417
4       33.97981982500
1       33.97981994583
2       33.97987448333
2       33.97987677917
2       33.98005929583
4       33.98005929583
1       33.98005943333
2       33.98007656667
2       33.98009438333
2       33.98012655833
2       33.98015675000
2       33.98024414167
4       33.98024416250
1       33.98024428333
2       33.98028153750
2       33.98034058333
2       33.98040976250
2       33.98049384583
4       33.98049386667
1       33.98049398750
2       33.98053092083
2       33.98060513333
2       33.98061940417
2       33.98065322500
2       33.98072205000
4       33.98072207083
1       33.98072219167
2       33.98072810000
2       33.98077442500
2       33.98083969583
2       33.98099769583
4       33.98099769583
1       33.98099783333
2       33.98104305000
2       33.98105133333
2       33.98109065417
2       33.98109305833
2       33.98113651667
2       33.98114142083
2       33.98117358333
4       33.98117360417
1       33.98117372500
2       33.98120599583
2       33.98125432917
2       33.98137223750
4       33.98137225833
1       33.98137237917
2       33.98137622083
2       33.98141940833
2       33.98184928750
4       33.98184928750
1       33.98184942500
2       33.98187647083
2       33.98192482917
2       33.98192880833
2       33.98195526667
2       33.98200325833
2       33.98203579167
4       33.98203580833
1       33.98203592917
2       33.98228212500
4       33.98228212500
1       33.98228226250
2       33.98235768333
2       33.98236594583
2       33.98238285833
2       33.98242257500
2       33.98246662500
4       33.98246664583
1       33.98246676667
2       33.98254650417
2       33.98255508333
2       33.98257986250
2       33.98268456250
4       33.98268458333
1       33.98268470417
2       33.98278632083
2       33.98284629583
2       33.98307711667
4       33.98307711667
1       33.98307725417
2       33.98311478333
2       33.98315901250
2       33.98323352083
2       33.98333904583
4       33.98333904583
1       33.98333918333
2       33.98339572083
2       33.98345971667
2       33.98347360000
2       33.98349513750
2       33.98350966250
2       33.98354678333
2       33.98358257083
4       33.98358259167
1       33.98358271250
2       33.98361169583
2       33.98361211250
2       33.98361239167
2       33.98361830833
2       33.98363479167
2       33.98364943750
2       33.98377079167
4       33.98377080833
1       33.98377092917
2       33.98383732917
2       33.98385386667
2       33.98396682083
4       33.98396684167
1       33.98396695833
2       33.98397706250
2       33.98400397917
2       33.98406059167
2       33.98406284583
2       33.98406909583
2       33.98408171667
2       33.98414661250
4       33.98414662917
1       33.98414675000
2       33.98418870417
2       33.98427257500
2       33.98431296250
2       33.98433344167
4       33.98433345833
1       33.98433357917
2       33.98434364167
2       33.98439872500
2       33.98472202500
4       33.98472202500
1       33.98472216250
2       33.98472797500
2       33.98500725417
4       33.98500727500
1       33.98500739583
2       33.98504492500
2       33.98507176250
2       33.98512801250
2       33.98514693333
2       33.98523307083
4       33.98523308750
1       33.98523320833
2       33.98529438333
2       33.98538551250
2       33.98541755000
2       33.98542579167
4       33.98542580833
1       33.98542592917
2       33.98543383750
2       33.98544280833
2       33.98557301667
2       33.98565542083
4       33.98565544167
1       33.98565556250
2       33.98569043333
2       33.98582138750
2       33.98582267083
2       33.98590414167
4       33.98590415833
1       33.98590427917
2       33.98596577083
2       33.98601740417
2       33.98607471667
2       33.98618672500
4       33.98618674167
1       33.98618686250
2       33.98623314167
2       33.98626680000
2       33.98653381250
4       33.98653383333
1       33.98653395417
2       33.98655862917
2       33.98660305833
2       33.98666865417
2       33.98669814167
2       33.98682890833
4       33.98682892917
1       33.98682905000
2       33.98692400833
2       33.98711637083
4       33.98711639167
1       33.98711651250
2       33.98730429583
2       33.98732644583
4       33.98732646667
1       33.98732658750
2       33.98733040000
2       33.98733108333
2       33.98735697500
2       33.98739045833
2       33.98739727917
2       33.98743214583
2       33.98765108750
4       33.98765110833
1       33.98765122917
2       33.98767559167
2       33.98771099583
2       33.98772491250
2       33.98778122917
2       33.98782758333
2       33.98793027917
4       33.98793029583
1       33.98793041667
2       33.98799458333
2       33.98802664167
2       33.98803924583
2       33.98823572917
4       33.98823574583
1       33.98823586667
2       33.98829491250
2       33.98833897500
2       33.98842110417
2       33.98854900417
4       33.98854902083
1       33.98854914167
2       33.98857812917
2       33.98867955000
2       33.98871798750
2       33.98872520000
4       33.98872522083
1       33.98872534167
2       33.98875866250
2       33.98879444583
2       33.98879641667
2       33.98885246250
2       33.98890178333
2       33.98891595417
4       33.98891597083
1       33.98891609167
2       33.98905946667
2       33.98907171667
2       33.98913299167
4       33.98913300833
1       33.98913312917
2       33.98937580417
4       33.98937582083
1       33.98937594167
2       33.98938170417
2       33.98943741667
2       33.98944464167
2       33.98948706250
2       33.98968646250
4       33.98968648333
1       33.98968660417
2       33.98970402917
2       33.98971724167
2       33.98979671250
2       33.98986465000
4       33.98986466667
1       33.98986478750
2       33.98987397917
2       33.98988717083
2       33.99006139583
4       33.99006141667
1       33.99006153750
2       33.99006535417
2       33.99024925000
4       33.99024927083
1       33.99024939167
2       33.99026512083
2       33.99047659167
4       33.99047661250
1       33.99047673333
2       33.99057344583
2       33.99083747083
4       33.99083749167
1       33.99083761250
2       33.99110970417
4       33.99110972083
1       33.99110984167
2       33.99111842917
2       33.99115999167
2       33.99118789583
2       33.99134265833
4       33.99134267500
1       33.99134279583
2       33.99154000833
4       33.99154002500
1       33.99154014583
2       33.99161388750
2       33.99166389583
2       33.99169172917
2       33.99176813750
4       33.99176815833
1       33.99176827917
2       33.99181225417
2       33.99190026250
2       33.99216069583
4       33.99216071667
1       33.99216083333
2       33.99235349167
4       33.99235350833
1       33.99235362917
2       33.99265297917
4       33.99265299583
1       33.99265311667
2       33.99268035833
2       33.99290765833
4       33.99290767500
1       33.99290779583
2       33.99296591250
2       33.99297654167
2       33.99307092917
2       33.99314805417
4       33.99314807083
1       33.99314819167
2       33.99322571667
2       33.99324877083
2       33.99327664167
2       33.99328886250
2       33.99341905833
4       33.99341907500
1       33.99341919583
2       33.99351206667
2       33.99356966667
2       33.99357043750
2       33.99358032917
2       33.99372307083
4       33.99372309167
1       33.99372321250
2       33.99373336250
2       33.99374793333
2       33.99380297083
2       33.99380958333
2       33.99389069583
2       33.99396232083
4       33.99396234167
1       33.99396246250
2       33.99409603750
2       33.99410234167
2       33.99415735833
2       33.99419416667
4       33.99419418750
1       33.99419430417
2       33.99427225000
2       33.99460217500
4       33.99460219167
1       33.99460231250
2       33.99470062917
2       33.99479633750
4       33.99479633750
1       33.99479647500
2       33.99492714583
2       33.99495663333
2       33.99502817917
4       33.99502820000
1       33.99502832083
2       33.99510568333
2       33.99515835417
2       33.99544712083
4       33.99544713750
1       33.99544725833
2       33.99554552500
2       33.99563757917
2       33.99565447500
2       33.99573501250
4       33.99573503333
1       33.99573515417
2       33.99607213750
4       33.99607215833
1       33.99607227917
2       33.99613115833
2       33.99616816250
2       33.99617356250
2       33.99621259583
2       33.99629607083
4       33.99629608750
1       33.99629620833
2       33.99629782917
2       33.99635573750
2       33.99637783750
2       33.99638215833
2       33.99641833333
2       33.99655211250
4       33.99655213333
1       33.99655225000
2       33.99687109167
4       33.99687110833
1       33.99687122917
2       33.99722317083
4       33.99722318750
1       33.99722330833
2       33.99724340417
2       33.99728387500
2       33.99754216667
4       33.99754216667
1       33.99754230417
2       33.99759719167
2       33.99761840000
2       33.99762870000
2       33.99766208750
2       33.99779820000
4       33.99779822083
1       33.99779834167
2       33.99795265833
2       33.99795622917
2       33.99808807917
4       33.99808809583
1       33.99808821667
2       33.99822652917
2       33.99852066250
4       33.99852068333
1       33.99852080417
2       33.99854875417
2       33.99869191250
2       33.99870596667
4       33.99870598750
1       33.99870610833
2       33.99885815417
2       33.99885852917
2       33.99908137500
4       33.99908137500
1       33.99908151250
2       33.99909425000
2       33.99914231250
2       33.99921387917
2       33.99922844583
2       33.99926923333
2       33.99929372917
4       33.99929375000
1       33.99929386667
2       33.99977365000
4       33.99977366667
1       33.99977378750
2       33.99993924583
2       33.99995985417
2       33.99998072500
2       34.00015318750
4       34.00015318750
1       34.00015332500
2       34.00022121250
2       34.00032945000
2       34.00042583750
4       34.00042583750
1       34.00042597500
2       34.00062827500
2       34.00065743333
4       34.00065745000
1       34.00065757083
2       34.00066341250
2       34.00067534167
2       34.00070273333
2       34.00087600417
4       34.00087602083
1       34.00087614167
2       34.00088092083
2       34.00092370417
2       34.00093034583
2       34.00108860417
4       34.00108862083
1       34.00108874167
2       34.00119126667
2       34.00131295417
4       34.00131297500
1       34.00131309583
2       34.00132680000
2       34.00133078750
2       34.00137880417
2       34.00140526667
2       34.00144931667
2       34.00151651250
4       34.00151652917
1       34.00151665000
2       34.00158819167
2       34.00162192917
2       34.00162820833
2       34.00174782500
4       34.00174782500
1       34.00174796250
2       34.00175147917
2       34.00186932083
2       34.00187133750
2       34.00196101250
4       34.00196102917
1       34.00196115000
2       34.00205225833
2       34.00209728750
2       34.00214155417
4       34.00214157500
1       34.00214169583
2       34.00218995417
2       34.00226546250
2       34.00229857917
2       34.00231325000
4       34.00231327083
1       34.00231339167
2       34.00235755000
2       34.00236256667
2       34.00240785000
2       34.00243901667
2       34.00244330833
2       34.00255462083
4       34.00255464167
1       34.00255476250
2       34.00273060000
4       34.00273062083
1       34.00273074167
2       34.00275437917
2       34.00280670833
2       34.00287000833
2       34.00288128333
2       34.00292595417
4       34.00292597083
1       34.00292609167
2       34.00294680000
2       34.00297630000
2       34.00309690833
2       34.00318395833
4       34.00318397500
1       34.00318409583
2       34.00325652917
2       34.00336288333
4       34.00336290000
1       34.00336302083
2       34.00336690417
2       34.00337242083
2       34.00344865833
2       34.00348878333
2       34.00351355833
2       34.00365667500
4       34.00365669583
1       34.00365681250
2       34.00377823750
2       34.00393630417
4       34.00393632500
1       34.00393644167
2       34.00396591250
2       34.00398089583
2       34.00401630833
2       34.00407165833
2       34.00421772500
4       34.00421772500
1       34.00421786250
2       34.00441516667
4       34.00441518750
1       34.00441530833
2       34.00479078750
4       34.00479078750
1       34.00479092500
2       34.00492452083
2       34.00499682917
4       34.00499685000
1       34.00499697083
2       34.00512002083
2       34.00519984583
4       34.00519986667
1       34.00519998750
2       34.00529826250
2       34.00534427500
2       34.00544491667
4       34.00544493750
1       34.00544505417
2       34.00555189167
2       34.00575146250
4       34.00575147917
1       34.00575160000
2       34.00591730833
2       34.00603850833
4       34.00603852500
1       34.00603864583
2       34.00604876667
2       34.00612467917
2       34.00639055000
4       34.00639056667
1       34.00639068750
2       34.00647904583
2       34.00648926250
2       34.00650422500
2       34.00672555833
4       34.00672557917
1       34.00672569583
2       34.00708623333
4       34.00708625000
1       34.00708637083
2       34.00726932083
2       34.00749623333
4       34.00749625000
1       34.00749637083
2       34.00753562083
2       34.00768665417
2       34.00788314167
4       34.00788315833
1       34.00788327917
2       34.00808817083
4       34.00808819167
1       34.00808830833
2       34.00818582917
2       34.00820910000
2       34.00841312083
4       34.00841314167
1       34.00841326250
2       34.00847279583
2       34.00852369583
2       34.00868500000
4       34.00868502083
1       34.00868514167
2       34.00874625000
2       34.00879861667
2       34.00881760417
2       34.00889464167
4       34.00889466250
1       34.00889478333
2       34.00908485000
2       34.00915567083
4       34.00915569167
1       34.00915580833
2       34.00917852083
2       34.00921197917
2       34.00926398333
2       34.00937095417
4       34.00937097500
1       34.00937109583
2       34.00944951667
2       34.00946080833
2       34.00946537083
2       34.00948227500
2       34.00962068750
4       34.00962068750
1       34.00962082500
2       34.00963399167
2       34.00976349167
2       34.00980194583
2       34.00982841667
4       34.00982841667
1       34.00982855417
2       34.00985951250
2       34.00987347917
2       34.00991220000
2       34.00997222500
2       34.01002719583
4       34.01002721667
1       34.01002733750
2       34.01002784167
2       34.01017850833
2       34.01018882500
2       34.01025600000
4       34.01025602083
1       34.01025613750
2       34.01034711250
2       34.01039211250
2       34.01042826667
4       34.01042826667
1       34.01042840417
2       34.01051871250
2       34.01062370417
4       34.01062372083
1       34.01062384167
2       34.01067570833
2       34.01072172500
2       34.01073000000
2       34.01076332917
2       34.01083061667
4       34.01083063750
1       34.01083075833
2       34.01084005000
2       34.01104698333
4       34.01104700000
1       34.01104712083
2       34.01159888333
4       34.01159890000
1       34.01159902083
2       34.01170617500
2       34.01172928750
2       34.01203435417
4       34.01203437083
1       34.01203449167
2       34.01209799167
2       34.01213871667
2       34.01219868750
2       34.01221489167
2       34.01230496250
4       34.01230498333
1       34.01230510417
2       34.01231695417
2       34.01235763750
2       34.01243082917
2       34.01261868750
4       34.01261868750
1       34.01261882500
2       34.01269348750
2       34.01272305833
2       34.01290751250
4       34.01290753333
1       34.01290765417
2       34.01328673333
4       34.01328675417
1       34.01328687083
2       34.01349407917
2       34.01351097083
4       34.01351099167
1       34.01351111250
2       34.01365847083
2       34.01393334167
4       34.01393336250
1       34.01393348333
2       34.01398261667
2       34.01401047500
2       34.01401642083
2       34.01403170417
2       34.01407932500
2       34.01411480417
2       34.01417142083
4       34.01417143750
1       34.01417155833
2       34.01421350833
2       34.01421452500
2       34.01427880833
2       34.01432122500
2       34.01439210833
4       34.01439212917
1       34.01439225000
2       34.01442618750
2       34.01443767917
2       34.01449284167
2       34.01457888750
2       34.01461264583
4       34.01461266667
1       34.01461278750
2       34.01465462083
2       34.01465870000
2       34.01466497917
2       34.01472524583
2       34.01472721250
2       34.01473190000
2       34.01483690833
4       34.01483692917
1       34.01483705000
2       34.01485948750
2       34.01498759583
2       34.01517406667
4       34.01517408750
1       34.01517420417
2       34.01522347083
2       34.01534589583
2       34.01534932917
2       34.01541264167
4       34.01541265833
1       34.01541277917
2       34.01545133333
2       34.01553950417
2       34.01569011667
4       34.01569013750
1       34.01569025833
2       34.01569117500
2       34.01579711667
2       34.01600881667
4       34.01600883750
1       34.01600895833
2       34.01601772500
2       34.01613264583
2       34.01625661667
4       34.01625661667
1       34.01625675417
2       34.01630455417
2       34.01656452500
4       34.01656454583
1       34.01656466667
2       34.01657515417
2       34.01667153333
2       34.01687993750
4       34.01687995833
1       34.01688007500
2       34.01693157083
2       34.01705544583
2       34.01710612500
4       34.01710612500
1       34.01710626250
2       34.01715373333
2       34.01730425417
4       34.01730427083
2       34.01730435833
1       34.01730439167
2       34.01730554167
2       34.01734887917
2       34.01737875833
2       34.01747707917
2       34.01754632500
4       34.01754634583
1       34.01754646667
2       34.01755966250
2       34.01767616667
2       34.01785643333
4       34.01785645417
1       34.01785657500
2       34.01789484583
2       34.01793021250
2       34.01825909583
4       34.01825911667
1       34.01825923750
2       34.01834126667
2       34.01837810417
2       34.01857414167
4       34.01857416250
1       34.01857428333
2       34.01867447917
2       34.01878876250
4       34.01878877917
1       34.01878890000
2       34.01883491667
2       34.01887586667
2       34.01914452917
4       34.01914454583
1       34.01914466667
2       34.01916933750
2       34.01920543333
2       34.01921568333
2       34.01925345833
2       34.01939390000
4       34.01939392083
1       34.01939403750
2       34.01941512917
2       34.01946173750
2       34.01947807500
2       34.01947909167
2       34.01951780417
2       34.01953016250
2       34.01963107083
4       34.01963108750
1       34.01963120833
2       34.01973213333
2       34.02009482083
4       34.02009483750
1       34.02009495833
2       34.02017062500
2       34.02026240000
2       34.02045490417
4       34.02045492083
1       34.02045504167
2       34.02058178333
2       34.02062744167
2       34.02071693750
4       34.02071695833
1       34.02071707500
2       34.02071967083
2       34.02074733333
2       34.02082886250
2       34.02090001667
2       34.02103812500
4       34.02103814583
1       34.02103826667
2       34.02104547083
2       34.02112861667
2       34.02119347500
2       34.02121430833
2       34.02128330833
4       34.02128332917
1       34.02128345000
2       34.02140943333
2       34.02142661250
2       34.02154158333
4       34.02154160417
1       34.02154172500
2       34.02154426250
2       34.02191487500
4       34.02191489583
1       34.02191501667
2       34.02197542500
2       34.02210633333
4       34.02210635417
1       34.02210647500
2       34.02234092083
4       34.02234094167
1       34.02234106250
2       34.02236275000
2       34.02240516667
2       34.02247570417
2       34.02249060000
2       34.02250413750
2       34.02256308750
4       34.02256310833
1       34.02256322917
2       34.02271064167
2       34.02272515833
2       34.02298672917
4       34.02298674583
1       34.02298686667
2       34.02333356250
4       34.02333357917
1       34.02333370000
2       34.02345676250
2       34.02349450833
2       34.02354031250
4       34.02354033333
1       34.02354045000
2       34.02355315000
2       34.02360088750
2       34.02373962917
4       34.02373964583
1       34.02373976667
2       34.02391188333
2       34.02402045417
4       34.02402047500
1       34.02402059167
2       34.02407090417
2       34.02407222917
2       34.02430367917
4       34.02430370000
1       34.02430382083
2       34.02439981250
2       34.02453796250
4       34.02453797917
1       34.02453810000
2       34.02460645417
2       34.02464385000
2       34.02469197917
2       34.02473032917
4       34.02473035000
1       34.02473047083
2       34.02475388333
2       34.02480421667
2       34.02483662083
2       34.02485123750
2       34.02498769583
4       34.02498771667
1       34.02498783750
2       34.02500329167
2       34.02505459583
2       34.02512019583
2       34.02512840417
2       34.02518479583
4       34.02518479583
1       34.02518493333
2       34.02518872917
2       34.02529805417
2       34.02529872917
2       34.02534803333
2       34.02538977083
4       34.02538979167
1       34.02538991250
2       34.02543021250
2       34.02556442083
2       34.02558890417
4       34.02558892083
1       34.02558904167
2       34.02567736250
2       34.02571182917
2       34.02576969583
2       34.02577636667
4       34.02577636667
1       34.02577650417
2       34.02580778750
2       34.02587270833
2       34.02598998333
4       34.02599000000
1       34.02599012083
2       34.02599037500
2       34.02617443333
2       34.02618702917
4       34.02618704583
1       34.02618716667
2       34.02622317083
2       34.02637425000
4       34.02637426667
1       34.02637438750
2       34.02640530000
2       34.02648907917
2       34.02651860833
2       34.02655050000
4       34.02655052083
1       34.02655064167
2       34.02670075000
2       34.02680811250
4       34.02680813333
1       34.02680825000
2       34.02690879583
2       34.02706216667
4       34.02706216667
1       34.02706230417
2       34.02706982083
2       34.02710545833
2       34.02713765833
2       34.02716247083
2       34.02729271250
4       34.02729272917
1       34.02729285000
2       34.02734306250
2       34.02740004583
2       34.02742510417
2       34.02751261667
4       34.02751261667
1       34.02751275417
2       34.02756729167
2       34.02783023333
4       34.02783025417
1       34.02783037500
2       34.02791342083
2       34.02815688333
4       34.02815690417
1       34.02815702083
2       34.02818602083
2       34.02819340833
2       34.02827710833
2       34.02834365417
4       34.02834367500
1       34.02834379583
2       34.02840394583
2       34.02845428333
2       34.02847350000
2       34.02851362083
4       34.02851363750
1       34.02851375833
2       34.02854210833
2       34.02872723750
4       34.02872725833
1       34.02872737500
2       34.02875638750
2       34.02877092917
2       34.02883027500
2       34.02912139583
4       34.02912141667
1       34.02912153750
2       34.02929592500
4       34.02929594583
1       34.02929606667
2       34.02933577917
2       34.02952556250
4       34.02952557917
1       34.02952570000
2       34.02955204583
2       34.02974118333
4       34.02974120417
1       34.02974132500
2       34.02995805833
4       34.02995805833
1       34.02995819583
2       34.03013422917
2       34.03015946250
4       34.03015947917
1       34.03015960000
2       34.03018299583
2       34.03041360417
4       34.03041362500
1       34.03041374583
2       34.03058741250
2       34.03079221250
4       34.03079223333
1       34.03079235000
2       34.03083856250
2       34.03088354583
2       34.03091662917
2       34.03115150417
4       34.03115152500
1       34.03115164167
2       34.03117771667
2       34.03126188333
2       34.03140891667
4       34.03140891667
1       34.03140905417
2       34.03170727500
4       34.03170729583
1       34.03170741667
2       34.03172382083
2       34.03181731250
2       34.03183977917
2       34.03184877500
2       34.03191889583
4       34.03191889583
1       34.03191903333
2       34.03221909583
4       34.03221909583
1       34.03221923333
2       34.03225483333
2       34.03234687500
2       34.03239464583
2       34.03245420833
4       34.03245422500
1       34.03245434583
2       34.03258975833
2       34.03273275000
4       34.03273277083
1       34.03273289167
2       34.03282950833
2       34.03305173750
4       34.03305175833
1       34.03305187917
2       34.03319915833
2       34.03326337083
4       34.03326339167
1       34.03326351250
2       34.03333889167
2       34.03349599583
4       34.03349601667
1       34.03349613750
2       34.03368704167
4       34.03368706250
1       34.03368718333
2       34.03376092500
2       34.03387255000
4       34.03387257083
1       34.03387268750
2       34.03396823333
2       34.03401229167
2       34.03402033750
2       34.03408349583
4       34.03408349583
1       34.03408363333
2       34.03419245833
2       34.03429943333
4       34.03429945000
1       34.03429957083
2       34.03438325417
2       34.03441048750
2       34.03448999583
4       34.03448999583
1       34.03449013333
2       34.03461679583
2       34.03475958750
4       34.03475958750
1       34.03475972500
2       34.03478479167
2       34.03484968333
2       34.03485957083
2       34.03487810000
2       34.03500631250
4       34.03500633333
1       34.03500645417
2       34.03505037917
2       34.03506723750
2       34.03506959583
2       34.03507984583
2       34.03511237083
2       34.03512658750
2       34.03516503333
2       34.03534021250
4       34.03534023333
1       34.03534035417
2       34.03560057083
4       34.03560058750
1       34.03560070833
2       34.03560885417
2       34.03567340417
2       34.03577219583
2       34.03586488750
4       34.03586490833
1       34.03586502917
2       34.03620403750
4       34.03620403750
1       34.03620417500
2       34.03627827500
2       34.03655620417
4       34.03655622500
1       34.03655634583
2       34.03666112083
2       34.03669897083
2       34.03696355000
4       34.03696357083
1       34.03696369167
2       34.03704175833
2       34.03712885417
2       34.03727985417
4       34.03727987500
1       34.03727999583
2       34.03738757500
2       34.03751177917
4       34.03751180000
1       34.03751191667
2       34.03751269583
2       34.03752763333
2       34.03755675833
2       34.03773664167
4       34.03773666250
1       34.03773678333
2       34.03787341667
2       34.03803579583
4       34.03803581667
1       34.03803593333
2       34.03807480000
2       34.03811454583
2       34.03813571250
2       34.03813611667
2       34.03828289167
4       34.03828291250
1       34.03828303333
2       34.03839119167
2       34.03842567083
2       34.03850275000
4       34.03850277083
1       34.03850289167
2       34.03860739167
2       34.03871474583
4       34.03871474583
1       34.03871488333
2       34.03892837083
4       34.03892838750
1       34.03892850833
2       34.03905097083
2       34.03916822500
4       34.03916824583
1       34.03916836667
2       34.03918209167
2       34.03921985417
2       34.03927682917
2       34.03953919583
4       34.03953919583
1       34.03953933333
2       34.03968200000
2       34.04005687500
4       34.04005689583
1       34.04005701250
2       34.04021619167
2       34.04022480000
2       34.04022643750
2       34.04037155417
4       34.04037157500
1       34.04037169167
2       34.04053188333
2       34.04054549583
2       34.04056662500
4       34.04056664583
1       34.04056676667
2       34.04063118333
2       34.04075412500
4       34.04075414167
1       34.04075426250
2       34.04075975417
2       34.04088958750
2       34.04090613750
2       34.04109433333
4       34.04109435417
1       34.04109447083
2       34.04110546250
2       34.04112349583
2       34.04120294583
2       34.04120727500
2       34.04124399167
2       34.04139572917
4       34.04139575000
1       34.04139587083
2       34.04143586667
2       34.04157460000
2       34.04166337500
4       34.04166337500
1       34.04166351250
2       34.04176974167
2       34.04179384583
2       34.04180805000
2       34.04189616667
4       34.04189618750
1       34.04189630417
2       34.04198531667
2       34.04204930417
2       34.04205187500
2       34.04219334583
4       34.04219334583
1       34.04219348333
2       34.04221523333
2       34.04231021250
2       34.04240694167
4       34.04240695833
1       34.04240707917
2       34.04240731667
2       34.04245757083
2       34.04249174167
2       34.04256601667
2       34.04264815000
4       34.04264816667
1       34.04264828750
2       34.04266929583
2       34.04292833750
4       34.04292833750
1       34.04292847500
2       34.04293226667
2       34.04296405833
2       34.04308096667
2       34.04318236250
4       34.04318237917
1       34.04318250000
2       34.04319058750
2       34.04339304583
4       34.04339306667
1       34.04339318750
2       34.04342906667
2       34.04343537917
2       34.04350895417
2       34.04362219583
4       34.04362221667
1       34.04362233750
2       34.04365563333
2       34.04365774167
2       34.04369443333
2       34.04379407083
2       34.04403522083
4       34.04403524167
1       34.04403535833
2       34.04445490417
4       34.04445492500
1       34.04445504583
2       34.04446317500
2       34.04453904167
2       34.04486830000
4       34.04486831667
1       34.04486843750
2       34.04497040000
2       34.04509715833
4       34.04509717500
1       34.04509729583
2       34.04514912500
2       34.04521838750
2       34.04525612917
2       34.04531044583
4       34.04531044583
1       34.04531058333
2       34.04537573333
2       34.04553113750
4       34.04553115833
1       34.04553127917
2       34.04559168750
2       34.04563052917
2       34.04569210833
2       34.04602985000
4       34.04602987083
1       34.04602999167
2       34.04619350833
2       34.04640886667
4       34.04640886667
1       34.04640900417
2       34.04657386667
2       34.04661084583
4       34.04661086667
1       34.04661098750
2       34.04668112917
2       34.04671550000
2       34.04677948333
2       34.04684766667
4       34.04684768750
1       34.04684780833
2       34.04694110000
2       34.04695465000
2       34.04702819167
2       34.04713258750
4       34.04713260833
1       34.04713272917
2       34.04722330833
2       34.04730184583
2       34.04733166667
4       34.04733166667
1       34.04733180417
2       34.04745156250
2       34.04751709583
4       34.04751711667
1       34.04751723750
2       34.04758270833
2       34.04787847917
4       34.04787850000
1       34.04787862083
2       34.04792383333
2       34.04801230000
2       34.04811600833
4       34.04811602917
1       34.04811614583
2       34.04828690000
2       34.04836007500
4       34.04836009583
1       34.04836021667
2       34.04847529167
2       34.04861680833
4       34.04861682500
1       34.04861694583
2       34.04873532500
2       34.04881319167
4       34.04881321250
1       34.04881333333
2       34.04890631667
2       34.04894078333
2       34.04909603750
4       34.04909603750
1       34.04909617500
2       34.04917923750
2       34.04924942500
2       34.04926630833
2       34.04940239583
4       34.04940241667
1       34.04940253750
2       34.04949486667
2       34.04952934583
2       34.04960527500
4       34.04960529583
1       34.04960541667
2       34.04983545417
4       34.04983547083
1       34.04983559167
2       34.04984296667
2       34.04992882500
2       34.04995616667
2       34.05001452500
4       34.05001452500
1       34.05001466250
2       34.05001557917
2       34.05005438333
2       34.05008648750
2       34.05020937083
4       34.05020939167
1       34.05020951250
2       34.05028590417
2       34.05030082083
2       34.05048094167
4       34.05048096250
1       34.05048108333
2       34.05048724167
2       34.05055617083
2       34.05073535000
4       34.05073536667
1       34.05073548750
2       34.05075116667
2       34.05077115417
2       34.05077242500
2       34.05079794167
2       34.05081378333
2       34.05092285000
4       34.05092286667
1       34.05092298750
2       34.05126960833
4       34.05126962500
1       34.05126974583
2       34.05127080833
2       34.05152062500
4       34.05152064583
1       34.05152076667
2       34.05153226667
2       34.05170984167
4       34.05170985833
1       34.05170997917
2       34.05191513750
4       34.05191513750
1       34.05191527500
2       34.05200520833
2       34.05205160417
2       34.05205357083
2       34.05210228750
4       34.05210228750
1       34.05210242500
2       34.05218841250
2       34.05219343333
2       34.05251997083
4       34.05251999167
1       34.05252011250
2       34.05290513333
4       34.05290515000
1       34.05290527083
2       34.05291147083
2       34.05295758750
2       34.05302642917
2       34.05317531250
4       34.05317532917
1       34.05317545000
2       34.05318476250
2       34.05345071667
4       34.05345071667
1       34.05345085417
2       34.05352427500
2       34.05368564167
4       34.05368565833
1       34.05368577917
2       34.05368625417
2       34.05373626250
2       34.05381450000
2       34.05411028333
4       34.05411030417
1       34.05411042500
2       34.05419263333
2       34.05426751667
2       34.05442955000
4       34.05442957083
1       34.05442969167
2       34.05446268333
2       34.05449073750
2       34.05471672917
4       34.05471674583
1       34.05471686667
2       34.05495649167
4       34.05495650833
1       34.05495662917
2       34.05507175000
2       34.05517347917
4       34.05517350000
1       34.05517361667
2       34.05520194167
2       34.05524470000
2       34.05554140833
4       34.05554142917
1       34.05554155000
2       34.05564413333
2       34.05579118333
4       34.05579120000
1       34.05579132083
2       34.05585482083
2       34.05608067500
4       34.05608067500
1       34.05608081250
2       34.05615291250
2       34.05615420833
2       34.05623799583
2       34.05630725000
4       34.05630727083
1       34.05630739167
2       34.05633139583
2       34.05646184583
2       34.05656266667
4       34.05656268750
1       34.05656280833
2       34.05661562083
2       34.05677026250
4       34.05677028333
1       34.05677040417
2       34.05678291667
2       34.05681467500
2       34.05696972917
4       34.05696974583
1       34.05696986667
2       34.05700812083
2       34.05702234583
2       34.05723125833
4       34.05723127917
1       34.05723140000
2       34.05723166667
2       34.05740925417
2       34.05782953750
4       34.05782955833
1       34.05782967917
2       34.05807567083
4       34.05807568750
1       34.05807580833
2       34.05815020833
2       34.05817633333
2       34.05821573750
2       34.05829828333
4       34.05829830000
1       34.05829842083
2       34.05847585417
4       34.05847587500
1       34.05847599167
2       34.05852212083
2       34.05860102917
2       34.05871260000
4       34.05871261667
1       34.05871273750
2       34.05903157500
4       34.05903159583
1       34.05903171667
2       34.05924282917
4       34.05924285000
1       34.05924297083
2       34.05932895417
2       34.05958709583
4       34.05958709583
1       34.05958723333
2       34.05967110000
2       34.05973221250
2       34.05976992917
2       34.05979969167
4       34.05979971250
1       34.05979983333
2       34.05985862917
2       34.05993509583
2       34.06003582917
4       34.06003585000
1       34.06003597083
2       34.06005273333
2       34.06005777500
2       34.06013525417
2       34.06016975417
2       34.06017858750
2       34.06020414167
2       34.06046159167
4       34.06046160833
1       34.06046172917
2       34.06054162083
2       34.06058103750
2       34.06060527083
2       34.06092947500
4       34.06092949583
1       34.06092961667
2       34.06100065833
2       34.06123351667
4       34.06123351667
1       34.06123365417
2       34.06132830417
2       34.06143926667
4       34.06143928750
1       34.06143940417
2       34.06147511250
2       34.06162770417
2       34.06185692917
4       34.06185694583
1       34.06185706667
2       34.06191957500
2       34.06196552917
2       34.06209178333
4       34.06209180417
1       34.06209192500
2       34.06222755000
2       34.06225110417
2       34.06234551667
4       34.06234551667
1       34.06234565417
2       34.06251940000
2       34.06268067917
4       34.06268070000
1       34.06268082083
2       34.06275950000
2       34.06277276667
2       34.06278767500
2       34.06279000833
2       34.06297810417
4       34.06297812500
1       34.06297824583
2       34.06306692500
2       34.06314012917
2       34.06317340417
4       34.06317342083
1       34.06317354167
2       34.06342827917
4       34.06342829583
1       34.06342841667
2       34.06357202083
2       34.06373996250
4       34.06373998333
1       34.06374010000
2       34.06380393750
2       34.06395231250
4       34.06395232917
1       34.06395245000
2       34.06441496667
4       34.06441498750
1       34.06441510833
2       34.06445981667
2       34.06456632083
2       34.06471507500
4       34.06471509583
1       34.06471521667
2       34.06475355000
2       34.06513580833
4       34.06513582500
1       34.06513594583
2       34.06522049583
2       34.06536961250
4       34.06536963333
1       34.06536975000
2       34.06547133750
2       34.06552800833
2       34.06564721250
4       34.06564722917
1       34.06564735000
2       34.06565588333
2       34.06579037083
2       34.06591678333
4       34.06591680000
1       34.06591692083
2       34.06596947083
2       34.06610753750
2       34.06616723750
4       34.06616723750
1       34.06616737500
2       34.06616921250
2       34.06628376250
2       34.06633842083
2       34.06637848333
4       34.06637850000
1       34.06637862083
2       34.06664052083
4       34.06664053750
1       34.06664065833
2       34.06677863333
2       34.06683199583
2       34.06684424167
2       34.06697844583
4       34.06697844583
1       34.06697858333
2       34.06705319167
2       34.06709365000
2       34.06718967917
4       34.06718969583
1       34.06718981667
2       34.06720702083
2       34.06730294167
2       34.06730933750
2       34.06753590000
4       34.06753591667
1       34.06753603750
2       34.06785945417
4       34.06785947500
1       34.06785959167
2       34.06790347917
2       34.06797868750
2       34.06801215000
2       34.06811479167
4       34.06811481250
1       34.06811493333
2       34.06823142500
2       34.06833446667
4       34.06833446667
1       34.06833460417
2       34.06840931667
2       34.06856997917
4       34.06857000000
1       34.06857012083
2       34.06865368333
2       34.06877793333
4       34.06877795000
1       34.06877807083
2       34.06879915417
2       34.06889820833
2       34.06897536250
2       34.06901672083
4       34.06901673750
1       34.06901685833
2       34.06906380417
2       34.06910088333
2       34.06914924583
2       34.06919494583
2       34.06945295833
4       34.06945295833
1       34.06945309583
2       34.06953279583
2       34.06962055417
4       34.06962057500
1       34.06962069583
2       34.06970038750
2       34.07014762917
4       34.07014764583
1       34.07014776667
2       34.07014790000
2       34.07042255833
4       34.07042255833
1       34.07042269583
2       34.07043577500
2       34.07049573750
2       34.07071467083
4       34.07071469167
1       34.07071481250
2       34.07078587500
2       34.07099450000
4       34.07099452083
1       34.07099464167
2       34.07102595833
2       34.07108890000
2       34.07113563750
2       34.07118131250
2       34.07141523333
4       34.07141525000
1       34.07141537083
2       34.07144960833
2       34.07168751667
4       34.07168753750
1       34.07168765833
2       34.07170635000
2       34.07176733333
2       34.07183979583
2       34.07193652500
4       34.07193654583
1       34.07193666667
2       34.07205678750
2       34.07207463333
2       34.07234034167
4       34.07234036250
1       34.07234048333
2       34.07235819167
2       34.07241447500
2       34.07245060417
2       34.07249302917
2       34.07252543750
4       34.07252543750
1       34.07252557500
2       34.07256159583
2       34.07262049167
2       34.07270591250
4       34.07270592917
1       34.07270605000
2       34.07287855417
2       34.07303318750
4       34.07303320833
1       34.07303332917
2       34.07319053333
2       34.07319717083
2       34.07320054583
2       34.07342106667
4       34.07342108750
1       34.07342120417
2       34.07349063333
2       34.07351950833
2       34.07352281667
2       34.07360160833
2       34.07366842917
4       34.07366845000
1       34.07366857083
2       34.07369565833
2       34.07377978750
2       34.07392451250
4       34.07392453333
1       34.07392465417
2       34.07404479167
2       34.07404805833
2       34.07417430417
4       34.07417432083
1       34.07417444167
2       34.07433953750
2       34.07443232500
4       34.07443232500
1       34.07443246250
2       34.07465690833
4       34.07465692500
1       34.07465704583
2       34.07480561250
2       34.07501129167
4       34.07501131250
1       34.07501143333
2       34.07502158333
2       34.07520801250
4       34.07520802917
1       34.07520815000
2       34.07529805833
2       34.07537599167
2       34.07560847917
4       34.07560849583
1       34.07560861667
2       34.07563598333
2       34.07565193750
2       34.07570324583
2       34.07577287083
2       34.07593621667
4       34.07593621667
1       34.07593635417
2       34.07616665833
4       34.07616667917
1       34.07616680000
2       34.07626299167
2       34.07630017917
2       34.07640542083
4       34.07640544167
1       34.07640556250
2       34.07686052083
4       34.07686054167
1       34.07686065833
2       34.07692810417
2       34.07698352500
2       34.07703647083
2       34.07714371667
4       34.07714373750
1       34.07714385833
2       34.07749287083
4       34.07749289167
1       34.07749301250
2       34.07763027917
2       34.07780684583
4       34.07780684583
1       34.07780698333
2       34.07790790000
2       34.07793864583
2       34.07800356250
4       34.07800358333
1       34.07800370417
2       34.07804274167
2       34.07807520417
2       34.07818679167
2       34.07826791667
4       34.07826793750
1       34.07826805833
2       34.07832653750
2       34.07841739167
2       34.07855781250
4       34.07855782917
1       34.07855795000
2       34.07857232083
2       34.07866741667
2       34.07871032083
2       34.07871866250
2       34.07874061250
4       34.07874063333
1       34.07874075000
2       34.07882674583
2       34.07891377083
4       34.07891379167
1       34.07891391250
2       34.07895103333
2       34.07902707917
2       34.07918614167
4       34.07918616250
1       34.07918627917
2       34.07924770000
2       34.07935037917
2       34.07938620833
4       34.07938622500
1       34.07938634583
2       34.07958321250
2       34.07962887500
4       34.07962889583
1       34.07962901250
2       34.07964649167
2       34.07978594583
2       34.07993204583
4       34.07993204583
1       34.07993218333
2       34.07998559167
2       34.08001347083
2       34.08011425000
4       34.08011426667
1       34.08011438750
2       34.08027085000
2       34.08031953333
2       34.08033795833
4       34.08033797500
1       34.08033809583
2       34.08058551250
4       34.08058552917
1       34.08058565000
2       34.08064050000
2       34.08072395833
2       34.08073652917
2       34.08103140000
4       34.08103141667
1       34.08103153750
2       34.08115618333
2       34.08127811667
4       34.08127811667
1       34.08127825417
2       34.08135167083
2       34.08144173333
2       34.08144607083
2       34.08154614167
4       34.08154615833
1       34.08154627917
2       34.08156795417
2       34.08170018750
2       34.08179815000
4       34.08179816667
1       34.08179828750
2       34.08193661667
2       34.08206012917
4       34.08206014583
1       34.08206026667
2       34.08218793750
2       34.08219825000
2       34.08236989167
4       34.08236990833
1       34.08237002917
2       34.08238110417
2       34.08252979583
2       34.08267559583
4       34.08267561667
1       34.08267573750
2       34.08285713750
2       34.08286277500
2       34.08316942500
4       34.08316944583
1       34.08316956250
2       34.08354371667
4       34.08354373750
1       34.08354385833
2       34.08363184583
2       34.08387035000
4       34.08387036667
1       34.08387048750
2       34.08390910000
2       34.08392029583
2       34.08406110417
2       34.08423869583
4       34.08423869583
1       34.08423883333
2       34.08430456250
2       34.08440957500
2       34.08463576250
4       34.08463577917
1       34.08463590000
2       34.08467387500
2       34.08470569583
2       34.08473953750
2       34.08477883750
2       34.08482690417
4       34.08482692500
1       34.08482704583
2       34.08487922500
2       34.08529820833
4       34.08529822500
1       34.08529834583
2       34.08535129167
2       34.08549096667
4       34.08549098750
1       34.08549110833
2       34.08559236250
2       34.08559865417
2       34.08567179583
2       34.08584139167
4       34.08584140833
1       34.08584152917
2       34.08614848333
4       34.08614850417
1       34.08614862500
2       34.08614977917
2       34.08626111667
2       34.08637205833
4       34.08637207500
1       34.08637219583
2       34.08667522500
4       34.08667524583
1       34.08667536667
2       34.08675895417
2       34.08683598333
2       34.08709182500
4       34.08709182500
1       34.08709196250
2       34.08709344167
2       34.08713750000
2       34.08728896250
4       34.08728897917
1       34.08728910000
2       34.08749000833
4       34.08749002500
1       34.08749014583
2       34.08753671667
2       34.08756057917
2       34.08790098333
4       34.08790100417
1       34.08790112500
2       34.08803541667
2       34.08823919167
4       34.08823920833
1       34.08823932917
2       34.08827136250
2       34.08827660417
2       34.08839378750
2       34.08845889167
4       34.08845891250
1       34.08845903333
2       34.08849326667
2       34.08857703750
2       34.08863572083
2       34.08907981250
4       34.08907983333
1       34.08907995417
2       34.08912327917
2       34.08932363750
4       34.08932365833
1       34.08932377917
2       34.08933457083
2       34.08949084583
2       34.08951209583
2       34.08958072083
4       34.08958073750
1       34.08958085833
2       34.08962804583
2       34.08981580833
4       34.08981582917
1       34.08981595000
2       34.08998876250
2       34.08999901667
2       34.09009702917
4       34.09009705000
1       34.09009717083
2       34.09051574583
4       34.09051576667
1       34.09051588750
2       34.09060884167
2       34.09062996667
2       34.09063627500
2       34.09083176667
4       34.09083178750
1       34.09083190417
2       34.09087507917
2       34.09103240417
4       34.09103242083
1       34.09103254167
2       34.09124714167
4       34.09124716250
1       34.09124728333
2       34.09139147500
2       34.09148354583
4       34.09148354583
1       34.09148368333
2       34.09148855833
2       34.09148948750
2       34.09152955000
2       34.09156641250
2       34.09161139583
2       34.09172898750
4       34.09172898750
1       34.09172912500
2       34.09172967500
2       34.09187214583
2       34.09190751250
2       34.09192244167
4       34.09192245833
1       34.09192257917
2       34.09195089167
2       34.09198408333
2       34.09215927917
4       34.09215930000
1       34.09215942083
2       34.09232253333
2       34.09241729583
4       34.09241731667
1       34.09241743750
2       34.09246064583
2       34.09249060417
2       34.09253487500
2       34.09254553750
2       34.09264981667
4       34.09264981667
1       34.09264995417
2       34.09269981250
2       34.09284023750
4       34.09284025833
1       34.09284037917
2       34.09285517500
2       34.09292905000
2       34.09368984167
4       34.09368985833
1       34.09368997917
2       34.09373623750
2       34.09376605417
2       34.09390717917
4       34.09390720000
1       34.09390732083
2       34.09391284167
2       34.09407608750
4       34.09407610833
1       34.09407622917
2       34.09414927083
2       34.09441789167
4       34.09441790833
1       34.09441802917
2       34.09456366250
2       34.09462955833
4       34.09462957500
1       34.09462969583
2       34.09472005833
2       34.09481239167
2       34.09497240000
4       34.09497241667
1       34.09497253750
2       34.09544939167
4       34.09544940833
1       34.09544952917
2       34.09548450833
2       34.09551487500
2       34.09572958750
4       34.09572958750
1       34.09572972500
2       34.09575476667
2       34.09581695417
2       34.09585917083
2       34.09587527083
2       34.09589650417
2       34.09649799167
4       34.09649801250
1       34.09649813333
2       34.09655299167
2       34.09655890000
2       34.09680035000
4       34.09680037083
1       34.09680049167
2       34.09693993333
2       34.09709253750
4       34.09709255833
1       34.09709267500
2       34.09711249583
2       34.09716938333
2       34.09727972917
2       34.09731879583
4       34.09731881667
1       34.09731893333
2       34.09733173750
2       34.09738240000
2       34.09739990833
2       34.09742507083
2       34.09759335417
4       34.09759337500
1       34.09759349583
2       34.09772327917
2       34.09805478750
4       34.09805480833
1       34.09805492500
2       34.09810547917
2       34.09818099167
2       34.09829555833
4       34.09829557500
1       34.09829569583
2       34.09835720833
2       34.09838367083
2       34.09858702500
4       34.09858702500
1       34.09858716250
2       34.09887722917
4       34.09887724583
1       34.09887736667
2       34.09898959167
2       34.09903625000
2       34.09927144167
4       34.09927146250
1       34.09927158333
2       34.09927706667
2       34.09929586250
2       34.09940824167
2       34.09943861250
2       34.09963207917
4       34.09963210000
1       34.09963221667
2       34.09971549167
2       34.09976156667
2       34.09979499583
2       34.09992321250
4       34.09992323333
1       34.09992335417
2       34.10026375417
4       34.10026377500
1       34.10026389583
2       34.10027762917
2       34.10045453750
4       34.10045455833
1       34.10045467917
2       34.10051675833
2       34.10057408750
2       34.10061746250
2       34.10088179583
4       34.10088181667
1       34.10088193750
2       34.10092851250
2       34.10097325417
2       34.10113352500
4       34.10113354583
1       34.10113366667
2       34.10147505833
4       34.10147507500
1       34.10147519583
2       34.10148633333
2       34.10189932917
4       34.10189935000
1       34.10189947083
2       34.10197789167
2       34.10207285417
2       34.10212518333
4       34.10212520000
1       34.10212532083
2       34.10237064167
4       34.10237066250
1       34.10237078333
2       34.10245022083
2       34.10250711667
2       34.10279402083
4       34.10279404167
1       34.10279416250
2       34.10314902083
4       34.10314903750
1       34.10314915833
2       34.10327060833
2       34.10333624583
2       34.10337263750
4       34.10337263750
1       34.10337277500
2       34.10344716250
2       34.10348142917
2       34.10348826250
2       34.10354887500
2       34.10355345417
2       34.10362042917
4       34.10362045000
1       34.10362057083
2       34.10366077083
2       34.10367965417
2       34.10377674583
2       34.10383504583
4       34.10383504583
1       34.10383518333
2       34.10397546667
2       34.10400398750
2       34.10417020000
4       34.10417021667
1       34.10417033750
2       34.10419571667
2       34.10446202500
4       34.10446202500
1       34.10446216250
2       34.10464659167
2       34.10465111250
2       34.10465512917
2       34.10501549583
4       34.10501549583
1       34.10501563333
2       34.10503464167
2       34.10519381250
2       34.10529438333
4       34.10529440417
1       34.10529452083
2       34.10533214583
2       34.10542396250
2       34.10568429167
4       34.10568431250
1       34.10568443333
2       34.10570808750
2       34.10576580833
2       34.10584587917
2       34.10585285833
2       34.10588165833
2       34.10599924583
4       34.10599924583
1       34.10599938333
2       34.10603696250
2       34.10613977083
2       34.10616717500
2       34.10622847083
4       34.10622849167
1       34.10622861250
2       34.10623312083
2       34.10633479583
2       34.10646710417
4       34.10646712500
1       34.10646724167
2       34.10676702917
4       34.10676705000
1       34.10676716667
2       34.10686711250
2       34.10701115833
4       34.10701117500
1       34.10701129583
2       34.10713210417
2       34.10726064583
4       34.10726066667
1       34.10726078333
2       34.10732715000
2       34.10736257917
2       34.10746030000
4       34.10746031667
1       34.10746043750
2       34.10747748333
2       34.10761430000
2       34.10772127083
4       34.10772128750
1       34.10772140833
2       34.10782828333
2       34.10786602083
2       34.10788062083
2       34.10811977917
4       34.10811979583
1       34.10811991667
2       34.10841162083
4       34.10841164167
1       34.10841176250
2       34.10848118750
2       34.10860390833
2       34.10863218750
4       34.10863220833
1       34.10863232917
2       34.10866900833
2       34.10876796250
2       34.10886696250
4       34.10886697917
1       34.10886710000
2       34.10923998333
4       34.10924000000
1       34.10924012083
2       34.10933671250
2       34.10938908750
2       34.10940757083
2       34.10957749583
4       34.10957749583
1       34.10957763333
2       34.10967229167
2       34.10968090417
2       34.10985205833
4       34.10985207917
1       34.10985219583
2       34.11001072083
2       34.11008165000
4       34.11008166667
1       34.11008178750
2       34.11033455000
4       34.11033456667
1       34.11033468750
2       34.11034529167
2       34.11035624167
2       34.11038140000
2       34.11041646667
2       34.11045857500
2       34.11060700417
4       34.11060702083
1       34.11060714167
2       34.11068046250
2       34.11071562500
2       34.11072323750
2       34.11090046667
4       34.11090048750
1       34.11090060833
2       34.11106301667
2       34.11121145000
4       34.11121147083
1       34.11121159167
2       34.11128063750
2       34.11140257083
2       34.11145954167
4       34.11145956250
1       34.11145968333
2       34.11151254167
2       34.11154068750
2       34.11155290417
2       34.11180602500
4       34.11180604583
1       34.11180616667
2       34.11182818333
2       34.11195241667
2       34.11203750417
4       34.11203752083
1       34.11203764167
2       34.11204812083
2       34.11226475000
4       34.11226477083
1       34.11226489167
2       34.11228199167
2       34.11231085000
2       34.11257873750
4       34.11257873750
1       34.11257887500
2       34.11273485000
2       34.11274771250
2       34.11286427083
4       34.11286428750
1       34.11286440833
2       34.11301234167
2       34.11338695833
4       34.11338697500
1       34.11338709583
2       34.11348963750
2       34.11353369167
2       34.11364835000
4       34.11364836667
1       34.11364848750
2       34.11366515000
2       34.11371782917
2       34.11411070417
4       34.11411072083
1       34.11411084167
2       34.11417490417
2       34.11423388333
2       34.11447269167
4       34.11447270833
1       34.11447282917
2       34.11482023333
4       34.11482025417
1       34.11482037500
2       34.11503280833
4       34.11503282917
1       34.11503295000
2       34.11504139167
2       34.11519178333
2       34.11529552917
4       34.11529555000
1       34.11529567083
2       34.11532591667
2       34.11541435833
2       34.11558895833
4       34.11558897500
1       34.11558909583
2       34.11592023750
4       34.11592025833
1       34.11592037917
2       34.11592841250
2       34.11613946667
4       34.11613946667
1       34.11613960417
2       34.11620274167
2       34.11635310833
4       34.11635310833
1       34.11635324583
2       34.11658899167
4       34.11658901250
1       34.11658913333
2       34.11671350833
2       34.11676582917
2       34.11687017083
4       34.11687019167
1       34.11687031250
2       34.11698340000
2       34.11718782500
4       34.11718782500
1       34.11718796250
2       34.11741402917
4       34.11741405000
1       34.11741417083
2       34.11745342500
2       34.11747398333
2       34.11763035000
4       34.11763037083
1       34.11763049167
2       34.11769851667
2       34.11774454167
2       34.11780547917
2       34.11804541250
4       34.11804542917
1       34.11804555000
2       34.11821885833
4       34.11821887917
1       34.11821900000
2       34.11834638750
2       34.11842195833
4       34.11842197917
1       34.11842209583
2       34.11864053750
4       34.11864053750
1       34.11864067500
2       34.11889388750
4       34.11889388750
1       34.11889402500
2       34.11891271667
2       34.11891320417
2       34.11891710833
2       34.11905192500
2       34.11907966667
2       34.11913504167
4       34.11913506250
1       34.11913518333
2       34.11915627500
2       34.11923575833
2       34.11926485833
2       34.11938044583
4       34.11938044583
1       34.11938058333
2       34.11944539583
2       34.11944608750
2       34.11945402917
2       34.11947883750
2       34.11950634583
2       34.11950968750
2       34.11961927917
4       34.11961930000
1       34.11961942083
2       34.12000978750
4       34.12000978750
1       34.12000992500
2       34.12002117500
2       34.12014163333
2       34.12014232500
2       34.12026119167
4       34.12026120833
1       34.12026132917
2       34.12035531667
2       34.12035991667
2       34.12056328333
4       34.12056330000
1       34.12056342083
2       34.12060081250
2       34.12064414167
2       34.12076040417
2       34.12083527500
4       34.12083527500
1       34.12083541250
2       34.12084053750
2       34.12094558750
2       34.12095813333
2       34.12105449583
4       34.12105451667
1       34.12105463333
2       34.12108633333
2       34.12113595000
2       34.12114070000
2       34.12122382083
2       34.12136252917
4       34.12136255000
1       34.12136267083
2       34.12136987500
2       34.12153749167
2       34.12157650833
4       34.12157652917
1       34.12157665000
2       34.12165375000
2       34.12170342500
2       34.12172825833
2       34.12180703333
4       34.12180705000
1       34.12180717083
2       34.12180745833
2       34.12187696667
2       34.12189315833
2       34.12207008750
4       34.12207008750
1       34.12207022500
2       34.12217841667
2       34.12222507083
2       34.12238801250
4       34.12238803333
1       34.12238815417
2       34.12240922500
2       34.12257784167
4       34.12257786250
1       34.12257798333
2       34.12260825000
2       34.12264407500
2       34.12279709167
4       34.12279710833
1       34.12279722917
2       34.12284148333
2       34.12295639583
2       34.12301300000
4       34.12301302083
1       34.12301314167
2       34.12311345417
2       34.12311839167
2       34.12323172917
4       34.12323175000
1       34.12323187083
2       34.12328563750
2       34.12337977083
2       34.12341656667
4       34.12341656667
1       34.12341670417
2       34.12342677500
2       34.12349331667
2       34.12362547500
4       34.12362547500
1       34.12362561250
2       34.12376429583
2       34.12395834167
4       34.12395835833
1       34.12395847917
2       34.12409947083
2       34.12411410417
2       34.12416240833
4       34.12416242500
1       34.12416254583
2       34.12437242500
4       34.12437244583
1       34.12437256667
2       34.12460199583
4       34.12460199583
1       34.12460213333
2       34.12465002083
2       34.12468681250
2       34.12469438333
2       34.12474104583
2       34.12489011250
4       34.12489013333
1       34.12489025417
2       34.12490335417
2       34.12495536250
2       34.12526178333
4       34.12526180000
1       34.12526192083
2       34.12542742917
2       34.12555919583
4       34.12555919583
1       34.12555933333
2       34.12564148333
2       34.12581892083
4       34.12581894167
1       34.12581906250
2       34.12613098750
4       34.12613100833
1       34.12613112500
2       34.12633596250
4       34.12633598333
1       34.12633610417
2       34.12634299583
2       34.12636439167
2       34.12649632083
2       34.12664362500
4       34.12664364583
1       34.12664376250
2       34.12671655000
2       34.12673707500
2       34.12704440833
4       34.12704442917
1       34.12704455000
2       34.12716937917
2       34.12735243333
4       34.12735245417
1       34.12735257500
2       34.12769764167
4       34.12769765833
1       34.12769777917
2       34.12778038333
2       34.12785787083
2       34.12787314583
2       34.12789072917
2       34.12795772500
4       34.12795774583
1       34.12795786250
2       34.12814928333
2       34.12823783750
4       34.12823783750
1       34.12823797500
2       34.12846042083
4       34.12846044167
1       34.12846056250
2       34.12846206667
2       34.12848725000
2       34.12851577083
2       34.12862566667
2       34.12897146667
4       34.12897148750
1       34.12897160833
2       34.12918092500
4       34.12918094167
1       34.12918106250
2       34.12919605833
2       34.12923681667
2       34.12931167083
2       34.12938090000
2       34.12960980000
4       34.12960981667
1       34.12960993750
2       34.12988238750
4       34.12988238750
1       34.12988252500
2       34.13000197500
2       34.13002946250
2       34.13026360833
4       34.13026362917
1       34.13026375000
2       34.13053224167
4       34.13053225833
1       34.13053237917
2       34.13105828750
4       34.13105828750
1       34.13105842500
2       34.13135201667
4       34.13135203750
1       34.13135215833
2       34.13160582917
4       34.13160585000
1       34.13160597083
2       34.13179886250
4       34.13179888333
1       34.13179900417
2       34.13197272917
2       34.13218812917
4       34.13218814583
1       34.13218826667
2       34.13224601667
2       34.13231059167
2       34.13242792917
4       34.13242795000
1       34.13242807083
2       34.13246855000
2       34.13247822083
2       34.13263585417
2       34.13284943333
4       34.13284945417
1       34.13284957500
2       34.13285648750
2       34.13290846667
2       34.13297767917
2       34.13308067500
4       34.13308069583
1       34.13308081667
2       34.13309488333
2       34.13312044167
2       34.13323138750
2       34.13336949583
4       34.13336949583
1       34.13336963333
2       34.13336983333
2       34.13344740417
2       34.13370769583
4       34.13370769583
1       34.13370783333
2       34.13384383750
2       34.13405648750
4       34.13405650833
1       34.13405662917
2       34.13409555833
2       34.13417936250
2       34.13429335000
4       34.13429336667
1       34.13429348750
2       34.13437051250
2       34.13438110417
2       34.13443110000
2       34.13452255000
4       34.13452257083
1       34.13452269167
2       34.13453179167
2       34.13457620417
2       34.13465334167
2       34.13479448333
4       34.13479450417
1       34.13479462500
2       34.13481900417
2       34.13503794167
4       34.13503796250
1       34.13503807917
2       34.13510117083
2       34.13513361250
2       34.13513767917
2       34.13513794167
2       34.13537512917
4       34.13537515000
1       34.13537526667
2       34.13550097500
2       34.13556488333
4       34.13556490000
1       34.13556502083
2       34.13564238750
2       34.13571724167
2       34.13573951250
4       34.13573953333
1       34.13573965417
2       34.13585373333
2       34.13587398333
2       34.13590580417
2       34.13594510833
4       34.13594512917
1       34.13594525000
2       34.13617971250
4       34.13617972917
1       34.13617985000
2       34.13633136250
2       34.13642644583
4       34.13642646667
1       34.13642658333
2       34.13652050000
2       34.13658747083
2       34.13659568750
2       34.13660172917
2       34.13669177083
4       34.13669178750
1       34.13669190833
2       34.13674235833
2       34.13687258750
2       34.13706136667
4       34.13706136667
1       34.13706150417
2       34.13711010417
2       34.13718760417
2       34.13721582083
2       34.13729822083
4       34.13729824167
1       34.13729836250
2       34.13730482917
2       34.13730559167
2       34.13732244167
2       34.13741774583
2       34.13754398333
4       34.13754400000
1       34.13754412083
2       34.13761124167
2       34.13761985833
2       34.13775165833
4       34.13775167917
1       34.13775180000
2       34.13780795000
2       34.13780864167
2       34.13792951667
2       34.13806633333
4       34.13806635417
1       34.13806647500
2       34.13815287500
2       34.13829130833
4       34.13829132500
1       34.13829144583
2       34.13858042500
4       34.13858044583
1       34.13858056667
2       34.13859336250
2       34.13867248750
2       34.13867481250
2       34.13871188333
2       34.13873445000
2       34.13877789167
4       34.13877791250
1       34.13877803333
2       34.13887387500
2       34.13900904583
4       34.13900906667
1       34.13900918750
2       34.13925746250
4       34.13925747917
1       34.13925760000
2       34.13926965833
2       34.13941278333
2       34.13942207500
2       34.13942498333
2       34.13949795417
4       34.13949797500
1       34.13949809583
2       34.13977614167
4       34.13977616250
1       34.13977628333
2       34.13978580417
2       34.13980401250
2       34.14025599583
4       34.14025599583
1       34.14025613333
2       34.14027065000
2       34.14029486250
2       34.14033953750
2       34.14036037500
2       34.14040548750
2       34.14041307917
2       34.14042307083
2       34.14068294167
4       34.14068296250
1       34.14068308333
2       34.14078770833
2       34.14079892500
2       34.14083828333
2       34.14092509583
4       34.14092509583
1       34.14092523333
2       34.14096023750
2       34.14117944167
4       34.14117945833
1       34.14117957917
2       34.14119111250
2       34.14119812083
2       34.14133491667
2       34.14166314583
4       34.14166316667
1       34.14166328333
2       34.14167566667
2       34.14170682083
2       34.14187247083
2       34.14230702917
4       34.14230705000
1       34.14230716667
2       34.14239282083
2       34.14264188333
4       34.14264190000
1       34.14264202083
2       34.14268067083
2       34.14269360000
2       34.14272833750
2       34.14286551667
4       34.14286551667
1       34.14286565417
2       34.14321925833
4       34.14321927917
1       34.14321940000
2       34.14322891250
2       34.14329777083
2       34.14350776250
4       34.14350777917
1       34.14350790000
2       34.14370518333
2       34.14384423750
4       34.14384425833
1       34.14384437917
2       34.14399295000
2       34.14403844167
4       34.14403846250
1       34.14403858333
2       34.14415331667
2       34.14458055417
4       34.14458057083
1       34.14458069167
2       34.14461142083
2       34.14487368750
4       34.14487370833
1       34.14487382917
2       34.14495660417
2       34.14499139583
2       34.14512577083
4       34.14512578750
1       34.14512590833
2       34.14534476250
4       34.14534478333
1       34.14534490000
2       34.14537120000
2       34.14591907500
4       34.14591909583
1       34.14591921667
2       34.14599028750
2       34.14601707917
2       34.14618241250
4       34.14618242917
1       34.14618255000
2       34.14618503333
2       34.14627908750
2       34.14629306667
2       34.14652885000
4       34.14652886667
1       34.14652898750
2       34.14654806250
2       34.14661366667
2       34.14670110000
2       34.14675736667
4       34.14675738750
1       34.14675750833
2       34.14681242917
2       34.14686380833
2       34.14711646667
4       34.14711646667
1       34.14711660417
2       34.14717869167
2       34.14718927917
2       34.14732384167
4       34.14732386250
1       34.14732398333
2       34.14764043750
4       34.14764043750
1       34.14764057500
2       34.14771596667
2       34.14807110833
4       34.14807112917
1       34.14807125000
2       34.14808294167
2       34.14808759583
2       34.14819759583
2       34.14820251250
2       34.14823863333
2       34.14826941250
4       34.14826943333
1       34.14826955000
2       34.14837045417
2       34.14840066667
2       34.14861986250
4       34.14861988333
1       34.14862000417
2       34.14863243750
2       34.14875411250
2       34.14883417083
2       34.14883891667
4       34.14883893750
1       34.14883905417
2       34.14886207917
2       34.14887385417
2       34.14888685833
2       34.14891835000
2       34.14895083750
2       34.14898467500
2       34.14901660000
4       34.14901662083
1       34.14901674167
2       34.14909849583
2       34.14914989167
2       34.14926016667
4       34.14926018750
1       34.14926030833
2       34.14939430000
2       34.14949266667
4       34.14949268750
1       34.14949280417
2       34.14995905417
4       34.14995907500
1       34.14995919167
2       34.15020382917
4       34.15020384583
1       34.15020396667
2       34.15053839167
4       34.15053841250
1       34.15053852917
2       34.15062941667
2       34.15066952917
2       34.15093987083
4       34.15093988750
1       34.15094000833
2       34.15095001667
2       34.15108255000
2       34.15113499583
4       34.15113499583
1       34.15113513333
2       34.15132834167
2       34.15136513750
4       34.15136515833
1       34.15136527917
2       34.15144360417
2       34.15149267083
2       34.15178704583
4       34.15178706667
1       34.15178718750
2       34.15190299583
2       34.15191299167
2       34.15201862917
4       34.15201865000
1       34.15201877083
2       34.15202327083
2       34.15208286667
2       34.15212887917
2       34.15216804167
2       34.15259062917
4       34.15259064583
1       34.15259076667
2       34.15284202500
4       34.15284202500
1       34.15284216250
2       34.15300203333
2       34.15303980417
2       34.15316921250
4       34.15316922917
1       34.15316935000
2       34.15320305417
2       34.15326960417
2       34.15388498750
4       34.15388500833
1       34.15388512917
2       34.15397447917
2       34.15398577500
2       34.15399903333
2       34.15402261667
2       34.15413717083
4       34.15413718750
1       34.15413730833
2       34.15418750417
2       34.15441673750
4       34.15441675833
1       34.15441687917
2       34.15446248750
2       34.15466706250
4       34.15466708333
1       34.15466720417
2       34.15478003750
2       34.15499470417
4       34.15499472083
1       34.15499484167
2       34.15514272500
2       34.15565451667
4       34.15565451667
1       34.15565465417
2       34.15568498333
2       34.15577276250
2       34.15590656250
4       34.15590657917
1       34.15590670000
2       34.15639475000
4       34.15639476667
1       34.15639488750
2       34.15658587917
4       34.15658590000
1       34.15658602083
2       34.15660317500
2       34.15680952083
4       34.15680953750
1       34.15680965833
2       34.15681641667
2       34.15682538333
2       34.15699297083
4       34.15699298750
1       34.15699310833
2       34.15699961250
2       34.15705064583
2       34.15710132917
2       34.15733312500
4       34.15733314583
1       34.15733326667
2       34.15733422083
2       34.15739539167
2       34.15740235417
2       34.15748980417
2       34.15755115000
4       34.15755117083
1       34.15755129167
2       34.15775806667
4       34.15775808750
1       34.15775820833
2       34.15790053750
2       34.15809861250
4       34.15809863333
1       34.15809875417
2       34.15817317083
2       34.15848518750
4       34.15848520833
1       34.15848532917
2       34.15855536667
2       34.15862795000
2       34.15877631250
4       34.15877633333
1       34.15877645000
2       34.15912242917
4       34.15912245000
1       34.15912257083
2       34.15914100000
2       34.15920986250
2       34.15922544583
2       34.15922647500
2       34.15940600000
4       34.15940602083
1       34.15940614167
2       34.15946320000
2       34.15949813333
2       34.15954935833
2       34.15957920417
2       34.15958715000
4       34.15958717083
1       34.15958729167
2       34.15961893750
2       34.15971098333
2       34.15973419583
2       34.15999720833
4       34.15999722917
1       34.15999735000
2       34.16003865833
2       34.16031551667
4       34.16031551667
1       34.16031565417
2       34.16034466667
2       34.16063720000
4       34.16063722083
1       34.16063734167
2       34.16066002083
2       34.16097505833
4       34.16097507500
1       34.16097519583
2       34.16114992083
4       34.16114994167
1       34.16115006250
2       34.16123100000
2       34.16129367083
2       34.16139494583
4       34.16139496667
1       34.16139508750
2       34.16146390833
2       34.16176230417
4       34.16176232083
1       34.16176244167
2       34.16182364167
2       34.16204150833
4       34.16204152500
1       34.16204164583
2       34.16205245417
2       34.16209721667
2       34.16214089167
2       34.16224218750
2       34.16245098750
4       34.16245100833
1       34.16245112917
2       34.16249862083
2       34.16253213750
2       34.16256387083
2       34.16261887500
2       34.16267248333
4       34.16267250000
1       34.16267262083
2       34.16276000417
2       34.16289114583
4       34.16289116667
1       34.16289128750
2       34.16296629583
2       34.16324478750
4       34.16324480833
1       34.16324492917
2       34.16332208750
2       34.16336240417
2       34.16346450833
4       34.16346452917
1       34.16346465000
2       34.16350985000
2       34.16356606667
2       34.16358468750
2       34.16371322083
4       34.16371324167
1       34.16371336250
2       34.16380097083
2       34.16384011250
2       34.16404515833
4       34.16404517500
1       34.16404529583
2       34.16406334583
2       34.16407520417
2       34.16410574583
2       34.16422008750
2       34.16425412500
4       34.16425414583
1       34.16425426667
2       34.16443639167
4       34.16443640833
1       34.16443652917
2       34.16447403750
2       34.16447433750
2       34.16480427083
4       34.16480429167
1       34.16480441250
2       34.16484611667
2       34.16488515417
2       34.16491362500
2       34.16497757917
2       34.16497982500
2       34.16525010417
4       34.16525012083
1       34.16525024167
2       34.16529456250
2       34.16540880833
2       34.16550252083
4       34.16550254167
1       34.16550265833
2       34.16564960833
2       34.16565682917
2       34.16577285417
4       34.16577287083
1       34.16577299167
2       34.16611365417
4       34.16611367500
1       34.16611379583
2       34.16612093333
2       34.16636869167
4       34.16636870833
1       34.16636882917
2       34.16641630833
2       34.16646866667
2       34.16647404167
2       34.16668075000
4       34.16668077083
1       34.16668089167
2       34.16691025417
4       34.16691027500
1       34.16691039583
2       34.16692610833
2       34.16703484583
2       34.16720971667
4       34.16720971667
1       34.16720985417
2       34.16741307500
4       34.16741309583
1       34.16741321250
2       34.16754284583
2       34.16757900000
2       34.16782512500
4       34.16782514583
1       34.16782526667
2       34.16787908750
2       34.16794797083
2       34.16816158750
4       34.16816160833
1       34.16816172917
2       34.16823746667
2       34.16826859167
2       34.16833944167
2       34.16847531667
4       34.16847533750
1       34.16847545833
2       34.16865287917
2       34.16870781667
4       34.16870783750
1       34.16870795833
2       34.16870910417
2       34.16878763750
2       34.16899997500
4       34.16899999583
1       34.16900011667
2       34.16917220417
2       34.16917446667
2       34.16922422917
4       34.16922424583
1       34.16922436667
2       34.16934405417
2       34.16946000417
4       34.16946002083
1       34.16946014167
2       34.16953553750
2       34.16969450417
4       34.16969452083
1       34.16969464167
2       34.17005521250
4       34.17005523333
1       34.17005535000
2       34.17010627917
2       34.17010860000
2       34.17038882917
4       34.17038884583
1       34.17038896667
2       34.17061925417
4       34.17061927500
1       34.17061939167
2       34.17063612500
2       34.17354008750
4       34.17354010833
1       34.17354022917
2       34.17361364167
2       34.17372826250
4       34.17372827917
1       34.17372840000
2       34.17373485417
2       34.17375340833
2       34.17383456667
2       34.17383913750
2       34.17402363333
4       34.17402365000
1       34.17402377083
2       34.17420151250
4       34.17420153333
1       34.17420165417
2       34.17430020000
2       34.17437803750
2       34.17452085000
4       34.17452087083
1       34.17452099167
2       34.17452744167
2       34.17465259583
2       34.17466888333
2       34.17469569583
4       34.17469571667
1       34.17469583333
2       34.17485934167
2       34.17496531250
4       34.17496533333
1       34.17496545417
2       34.17512660833
2       34.17533033750
4       34.17533035833
1       34.17533047500
2       34.17545153333
2       34.17559895833
4       34.17559897500
1       34.17559909583
2       34.17568512500
2       34.17569307917
2       34.17583145833
4       34.17583145833
1       34.17583159583
2       34.17585695417
2       34.17587544167
2       34.17597260833
2       34.17600997083
2       34.17612691250
4       34.17612692917
1       34.17612705000
2       34.17615545000
2       34.17630982917
2       34.17638002083
4       34.17638004167
1       34.17638016250
2       34.17638294583
2       34.17645615417
2       34.17658242500
4       34.17658244583
1       34.17658256667
2       34.17658634167
2       34.17666879167
2       34.17671483333
2       34.17680760417
4       34.17680762500
1       34.17680774583
2       34.17682062083
2       34.17685331250
2       34.17686121667
2       34.17688674583
2       34.17698909167
4       34.17698911250
1       34.17698922917
2       34.17702323333
2       34.17702823750
2       34.17736043750
4       34.17736045833
1       34.17736057917
2       34.17744886667
2       34.17754920833
2       34.17758004583
4       34.17758004583
1       34.17758018333
2       34.17767447917
2       34.17789137083
4       34.17789139167
1       34.17789151250
2       34.17794334167
2       34.17800632500
2       34.17805695417
2       34.17810866667
4       34.17810868750
1       34.17810880833
2       34.17828025833
2       34.17834879583
4       34.17834879583
1       34.17834893333
2       34.17834912083
2       34.17836306250
2       34.17850385417
2       34.17851906667
2       34.17873500000
4       34.17873501667
1       34.17873513750
2       34.17885430833
2       34.17887277500
2       34.17891648333
2       34.17905071667
4       34.17905073750
1       34.17905085833
2       34.17906622917
2       34.17915797083
2       34.18004498750
4       34.18004500833
1       34.18004512917
2       34.18006463333
2       34.18010033750
2       34.18018348750
2       34.18025173333
4       34.18025175000
1       34.18025187083
2       34.18028748750
2       34.18037491250
2       34.18060709583
4       34.18060709583
1       34.18060723333
2       34.18068131250
2       34.18074757500
2       34.18090757500
4       34.18090759583
1       34.18090771667
2       34.18100129167
2       34.18115332500
4       34.18115334583
1       34.18115346667
2       34.18122381667
2       34.18138580000
4       34.18138582083
1       34.18138594167
2       34.18157728333
4       34.18157730000
1       34.18157742083
2       34.18163487083
2       34.18163758750
2       34.18165581667
2       34.18171308333
2       34.18174687917
2       34.18198135417
4       34.18198137500
1       34.18198149167
2       34.18200692083
2       34.18201084167
2       34.18202014583
2       34.18209205417
2       34.18210662083
2       34.18214101667
2       34.18218472500
4       34.18218474583
1       34.18218486667
2       34.18231849167
2       34.18260481667
4       34.18260483750
1       34.18260495833
2       34.18290720417
4       34.18290722083
1       34.18290734167
2       34.18291073750
2       34.18304029167
2       34.18323412500
4       34.18323414583
1       34.18323426667
2       34.18328113750
2       34.18333181667
2       34.18343711250
4       34.18343713333
1       34.18343725417
2       34.18350167917
2       34.18360537083
2       34.18367357917
4       34.18367360000
1       34.18367371667
2       34.18372626667
2       34.18373651667
2       34.18380376667
2       34.18815409583
2       34.18818117083
2       34.18830245417
4       34.18830247083
1       34.18830259167
2       34.18836381250
2       34.18839325833
2       34.18848801667
4       34.18848801667
1       34.18848815417
2       34.18860333750
2       34.18862080000
2       34.18911066250
4       34.18911067917
1       34.18911080000
2       34.18911232083
2       34.18925271667
2       34.18926535417
2       34.18940017917
4       34.18940020000
1       34.18940031667
2       34.18942275417
2       34.18944981667
2       34.18962007083
4       34.18962009167
1       34.18962021250
2       34.18973928750
2       34.18978336667
2       34.18982150000
2       34.18997482917
4       34.18997485000
1       34.18997496667
2       34.19002156250
2       34.19006857500
2       34.19027330833
4       34.19027332917
1       34.19027345000
2       34.19038394167
2       34.19042168333
2       34.19044418333
2       34.19056141667
4       34.19056143750
1       34.19056155833
2       34.19063836250
2       34.19071152917
2       34.19074464167
4       34.19074466250
1       34.19074478333
2       34.19082412917
2       34.19085255000
2       34.19115835417
4       34.19115837500
1       34.19115849583
2       34.19116396250
2       34.19151969167
4       34.19151970833
1       34.19151982917
2       34.19187509583
4       34.19187511667
1       34.19187523750
2       34.19194802083
2       34.19210794167
4       34.19210796250
1       34.19210807917
2       34.19245305833
4       34.19245307917
1       34.19245320000
2       34.19252961667
2       34.19285419583
4       34.19285421667
1       34.19285433750
2       34.19294263750
2       34.19304701667
4       34.19304703750
1       34.19304715833
2       34.19336705417
4       34.19336707083
1       34.19336719167
2       34.19349442917
2       34.19349577083
2       34.19373727083
4       34.19373729167
1       34.19373740833
2       34.19382105000
2       34.19386707917
2       34.19389485000
2       34.19399097083
4       34.19399098750
1       34.19399110833
2       34.19414775000
2       34.19425769583
4       34.19425771667
1       34.19425783750
2       34.19438484583
2       34.19439807500
2       34.19453256250
4       34.19453257917
1       34.19453270000
2       34.19468389167
2       34.19470208750
4       34.19470210833
1       34.19470222917
2       34.19478798750
2       34.19486739167
2       34.19522048333
4       34.19522050417
1       34.19522062500
2       34.19525894583
2       34.19526385000
2       34.19556862083
4       34.19556864167
1       34.19556876250
2       34.19561635000
2       34.19595256667
4       34.19595256667
1       34.19595270417
2       34.19606076250
2       34.19606907500
2       34.19620778750
4       34.19620778750
1       34.19620792500
2       34.19621881250
2       34.19624898750
2       34.19635333333
2       34.19640528333
4       34.19640530000
1       34.19640542083
2       34.19650202500
2       34.19657821250
2       34.19658978333
4       34.19658980000
1       34.19658992083
2       34.19660469167
2       34.19663355000
2       34.19664044583
2       34.19664840000
2       34.19665505000
2       34.19677892917
4       34.19677895000
1       34.19677907083
2       34.19702006250
4       34.19702008333
1       34.19702020417
2       34.19710813333
2       34.19717273333
2       34.19721048750
2       34.19725129583
4       34.19725131667
1       34.19725143750
2       34.19737445417
2       34.19737844167
2       34.19739172083
2       34.19748308750
4       34.19748308750
1       34.19748322500
2       34.19751024167
2       34.19798658333
4       34.19798660417
1       34.19798672500
2       34.19802375000
2       34.19811345000
2       34.19818737917
4       34.19818740000
1       34.19818751667
2       34.19821683333
2       34.19837510833
4       34.19837512917
1       34.19837525000
2       34.19849767917
2       34.19854927917
4       34.19854930000
1       34.19854942083
2       34.19868707917
2       34.19881496250
4       34.19881497917
1       34.19881510000
2       34.19888648750
2       34.19905280833
4       34.19905282500
1       34.19905294583
2       34.19907606667
2       34.19911037917
2       34.19914557917
2       34.19923823333
4       34.19923825417
1       34.19923837500
2       34.20151617917
4       34.20151620000
1       34.20151632083
2       34.20168741667
2       34.20177907917
4       34.20177910000
1       34.20177922083
2       34.20179172917
2       34.20185860000
2       34.20216692500
4       34.20216692500
1       34.20216706250
2       34.20223785000
2       34.20226766667
2       34.20236172500
4       34.20236174583
1       34.20236186667
2       34.20237828333
2       34.20262970417
4       34.20262972500
1       34.20262984583
2       34.20264924167
2       34.20268303333
2       34.20292217917
4       34.20292220000
1       34.20292231667
2       34.20334815833
4       34.20334817500
1       34.20334829583
2       34.20356774167
4       34.20356775833
1       34.20356787917
2       34.20358795000
2       34.20371677917
2       34.20373475833
2       34.20374335000
4       34.20374337083
1       34.20374349167
2       34.20380460833
2       34.20387803750
2       34.20394500000
2       34.20397681250
4       34.20397682917
1       34.20397695000
2       34.20400197500
2       34.20405231250
2       34.20420573750
4       34.20420575833
1       34.20420587917
2       34.20428752083
2       34.20432459583
2       34.20452000833
4       34.20452000833
1       34.20452014583
2       34.20461975000
2       34.20476938750
4       34.20476938750
1       34.20476952500
2       34.20487277917
2       34.20496750000
4       34.20496752083
1       34.20496764167
2       34.20509667917
2       34.20513908750
4       34.20513908750
1       34.20513922500
2       34.20525039167
2       34.20555580417
4       34.20555582500
1       34.20555594583
2       34.20584359583
4       34.20584359583
1       34.20584373333
2       34.20593962083
2       34.20599869583
2       34.20601885000
2       34.20602016250
2       34.20617059583
4       34.20617059583
1       34.20617073333
2       34.20626130833
2       34.20628151250
2       34.20631925000
2       34.20635072083
2       34.20640473333
4       34.20640475417
1       34.20640487500
2       34.20674085000
4       34.20674087083
1       34.20674099167
2       34.20675146667
2       34.20681437083
2       34.20683525833
2       34.20705162083
4       34.20705163750
1       34.20705175833
2       34.20727286250
4       34.20727288333
1       34.20727300417
2       34.20738052083
2       34.20760049167
4       34.20760051250
1       34.20760063333
2       34.20772303333
2       34.20776770833
2       34.20777371250
4       34.20777372917
1       34.20777385000
2       34.20777667083
2       34.20782038750
2       34.20789128750
2       34.20799952500
4       34.20799954583
1       34.20799966667
2       34.20811047917
2       34.20818272083
4       34.20818273750
1       34.20818285833
2       34.20829730417
2       34.20836420000
4       34.20836421667
1       34.20836433750
2       34.20839764583
2       34.20840222500
2       34.20840392500
2       34.20845368333
2       34.20849975417
2       34.20864349583
4       34.20864351667
1       34.20864363333
2       34.20873387500
2       34.20892338750
4       34.20892340833
1       34.20892352917
2       34.20896275417
2       34.20903992083
2       34.20908368750
2       34.20915888333
4       34.20915890417
1       34.20915902500
2       34.20931252083
2       34.20937483750
4       34.20937485833
1       34.20937497917
2       34.20945925417
2       34.20946588333
2       34.20959766250
4       34.20959767917
1       34.20959780000
2       34.20962291250
2       34.20994847500
4       34.20994847500
1       34.20994861250
2       34.20995750000
2       34.21035485833
4       34.21035487500
1       34.21035499583
2       34.21035883333
2       34.21039264583
2       34.21041583750
2       34.21059377083
4       34.21059379167
1       34.21059391250
2       34.21069143750
2       34.21071793333
2       34.21076102083
2       34.21088059167
4       34.21088061250
1       34.21088073333
2       34.21101473750
2       34.21105213750
2       34.21105380000
2       34.21116713333
4       34.21116715000
1       34.21116727083
2       34.21143698333
4       34.21143700000
1       34.21143712083
2       34.21156322083
2       34.21160093750
2       34.21160331250
2       34.21173612917
4       34.21173615000
1       34.21173627083
2       34.21180739583
2       34.21187622500
2       34.21188383750
2       34.21510041667
2       34.21536075833
4       34.21536077917
1       34.21536090000
2       34.21538166250
2       34.21540847917
2       34.21566680000
4       34.21566681667
1       34.21566693750
2       34.21588210833
4       34.21588212917
1       34.21588225000
2       34.21590792917
2       34.21622788750
4       34.21622790833
1       34.21622802917
2       34.21663665417
4       34.21663667500
1       34.21663679583
2       34.21667772917
2       34.21685915833
4       34.21685915833
1       34.21685929583
2       34.21688636250
2       34.21696915833
2       34.21718875417
4       34.21718877083
1       34.21718889167
2       34.21738851667
2       34.21739378333
2       34.21761671667
4       34.21761673750
1       34.21761685833
2       34.21783068333
2       34.21842192083
4       34.21842194167
1       34.21842206250
2       34.21842924583
2       34.21843554167
2       34.21851199583
2       34.21854347500
2       34.21858914167
2       34.21861225417
2       34.21861664167
4       34.21861665833
1       34.21861677917
2       34.21864417083
2       34.21877237500
2       34.21882069167
4       34.21882071250
1       34.21882083333
2       34.21904727917
4       34.21904729583
1       34.21904741667
2       34.21908438333
2       34.21910522083
2       34.21914092083
2       34.21917746250
2       34.21957893333
4       34.21957895417
1       34.21957907500
2       34.21979747917
2       34.21983922917
4       34.21983925000
1       34.21983937083
2       34.21986445833
2       34.21990453333
2       34.22006255000
4       34.22006257083
1       34.22006268750
2       34.22011317500
2       34.22024630000
2       34.22056798333
4       34.22056800417
1       34.22056812500
2       34.22058554167
2       34.22079522500
4       34.22079524583
1       34.22079536667
2       34.22081537500
2       34.22106149167
4       34.22106151250
1       34.22106163333
2       34.22130728750
4       34.22130730833
1       34.22130742917
2       34.22142676250
2       34.22144669167
2       34.22152786667
4       34.22152788750
1       34.22152800833
2       34.22189678333
4       34.22189680000
1       34.22189692083
2       34.22194477500
2       34.22217371250
4       34.22217372917
1       34.22217385000
2       34.22218000000
2       34.22237846250
4       34.22237847917
1       34.22237860000
2       34.22292761250
4       34.22292762917
1       34.22292775000
2       34.22310546667
2       34.22318694583
4       34.22318696667
1       34.22318708333
2       34.22321642500
2       34.22339565833
4       34.22339567500
1       34.22339579583
2       34.22346854167
2       34.22365828333
4       34.22365830417
1       34.22365842083
2       34.22381563333
2       34.22383940417
2       34.22388284167
4       34.22388285833
1       34.22388297917
2       34.22388347917
2       34.22406205833
2       34.22433394583
4       34.22433396667
1       34.22433408750
2       34.22437777500
2       34.22441155417
2       34.22475074167
4       34.22475076250
1       34.22475088333
2       34.22485967500
2       34.22494243750
2       34.22498656667
4       34.22498658750
1       34.22498670833
2       34.22512492500
2       34.22522964583
4       34.22522964583
1       34.22522978333
2       34.22541244167
2       34.22542140833
2       34.22881982500
2       34.22904506250
4       34.22904508333
1       34.22904520000
2       34.22912653750
2       34.22935383333
4       34.22935385417
1       34.22935397500
2       34.22936375417
2       34.22958098333
4       34.22958100417
1       34.22958112500
2       34.22964022917
2       34.22995752500
4       34.22995754583
1       34.22995766667
2       34.22997012500
2       34.23028150000
4       34.23028151667
1       34.23028163750
2       34.23059412083
4       34.23059413750
1       34.23059425833
2       34.23080784167
4       34.23080786250
1       34.23080797917
2       34.23085551667
2       34.23085782917
2       34.23116392500
4       34.23116394583
1       34.23116406667
2       34.23168990417
4       34.23168992083
1       34.23169004167
2       34.23176174583
2       34.23178389167
2       34.23185744167
2       34.23203900000
4       34.23203902083
1       34.23203914167
2       34.23220925833
2       34.23241984583
4       34.23241986667
1       34.23241998333
2       34.23252522500
2       34.23276566250
4       34.23276568333
1       34.23276580417
2       34.23300908333
4       34.23300910000
1       34.23300922083
2       34.23307181250
2       34.23317373333
2       34.23320852083
4       34.23320854167
1       34.23320866250
2       34.23329097917
2       34.23331714583
2       34.23332412917
2       34.23352586250
4       34.23352587917
1       34.23352600000
2       34.23373319583
4       34.23373319583
1       34.23373333333
2       34.23380544583
2       34.23411741667
4       34.23411741667
1       34.23411755417
2       34.23416783750
2       34.23424297500
2       34.23454011250
4       34.23454012917
1       34.23454025000
2       34.23489746250
4       34.23489748333
1       34.23489760417
2       34.23494348333
2       34.23516970000
4       34.23516971667
1       34.23516983750
2       34.23529165417
2       34.23529522083
2       34.23543403750
4       34.23543405833
1       34.23543417917
2       34.23545461667
2       34.23551024167
2       34.23553508333
2       34.23565061250
4       34.23565062917
1       34.23565075000
2       34.23570601667
2       34.23624741250
4       34.23624743333
1       34.23624755000
2       34.23636311667
2       34.23637967917
2       34.23703357083
4       34.23703358750
1       34.23703370833
2       34.23711898750
2       34.23717007500
2       34.23726340417
4       34.23726342083
1       34.23726354167
2       34.23727532500
2       34.23751945833
4       34.23751947917
1       34.23751960000
2       34.23759532083
2       34.23763640417
2       34.23792749167
4       34.23792750833
1       34.23792762917
2       34.23810343333
2       34.23813818333
4       34.23813820417
1       34.23813832500
2       34.24249343750
4       34.24249345833
1       34.24249357917
2       34.24254442917
2       34.24255308333
2       34.24260203750
2       34.24268957500
4       34.24268957500
1       34.24268971250
2       34.24288998750
4       34.24288998750
1       34.24289012500
2       34.24319704583
4       34.24319706667
1       34.24319718750
2       34.24320597083
2       34.24320924583
2       34.24334578333
2       34.24345665000
4       34.24345667083
1       34.24345679167
2       34.24347716667
2       34.24358879167
2       34.24360573333
2       34.24380080833
4       34.24380082917
1       34.24380095000
2       34.24380437917
2       34.24381805833
2       34.24399323750
4       34.24399323750
1       34.24399337500
2       34.24429894167
4       34.24429896250
1       34.24429908333
2       34.24441524583
2       34.24443876667
2       34.24451730417
4       34.24451732083
1       34.24451744167
2       34.24453047500
2       34.24467626667
2       34.24486676250
4       34.24486677917
1       34.24486690000
2       34.24497075000
2       34.24497835000
2       34.24516213750
4       34.24516215833
1       34.24516227917
2       34.24518142917
2       34.24526215000
2       34.24548674583
4       34.24548674583
1       34.24548688333
2       34.24556291250
2       34.24569240417
4       34.24569242083
1       34.24569254167
2       34.24582424167
2       34.24586430000
4       34.24586431667
1       34.24586443750
2       34.24588718333
2       34.24591666250
2       34.24605481667
4       34.24605483750
1       34.24605495833
2       34.24606805417
2       34.24611880417
2       34.24620521250
2       34.24666431250
4       34.24666432917
1       34.24666445000
2       34.24725584583
4       34.24725586667
1       34.24725598750
2       34.24733897500
2       34.24765533333
4       34.24765535000
1       34.24765547083
2       34.24770396667
2       34.24777786250
2       34.24810283333
4       34.24810285417
1       34.24810297500
2       34.24830848750
2       34.24849660000
4       34.24849662083
1       34.24849674167
2       34.24853742083
2       34.24866749583
2       34.24869954167
2       34.24870859167
2       34.24889734583
4       34.24889736667
1       34.24889748750
2       34.24889806250
2       34.24898114583
2       34.24901989167
2       34.24938237500
4       34.24938239583
1       34.24938251667
2       34.24950820833
2       34.24967980833
4       34.24967982500
1       34.24967994583
2       34.24988707917
2       34.24989542917
4       34.24989544583
1       34.24989556667
2       34.24993053333
2       34.25001690417
2       34.25002658750
2       34.25003015000
2       34.25009347917
4       34.25009349583
1       34.25009361667
2       34.25026657083
2       34.25033460000
4       34.25033461667
1       34.25033473750
2       34.25062606667
4       34.25062608750
1       34.25062620833
2       34.25103507500
4       34.25103507500
1       34.25103521250
2       34.25110367083
2       34.25148156667
4       34.25148158750
1       34.25148170833
2       34.25161712500
2       34.25167170417
2       34.25176679167
4       34.25176681250
1       34.25176693333
2       34.25181783333
2       34.25198509583
4       34.25198511667
1       34.25198523750
2       34.25216072917
2       34.25223052500
4       34.25223052500
1       34.25223066250
2       34.25244458333
4       34.25244460417
1       34.25244472500
2       34.25654416250
4       34.25654417917
1       34.25654430000
2       34.25657292917
2       34.25659445000
2       34.25663619167
2       34.25664312500
2       34.25670379167
2       34.25676664167
4       34.25676665833
1       34.25676677917
2       34.25690549583
2       34.25715356250
4       34.25715358333
1       34.25715370417
2       34.25742975000
4       34.25742976667
1       34.25742988750
2       34.25750800000
2       34.25771100417
4       34.25771102083
1       34.25771114167
2       34.25803755000
4       34.25803757083
1       34.25803769167
2       34.25823736250
2       34.25827472083
4       34.25827474167
1       34.25827486250
2       34.25831188750
2       34.25833175833
2       34.25843634583
2       34.25851654583
4       34.25851654583
1       34.25851668333
2       34.25858237500
2       34.25859136667
2       34.25882788750
4       34.25882790833
1       34.25882802917
2       34.25909550417
4       34.25909552083
1       34.25909564167
2       34.25917571667
2       34.25930250833
4       34.25930252917
1       34.25930265000
2       34.25930879583
2       34.25938036250
2       34.25947347917
4       34.25947350000
1       34.25947362083
2       34.25957147500
2       34.25958640000
2       34.26011666250
4       34.26011667917
1       34.26011680000
2       34.26018355417
2       34.26033030833
4       34.26033032917
1       34.26033045000
2       34.26037307917
2       34.26041047083
2       34.26057607083
4       34.26057609167
1       34.26057621250
2       34.26070823333
2       34.26090931667
4       34.26090933750
1       34.26090945833
2       34.26092918333
2       34.26101064583
2       34.26115713750
4       34.26115715833
1       34.26115727917
2       34.26125939167
2       34.26127732917
2       34.26138234583
4       34.26138236667
1       34.26138248750
2       34.26145981667
2       34.26149328333
2       34.26174632083
4       34.26174633750
1       34.26174645833
2       34.26224511667
4       34.26224513750
1       34.26224525833
2       34.26229486667
2       34.26242012917
2       34.26249918333
4       34.26249920417
1       34.26249932500
2       34.26252832500
2       34.26256910000
2       34.26268601250
4       34.26268603333
1       34.26268615417
2       34.26289208333
4       34.26289210417
1       34.26289222500
2       34.26303548750
2       34.26304635000
2       34.26307619167
4       34.26307620833
1       34.26307632917
2       34.26311394583
2       34.26311792083
2       34.26334283333
4       34.26334285417
1       34.26334297083
2       34.26349430417
2       34.26351671250
4       34.26351673333
1       34.26351685417
2       34.26365553333
2       34.26370785417
4       34.26370787083
1       34.26370799167
2       34.26385622917
2       34.26391681250
4       34.26391682917
1       34.26391695000
2       34.26391853750
2       34.26404742500
2       34.26413344583
4       34.26413344583
1       34.26413358333
2       34.26428452083
2       34.26489106667
4       34.26489108750
1       34.26489120833
2       34.26491785000
2       34.26507780417
4       34.26507782500
1       34.26507794583
2       34.26517425000
2       34.26527218750
4       34.26527220833
1       34.26527232500
2       34.26538083333
2       34.26538351667
2       34.26538885833
2       34.26569194167
4       34.26569195833
1       34.26569207917
2       34.26574819167
2       34.26581547917
2       34.26584420833
2       34.26598269167
4       34.26598271250
1       34.26598283333
2       34.26608208333
2       34.26633191667
4       34.26633193750
1       34.26633205417
2       34.26665844583
4       34.26665846667
1       34.26665858750
2       34.26676682083
2       34.27086362083
4       34.27086364167
1       34.27086375833
2       34.27114855000
4       34.27114857083
1       34.27114869167
2       34.27118362500
2       34.27129787083
2       34.27137577500
4       34.27137577500
1       34.27137591250
2       34.27150692917
2       34.27151612083
2       34.27185203750
4       34.27185205833
1       34.27185217917
2       34.27192165000
2       34.27198582500
2       34.27199617917
2       34.27199677083
2       34.27225841250
4       34.27225843333
1       34.27225855417
2       34.27229289167
2       34.27235548750
2       34.27243102500
2       34.27268972500
4       34.27268974583
1       34.27268986667
2       34.27287319167
2       34.27288612500
4       34.27288614583
1       34.27288626667
2       34.27314682500
4       34.27314682500
1       34.27314696250
2       34.27349622917
4       34.27349625000
1       34.27349636667
2       34.27369271250
4       34.27369273333
1       34.27369285417
2       34.27378305833
2       34.27395099167
4       34.27395101250
1       34.27395113333
2       34.27422100000
4       34.27422101667
1       34.27422113750
2       34.27448659167
4       34.27448661250
1       34.27448673333
2       34.27449960000
2       34.27502160417
4       34.27502162083
1       34.27502174167
2       34.27503583750
2       34.27513950833
2       34.27522396250
4       34.27522398333
1       34.27522410417
2       34.27531629583
2       34.27558925417
4       34.27558927500
1       34.27558939583
2       34.27569724583
2       34.27573198750
2       34.27575125000
2       34.27584763750
4       34.27584763750
1       34.27584777500
2       34.27587681250
2       34.27641899167
4       34.27641901250
1       34.27641912917
2       34.27646005833
2       34.27652633750
2       34.27659057500
2       34.27670617083
4       34.27670619167
1       34.27670631250
2       34.27674229583
2       34.27680618333
2       34.27688906250
2       34.27690886250
2       34.27696848750
4       34.27696850833
1       34.27696862917
2       34.27700722083
2       34.27703474167
2       34.27707179583
2       34.27743755000
4       34.27743757083
1       34.27743769167
2       34.27762265833
2       34.27764056250
2       34.27774425833
4       34.27774427917
1       34.27774439583
2       34.27784258750
2       34.27800027083
4       34.27800029167
1       34.27800041250
2       34.27800423333
2       34.27806327500
2       34.27810497917
2       34.27824037917
4       34.27824040000
1       34.27824051667
2       34.27843811667
4       34.27843811667
1       34.27843825417
2       34.27852123750
2       34.27864572917
2       34.27893786667
4       34.27893786667
1       34.27893800417
2       34.27895125000
2       34.27901678750
2       34.27909196667
2       34.27912801667
4       34.27912803750
1       34.27912815417
2       34.27926024167
2       34.27927254583
2       34.27932713333
4       34.27932715000
1       34.27932727083
2       34.27939836250
2       34.27951460417
4       34.27951462083
1       34.27951474167
2       34.27954539583
2       34.27955137917
2       34.27999819583
4       34.27999821667
1       34.27999833750
2       34.28020760833
4       34.28020762917
1       34.28020774583
2       34.28020819583
2       34.28021490417
2       34.28513519167
4       34.28513520833
1       34.28513532917
2       34.28513951250
2       34.28528228333
2       34.28529815000
2       34.28567610000
4       34.28567612083
1       34.28567624167
2       34.28591320417
4       34.28591322083
1       34.28591334167
2       34.28608814583
2       34.28616502083
4       34.28616504167
1       34.28616516250
2       34.28620907917
2       34.28625928750
2       34.28637901250
4       34.28637902917
1       34.28637915000
2       34.28641899583
2       34.28657136667
4       34.28657138750
1       34.28657150833
2       34.28691156667
4       34.28691156667
1       34.28691170417
2       34.28694673333
2       34.28707321667
2       34.28719105417
4       34.28719107500
1       34.28719119583
2       34.28719908333
2       34.28725105833
2       34.28775323750
4       34.28775325833
1       34.28775337917
2       34.28775923750
2       34.28803910000
4       34.28803912083
1       34.28803924167
2       34.28808744583
2       34.28817150417
2       34.28817185000
2       34.28817650833
2       34.28825242500
4       34.28825244583
1       34.28825256250
2       34.28892077083
4       34.28892078750
1       34.28892090833
2       34.28892121250
2       34.28893965833
2       34.28897516667
2       34.28904067083
2       34.28929009167
4       34.28929011250
1       34.28929023333
2       34.28949309583
4       34.28949311667
1       34.28949323750
2       34.28956700000
2       34.28978201667
4       34.28978201667
1       34.28978215417
2       34.28981385000
2       34.28986874583
2       34.28998669167
4       34.28998671250
1       34.28998683333
2       34.29022152083
4       34.29022154167
1       34.29022165833
2       34.29032721250
2       34.29035333333
2       34.29081973333
4       34.29081975000
1       34.29081987083
2       34.29082567083
2       34.29088990833
2       34.29091349583
2       34.29093628750
2       34.29099858750
2       34.29100391667
2       34.29104756250
4       34.29104758333
1       34.29104770417
2       34.29110430833
2       34.29116492083
2       34.29126093750
4       34.29126093750
1       34.29126107500
2       34.29132483750
2       34.29155966667
4       34.29155968750
1       34.29155980833
2       34.29160174583
2       34.29167656250
2       34.29168456250
2       34.29188855000
4       34.29188856667
1       34.29188868750
2       34.29195915833
2       34.29197235833
2       34.29201475000
2       34.29209300833
4       34.29209302500
1       34.29209314583
2       34.29249344167
4       34.29249345833
1       34.29249357917
2       34.29250735000
2       34.29271205417
4       34.29271207500
1       34.29271219583
2       34.29307560833
4       34.29307560833
1       34.29307574583
2       34.29318263750
2       34.29338608750
4       34.29338608750
1       34.29338622500
2       34.29339661667
2       34.29354708333
2       34.29359579167
4       34.29359580833
1       34.29359592917
2       34.29368614167
2       34.29386102917
4       34.29386104583
1       34.29386116667
2       34.29393552917
2       34.29402101250
2       34.29404950417
2       34.29419985417
4       34.29419987083
1       34.29419999167
2       34.29440822500
4       34.29440822500
1       34.29440836250
2       34.29450692500
2       34.29452380833
2       34.29456623333
2       34.29456959583
2       34.29462647917
4       34.29462650000
1       34.29462662083
2       34.29469503750
2       34.29477692500
2       34.29482953333
4       34.29482955417
1       34.29482967500
2       34.29502063750
4       34.29502065833
1       34.29502077917
2       34.29511271667
2       34.29523894167
4       34.29523896250
1       34.29523908333
2       34.29571030417
4       34.29571032500
1       34.29571044583
2       34.29580229583
2       34.29592490833
4       34.29592492917
1       34.29592505000
2       34.29975219583
4       34.29975221667
1       34.29975233750
2       34.29993075417
4       34.29993077083
1       34.29993089167
2       34.30003011667
2       34.30041565833
4       34.30041567917
1       34.30041580000
2       34.30042231667
2       34.30064457917
4       34.30064459583
1       34.30064471667
2       34.30069385417
2       34.30083065833
2       34.30086645000
4       34.30086647083
1       34.30086659167
2       34.30094135417
2       34.30113079583
4       34.30113081667
1       34.30113093750
2       34.30122282083
2       34.30123510833
2       34.30146362917
4       34.30146364583
1       34.30146376667
2       34.30159724167
2       34.30167467500
4       34.30167467500
1       34.30167481250
2       34.30181768750
2       34.30181835833
2       34.30188960000
4       34.30188961667
1       34.30188973750
2       34.30197177083
2       34.30210527083
4       34.30210529167
1       34.30210541250
2       34.30210857917
2       34.30213870417
2       34.30226523333
2       34.30227513333
2       34.30266201667
4       34.30266203750
1       34.30266215833
2       34.30288595000
4       34.30288596667
1       34.30288608750
2       34.30319595417
4       34.30319597500
1       34.30319609583
2       34.30321056250
2       34.30322735833
2       34.30345301250
4       34.30345303333
1       34.30345315417
2       34.30360966250
2       34.30384055000
4       34.30384056667
1       34.30384068750
2       34.30400352083
2       34.30409159167
4       34.30409160833
1       34.30409172917
2       34.30442279583
4       34.30442281667
1       34.30442293333
2       34.30445171250
2       34.30453514167
2       34.30461565833
2       34.30476997083
4       34.30476998750
1       34.30477010833
2       34.30498496250
4       34.30498497917
1       34.30498510000
2       34.30518698333
4       34.30518700417
1       34.30518712083
2       34.30520954167
2       34.30523493750
2       34.30550328750
4       34.30550330833
1       34.30550342917
2       34.30574943750
4       34.30574945833
1       34.30574957500
2       34.30582189167
2       34.30598615417
4       34.30598617500
1       34.30598629583
2       34.30621673333
4       34.30621675417
1       34.30621687500
2       34.30622036667
2       34.30649630417
4       34.30649632500
1       34.30649644583
2       34.30650157500
2       34.30687160417
4       34.30687162500
1       34.30687174583
2       34.30697494583
2       34.30753566667
4       34.30753566667
1       34.30753580417
2       34.30759927500
2       34.30772219583
4       34.30772221667
1       34.30772233333
2       34.30772417917
2       34.30773382083
2       34.30780265000
2       34.30784274167
2       34.30810870000
4       34.30810872083
1       34.30810884167
2       34.31240873750
4       34.31240873750
1       34.31240887500
2       34.31248617917
2       34.31268460000
4       34.31268462083
1       34.31268473750
2       34.31281343333
2       34.31286308333
2       34.31287971250
4       34.31287972917
1       34.31287985000
2       34.31292774167
2       34.31292904167
2       34.31298299167
2       34.31313602917
4       34.31313604583
1       34.31313616667
2       34.31317611250
2       34.31348649583
4       34.31348649583
1       34.31348663333
2       34.31355577500
2       34.31376735417
4       34.31376737500
1       34.31376749167
2       34.31392931250
2       34.31419562083
4       34.31419563750
1       34.31419575833
2       34.31421952500
2       34.31433012917
2       34.31461959583
4       34.31461959583
1       34.31461973333
2       34.31480615000
2       34.31482855833
4       34.31482857500
1       34.31482869583
2       34.31486740000
2       34.31490678750
2       34.31491274583
2       34.31492527500
2       34.31500979167
2       34.31504886250
4       34.31504888333
1       34.31504900417
2       34.31504989167
2       34.31530058750
4       34.31530058750
1       34.31530072500
2       34.31538973333
2       34.31540230833
2       34.31541327500
2       34.31557060000
4       34.31557062083
1       34.31557074167
2       34.31574508333
4       34.31574510000
1       34.31574522083
2       34.31598854167
4       34.31598855833
1       34.31598867917
2       34.31623167917
4       34.31623170000
1       34.31623182083
2       34.31649202083
4       34.31649204167
1       34.31649215833
2       34.31674341250
4       34.31674342917
1       34.31674355000
2       34.31674607500
2       34.31695912083
4       34.31695914167
1       34.31695925833
2       34.31715446250
4       34.31715448333
1       34.31715460417
2       34.31723566250
2       34.31759170000
4       34.31759172083
1       34.31759184167
2       34.31784576250
4       34.31784578333
1       34.31784590000
2       34.31787387500
2       34.31792921667
2       34.31794345833
2       34.31802895000
4       34.31802897083
1       34.31802909167
2       34.31809808333
2       34.31819352083
2       34.31841778333
4       34.31841780417
1       34.31841792500
2       34.31870897083
4       34.31870899167
1       34.31870911250
2       34.31891297083
4       34.31891298750
1       34.31891310833
2       34.31902823750
2       34.31922496667
4       34.31922498750
1       34.31922510833
2       34.31937564583
2       34.31956048333
4       34.31956050417
1       34.31956062083
2       34.31961022500
2       34.32010870417
4       34.32010872500
1       34.32010884583
2       34.32016965833
2       34.32021266667
2       34.32054060000
4       34.32054061667
1       34.32054073750
2       34.32076982083
4       34.32076984167
1       34.32076996250
2       34.32083805000
2       34.32086751667
2       34.32099607917
2       34.32115072500
4       34.32115074167
1       34.32115086250
2       34.32710085000
4       34.32710087083
1       34.32710099167
2       34.32763145417
4       34.32763147500
1       34.32763159167
2       34.32772187083
2       34.32773713333
2       34.32774276250
2       34.32774706250
2       34.32804285833
4       34.32804287917
1       34.32804300000
2       34.32828596667
4       34.32828598750
1       34.32828610417
2       34.32881693750
4       34.32881693750
1       34.32881707500
2       34.32920814167
4       34.32920815833
1       34.32920827917
2       34.33019283750
4       34.33019285833
1       34.33019297917
2       34.33034656667
2       34.33056484583
4       34.33056484583
1       34.33056498333
2       34.33076950417
2       34.33091831667
4       34.33091831667
1       34.33091845417
2       34.33117690833
4       34.33117692500
1       34.33117704583
2       34.33193772083
4       34.33193774167
1       34.33193786250
2       34.33235072917
4       34.33235075000
1       34.33235087083
2       34.33275620833
4       34.33275622917
1       34.33275635000
2       34.33329704583
4       34.33329706667
1       34.33329718750
2       34.33334052083
2       34.33469782500
4       34.33469782500
1       34.33469796250
2       34.33520991250
4       34.33520993333
1       34.33521005417
2       34.33581176250
4       34.33581177917
1       34.33581190000
2       34.33606546667
4       34.33606546667
1       34.33606560417
2       34.33695316250
4       34.33695318333
1       34.33695330000
2       34.33756792917
4       34.33756794583
1       34.33756806667
2       34.33763681250
2       34.33788328750
4       34.33788328750
1       34.33788342500
2       34.33799690417
2       34.33874513333
4       34.33874515000
1       34.33874527083
2       34.33879840417
2       34.33913297083
4       34.33913298750
1       34.33913310833
2       34.34083546250
4       34.34083548333
1       34.34083560417
2       34.34159065000
4       34.34159067083
1       34.34159078750
2       34.34178410417
2       34.34183842500
4       34.34183844583
1       34.34183856667
2       34.34238527500
4       34.34238527500
1       34.34238541250
2       34.34274862083
4       34.34274864167
1       34.34274876250
2       34.34352235417
4       34.34352237500
1       34.34352249167
2       34.34473460417
4       34.34473462500
1       34.34473474167
2       34.34593803333
4       34.34593805417
1       34.34593817083
2       34.34800020000
4       34.34800021667
1       34.34800033750
2       34.34804024583
2       34.34831286250
4       34.34831288333
1       34.34831300417
2       34.34874315833
4       34.34874315833
1       34.34874329583
2       34.35338532500
4       34.35338534583
1       34.35338546667
2       34.35965904167
4       34.35965906250
1       34.35965917917
2       34.36077855000
4       34.36077857083
1       34.36077869167
2       34.36080772083
2       34.36713807083
4       34.36713808750
1       34.36713820833
2       34.37143175000
4       34.37143177083
1       34.37143189167
2       34.37462445417
4       34.37462447083
1       34.37462459167
2       34.38091277917
4       34.38091280000
1       34.38091292083
2       34.39566656250
4       34.39566657917
1       34.39566670000
2       34.39572817917
2       34.39573286667
2       47.07416489167
4       47.07416491250
1       47.07416503333
2       47.07534250417
4       47.07534252083
1       47.07534264167
2       47.07862067500
4       47.07862069583
1       47.07862081250
2       47.08494597917
4       47.08494600000
1       47.08494612083
2       47.08643092500
4       47.08643094583
1       47.08643106667
2       47.08784320417
4       47.08784322500
1       47.08784334167
2       47.08960806667
4       47.08960806667
1       47.08960820417
2       47.09098039583
4       47.09098041667
1       47.09098053750
2       47.09383514167
4       47.09383516250
1       47.09383528333
2       47.09473747083
4       47.09473749167
1       47.09473761250
2       47.09614878750
4       47.09614880833
1       47.09614892500
2       47.09726400417
4       47.09726402500
1       47.09726414583
2       47.09906763333
4       47.09906765000
1       47.09906777083
2       47.10089505833
4       47.10089507917
1       47.10089520000
2       47.10208173333
4       47.10208175417
1       47.10208187500
2       47.10320267083
4       47.10320269167
1       47.10320281250
2       47.10411387500
4       47.10411389583
1       47.10411401667
2       47.10439770833
4       47.10439772917
1       47.10439785000
2       47.10627219167
4       47.10627220833
1       47.10627232917
2       47.10630157083
2       47.10713593333
4       47.10713595417
1       47.10713607500
2       47.10854210833
4       47.10854212917
1       47.10854224583
2       47.10902955833
4       47.10902957500
1       47.10902969583
2       47.10965500833
4       47.10965502500
1       47.10965514583
2       47.10971234167
2       47.10998187083
4       47.10998189167
1       47.10998200833
2       47.11093415833
4       47.11093415833
1       47.11093429583
2       47.11145052917
4       47.11145055000
1       47.11145066667
2       47.11219555417
4       47.11219557083
1       47.11219569167
2       47.11291027917
4       47.11291030000
1       47.11291042083
2       47.11303181250
2       47.11338425833
4       47.11338427500
1       47.11338439583
2       47.11349460417
2       47.11369604583
4       47.11369606667
1       47.11369618750
2       47.11401302500
4       47.11401302500
1       47.11401316250
2       47.11462534167
4       47.11462536250
1       47.11462548333
2       47.11568887500
4       47.11568887500
1       47.11568901250
2       47.11595793333
4       47.11595795417
1       47.11595807083
2       47.11638162500
4       47.11638164583
1       47.11638176667
2       47.11713879167
4       47.11713881250
1       47.11713893333
2       47.11742692500
4       47.11742692500
1       47.11742706250
2       47.11789827083
4       47.11789829167
1       47.11789840833
2       47.11943445417
4       47.11943447500
1       47.11943459583
2       47.11957086667
2       47.11959851250
2       47.12015728333
4       47.12015730417
1       47.12015742500
2       47.12032189583
2       47.12035561667
2       47.12105921250
4       47.12105923333
1       47.12105935000
2       47.12209697083
4       47.12209698750
1       47.12209710833
2       47.12210748333
2       47.12295812917
4       47.12295815000
1       47.12295827083
2       47.12331712917
4       47.12331714583
1       47.12331726667
2       47.12354175000
2       47.12357190000
4       47.12357191667
1       47.12357203750
2       47.12362784583
2       47.12377093750
2       47.12379747083
4       47.12379748750
1       47.12379760833
2       47.12408063333
4       47.12408065000
1       47.12408077083
2       47.12458677500
4       47.12458677500
1       47.12458691250
2       47.12462652917
2       47.12490903333
4       47.12490905417
1       47.12490917500
2       47.12546687083
4       47.12546689167
1       47.12546701250
2       47.12557515833
2       47.12614185000
4       47.12614186667
1       47.12614198750
2       47.12658901250
4       47.12658903333
1       47.12658915417
2       47.12670786667
2       47.12673244167
2       47.12677419167
2       47.12678284167
2       47.12693551250
4       47.12693553333
1       47.12693565000
2       47.12698841667
2       47.12711069167
2       47.12754501250
4       47.12754502917
1       47.12754515000
2       47.12767909583
2       47.12772776250
2       47.12794941250
4       47.12794943333
1       47.12794955417
2       47.12800899583
2       47.12818950833
4       47.12818952500
1       47.12818964583
2       47.12827070833
2       47.12870988750
4       47.12870988750
1       47.12871002500
2       47.12873169167
2       47.12873602083
2       47.12878510417
2       47.12886417917
2       47.12889440000
2       47.12905602500
4       47.12905604583
1       47.12905616250
2       47.12911829583
2       47.12922887917
2       47.12940283750
4       47.12940285833
1       47.12940297917
2       47.12948958750
2       47.12962267083
4       47.12962269167
1       47.12962281250
2       47.12965357917
2       47.12986485833
4       47.12986487500
1       47.12986499583
2       47.12995690000
2       47.12995729167
2       47.13021930000
4       47.13021932083
1       47.13021944167
2       47.13030505417
2       47.13049687083
4       47.13049688750
1       47.13049700833
2       47.13054097917
2       47.13061505417
2       47.13069755833
4       47.13069757917
1       47.13069770000
2       47.13074792917
2       47.13080230417
2       47.13081633750
2       47.13101387500
4       47.13101389583
1       47.13101401250
2       47.13121301667
2       47.13145867500
4       47.13145869583
1       47.13145881667
2       47.13161442917
2       47.13170150417
4       47.13170152500
1       47.13170164583
2       47.13223013333
4       47.13223015417
1       47.13223027500
2       47.13224505000
2       47.13240203750
2       47.13246302083
4       47.13246304167
1       47.13246316250
2       47.13251310000
2       47.13261637917
2       47.13273299167
4       47.13273300833
1       47.13273312917
2       47.13287835833
2       47.13294034583
4       47.13294036667
1       47.13294048750
2       47.13294929583
2       47.13297313333
2       47.13320528333
4       47.13320530000
1       47.13320542083
2       47.13334568750
2       47.13338619167
4       47.13338620833
1       47.13338632917
2       47.13345897917
2       47.13349242083
2       47.13356470833
2       47.13357565833
4       47.13357567500
1       47.13357579583
2       47.13361968750
2       47.13372832500
2       47.13386775833
4       47.13386777917
1       47.13386789583
2       47.13388565417
2       47.13390254167
2       47.13391219583
2       47.13399697917
2       47.13412176667
4       47.13412176667
1       47.13412190417
2       47.13412212500
2       47.13420158333
2       47.13421416250
2       47.13423271250
2       47.13424129167
2       47.13430301250
2       47.13438577500
4       47.13438579583
1       47.13438591667
2       47.13438607500
2       47.13446160833
2       47.13446431250
2       47.13450602083
2       47.13458315417
4       47.13458317083
1       47.13458329167
2       47.13459447917
2       47.13462557917
2       47.13481145833
4       47.13481145833
1       47.13481159583
2       47.13489550833
2       47.13490414583
2       47.13494656667
2       47.13516881667
4       47.13516881667
1       47.13516895417
2       47.13530690000
2       47.13532685000
2       47.13549776250
4       47.13549778333
1       47.13549790417
2       47.13556692083
2       47.13562463750
2       47.13565807500
2       47.13575644583
4       47.13575644583
1       47.13575658333
2       47.13577765000
2       47.13585984167
2       47.13614792083
4       47.13614793750
1       47.13614805833
2       47.13651561667
4       47.13651561667
1       47.13651575417
2       47.13660697500
2       47.13667621250
2       47.13700685833
4       47.13700687500
1       47.13700699583
2       47.13717641250
2       47.13720681667
4       47.13720681667
1       47.13720695417
2       47.13720719167
2       47.13722642500
2       47.13742479167
4       47.13742481250
1       47.13742492917
2       47.13751322500
2       47.13754936250
2       47.13762252500
4       47.13762254583
1       47.13762266250
2       47.13763052917
2       47.13765170833
2       47.13771228333
2       47.13778781250
2       47.13787033333
4       47.13787035000
1       47.13787047083
2       47.13791309167
2       47.13794354167
2       47.13832904167
4       47.13832905833
1       47.13832917917
2       47.13840295000
2       47.13840652917
2       47.13845292083
2       47.13848837083
2       47.13864374583
4       47.13864374583
1       47.13864388333
2       47.13875897917
2       47.13883853750
2       47.13885834583
4       47.13885836667
1       47.13885848750
2       47.13887225000
2       47.13897690417
2       47.13898518333
2       47.13901268333
2       47.13901770000
2       47.13902094583
2       47.13904154167
4       47.13904156250
1       47.13904167917
2       47.13904752917
2       47.13915192917
2       47.13916170000
2       47.13916608333
2       47.13924951250
2       47.13926081667
2       47.13928002917
4       47.13928004583
1       47.13928016667
2       47.13931550417
2       47.13952209167
4       47.13952211250
1       47.13952222917
2       47.13960194167
2       47.13981393333
4       47.13981395000
1       47.13981407083
2       47.13982625000
2       47.13987919167
2       47.13992255000
2       47.14004642500
4       47.14004642500
1       47.14004656250
2       47.14016742917
2       47.14028559583
4       47.14028561667
1       47.14028573750
2       47.14038041667
2       47.14050819167
4       47.14050821250
1       47.14050833333
2       47.14057743333
2       47.14061724583
2       47.14076155833
4       47.14076157917
1       47.14076170000
2       47.14084143750
2       47.14090231250
2       47.14090628750
2       47.14113067500
4       47.14113069583
1       47.14113081667
2       47.14116630000
2       47.14121072917
2       47.14128532500
2       47.14136970417
4       47.14136972083
1       47.14136984167
2       47.14139752500
2       47.14142671250
2       47.14153763750
4       47.14153763750
1       47.14153777500
2       47.14157809583
2       47.14161390417
2       47.14165196250
2       47.14177947500
4       47.14177949583
1       47.14177961667
2       47.14193879583
2       47.14196559583
4       47.14196561667
1       47.14196573750
2       47.14205908750
2       47.14216697917
4       47.14216699583
1       47.14216711667
2       47.14217759583
2       47.14225811250
2       47.14230543750
2       47.14231369583
2       47.14237802917
4       47.14237804583
1       47.14237816667
2       47.14254657083
4       47.14254659167
1       47.14254671250
2       47.14262910000
2       47.14263010417
2       47.14266380000
2       47.14281719167
4       47.14281720833
1       47.14281732917
2       47.14282320417
2       47.14285005000
2       47.14285689583
2       47.14292985833
2       47.14294970000
2       47.14304412083
4       47.14304413750
1       47.14304425833
2       47.14314839583
2       47.14323257917
2       47.14328290000
4       47.14328292083
1       47.14328303750
2       47.14354453750
4       47.14354453750
1       47.14354467500
2       47.14368633333
2       47.14387415417
4       47.14387417500
1       47.14387429583
2       47.14396853333
2       47.14407724583
4       47.14407724583
1       47.14407738333
2       47.14416596250
2       47.14417260417
2       47.14417818333
2       47.14427886667
2       47.14440042500
4       47.14440042500
1       47.14440056250
2       47.14448855417
2       47.14451842917
2       47.14453365833
2       47.14459589583
4       47.14459589583
1       47.14459603333
2       47.14463072917
2       47.14464890833
2       47.14465612083
2       47.14476615833
2       47.14497385833
4       47.14497385833
1       47.14497399583
2       47.14512592083
2       47.14524505417
4       47.14524507500
1       47.14524519583
2       47.14524771250
2       47.14528547083
2       47.14530740833
2       47.14532232500
2       47.14539245417
2       47.14539277083
2       47.14539782500
2       47.14542895000
2       47.14544979583
4       47.14544979583
1       47.14544993333
2       47.14545446250
2       47.14547032917
2       47.14555608750
2       47.14559619167
2       47.14562892083
2       47.14567673333
4       47.14567675000
1       47.14567687083
2       47.14569849167
2       47.14572205417
2       47.14578657917
2       47.14584067917
2       47.14589591250
4       47.14589592917
1       47.14589605000
2       47.14593768333
2       47.14596119583
2       47.14596474583
2       47.14597542917
2       47.14599895417
2       47.14604931667
2       47.14605129583
2       47.14611592083
4       47.14611594167
1       47.14611606250
2       47.14619369167
2       47.14622388750
2       47.14626093750
2       47.14627946250
2       47.14637027917
4       47.14637030000
1       47.14637041667
2       47.14638444167
2       47.14641434167
2       47.14641992083
2       47.14643673750
2       47.14656491667
4       47.14656493750
1       47.14656505833
2       47.14658984583
2       47.14668201250
2       47.14675219167
4       47.14675220833
1       47.14675232917
2       47.14681637083
2       47.14687307083
2       47.14687806250
2       47.14693439167
4       47.14693441250
1       47.14693453333
2       47.14700357917
2       47.14700390833
2       47.14701222917
2       47.14702013750
2       47.14716490417
4       47.14716492083
1       47.14716504167
2       47.14721463750
2       47.14727780417
2       47.14733208750
4       47.14733208750
1       47.14733222500
2       47.14755705417
4       47.14755707500
1       47.14755719167
2       47.14758129167
2       47.14760937083
2       47.14774982083
4       47.14774983750
1       47.14774995833
2       47.14776508750
2       47.14780912917
2       47.14787567083
2       47.14787765833
2       47.14798932500
4       47.14798934583
1       47.14798946250
2       47.14799522917
2       47.14799794167
2       47.14808531250
2       47.14814195833
2       47.14829337500
4       47.14829337500
1       47.14829351250
2       47.14834957917
2       47.14836261667
2       47.14837683333
2       47.14843579583
2       47.14852392500
4       47.14852392500
1       47.14852406250
2       47.14853255417
2       47.14853485833
2       47.14865570417
2       47.14873749583
4       47.14873749583
1       47.14873763333
2       47.14882001667
2       47.14884057917
2       47.14884127500
2       47.14884884167
2       47.14888069583
2       47.14891609583
4       47.14891609583
1       47.14891623333
2       47.14891997917
2       47.14893265000
2       47.14893964167
2       47.14896014167
2       47.14913602500
4       47.14913602500
1       47.14913616250
2       47.14923268333
2       47.14924302500
2       47.14927445417
2       47.14931455417
4       47.14931457083
1       47.14931469167
2       47.14933541250
2       47.14936687917
2       47.14948412917
2       47.14950973333
4       47.14950975000
1       47.14950987083
2       47.14963982917
2       47.14965008750
2       47.14972362917
4       47.14972364583
1       47.14972376667
2       47.14980782500
2       47.14984121250
2       47.14988029583
2       47.14994785833
4       47.14994787917
1       47.14994799583
2       47.15001908750
2       47.15003535417
2       47.15004648750
2       47.15005481667
2       47.15006311667
2       47.15013863750
4       47.15013865833
1       47.15013877917
2       47.15017675000
2       47.15019728333
2       47.15020856250
2       47.15022710833
2       47.15026882500
2       47.15038210000
4       47.15038211667
1       47.15038223750
2       47.15060235833
4       47.15060237917
1       47.15060249583
2       47.15067554167
2       47.15068382917
2       47.15070703750
2       47.15076934583
2       47.15089148333
4       47.15089150000
1       47.15089162083
2       47.15091507083
2       47.15093530833
2       47.15108422917
4       47.15108424583
1       47.15108436667
2       47.15114359583
2       47.15118569167
2       47.15122507917
2       47.15124987083
2       47.15125212917
2       47.15126515000
2       47.15131120000
4       47.15131122083
1       47.15131134167
2       47.15135124167
2       47.15139101250
2       47.15162983333
4       47.15162985000
1       47.15162997083
2       47.15173879167
2       47.15176502083
2       47.15180370833
2       47.15180834583
2       47.15181664583
4       47.15181664583
1       47.15181678333
2       47.15196102917
2       47.15199651667
4       47.15199653750
1       47.15199665833
2       47.15203261667
2       47.15203568333
2       47.15206010833
2       47.15221277917
4       47.15221280000
1       47.15221292083
2       47.15233272500
2       47.15234530000
2       47.15240230833
4       47.15240232500
1       47.15240244583
2       47.15247279583
2       47.15249003333
2       47.15252389583
2       47.15256161667
2       47.15261160417
4       47.15261162083
1       47.15261174167
2       47.15271823333
2       47.15275938333
2       47.15277090000
2       47.15279175417
4       47.15279177083
1       47.15279189167
2       47.15280204167
2       47.15280441250
2       47.15280743750
2       47.15285470417
2       47.15286492083
2       47.15293456250
2       47.15295775000
2       47.15299980417
4       47.15299982500
1       47.15299994583
2       47.15307334583
2       47.15323033750
4       47.15323035833
1       47.15323047917
2       47.15323104167
2       47.15331178333
2       47.15332405417
2       47.15348998333
4       47.15349000417
1       47.15349012500
2       47.15367980000
4       47.15367982083
1       47.15367994167
2       47.15371458333
2       47.15376492500
2       47.15378484583
2       47.15379204167
2       47.15380774583
2       47.15387192500
4       47.15387194167
1       47.15387206250
2       47.15394113750
2       47.15418533750
4       47.15418535833
1       47.15418547917
2       47.15424953333
2       47.15433093333
2       47.15438167917
4       47.15438169583
1       47.15438181667
2       47.15443636250
2       47.15451976667
2       47.15452644583
2       47.15460783750
4       47.15460785833
1       47.15460797917
2       47.15466488750
2       47.15476522917
2       47.15479040000
4       47.15479042083
1       47.15479054167
2       47.15490204167
2       47.15491068750
2       47.15493515417
2       47.15493711667
2       47.15494342500
2       47.15509915417
4       47.15509917500
1       47.15509929583
2       47.15517196250
2       47.15519119583
2       47.15531635417
4       47.15531637083
1       47.15531649167
2       47.15534423750
2       47.15535257917
2       47.15535445833
2       47.15549526667
4       47.15549526667
1       47.15549540417
2       47.15550424167
2       47.15555227083
2       47.15564199583
2       47.15578977917
4       47.15578980000
1       47.15578992083
2       47.15585503333
2       47.15588777917
2       47.15589802500
2       47.15593381250
2       47.15595335833
2       47.15600735417
4       47.15600737083
1       47.15600749167
2       47.15601095417
2       47.15604908750
2       47.15615373750
2       47.15620174583
2       47.15639091250
4       47.15639092917
1       47.15639105000
2       47.15646015833
2       47.15653236667
2       47.15654824583
2       47.15658435000
4       47.15658437083
1       47.15658449167
2       47.15658565833
2       47.15670128333
2       47.15674799167
2       47.15684836250
4       47.15684837917
1       47.15684850000
2       47.15685824583
2       47.15717396667
4       47.15717398750
1       47.15717410833
2       47.15738061667
4       47.15738063750
1       47.15738075417
2       47.15743094167
2       47.15746080000
2       47.15754857083
2       47.15764727500
4       47.15764729583
1       47.15764741250
2       47.15773099167
2       47.15777444583
2       47.15777740833
2       47.15778104583
2       47.15791952083
4       47.15791953750
1       47.15791965833
2       47.15793640833
2       47.15796857917
2       47.15819122500
4       47.15819124583
1       47.15819136667
2       47.15828022500
2       47.15851892083
4       47.15851894167
1       47.15851906250
2       47.15857438333
2       47.15868298750
2       47.15872078750
4       47.15872078750
1       47.15872092500
2       47.15884033333
2       47.15886423333
2       47.15896385417
4       47.15896387500
1       47.15896399583
2       47.15898113333
2       47.15907515000
2       47.15935440417
4       47.15935442083
1       47.15935454167
2       47.15941045417
2       47.15941106667
2       47.15942555417
2       47.15944447500
2       47.15946173750
2       47.15952200000
2       47.15960326250
4       47.15960327917
1       47.15960340000
2       47.15967206250
2       47.15974820417
2       47.15975289167
2       47.15975682500
2       47.15981646250
4       47.15981648333
1       47.15981660417
2       47.15983376667
2       47.15986777500
2       47.15994167917
2       47.15997474583
2       47.15997907083
2       47.15999633750
2       47.16004003750
4       47.16004003750
1       47.16004017500
2       47.16006285833
2       47.16009865000
2       47.16014106250
2       47.16014874583
2       47.16018243333
2       47.16023318333
2       47.16029140833
4       47.16029142917
1       47.16029155000
2       47.16057265000
4       47.16057267083
1       47.16057279167
2       47.16060645000
2       47.16062928333
2       47.16072800000
2       47.16077170000
2       47.16080349583
4       47.16080351667
1       47.16080363750
2       47.16082577500
2       47.16086012917
2       47.16086022917
2       47.16108907500
4       47.16108907500
1       47.16108921250
2       47.16117015000
2       47.16125000417
2       47.16125174167
2       47.16127516667
4       47.16127516667
1       47.16127530417
2       47.16138017917
2       47.16153320833
4       47.16153322917
1       47.16153335000
2       47.16159691667
2       47.16159990000
2       47.16165708750
2       47.16171975833
4       47.16171977500
1       47.16171989583
2       47.16176209583
2       47.16177001667
2       47.16183996250
2       47.16185852917
2       47.16186012917
2       47.16186046667
2       47.16187701667
2       47.16192571667
4       47.16192573750
1       47.16192585833
2       47.16202804167
2       47.16235601667
4       47.16235603750
1       47.16235615833
2       47.16235962917
2       47.16237220000
2       47.16252326250
2       47.16272035000
4       47.16272036667
1       47.16272048750
2       47.16277893750
2       47.16294488333
4       47.16294490000
1       47.16294502083
2       47.16297346250
2       47.16298463750
2       47.16304526250
2       47.16309593750
2       47.16327815833
4       47.16327817917
1       47.16327830000
2       47.16328907500
2       47.16329106667
2       47.16332250417
2       47.16333673750
2       47.16335831250
2       47.16336029167
2       47.16368521667
4       47.16368521667
1       47.16368535417
2       47.16383859583
2       47.16384425000
2       47.16395979583
4       47.16395979583
1       47.16395993333
2       47.16399160833
2       47.16402469167
2       47.16414065833
2       47.16426816250
4       47.16426818333
1       47.16426830417
2       47.16431690833
2       47.16435195833
2       47.16435824167
2       47.16455834167
4       47.16455836250
1       47.16455847917
2       47.16458652917
2       47.16472560000
2       47.16511937083
4       47.16511938750
1       47.16511950833
2       47.16513238750
2       47.16517907917
2       47.16523213750
2       47.16526612500
2       47.16528932500
2       47.16529035417
2       47.16539625417
4       47.16539627500
1       47.16539639583
2       47.16541321250
2       47.16543245417
2       47.16552226667
2       47.16557054167
2       47.16569837083
4       47.16569839167
1       47.16569851250
2       47.16570503750
2       47.16581007917
2       47.16583554583
2       47.16589151250
2       47.16593262917
4       47.16593264583
1       47.16593276667
2       47.16594593750
2       47.16595779583
2       47.16595876250
2       47.16605513750
2       47.16610943750
2       47.16618903333
4       47.16618905000
1       47.16618917083
2       47.16622049167
2       47.16623170417
2       47.16624997500
2       47.16630453333
2       47.16634992500
4       47.16634994583
1       47.16635006667
2       47.16640721250
2       47.16647446667
2       47.16649171667
2       47.16655800417
4       47.16655802500
1       47.16655814167
2       47.16656687500
2       47.16659799583
2       47.16663483333
2       47.16673250417
2       47.16687292083
4       47.16687293750
1       47.16687305833
2       47.16695043333
2       47.16708060417
4       47.16708062083
1       47.16708074167
2       47.16712009167
2       47.16714552917
2       47.16717738333
2       47.16722732917
2       47.16732409583
4       47.16732411667
1       47.16732423333
2       47.16736586250
2       47.16738640417
2       47.16741809167
2       47.16746254167
2       47.16748103333
2       47.16750820417
4       47.16750822500
1       47.16750834583
2       47.16755658333
2       47.16761159167
2       47.16770330833
4       47.16770332917
1       47.16770345000
2       47.16774574583
2       47.16774736667
2       47.16784769583
2       47.16816938333
4       47.16816940000
1       47.16816952083
2       47.16827197500
2       47.16844431667
4       47.16844431667
1       47.16844445417
2       47.16850685417
2       47.16867680000
4       47.16867682083
1       47.16867694167
2       47.16873511250
2       47.16881994583
2       47.16892197917
4       47.16892200000
1       47.16892212083
2       47.16895962083
2       47.16899507917
2       47.16901001250
2       47.16903986667
2       47.16918389583
4       47.16918391667
1       47.16918403750
2       47.16928600000
2       47.16949063333
4       47.16949065000
1       47.16949077083
2       47.16956220833
2       47.16963504583
2       47.16977548333
4       47.16977550000
1       47.16977562083
2       47.16986358750
2       47.16996252083
4       47.16996253750
1       47.16996265833
2       47.16999770833
2       47.17001227917
2       47.17005239583
2       47.17009020833
2       47.17009210833
2       47.17013687500
2       47.17026273333
4       47.17026275417
1       47.17026287083
2       47.17026435000
2       47.17028757917
2       47.17030807917
2       47.17048430833
4       47.17048432917
1       47.17048445000
2       47.17085105833
4       47.17085107917
1       47.17085120000
2       47.17091491667
2       47.17092122917
2       47.17100234167
2       47.17116002500
4       47.17116004583
1       47.17116016250
2       47.17121502917
2       47.17123518750
2       47.17126108333
2       47.17126863750
2       47.17127292500
2       47.17133157083
2       47.17138227500
4       47.17138227500
1       47.17138241250
2       47.17139685417
2       47.17153600417
2       47.17160522917
4       47.17160524583
1       47.17160536667
2       47.17166314167
2       47.17166583333
2       47.17168201667
2       47.17174927083
2       47.17180591667
4       47.17180593750
1       47.17180605833
2       47.17195066667
2       47.17196752917
2       47.17204471250
4       47.17204473333
1       47.17204485000
2       47.17204512500
2       47.17217882917
2       47.17223421250
2       47.17230075000
4       47.17230077083
1       47.17230089167
2       47.17235543333
2       47.17235734167
2       47.17236999583
2       47.17239910417
2       47.17241168333
2       47.17241868333
2       47.17243527083
2       47.17246871250
2       47.17258199583
4       47.17258201667
1       47.17258213750
2       47.17268376250
2       47.17310038750
4       47.17310038750
1       47.17310052500
2       47.17316890000
2       47.17318344167
2       47.17323378750
2       47.17331041250
4       47.17331042917
1       47.17331055000
2       47.17331560417
2       47.17333192500
2       47.17334779583
2       47.17350476667
4       47.17350478750
1       47.17350490833
2       47.17366410833
2       47.17384462917
4       47.17384464583
1       47.17384476667
2       47.17387051250
2       47.17391222917
2       47.17394929583
2       47.17399959583
2       47.17400955417
4       47.17400957083
1       47.17400969167
2       47.17404177917
2       47.17418917083
2       47.17419077083
2       47.17423015000
4       47.17423017083
1       47.17423029167
2       47.17429112500
2       47.17430170833
2       47.17437687500
2       47.17451102500
4       47.17451104167
1       47.17451116250
2       47.17458690417
2       47.17474420833
4       47.17474422917
1       47.17474434583
2       47.17479263750
2       47.17482381667
2       47.17488229167
2       47.17490593333
2       47.17490692083
2       47.17490780833
2       47.17504596250
4       47.17504598333
1       47.17504610417
2       47.17506085833
2       47.17508615000
2       47.17514267083
2       47.17514667083
2       47.17521589583
2       47.17524933750
4       47.17524935833
1       47.17524947917
2       47.17525795417
2       47.17527160833
2       47.17529338333
2       47.17529375000
2       47.17535476250
2       47.17537521250
2       47.17538157917
2       47.17548522500
4       47.17548522500
1       47.17548536250
2       47.17578301250
4       47.17578302917
1       47.17578315000
2       47.17578625833
2       47.17582473333
2       47.17620485000
4       47.17620486667
1       47.17620498750
2       47.17625467083
2       47.17654218750
4       47.17654218750
1       47.17654232500
2       47.17664520417
2       47.17670615417
2       47.17671140833
2       47.17677432500
4       47.17677432500
1       47.17677446250
2       47.17684318750
2       47.17690286250
2       47.17694193750
2       47.17697601667
4       47.17697601667
1       47.17697615417
2       47.17698794167
2       47.17709295417
2       47.17744108333
4       47.17744110417
1       47.17744122083
2       47.17749633333
2       47.17751227083
2       47.17755235833
2       47.17760566667
2       47.17760936667
2       47.17795084583
4       47.17795086667
1       47.17795098750
2       47.17795290833
2       47.17812905417
4       47.17812907083
1       47.17812919167
2       47.17816480000
2       47.17831196250
2       47.17832605000
2       47.17833869583
2       47.17847390417
4       47.17847392500
1       47.17847404583
2       47.17857351667
2       47.17866164167
2       47.17871002083
4       47.17871003750
1       47.17871015833
2       47.17877032083
2       47.17882723333
2       47.17888985000
2       47.17890978333
2       47.17894483333
4       47.17894485000
1       47.17894497083
2       47.17897504583
2       47.17897769583
2       47.17903297500
2       47.17908527500
2       47.17916745417
4       47.17916747083
1       47.17916759167
2       47.17920054167
2       47.17925988750
2       47.17936788333
4       47.17936790000
1       47.17936802083
2       47.17937350833
2       47.17942349583
2       47.17943445000
2       47.17944600417
2       47.17956428333
4       47.17956430417
1       47.17956442500
2       47.17959108750
2       47.17961068750
2       47.17962296250
2       47.17971027500
2       47.17975117083
4       47.17975119167
1       47.17975131250
2       47.17978922083
2       47.17994258333
4       47.17994260000
1       47.17994272083
2       47.18014794583
4       47.18014796667
1       47.18014808750
2       47.18024329167
2       47.18028373333
2       47.18031420000
4       47.18031421667
1       47.18031433750
2       47.18032941667
2       47.18032971667
2       47.18047016667
2       47.18048836250
2       47.18062987083
4       47.18062989167
1       47.18063000833
2       47.18065373750
2       47.18097937083
4       47.18097939167
1       47.18097951250
2       47.18105078750
2       47.18106969167
2       47.18116996667
4       47.18116996667
1       47.18117010417
2       47.18134625417
2       47.18138203333
4       47.18138205000
1       47.18138217083
2       47.18149765833
2       47.18159609167
4       47.18159611250
1       47.18159623333
2       47.18185707917
4       47.18185710000
1       47.18185721667
2       47.18231310833
4       47.18231312917
1       47.18231324583
2       47.18234654167
2       47.18240752083
2       47.18257415833
4       47.18257417500
1       47.18257429583
2       47.18269475417
2       47.18274174167
2       47.18287988750
4       47.18287988750
1       47.18288002500
2       47.18300643333
2       47.18309745417
4       47.18309747083
1       47.18309759167
2       47.18314768750
2       47.18318824167
2       47.18318894167
2       47.18334091250
4       47.18334093333
1       47.18334105000
2       47.18341050833
2       47.18347108333
2       47.18349367083
2       47.18351822500
4       47.18351824583
1       47.18351836667
2       47.18361153333
2       47.18372053333
4       47.18372055417
1       47.18372067500
2       47.18381032083
2       47.18387395417
2       47.18400568333
4       47.18400570000
1       47.18400582083
2       47.18423855000
4       47.18423857083
1       47.18423869167
2       47.18431440833
2       47.18437467083
2       47.18441113333
2       47.18485726667
4       47.18485728750
1       47.18485740833
2       47.18491392083
2       47.18496961667
2       47.18497920417
2       47.18517593750
4       47.18517595833
1       47.18517607917
2       47.18531271250
2       47.18539024167
4       47.18539026250
1       47.18539038333
2       47.18549330833
2       47.18550818750
2       47.18570654167
4       47.18570655833
1       47.18570667917
2       47.18591224167
4       47.18591226250
1       47.18591238333
2       47.18605699583
2       47.18611665417
4       47.18611667500
1       47.18611679583
2       47.18614547083
2       47.18618715417
2       47.18623087083
2       47.18631731667
4       47.18631731667
1       47.18631745417
2       47.18658366667
4       47.18658368750
1       47.18658380833
2       47.18666697917
2       47.18669225833
2       47.18675088750
2       47.18680124583
4       47.18680126667
1       47.18680138750
2       47.18680159167
2       47.18682412500
2       47.18687045000
2       47.18689702083
2       47.18711533333
4       47.18711535000
1       47.18711547083
2       47.18711996250
2       47.18721854583
2       47.18735738333
4       47.18735740417
1       47.18735752083
2       47.18749387083
2       47.18754095833
4       47.18754097500
1       47.18754109583
2       47.18764454167
2       47.18766973750
2       47.18771570417
2       47.18780889583
4       47.18780891667
1       47.18780903750
2       47.18784271667
2       47.18794465417
2       47.18801344167
4       47.18801346250
1       47.18801358333
2       47.18806195417
2       47.18819602083
2       47.18823811250
4       47.18823812917
1       47.18823825000
2       47.18830498750
2       47.18836561250
2       47.18846865417
4       47.18846867083
1       47.18846879167
2       47.18858421250
2       47.18875810833
4       47.18875812917
1       47.18875825000
2       47.18907085000
4       47.18907086667
1       47.18907098750
2       47.18908299167
2       47.18916915833
2       47.18922817500
2       47.18934538750
4       47.18934540833
1       47.18934552500
2       47.18936856667
2       47.18937290833
2       47.18951334583
2       47.18962429583
4       47.18962431667
1       47.18962443750
2       47.18999036667
4       47.18999038750
1       47.18999050833
2       47.18999759167
2       47.19003834167
2       47.19012353333
2       47.19013442500
2       47.19014314167
2       47.19015493333
2       47.19019207083
4       47.19019209167
1       47.19019221250
2       47.19047429583
4       47.19047431667
1       47.19047443333
2       47.19056470417
2       47.19071731250
4       47.19071733333
1       47.19071745417
2       47.19097731250
4       47.19097733333
1       47.19097745417
2       47.19105525833
2       47.19129938750
4       47.19129938750
1       47.19129952500
2       47.19130232083
2       47.19146161667
2       47.19155405417
4       47.19155407500
1       47.19155419583
2       47.19157725417
2       47.19161464583
2       47.19161697083
2       47.19165866250
2       47.19170276250
2       47.19171774583
2       47.19186242917
4       47.19186245000
1       47.19186257083
2       47.19201580000
2       47.19208431250
4       47.19208433333
1       47.19208445417
2       47.19216450417
2       47.19231297500
4       47.19231299583
1       47.19231311667
2       47.19238838333
2       47.19243615417
2       47.19245168333
2       47.19249940417
2       47.19251168750
2       47.19253423333
4       47.19253425417
1       47.19253437500
2       47.19277202917
4       47.19277205000
1       47.19277217083
2       47.19279545833
2       47.19280404583
2       47.19288358333
2       47.19289256250
2       47.19294255417
2       47.19310813333
4       47.19310815000
1       47.19310827083
2       47.19313534167
2       47.19323600000
2       47.19325524583
2       47.19330986667
4       47.19330988750
1       47.19331000833
2       47.19334335833
2       47.19360535417
4       47.19360537083
1       47.19360549167
2       47.19363952500
2       47.19366596250
2       47.19371000000
2       47.19375572083
2       47.19378587083
4       47.19378589167
1       47.19378600833
2       47.19393431250
2       47.19403666667
4       47.19403668750
1       47.19403680833
2       47.19407300417
2       47.19416383333
2       47.19439867500
4       47.19439869583
1       47.19439881667
2       47.19452347917
2       47.19454999167
2       47.19465996250
4       47.19465997917
1       47.19466010000
2       47.19484452083
4       47.19484454167
1       47.19484466250
2       47.19501111250
2       47.19501865417
2       47.19503558333
4       47.19503560000
1       47.19503572083
2       47.19515514583
2       47.19516182083
2       47.19519162500
2       47.19526647500
4       47.19526649583
1       47.19526661667
2       47.19532473333
2       47.19536090417
2       47.19539895000
2       47.19571561667
4       47.19571563750
1       47.19571575417
2       47.19575104583
2       47.19586163750
2       47.19587724583
2       47.19601501250
4       47.19601503333
1       47.19601515417
2       47.19631513750
4       47.19631513750
1       47.19631527500
2       47.19646952083
2       47.19654330833
4       47.19654330833
1       47.19654344583
2       47.19662055000
2       47.19664396250
2       47.19672059167
2       47.19677180417
4       47.19677182083
1       47.19677194167
2       47.19690613750
2       47.19700903750
4       47.19700905833
1       47.19700917917
2       47.19706762917
2       47.19709282083
2       47.19715772917
2       47.19716072083
2       47.19722101667
4       47.19722101667
1       47.19722115417
2       47.19729419583
2       47.19738032083
2       47.19739254583
2       47.19742636250
4       47.19742638333
1       47.19742650417
2       47.19745814167
2       47.19750062083
2       47.19753335000
2       47.19782517083
4       47.19782519167
1       47.19782531250
2       47.19783149583
2       47.19784640000
2       47.19793984583
2       47.19799144583
2       47.19800769167
2       47.19829426667
4       47.19829426667
1       47.19829440417
2       47.19837830833
2       47.19855487083
4       47.19855488750
1       47.19855500833
2       47.19862605417
2       47.19872246667
2       47.19873215833
2       47.19873970417
2       47.19884671667
4       47.19884673750
1       47.19884685833
2       47.19912955417
4       47.19912957500
1       47.19912969583
2       47.19915775833
2       47.19925771667
2       47.19943957083
4       47.19943958750
1       47.19943970833
2       47.19964724167
4       47.19964725833
1       47.19964737917
2       47.19964760417
2       47.19971285833
2       47.19972707500
2       47.19999801667
4       47.19999803750
1       47.19999815833
2       47.20006260833
2       47.20011332083
2       47.20016797917
2       47.20017584583
2       47.20022620833
4       47.20022622917
1       47.20022634583
2       47.20025839167
2       47.20027625417
2       47.20046377500
4       47.20046379167
1       47.20046391250
2       47.20051966667
2       47.20070885417
4       47.20070887500
1       47.20070899583
2       47.20092713750
4       47.20092715833
1       47.20092727917
2       47.20119847083
4       47.20119849167
1       47.20119860833
2       47.20127294167
2       47.20131932083
2       47.20134018333
2       47.20140276250
4       47.20140277917
1       47.20140290000
2       47.20146310833
2       47.20148330000
2       47.20153724583
2       47.20162303333
4       47.20162305000
1       47.20162317083
2       47.20180560417
4       47.20180562500
1       47.20180574583
2       47.20216427500
4       47.20216427500
1       47.20216441250
2       47.20223746667
2       47.20234444583
4       47.20234446667
1       47.20234458333
2       47.20263000833
4       47.20263000833
1       47.20263014583
2       47.20269731667
2       47.20285887083
4       47.20285889167
1       47.20285901250
2       47.20287510833
2       47.20301190000
2       47.20333715417
4       47.20333717500
1       47.20333729167
2       47.20341898750
2       47.20350942917
4       47.20350945000
1       47.20350957083
2       47.20369087083
4       47.20369089167
1       47.20369101250
2       47.20379925000
2       47.20398667500
4       47.20398667500
1       47.20398681250
2       47.20400161667
2       47.20400859167
2       47.20410261250
2       47.20413772083
2       47.20418368750
4       47.20418368750
1       47.20418382500
2       47.20424307500
2       47.20430364583
2       47.20431195000
2       47.20435565000
4       47.20435567083
1       47.20435578750
2       47.20437917917
2       47.20446800417
2       47.20451297083
2       47.20455740000
4       47.20455741667
1       47.20455753750
2       47.20467661250
2       47.20475877500
4       47.20475877500
1       47.20475891250
2       47.20480517500
2       47.20502180417
4       47.20502182083
1       47.20502194167
2       47.20518206667
2       47.20522785417
4       47.20522787500
1       47.20522799583
2       47.20525857500
2       47.20527839583
2       47.20531925000
2       47.20532513750
2       47.20537913750
2       47.20539477917
2       47.20548218333
4       47.20548220000
1       47.20548232083
2       47.20554578333
2       47.20560443333
2       47.20566659167
4       47.20566660833
1       47.20566672917
2       47.20570279167
2       47.20579018750
2       47.20583659167
2       47.20583730000
2       47.20586283333
4       47.20586285000
1       47.20586297083
2       47.20607610000
4       47.20607611667
1       47.20607623750
2       47.20608400833
2       47.20610162083
2       47.20624330417
2       47.20631022500
4       47.20631024167
1       47.20631036250
2       47.20650041667
2       47.20674050000
4       47.20674051667
1       47.20674063750
2       47.20720656667
4       47.20720656667
1       47.20720670417
2       47.20729431667
2       47.20732376667
2       47.20746355417
4       47.20746357500
1       47.20746369167
2       47.20751693333
2       47.20752286250
2       47.20754673750
2       47.20755002917
2       47.20772727083
4       47.20772729167
1       47.20772741250
2       47.20790048333
2       47.20793627500
4       47.20793629583
1       47.20793641250
2       47.20802202083
2       47.20811477083
2       47.20820095833
4       47.20820097500
1       47.20820109583
2       47.20826118750
2       47.20831549167
2       47.20833001667
2       47.20850626667
4       47.20850628750
1       47.20850640833
2       47.20857189167
2       47.20862982917
2       47.20863681250
2       47.20885870833
4       47.20885872917
1       47.20885885000
2       47.20890146667
2       47.20904753333
4       47.20904755417
1       47.20904767500
2       47.20909190417
2       47.20923397917
4       47.20923400000
1       47.20923412083
2       47.20930760417
2       47.20935793333
2       47.20945534167
4       47.20945536250
1       47.20945548333
2       47.20952975833
2       47.20954269583
2       47.20966885833
4       47.20966887917
1       47.20966899583
2       47.20969767917
2       47.20969969167
2       47.20979210833
2       47.21009420417
4       47.21009422500
1       47.21009434583
2       47.21025485417
2       47.21030189583
4       47.21030189583
1       47.21030203333
2       47.21052132917
4       47.21052134583
1       47.21052146667
2       47.21073808750
4       47.21073810833
1       47.21073822917
2       47.21078551250
2       47.21090838333
4       47.21090840417
1       47.21090852500
2       47.21094939167
2       47.21097095000
2       47.21106963750
2       47.21112396250
4       47.21112398333
1       47.21112410417
2       47.21117199167
2       47.21117432917
2       47.21126642917
2       47.21138228333
4       47.21138230000
1       47.21138242083
2       47.21141482500
2       47.21149632083
2       47.21154563333
2       47.21154735000
2       47.21170461667
4       47.21170461667
1       47.21170475417
2       47.21172326250
2       47.21173815000
2       47.21186624167
2       47.21189376250
4       47.21189377917
1       47.21189390000
2       47.21195040000
2       47.21198356667
2       47.21212464167
4       47.21212466250
1       47.21212478333
2       47.21213486250
2       47.21214259583
2       47.21219382500
2       47.21227101250
2       47.21230712917
4       47.21230714583
1       47.21230726667
2       47.21243563750
2       47.21258042500
4       47.21258042500
1       47.21258056250
2       47.21270327083
2       47.21282679167
4       47.21282681250
1       47.21282692917
2       47.21293372083
2       47.21303644583
4       47.21303646667
1       47.21303658750
2       47.21304077917
2       47.21311629583
2       47.21326339583
4       47.21326339583
1       47.21326353333
2       47.21341605417
2       47.21356714167
4       47.21356715833
1       47.21356727917
2       47.21356883333
2       47.21363508333
2       47.21373701250
2       47.21381451667
4       47.21381453750
1       47.21381465833
2       47.21386917500
2       47.21404806250
4       47.21404807917
1       47.21404820000
2       47.21440213333
4       47.21440215000
1       47.21440227083
2       47.21452560833
2       47.21465423333
4       47.21465425417
1       47.21465437083
2       47.21496695000
4       47.21496696667
1       47.21496708750
2       47.21496819583
2       47.21504713750
2       47.21511090000
2       47.21525578333
4       47.21525580417
1       47.21525592500
2       47.21531041667
2       47.21538959167
2       47.21547937500
4       47.21547937500
1       47.21547951250
2       47.21550080417
2       47.21550844583
2       47.21555848750
2       47.21562702083
2       47.21567495000
4       47.21567497083
1       47.21567509167
2       47.21573795833
2       47.21580090417
2       47.21583433333
2       47.21586385417
4       47.21586387500
1       47.21586399583
2       47.21593208750
2       47.21600625417
2       47.21602316250
2       47.21610065000
4       47.21610066667
1       47.21610078750
2       47.21616159583
2       47.21634405000
4       47.21634407083
1       47.21634419167
2       47.21636043333
2       47.21638781667
2       47.21647628333
2       47.21649120833
2       47.21649612083
2       47.21651398750
4       47.21651400833
1       47.21651412917
2       47.21679490417
4       47.21679492083
1       47.21679504167
2       47.21684099583
2       47.21703307500
4       47.21703307500
1       47.21703321250
2       47.21728415833
4       47.21728417917
1       47.21728430000
2       47.21731062917
2       47.21734379583
2       47.21742623750
2       47.21742889583
2       47.21756271250
4       47.21756272917
1       47.21756285000
2       47.21773029583
2       47.21780620833
4       47.21780620833
1       47.21780634583
2       47.21782537500
2       47.21790890833
2       47.21792144583
2       47.21795917083
2       47.21800125833
4       47.21800127917
1       47.21800140000
2       47.21809141250
2       47.21820463750
4       47.21820465833
1       47.21820477917
2       47.21826893333
2       47.21827556250
2       47.21836162917
2       47.21854277500
4       47.21854279167
1       47.21854291250
2       47.21864155833
2       47.21873100417
4       47.21873102500
1       47.21873114167
2       47.21880612083
2       47.21891974167
4       47.21891975833
1       47.21891987917
2       47.21894053750
2       47.21896380000
2       47.21905155833
2       47.21911227917
4       47.21911230000
1       47.21911242083
2       47.21927523750
2       47.21927620833
2       47.21932018750
4       47.21932020833
1       47.21932032917
2       47.21952261667
4       47.21952263750
1       47.21952275833
2       47.21952925417
2       47.21955502500
2       47.21955934167
2       47.21958125833
2       47.21963589167
2       47.21964942500
2       47.21979720833
4       47.21979720833
1       47.21979734583
2       47.21980082500
2       47.21980420417
2       47.21980476667
2       47.21993265000
2       47.21998764167
4       47.21998765833
1       47.21998777917
2       47.22003398750
2       47.22020231250
4       47.22020232917
1       47.22020245000
2       47.22024540417
2       47.22026183750
2       47.22037352083
4       47.22037354167
1       47.22037366250
2       47.22041396250
2       47.22065872500
4       47.22065872500
1       47.22065886250
2       47.22067129583
2       47.22067291667
2       47.22071929583
2       47.22102930833
4       47.22102932500
1       47.22102944583
2       47.22144863333
4       47.22144865000
1       47.22144877083
2       47.22152215000
2       47.22152449583
2       47.22169116667
4       47.22169118750
1       47.22169130417
2       47.22177235417
2       47.22185375000
2       47.22193599583
4       47.22193599583
1       47.22193613333
2       47.22198797083
2       47.22246386667
4       47.22246386667
1       47.22246400417
2       47.22251925833
2       47.22268281250
4       47.22268283333
1       47.22268295417
2       47.22280111667
2       47.22285043750
2       47.22285313750
2       47.22287291667
4       47.22287291667
1       47.22287305417
2       47.22299594167
2       47.22312571250
4       47.22312573333
1       47.22312585000
2       47.22332443333
2       47.22337839583
4       47.22337841667
1       47.22337853750
2       47.22338736667
2       47.22346883750
2       47.22347220000
2       47.22351091250
2       47.22352979167
2       47.22353140417
2       47.22360530417
4       47.22360532083
1       47.22360544167
2       47.22375434583
2       47.22379771250
4       47.22379772917
1       47.22379785000
2       47.22382952083
2       47.22383884167
2       47.22386132083
2       47.22394676250
2       47.22410610000
4       47.22410611667
1       47.22410623750
2       47.22414821667
2       47.22418825000
2       47.22423623750
2       47.22424523750
2       47.22428267083
4       47.22428268750
1       47.22428280833
2       47.22430748333
2       47.22431050417
2       47.22433067500
2       47.22433462917
2       47.22449662917
4       47.22449664583
1       47.22449676667
2       47.22462319583
2       47.22465196250
2       47.22484639167
4       47.22484640833
1       47.22484652917
2       47.22498282083
2       47.22515414167
4       47.22515415833
1       47.22515427917
2       47.22549865000
4       47.22549867083
1       47.22549879167
2       47.22552603333
2       47.22558901667
2       47.22575269583
4       47.22575269583
1       47.22575283333
2       47.22609153333
4       47.22609155000
1       47.22609167083
2       47.22626706667
2       47.22642378333
4       47.22642380417
1       47.22642392500
2       47.22671979167
4       47.22671980833
1       47.22671992917
2       47.22677046667
2       47.22680759583
2       47.22684371667
2       47.22689172500
2       47.22693579167
4       47.22693581250
1       47.22693593333
2       47.22701992917
2       47.22715545833
4       47.22715547917
1       47.22715560000
2       47.22717831667
2       47.22720442083
2       47.22727436667
2       47.22746941250
4       47.22746942917
1       47.22746955000
2       47.22747037500
2       47.22773411667
4       47.22773413750
1       47.22773425417
2       47.22783304167
2       47.22783977917
2       47.22799461667
4       47.22799461667
1       47.22799475417
2       47.22809375417
2       47.22826602500
4       47.22826604583
1       47.22826616667
2       47.22827162083
2       47.22827196250
2       47.22837766250
2       47.22841865000
2       47.22843919167
4       47.22843920833
1       47.22843932917
2       47.22847337083
2       47.22851067083
2       47.22854188333
2       47.22855447500
2       47.22855480417
2       47.22859395417
2       47.22871878333
4       47.22871880000
1       47.22871892083
2       47.22887380833
2       47.22923213750
4       47.22923213750
1       47.22923227500
2       47.22928055000
2       47.22928290000
2       47.22944182917
4       47.22944184583
1       47.22944196667
2       47.22962004167
2       47.22966408750
4       47.22966410833
1       47.22966422917
2       47.22979661250
2       47.22998212083
4       47.22998214167
1       47.22998225833
2       47.22999110417
2       47.23015732500
4       47.23015732500
1       47.23015746250
2       47.23045707083
4       47.23045709167
1       47.23045721250
2       47.23072345000
4       47.23072346667
1       47.23072358750
2       47.23084292500
2       47.23093408333
4       47.23093410000
1       47.23093422083
2       47.23110132917
2       47.23113348333
2       47.23132217917
4       47.23132220000
1       47.23132232083
2       47.23132392083
2       47.23143021667
2       47.23152331667
4       47.23152333750
1       47.23152345833
2       47.23185987917
4       47.23185990000
1       47.23186002083
2       47.23190024167
2       47.23225661667
4       47.23225663750
1       47.23225675417
2       47.23228570833
2       47.23237257083
2       47.23240963333
2       47.23242057917
2       47.23303302083
4       47.23303304167
1       47.23303316250
2       47.23318170000
2       47.23332813333
4       47.23332815417
1       47.23332827500
2       47.23341029167
2       47.23356727500
4       47.23356729583
1       47.23356741667
2       47.23382300000
4       47.23382302083
1       47.23382314167
2       47.23395945833
2       47.23396969583
2       47.23402145417
2       47.23412349167
4       47.23412351250
1       47.23412362917
2       47.23421551667
2       47.23425756667
2       47.23441890833
4       47.23441892917
1       47.23441904583
2       47.23451764583
2       47.23452818333
2       47.23453009583
2       47.23462689583
2       47.23469835000
4       47.23469837083
1       47.23469849167
2       47.23473784583
2       47.23499751250
4       47.23499752917
1       47.23499765000
2       47.23500417500
2       47.23506902500
2       47.23512084583
2       47.23514457500
2       47.23518794583
4       47.23518796667
1       47.23518808750
2       47.23534736250
2       47.23537382500
4       47.23537384583
1       47.23537396667
2       47.23542975833
2       47.23551624167
2       47.23558287500
4       47.23558289583
1       47.23558301250
2       47.23558548333
2       47.23563945000
2       47.23567482917
2       47.23590479583
4       47.23590479583
1       47.23590493333
2       47.23592497083
2       47.23601069583
2       47.23619824167
4       47.23619825833
1       47.23619837917
2       47.23623565417
2       47.23637282917
4       47.23637284583
1       47.23637296667
2       47.23642411250
2       47.23644464583
2       47.23667155417
4       47.23667157500
1       47.23667169167
2       47.23679907917
2       47.23684388333
4       47.23684390000
1       47.23684402083
2       47.23684450000
2       47.23689377500
2       47.23713795000
4       47.23713797083
1       47.23713809167
2       47.23733106250
2       47.23758609583
4       47.23758611667
1       47.23758623333
2       47.23760460417
2       47.23765832500
2       47.23771783333
2       47.23783418750
4       47.23783420833
1       47.23783432500
2       47.23794244167
2       47.23809547500
4       47.23809549583
1       47.23809561667
2       47.23814160833
2       47.23814817917
2       47.23838835000
4       47.23838837083
1       47.23838849167
2       47.23849534167
2       47.23855488750
2       47.23875464167
4       47.23875465833
1       47.23875477917
2       47.23892492917
2       47.23908157500
4       47.23908159583
1       47.23908171667
2       47.23911862500
2       47.23913587917
2       47.23921103750
2       47.23926967083
2       47.23927866667
4       47.23927866667
1       47.23927880417
2       47.23930307083
2       47.23935578750
2       47.23949000833
2       47.23957707917
4       47.23957709583
1       47.23957721667
2       47.23984269583
4       47.23984271667
1       47.23984283750
2       47.24009211667
4       47.24009213750
1       47.24009225833
2       47.24009410417
2       47.24011368750
2       47.24019452500
2       47.24022764583
2       47.24025411667
2       47.24032600833
4       47.24032600833
1       47.24032614583
2       47.24033566250
2       47.24048421667
2       47.24051946250
4       47.24051947917
1       47.24051960000
2       47.24060885417
2       47.24068997917
2       47.24071711667
4       47.24071711667
1       47.24071725417
2       47.24087212083
2       47.24087448750
2       47.24094569167
4       47.24094570833
1       47.24094582917
2       47.24111630417
4       47.24111632083
1       47.24111644167
2       47.24118785417
2       47.24123121250
2       47.24127690833
2       47.24140941667
4       47.24140941667
1       47.24140955417
2       47.24142701250
2       47.24144481250
2       47.24163562917
4       47.24163565000
1       47.24163577083
2       47.24174296667
2       47.24192511250
4       47.24192512917
1       47.24192525000
2       47.24223981250
4       47.24223983333
1       47.24223995417
2       47.24233223750
2       47.24246637500
4       47.24246639583
1       47.24246651667
2       47.24266967083
4       47.24266969167
1       47.24266981250
2       47.24298205417
4       47.24298207500
1       47.24298219167
2       47.24299206667
2       47.24300500833
2       47.24301152917
2       47.24303543333
2       47.24316890000
2       47.24324640417
4       47.24324642083
1       47.24324654167
2       47.24325277083
2       47.24334908333
2       47.24335536250
2       47.24335570000
2       47.24347564583
4       47.24347564583
1       47.24347578333
2       47.24360513333
2       47.24364125000
2       47.24365446667
4       47.24365446667
1       47.24365460417
2       47.24369558750
2       47.24371640833
2       47.24372143333
2       47.24379457083
2       47.24387078333
4       47.24387080417
1       47.24387092083
2       47.24401454167
2       47.24411884583
4       47.24411884583
1       47.24411898333
2       47.24447862083
4       47.24447863750
1       47.24447875833
2       47.24459714583
2       47.24469353333
4       47.24469355000
1       47.24469367083
2       47.24473835417
2       47.24473988333
2       47.24482412083
2       47.24483198333
2       47.24489432917
4       47.24489434583
1       47.24489446667
2       47.24495155417
2       47.24496250833
2       47.24496611667
2       47.24520527500
4       47.24520529167
1       47.24520541250
2       47.24521294167
2       47.24527054167
2       47.24554252917
4       47.24554254583
1       47.24554266667
2       47.24555042917
2       47.24565805417
2       47.24587507083
4       47.24587508750
1       47.24587520833
2       47.24594358750
2       47.24605056667
2       47.24610516667
4       47.24610518750
1       47.24610530833
2       47.24618272917
2       47.24622750000
2       47.24636920833
4       47.24636922917
1       47.24636935000
2       47.24648946250
2       47.24657760000
4       47.24657761667
1       47.24657773750
2       47.24660276250
2       47.24660437083
2       47.24665811250
2       47.24671534167
2       47.24673030000
2       47.24682267917
4       47.24682269583
1       47.24682281667
2       47.24687299583
2       47.24688795417
2       47.24689325833
2       47.24706415833
4       47.24706417917
1       47.24706429583
2       47.24726920417
4       47.24726922083
1       47.24726934167
2       47.24731226250
2       47.24731546250
2       47.24740672083
2       47.24765674583
4       47.24765676667
1       47.24765688750
2       47.24768019167
2       47.24776144583
2       47.24810417500
4       47.24810419583
1       47.24810431250
2       47.24844272500
4       47.24844274583
1       47.24844286667
2       47.24852154167
2       47.24852782917
2       47.24855999167
2       47.24861936667
2       47.24864070417
2       47.24872920833
4       47.24872920833
1       47.24872934583
2       47.24875612917
2       47.24877921667
2       47.24882957917
2       47.24886733750
2       47.24886961667
2       47.24887363750
2       47.24898329167
4       47.24898330833
1       47.24898342917
2       47.24899752083
2       47.24902032500
2       47.24914855417
2       47.24926946250
4       47.24926948333
1       47.24926960417
2       47.24932141667
2       47.24933303333
2       47.24968487083
4       47.24968488750
1       47.24968500833
2       47.24986045000
2       47.24993521250
4       47.24993522917
1       47.24993535000
2       47.25056826667
4       47.25056828750
1       47.25056840833
2       47.25058905833
2       47.25065172917
2       47.25071132083
2       47.25099381667
4       47.25099381667
1       47.25099395417
2       47.25114287500
2       47.25116603333
4       47.25116605417
1       47.25116617500
2       47.25128995833
2       47.25158409583
4       47.25158409583
1       47.25158423333
2       47.25160556667
2       47.25173351250
2       47.25184141667
4       47.25184143750
1       47.25184155833
2       47.25200272500
2       47.25201239167
2       47.25208237917
4       47.25208239583
1       47.25208251667
2       47.25213921667
2       47.25218722500
2       47.25220482500
2       47.25239793750
4       47.25239793750
1       47.25239807500
2       47.25260456667
2       47.25263280000
4       47.25263282083
1       47.25263294167
2       47.25270095000
2       47.25289639167
4       47.25289640833
1       47.25289652917
2       47.25290538333
2       47.25295734167
2       47.25302619583
2       47.25330421250
4       47.25330422917
1       47.25330435000
2       47.25331608333
2       47.25337472083
2       47.25340755417
2       47.25343926667
2       47.25348797917
4       47.25348799583
1       47.25348811667
2       47.25348998333
2       47.25349892083
2       47.25357340833
2       47.25379739167
4       47.25379740833
1       47.25379752917
2       47.25411965000
4       47.25411966667
1       47.25411978750
2       47.25413453750
2       47.25457836250
4       47.25457838333
1       47.25457850417
2       47.25461451250
2       47.25468103750
2       47.25468838333
2       47.25469592917
2       47.25482816667
4       47.25482818750
1       47.25482830833
2       47.25511726667
4       47.25511728750
1       47.25511740417
2       47.25518686667
2       47.25531435833
2       47.25531469583
2       47.25539951667
4       47.25539951667
1       47.25539965417
2       47.25545904167
2       47.25558495000
2       47.25571454583
4       47.25571456667
1       47.25571468750
2       47.25580788333
2       47.25587085000
2       47.25602852917
4       47.25602855000
1       47.25602866667
2       47.25618223333
2       47.25622490417
4       47.25622492083
1       47.25622504167
2       47.25623750000
2       47.25639680417
2       47.25641335000
4       47.25641336667
1       47.25641348750
2       47.25643851250
2       47.25652636667
2       47.25659851250
2       47.25668966250
4       47.25668968333
1       47.25668980417
2       47.25679330417
2       47.25681845417
2       47.25688142500
4       47.25688142500
1       47.25688156250
2       47.25713278333
4       47.25713280417
1       47.25713292500
2       47.25717555833
2       47.25732787917
4       47.25732789583
1       47.25732801667
2       47.25736167500
2       47.25738019583
2       47.25748753333
2       47.25755815417
4       47.25755817500
1       47.25755829583
2       47.25798005833
4       47.25798007917
1       47.25798020000
2       47.25813306250
2       47.25845007500
4       47.25845009583
1       47.25845021667
2       47.25859783750
2       47.25867967500
4       47.25867969167
1       47.25867981250
2       47.25905659167
4       47.25905661250
1       47.25905673333
2       47.25909397917
2       47.25909597917
2       47.25930560833
4       47.25930562917
1       47.25930575000
2       47.25941889167
2       47.25942324583
2       47.25952390833
2       47.25956169167
4       47.25956170833
1       47.25956182917
2       47.25957226667
2       47.25970514583
2       47.25970649583
2       47.25979224583
4       47.25979226667
1       47.25979238750
2       47.25986970417
2       47.25987643333
2       47.25994290833
2       47.26001245417
2       47.26001912083
2       47.26013074167
4       47.26013076250
1       47.26013088333
2       47.26020559583
2       47.26033536667
4       47.26033538750
1       47.26033550833
2       47.26046034167
2       47.26057330417
4       47.26057332500
1       47.26057344583
2       47.26057655000
2       47.26062290000
2       47.26072129583
2       47.26094157917
4       47.26094159583
1       47.26094171667
2       47.26094725417
2       47.26117640000
4       47.26117641667
1       47.26117653750
2       47.26127257500
2       47.26152289167
4       47.26152290833
1       47.26152302917
2       47.26155906667
2       47.26176839583
4       47.26176839583
1       47.26176853333
2       47.26198159167
4       47.26198160833
1       47.26198172917
2       47.26200980833
2       47.26217111667
4       47.26217113750
1       47.26217125833
2       47.26222706667
2       47.26229599583
2       47.26251654583
4       47.26251656667
1       47.26251668750
2       47.26253741667
2       47.26278951667
4       47.26278951667
1       47.26278965417
2       47.26286836250
2       47.26293432083
2       47.26294323333
2       47.26324655000
4       47.26324657083
1       47.26324669167
2       47.26326815000
2       47.26345623333
4       47.26345625417
1       47.26345637500
2       47.26375977917
4       47.26375979583
1       47.26375991667
2       47.26378188750
2       47.26378290417
2       47.26382755417
2       47.26417435000
4       47.26417437083
1       47.26417449167
2       47.26460131250
4       47.26460133333
1       47.26460145417
2       47.26460532500
2       47.26467489167
2       47.26468611250
2       47.26472318750
2       47.26477820000
2       47.26485873333
4       47.26485875000
1       47.26485887083
2       47.26515091667
4       47.26515093750
1       47.26515105833
2       47.26524950417
2       47.26528727083
2       47.26530881250
2       47.26533751667
2       47.26535655833
2       47.26550320000
4       47.26550321667
1       47.26550333750
2       47.26568081250
2       47.26571591250
4       47.26571593333
1       47.26571605417
2       47.26576364583
2       47.26578484167
2       47.26580175000
2       47.26594582917
4       47.26594585000
1       47.26594597083
2       47.26598980833
2       47.26600704167
2       47.26615250000
4       47.26615252083
1       47.26615263750
2       47.26629385417
2       47.26634093750
4       47.26634093750
1       47.26634107500
2       47.26636801667
2       47.26637808333
2       47.26642006667
2       47.26648370000
2       47.26649955417
2       47.26653137083
4       47.26653139167
1       47.26653151250
2       47.26661879583
2       47.26684742500
4       47.26684744583
1       47.26684756667
2       47.26687124583
2       47.26694641250
2       47.26695693333
2       47.26698612917
2       47.26700700000
2       47.26708486250
4       47.26708488333
1       47.26708500417
2       47.26722293750
2       47.26729054583
4       47.26729056667
1       47.26729068333
2       47.26729847500
2       47.26740814167
2       47.26741207083
2       47.26745227917
2       47.26760858750
4       47.26760860833
1       47.26760872917
2       47.26779204167
4       47.26779206250
1       47.26779218333
2       47.26799972917
4       47.26799974583
1       47.26799986667
2       47.26823815417
4       47.26823817500
1       47.26823829583
2       47.26826242083
2       47.26832627917
2       47.26839586250
2       47.26847965000
4       47.26847966667
1       47.26847978750
2       47.26849265833
2       47.26856544583
2       47.26869957917
4       47.26869960000
1       47.26869971667
2       47.26877214583
2       47.26881760000
2       47.26894442917
4       47.26894445000
1       47.26894456667
2       47.26898943333
2       47.26906130833
2       47.26910433333
2       47.26917624167
4       47.26917626250
1       47.26917638333
2       47.26950945000
4       47.26950947083
1       47.26950959167
2       47.26954487083
2       47.26958063750
2       47.26963270000
2       47.26965255833
2       47.26971084167
4       47.26971085833
1       47.26971097917
2       47.26971117500
2       47.26992478333
4       47.26992480417
1       47.26992492500
2       47.27007160417
2       47.27019776250
4       47.27019778333
1       47.27019790417
2       47.27022223750
2       47.27029481667
2       47.27032065417
2       47.27037797500
4       47.27037799583
1       47.27037811667
2       47.27042897083
2       47.27060286250
4       47.27060287917
1       47.27060300000
2       47.27064985000
2       47.27084327917
4       47.27084329583
1       47.27084341667
2       47.27087433750
2       47.27108435833
4       47.27108437917
1       47.27108450000
2       47.27111461250
2       47.27120796667
2       47.27127122083
4       47.27127123750
1       47.27127135833
2       47.27137392917
2       47.27142032917
2       47.27150674583
4       47.27150674583
1       47.27150688333
2       47.27154350833
2       47.27164057917
2       47.27169685417
4       47.27169687083
1       47.27169699167
2       47.27178497917
2       47.27190520417
4       47.27190522500
1       47.27190534583
2       47.27193367917
2       47.27196852500
2       47.27220067917
4       47.27220069583
1       47.27220081667
2       47.27234615417
2       47.27236791667
2       47.27242851667
4       47.27242851667
1       47.27242865417
2       47.27244738750
2       47.27255241250
2       47.27261409167
4       47.27261410833
1       47.27261422917
2       47.27263454583
2       47.27271579167
2       47.27273664583
2       47.27275380000
2       47.27294325000
4       47.27294327083
1       47.27294339167
2       47.27299167500
2       47.27308736250
2       47.27309400417
2       47.27313975833
4       47.27313977917
1       47.27313990000
2       47.27325753750
2       47.27338157917
4       47.27338160000
1       47.27338171667
2       47.27355641250
2       47.27357725000
4       47.27357726667
1       47.27357738750
2       47.27373755000
2       47.27384692917
4       47.27384695000
1       47.27384706667
2       47.27387202500
2       47.27394955000
2       47.27426783333
4       47.27426785417
1       47.27426797500
2       47.27427850417
2       47.27438540833
2       47.27450240417
4       47.27450242500
1       47.27450254583
2       47.27459650000
2       47.27462717500
2       47.27470474583
4       47.27470476667
1       47.27470488750
2       47.27471312500
2       47.27475474583
2       47.27482397500
2       47.27495017917
4       47.27495020000
1       47.27495032083
2       47.27525529167
4       47.27525530833
1       47.27525542917
2       47.27529202500
2       47.27552948333
4       47.27552950000
1       47.27552962083
2       47.27559547500
2       47.27575304583
4       47.27575306667
1       47.27575318333
2       47.27584309167
2       47.27588324583
2       47.27612211250
4       47.27612213333
1       47.27612225417
2       47.27618533750
2       47.27620386250
2       47.27628964583
4       47.27628966667
1       47.27628978750
2       47.27635628333
2       47.27637810000
2       47.27639697083
2       47.27640163750
2       47.27645702083
2       47.27667854167
4       47.27667856250
1       47.27667867917
2       47.27678658750
2       47.27678750417
2       47.27693167083
4       47.27693168750
1       47.27693180833
2       47.27699950833
2       47.27701607083
2       47.27706604583
2       47.27709726667
2       47.27713501250
2       47.27713528333
2       47.27716116667
4       47.27716118750
1       47.27716130833
2       47.27717697083
2       47.27752288750
4       47.27752290833
1       47.27752302917
2       47.27768672083
2       47.27783347500
4       47.27783349583
1       47.27783361667
2       47.27824990417
4       47.27824992083
1       47.27825004167
2       47.27828230000
2       47.27855596250
4       47.27855597917
1       47.27855610000
2       47.27870733333
2       47.27886559583
4       47.27886559583
1       47.27886573333
2       47.27916545417
4       47.27916547500
1       47.27916559583
2       47.27917596250
2       47.27918026250
2       47.27925146667
2       47.27926833750
2       47.27930578333
2       47.27934016667
2       47.27966682083
4       47.27966683750
1       47.27966695833
2       47.27982450417
2       47.27987417917
4       47.27987420000
1       47.27987431667
2       47.27991625000
2       47.27996463750
2       47.28002664167
2       47.28003385000
2       47.28011672500
4       47.28011674583
1       47.28011686667
2       47.28013017917
2       47.28047348750
4       47.28047350833
1       47.28047362500
2       47.28051875417
2       47.28056213333
2       47.28064956250
2       47.28067385000
4       47.28067386667
1       47.28067398750
2       47.28101166667
4       47.28101166667
1       47.28101180417
2       47.28102156250
2       47.28104871250
2       47.28105732500
2       47.28123553333
4       47.28123555000
1       47.28123567083
2       47.28158606250
4       47.28158608333
1       47.28158620417
2       47.28168004583
2       47.28196160417
4       47.28196162500
1       47.28196174583
2       47.28208153750
2       47.28223814583
4       47.28223814583
1       47.28223828333
2       47.28234120000
2       47.28266250833
4       47.28266252917
1       47.28266265000
2       47.28268925000
2       47.28276050833
2       47.28288446250
4       47.28288447917
1       47.28288460000
2       47.28314402917
4       47.28314405000
1       47.28314416667
2       47.28322722917
2       47.28335208333
4       47.28335210000
1       47.28335222083
2       47.28347270417
2       47.28349655833
2       47.28374626250
4       47.28374627917
1       47.28374640000
2       47.28401019583
4       47.28401021667
1       47.28401033750
2       47.28401884583
2       47.28406684583
2       47.28444747917
4       47.28444750000
1       47.28444761667
2       47.28449678750
2       47.28467697500
4       47.28467697500
1       47.28467711250
2       47.28469593333
2       47.28479526667
2       47.28480321250
2       47.28488438750
4       47.28488440833
1       47.28488452917
2       47.28495808750
2       47.28496433333
2       47.28497380833
2       47.28517217500
4       47.28517219583
1       47.28517231667
2       47.28530434167
2       47.28531882917
2       47.28541595833
4       47.28541597917
1       47.28541610000
2       47.28547889167
2       47.28548129167
2       47.28564416667
4       47.28564418750
1       47.28564430833
2       47.28582860417
2       47.28588035833
4       47.28588037917
1       47.28588050000
2       47.28604997083
2       47.28605287083
4       47.28605289167
1       47.28605301250
2       47.28607901667
2       47.28617513333
2       47.28620066250
2       47.28623575000
4       47.28623577083
1       47.28623589167
2       47.28625695833
2       47.28639773750
4       47.28639775833
1       47.28639787500
2       47.28657316667
4       47.28657318750
1       47.28657330833
2       47.28665076250
2       47.28673128333
2       47.28674154583
4       47.28674156667
1       47.28674168750
2       47.28683314583
2       47.28683565000
2       47.28689223750
2       47.28699922083
4       47.28699923750
1       47.28699935833
2       47.28706680833
2       47.28708742917
2       47.28709559583
2       47.28713767500
2       47.28720455417
4       47.28720457083
1       47.28720469167
2       47.28753812083
4       47.28753814167
1       47.28753826250
2       47.28758882083
2       47.28759301667
2       47.28770675833
2       47.28777492083
4       47.28777493750
1       47.28777505833
2       47.28790907500
2       47.28795457917
4       47.28795460000
1       47.28795472083
2       47.28795491250
2       47.28841297500
4       47.28841299583
1       47.28841311667
2       47.28842349167
2       47.28848085000
2       47.28878215000
4       47.28878216667
1       47.28878228750
2       47.28907377500
4       47.28907377500
1       47.28907391250
2       47.28914562500
2       47.28933645417
4       47.28933647083
1       47.28933659167
2       47.28954740000
4       47.28954742083
1       47.28954754167
2       47.28957760833
2       47.28967752500
2       47.28971466667
2       47.28991237083
4       47.28991239167
1       47.28991251250
2       47.28991632083
2       47.29013070000
4       47.29013072083
1       47.29013084167
2       47.29015383333
2       47.29017232083
2       47.29021248750
2       47.29034462917
4       47.29034465000
1       47.29034477083
2       47.29038839167
2       47.29042807917
2       47.29048740417
2       47.29049969167
2       47.29056056250
4       47.29056057917
2       47.29056066667
1       47.29056070000
2       47.29059610833
2       47.29064474583
2       47.29072385417
2       47.29075137083
2       47.29078319583
4       47.29078319583
1       47.29078333333
2       47.29087127500
2       47.29096208333
2       47.29100111667
4       47.29100113750
1       47.29100125833
2       47.29100346250
2       47.29110583333
2       47.29121346667
4       47.29121346667
1       47.29121360417
2       47.29135621667
2       47.29136146250
2       47.29169804583
4       47.29169806667
1       47.29169818333
2       47.29181069583
2       47.29185737500
2       47.29193417917
4       47.29193420000
1       47.29193432083
2       47.29195935833
2       47.29208695417
2       47.29217935417
4       47.29217937083
1       47.29217949167
2       47.29272515000
4       47.29272516667
1       47.29272528750
2       47.29273309167
2       47.29280099583
2       47.29283612083
2       47.29290099167
2       47.29290140000
2       47.29290370417
2       47.29302003333
4       47.29302005000
1       47.29302017083
2       47.29311732917
2       47.29327068333
4       47.29327070000
1       47.29327082083
2       47.29330352917
2       47.29333525417
2       47.29341080417
2       47.29355950417
4       47.29355952500
1       47.29355964167
2       47.29371989167
2       47.29413091667
4       47.29413093750
1       47.29413105833
2       47.29435643750
4       47.29435643750
1       47.29435657500
2       47.29459357500
4       47.29459359583
1       47.29459371667
2       47.29461481250
2       47.29462609583
2       47.29468275833
2       47.29498140833
4       47.29498142917
1       47.29498155000
2       47.29506383750
2       47.29519544167
4       47.29519545833
1       47.29519557917
2       47.29522923333
2       47.29525551667
2       47.29539848750
4       47.29539848750
1       47.29539862500
2       47.29551637917
2       47.29551775000
2       47.29552406667
2       47.29561710833
4       47.29561712500
1       47.29561724583
2       47.29571148333
2       47.29577317500
2       47.29579234583
2       47.29586487500
4       47.29586489583
1       47.29586501667
2       47.29596917917
2       47.29601760000
2       47.29603747500
2       47.29603812917
2       47.29608040833
4       47.29608042917
1       47.29608055000
2       47.29635574583
4       47.29635576667
1       47.29635588333
2       47.29671550833
4       47.29671552500
1       47.29671564583
2       47.29692781667
4       47.29692781667
1       47.29692795417
2       47.29704672917
2       47.29722982083
4       47.29722984167
1       47.29722996250
2       47.29726191667
2       47.29740603750
2       47.29763690417
4       47.29763692500
1       47.29763704167
2       47.29765775417
2       47.29768887917
2       47.29770449583
2       47.29780286667
2       47.29796181667
4       47.29796183750
1       47.29796195833
2       47.29803606250
2       47.29822056250
4       47.29822057917
1       47.29822070000
2       47.29824700417
2       47.29829245417
2       47.29846969583
4       47.29846971667
1       47.29846983333
2       47.29853685000
2       47.29854153750
2       47.29855641667
2       47.29866505833
4       47.29866507500
1       47.29866519583
2       47.29884330833
4       47.29884332500
1       47.29884344583
2       47.29889127500
2       47.29904300833
4       47.29904302500
1       47.29904314583
2       47.29907775417
2       47.29916748333
2       47.29921460000
2       47.29925860000
4       47.29925861667
1       47.29925873750
2       47.29934647917
2       47.29949414167
4       47.29949415833
1       47.29949427917
2       47.29949509167
2       47.29956037083
2       47.29971337917
4       47.29971339583
1       47.29971351667
2       47.29973925417
2       47.29980111250
2       47.29981672917
2       47.29989355417
4       47.29989357083
1       47.29989369167
2       47.29993362500
2       47.30003665833
2       47.30014670417
4       47.30014672500
1       47.30014684583
2       47.30017512500
2       47.30027219167
2       47.30034735833
4       47.30034737917
1       47.30034749583
2       47.30038875000
2       47.30041588750
2       47.30053512083
4       47.30053514167
1       47.30053526250
2       47.30054440000
2       47.30061769167
2       47.30063185417
2       47.30063617500
2       47.30070143333
2       47.30071565000
4       47.30071567083
1       47.30071578750
2       47.30071959167
2       47.30075143333
2       47.30084788333
2       47.30108261250
4       47.30108263333
1       47.30108275417
2       47.30126946667
4       47.30126948750
1       47.30126960833
2       47.30142353750
2       47.30155534583
4       47.30155536667
1       47.30155548750
2       47.30161829583
2       47.30183591667
4       47.30183593750
1       47.30183605417
2       47.30187501250
2       47.30187700417
2       47.30200763750
4       47.30200765833
1       47.30200777917
2       47.30202233750
2       47.30209156667
2       47.30215686667
2       47.30217338750
4       47.30217338750
1       47.30217352500
2       47.30229468333
2       47.30230824583
2       47.30238015000
4       47.30238017083
1       47.30238029167
2       47.30256924583
4       47.30256924583
1       47.30256938333
2       47.30262419583
2       47.30266893333
2       47.30272522917
2       47.30308988750
4       47.30308990833
1       47.30309002917
2       47.30312962500
2       47.30343575000
4       47.30343577083
1       47.30343589167
2       47.30370036250
4       47.30370037917
1       47.30370050000
2       47.30387690833
2       47.30389717500
4       47.30389717500
1       47.30389731250
2       47.30393087083
2       47.30410079167
4       47.30410081250
1       47.30410092917
2       47.30412399583
2       47.30424097500
2       47.30425025833
2       47.30425977917
2       47.30443829167
4       47.30443831250
1       47.30443843333
2       47.30455397917
2       47.30457710833
2       47.30479703333
4       47.30479705417
1       47.30479717500
2       47.30498060000
2       47.30503324167
4       47.30503326250
1       47.30503338333
2       47.30507634167
2       47.30508360417
2       47.30508845000
2       47.30515978750
2       47.30526580833
4       47.30526582500
1       47.30526594583
2       47.30531506250
2       47.30549558333
4       47.30549560417
1       47.30549572083
2       47.30553895833
2       47.30563672083
2       47.30566490833
2       47.30570194583
4       47.30570194583
1       47.30570208333
2       47.30603095833
4       47.30603097500
1       47.30603109583
2       47.30605873333
2       47.30607698750
2       47.30608657083
2       47.30611138750
2       47.30626645833
4       47.30626647500
1       47.30626659583
2       47.30635347500
2       47.30657140417
4       47.30657142083
1       47.30657154167
2       47.30659260000
2       47.30665065417
2       47.30666184167
2       47.30670357917
2       47.30674401667
2       47.30696789167
4       47.30696791250
1       47.30696803333
2       47.30700133750
2       47.30702847917
2       47.30710634583
2       47.30725342917
4       47.30725345000
1       47.30725357083
2       47.30732264583
2       47.30763336250
4       47.30763338333
1       47.30763350000
2       47.30786091667
4       47.30786093750
1       47.30786105833
2       47.30788745000
2       47.30801562500
2       47.30806956250
4       47.30806957917
1       47.30806970000
2       47.30810802917
2       47.30813218750
2       47.30827459583
4       47.30827461667
1       47.30827473750
2       47.30836900000
2       47.30863337500
4       47.30863339583
1       47.30863351667
2       47.30868562500
2       47.30870754167
2       47.30874337917
2       47.30904076250
4       47.30904078333
1       47.30904090417
2       47.30927955417
4       47.30927957500
1       47.30927969167
2       47.30935246667
2       47.30941438333
2       47.30963167500
4       47.30963169583
1       47.30963181667
2       47.30964059583
2       47.30964963750
2       47.30970551250
2       47.30974489167
2       47.31002945417
4       47.31002947083
1       47.31002959167
2       47.31009044167
2       47.31037925417
4       47.31037927083
1       47.31037939167
2       47.31043122083
2       47.31065149583
4       47.31065151667
1       47.31065163333
2       47.31084193333
2       47.31089167083
4       47.31089169167
1       47.31089181250
2       47.31099034167
2       47.31101918333
2       47.31113143333
4       47.31113145000
1       47.31113157083
2       47.31115029167
2       47.31120893750
2       47.31121126667
2       47.31146893750
4       47.31146895833
1       47.31146907917
2       47.31156566667
2       47.31159480000
2       47.31196810000
4       47.31196812083
1       47.31196823750
2       47.31214268750
2       47.31221750417
4       47.31221752083
1       47.31221764167
2       47.31222590833
2       47.31260480417
4       47.31260482500
1       47.31260494167
2       47.31267563750
2       47.31297447917
4       47.31297450000
1       47.31297461667
2       47.31308408333
2       47.31310089167
2       47.31320788750
4       47.31320790833
1       47.31320802917
2       47.31364446250
4       47.31364448333
1       47.31364460417
2       47.31368386667
2       47.31388696667
4       47.31388696667
1       47.31388710417
2       47.31395212083
2       47.31405085833
2       47.31406805833
2       47.31421251250
4       47.31421252917
1       47.31421265000
2       47.31438602917
2       47.31446922917
4       47.31446925000
1       47.31446937083
2       47.31460439167
2       47.31465773333
4       47.31465775417
1       47.31465787500
2       47.31482862917
2       47.31503202917
4       47.31503204583
1       47.31503216667
2       47.31509063333
2       47.31512147083
2       47.31516439167
2       47.31543337083
4       47.31543339167
1       47.31543351250
2       47.31543702917
2       47.31572848333
4       47.31572850417
1       47.31572862500
2       47.31582695417
2       47.31583347083
2       47.31609785833
4       47.31609787917
1       47.31609799583
2       47.31630128333
4       47.31630130000
1       47.31630142083
2       47.31633892500
2       47.31642975833
2       47.31650259583
4       47.31650261667
1       47.31650273750
2       47.31653577500
2       47.31669407083
4       47.31669408750
1       47.31669420833
2       47.31679672083
2       47.31684674583
2       47.31693352500
4       47.31693354583
1       47.31693366667
2       47.31708552500
2       47.31714022917
4       47.31714025000
1       47.31714037083
2       47.31722831250
2       47.31729194167
2       47.31757646667
4       47.31757648750
1       47.31757660833
2       47.31759968750
2       47.31760998750
2       47.31779936250
4       47.31779937917
1       47.31779950000
2       47.31785566667
2       47.31790080000
2       47.31797796667
4       47.31797798750
1       47.31797810417
2       47.31798454167
2       47.31836703750
4       47.31836703750
1       47.31836717500
2       47.31845585833
2       47.31846251250
2       47.31852440417
2       47.31866285000
4       47.31866286667
1       47.31866298750
2       47.31866717500
2       47.31883080000
2       47.31883906250
4       47.31883907917
1       47.31883920000
2       47.31896131667
2       47.31901399583
2       47.31903950833
2       47.31912495833
4       47.31912497917
1       47.31912510000
2       47.31913458333
2       47.31915875417
2       47.31917994167
2       47.31936537500
4       47.31936537500
1       47.31936551250
2       47.31958562500
4       47.31958564583
1       47.31958576250
2       47.31963339583
2       47.31967010833
2       47.31975953333
2       47.31990367500
4       47.31990369583
1       47.31990381250
2       47.31998840417
2       47.31999110417
2       47.32000798333
2       47.32021533333
4       47.32021535417
1       47.32021547500
2       47.32028020000
2       47.32030737083
2       47.32030938333
2       47.32039513333
2       47.32044782917
4       47.32044784583
1       47.32044796667
2       47.32051011667
2       47.32082176667
4       47.32082178750
1       47.32082190833
2       47.32092414167
2       47.32100792917
4       47.32100795000
1       47.32100807083
2       47.32174166250
4       47.32174168333
1       47.32174180000
2       47.32176710833
2       47.32190132500
2       47.32195168333
2       47.32196816250
4       47.32196817917
1       47.32196830000
2       47.32209075833
2       47.32211686667
2       47.32213711667
2       47.32227255833
4       47.32227257917
1       47.32227269583
2       47.32237326250
2       47.32242335000
2       47.32272078750
4       47.32272080833
1       47.32272092917
2       47.32272336250
2       47.32276530833
2       47.32287580417
2       47.32300795000
4       47.32300797083
1       47.32300809167
2       47.32358131667
4       47.32358133750
1       47.32358145417
2       47.32358196667
2       47.32371641250
2       47.32374488333
2       47.32379250000
4       47.32379252083
2       47.32379262917
1       47.32379262917
2       47.32402177500
4       47.32402179583
1       47.32402191667
2       47.32437222917
4       47.32437224583
1       47.32437236667
2       47.32452291250
2       47.32460047917
4       47.32460050000
1       47.32460062083
2       47.32460781250
2       47.32464881250
2       47.32466567917
2       47.32507709167
4       47.32507710833
1       47.32507722917
2       47.32509240417
2       47.32510097083
2       47.32555504167
4       47.32555505833
1       47.32555517917
2       47.32560306250
2       47.32565142500
2       47.32572461250
2       47.32578137083
4       47.32578138750
1       47.32578150833
2       47.32597197083
2       47.32602242500
4       47.32602244583
1       47.32602256667
2       47.32603300417
2       47.32617376250
2       47.32632014583
4       47.32632016667
1       47.32632028750
2       47.32656196667
4       47.32656196667
1       47.32656210417
2       47.32658645833
2       47.32665595000
2       47.32672724167
2       47.32691550833
4       47.32691552500
1       47.32691564583
2       47.32699587917
2       47.32707538333
2       47.32719795000
4       47.32719797083
1       47.32719809167
2       47.32721649583
2       47.32725995417
2       47.32726092500
2       47.32736250833
2       47.32740727917
4       47.32740730000
1       47.32740742083
2       47.32746823333
2       47.32751787083
2       47.32752124583
2       47.32763582917
4       47.32763585000
1       47.32763597083
2       47.32766694583
2       47.32787660000
4       47.32787662083
1       47.32787674167
2       47.32815379583
4       47.32815379583
1       47.32815393333
2       47.32823603750
2       47.32827848750
2       47.32859133750
4       47.32859135833
1       47.32859147500
2       47.32865267083
2       47.32865700000
2       47.32873016250
2       47.32886664583
4       47.32886664583
1       47.32886678333
2       47.32893785833
2       47.32899456250
2       47.32904717500
4       47.32904717500
1       47.32904731250
2       47.32904789167
2       47.32913233750
2       47.32916440833
2       47.32940292083
4       47.32940294167
1       47.32940306250
2       47.32957520417
2       47.32977262500
4       47.32977264583
1       47.32977276667
2       47.32986372083
2       47.32998027917
4       47.32998029583
1       47.32998041667
2       47.33009650833
2       47.33016937500
2       47.33024488333
4       47.33024490417
1       47.33024502083
2       47.33035882083
2       47.33046282083
4       47.33046283750
1       47.33046295833
2       47.33062255000
2       47.33062453333
2       47.33064998750
4       47.33065000833
1       47.33065012500
2       47.33065395833
2       47.33089050833
4       47.33089052917
1       47.33089064583
2       47.33092560833
2       47.33130847083
4       47.33130849167
1       47.33130861250
2       47.33140122083
2       47.33141278333
2       47.33159328750
4       47.33159328750
1       47.33159342500
2       47.33180702083
4       47.33180703750
1       47.33180715833
2       47.33211133750
4       47.33211133750
1       47.33211147500
2       47.33239456250
4       47.33239458333
1       47.33239470000
2       47.33251647500
2       47.33258403750
4       47.33258405833
1       47.33258417917
2       47.33258471250
2       47.33265892500
2       47.33283051250
4       47.33283052917
1       47.33283065000
2       47.33303017917
2       47.33314940417
4       47.33314942500
1       47.33314954583
2       47.33315570000
2       47.33327525000
2       47.33347665833
4       47.33347667917
1       47.33347679583
2       47.33350752500
2       47.33352507500
2       47.33452928333
4       47.33452930000
1       47.33452942083
2       47.33475927917
4       47.33475929583
1       47.33475941667
2       47.33488601667
2       47.33495692917
4       47.33495695000
1       47.33495707083
2       47.33515860417
4       47.33515862083
1       47.33515874167
2       47.33522923750
2       47.33528652917
2       47.33556802500
4       47.33556802500
1       47.33556816250
2       47.33562862500
2       47.33563891250
2       47.33584263333
4       47.33584265000
1       47.33584277083
2       47.33589692500
2       47.33595159583
2       47.33597086667
2       47.33604435000
2       47.33642890833
4       47.33642892917
1       47.33642905000
2       47.33652635833
2       47.33659423333
2       47.33668762917
4       47.33668765000
1       47.33668777083
2       47.33673500000
2       47.33674359583
2       47.33678067083
2       47.33691653750
2       47.33692705417
4       47.33692707500
1       47.33692719167
2       47.33693472500
2       47.33697086250
2       47.33703623750
2       47.33726197500
4       47.33726199583
1       47.33726211667
2       47.33742434583
2       47.33779587083
4       47.33779589167
1       47.33779601250
2       47.33797172083
2       47.33799389583
2       47.33805518333
4       47.33805520000
1       47.33805532083
2       47.33811182500
2       47.33811620833
2       47.33812578750
2       47.33819504167
2       47.33842852917
4       47.33842854583
1       47.33842866667
2       47.33843478333
2       47.33844737500
2       47.33847657917
2       47.33848483750
2       47.33862197083
4       47.33862199167
1       47.33862211250
2       47.33870737917
2       47.33890313333
4       47.33890315000
1       47.33890327083
2       47.33897435417
2       47.33911843750
4       47.33911843750
1       47.33911857500
2       47.33916679583
2       47.33920058750
2       47.33925059167
2       47.33928007083
2       47.33957162917
4       47.33957165000
1       47.33957176667
2       47.33971470417
2       47.33980812500
4       47.33980812500
1       47.33980826250
2       47.33989252500
2       47.34002374167
4       47.34002375833
1       47.34002387917
2       47.34017615000
2       47.34021351667
2       47.34043312083
4       47.34043314167
1       47.34043325833
2       47.34047917500
2       47.34062622917
4       47.34062625000
1       47.34062637083
2       47.34083057917
4       47.34083060000
1       47.34083072083
2       47.34118573750
4       47.34118575833
1       47.34118587917
2       47.34129105833
2       47.34139232917
4       47.34139235000
1       47.34139247083
2       47.34145759583
2       47.34156928333
2       47.34191655833
4       47.34191657500
1       47.34191669583
2       47.34217233750
4       47.34217235833
1       47.34217247917
2       47.34219385000
2       47.34230642500
2       47.34235557083
2       47.34258139583
4       47.34258141667
1       47.34258153333
2       47.34261455417
2       47.34267620833
2       47.34268841250
2       47.34270764167
2       47.34288055833
4       47.34288057917
1       47.34288070000
2       47.34294649583
2       47.34300150000
2       47.34324653333
4       47.34324655417
1       47.34324667500
2       47.34331476250
2       47.34334796250
2       47.34339764583
2       47.34350060000
4       47.34350062083
1       47.34350074167
2       47.34353797500
2       47.34356319583
2       47.34357141250
2       47.34375661667
4       47.34375661667
1       47.34375675417
2       47.34376490833
2       47.34400765833
4       47.34400767917
1       47.34400780000
2       47.34407002500
2       47.34417562917
2       47.34437372083
4       47.34437374167
1       47.34437385833
2       47.34456613750
4       47.34456615833
1       47.34456627917
2       47.34466850417
2       47.34477314167
4       47.34477316250
1       47.34477328333
2       47.34497394167
4       47.34497396250
1       47.34497408333
2       47.34514552500
4       47.34514552500
1       47.34514566250
2       47.34520965417
2       47.34540850000
4       47.34540852083
1       47.34540864167
2       47.34557869167
2       47.34561153750
4       47.34561153750
1       47.34561167500
2       47.34564005000
2       47.34567939583
2       47.34569530833
2       47.34574372917
2       47.34582319167
4       47.34582321250
1       47.34582333333
2       47.34584007500
2       47.34596258750
2       47.34603810833
4       47.34603812500
1       47.34603824583
2       47.34638227917
4       47.34638229583
1       47.34638241667
2       47.34643425417
2       47.34651642083
2       47.34657573333
4       47.34657575000
1       47.34657587083
2       47.34658825833
2       47.34676977917
4       47.34676979583
1       47.34676991667
2       47.34688607917
2       47.34698440833
4       47.34698442917
1       47.34698455000
2       47.34709648750
2       47.34715633333
2       47.34716553333
4       47.34716555000
1       47.34716567083
2       47.34726893333
2       47.34730706250
2       47.34737161250
4       47.34737162917
1       47.34737175000
2       47.34754526250
2       47.34757102917
4       47.34757105000
1       47.34757116667
2       47.34787254583
4       47.34787254583
1       47.34787268333
2       47.34791715417
2       47.34804073333
2       47.34806662083
4       47.34806663750
1       47.34806675833
2       47.34817917500
2       47.34831993333
4       47.34831995417
1       47.34832007500
2       47.34848354583
2       47.34866351667
4       47.34866353750
1       47.34866365417
2       47.34873925833
2       47.34879435000
2       47.34885560833
4       47.34885562500
1       47.34885574583
2       47.34887608333
2       47.35267390417
4       47.35267392500
1       47.35267404583
2       47.35281864167
2       47.35286997917
4       47.35287000000
1       47.35287012083
2       47.35334731667
4       47.35334731667
1       47.35334745417
2       47.35348551667
2       47.35373027917
4       47.35373030000
1       47.35373042083
2       47.35376930833
2       47.35409190000
4       47.35409192083
1       47.35409204167
2       47.35410854167
2       47.35463147917
4       47.35463149583
1       47.35463161667
2       47.35466853333
2       47.35486563333
4       47.35486565417
1       47.35486577500
2       47.35491503750
2       47.35503465833
2       47.35504415417
2       47.35504848750
2       47.35508820417
2       47.35510674583
4       47.35510676667
1       47.35510688750
2       47.35540425000
4       47.35540426667
1       47.35540438750
2       47.35555461250
2       47.35558365833
4       47.35558367917
1       47.35558380000
2       47.35578877500
4       47.35578877500
1       47.35578891250
2       47.35588779167
2       47.35589339167
2       47.35605448750
4       47.35605450833
1       47.35605462917
2       47.35615810833
2       47.35620350833
2       47.35641144583
4       47.35641146667
1       47.35641158750
2       47.35667750000
4       47.35667751667
1       47.35667763750
2       47.35668877917
2       47.35681253750
2       47.35681695833
2       47.35698486667
4       47.35698488750
1       47.35698500833
2       47.35713660833
2       47.35715407500
4       47.35715409583
1       47.35715421667
2       47.35724328750
2       47.35749264583
4       47.35749264583
1       47.35749278333
2       47.35752934167
2       47.35759105417
2       47.35776062917
4       47.35776065000
1       47.35776077083
2       47.35785027500
2       47.35793642500
2       47.35802221667
4       47.35802223750
1       47.35802235417
2       47.35803120417
2       47.35806134167
2       47.35853627500
4       47.35853629583
1       47.35853641667
2       47.35868533333
2       47.35870955833
2       47.35882311667
4       47.35882311667
1       47.35882325417
2       47.35889510000
2       47.35914541667
4       47.35914541667
1       47.35914555417
2       47.35916762500
2       47.35920476250
2       47.35936076250
4       47.35936077917
1       47.35936090000
2       47.35938328333
2       47.35940846667
2       47.35944950417
2       47.35959996250
4       47.35959997917
1       47.35960010000
2       47.35960604583
2       47.35973700833
2       47.35978201667
4       47.35978201667
1       47.35978215417
2       47.35980090833
2       47.35998374167
4       47.35998376250
1       47.35998387917
2       47.36005635000
2       47.36024881667
4       47.36024883750
1       47.36024895417
2       47.36036730000
2       47.36037663333
2       47.36037695000
2       47.36060423750
4       47.36060423750
1       47.36060437500
2       47.36063396667
2       47.36064491667
2       47.36110793333
4       47.36110795417
1       47.36110807500
2       47.36119440417
2       47.36150910417
4       47.36150912500
1       47.36150924583
2       47.36153951250
2       47.36156340833
2       47.36158551667
2       47.36159418333
2       47.36166410417
2       47.36169227500
4       47.36169229583
1       47.36169241667
2       47.36179263333
2       47.36184625000
2       47.36189857917
4       47.36189860000
1       47.36189871667
2       47.36197580833
2       47.36211029167
4       47.36211030833
1       47.36211042917
2       47.36216121667
2       47.36225494583
2       47.36247486250
4       47.36247487917
1       47.36247500000
2       47.36247825417
2       47.36252358750
2       47.36260379167
2       47.36683780417
4       47.36683782083
1       47.36683794167
2       47.36689445417
2       47.36698888750
2       47.36722767083
4       47.36722768750
1       47.36722780833
2       47.36737604167
2       47.36744598333
4       47.36744600000
1       47.36744612083
2       47.36766330000
4       47.36766332083
1       47.36766344167
2       47.36772285000
2       47.36787555417
4       47.36787557500
1       47.36787569583
2       47.36790140833
2       47.36807961250
4       47.36807962917
1       47.36807975000
2       47.36827338333
4       47.36827340000
1       47.36827352083
2       47.36831637917
2       47.36837412917
2       47.36890991667
4       47.36890993750
1       47.36891005833
2       47.36897898333
2       47.36899373750
2       47.36910681667
4       47.36910681667
1       47.36910695417
2       47.36911080000
2       47.36954395833
4       47.36954397917
1       47.36954410000
2       47.36957547500
2       47.36968308750
2       47.36983276250
4       47.36983278333
1       47.36983290417
2       47.36988114167
2       47.36994976667
2       47.36998846667
2       47.37024122917
4       47.37024124583
1       47.37024136667
2       47.37034452917
2       47.37043892917
2       47.37055419167
4       47.37055421250
1       47.37055432917
2       47.37056873750
2       47.37069167917
2       47.37070790833
2       47.37073235833
2       47.37077850000
4       47.37077851667
1       47.37077863750
2       47.37079175417
2       47.37090996250
2       47.37092979583
2       47.37101779167
4       47.37101781250
1       47.37101792917
2       47.37111627083
2       47.37123160000
4       47.37123162083
1       47.37123174167
2       47.37138687083
2       47.37143170833
4       47.37143172500
1       47.37143184583
2       47.37151548333
2       47.37154686250
2       47.37166017500
4       47.37166017500
1       47.37166031250
2       47.37170593333
2       47.37205630833
4       47.37205632917
1       47.37205644583
2       47.37214640833
2       47.37224344167
4       47.37224346250
1       47.37224358333
2       47.37235486250
2       47.37239750833
2       47.37246142917
4       47.37246145000
1       47.37246156667
2       47.37249219583
2       47.37253030833
2       47.37274391667
4       47.37274391667
1       47.37274405417
2       47.37285399167
2       47.37294773750
4       47.37294775833
1       47.37294787917
2       47.37304005417
2       47.37362268750
4       47.37362270833
1       47.37362282917
2       47.37398280000
4       47.37398282083
1       47.37398293750
2       47.37408079167
2       47.37415138750
2       47.37417020833
2       47.37421060000
4       47.37421062083
1       47.37421073750
2       47.37433985833
2       47.37438613750
2       47.37446831250
4       47.37446833333
1       47.37446845417
2       47.37458358750
2       47.37474955000
4       47.37474957083
1       47.37474968750
2       47.37475787500
2       47.37483961250
2       47.37484798333
2       47.37494659583
4       47.37494661667
1       47.37494673750
2       47.37496547917
2       47.37539143750
4       47.37539143750
1       47.37539157500
2       47.37543505000
2       47.37553420417
2       47.37564390417
4       47.37564392500
1       47.37564404583
2       47.37573690000
2       47.37596016250
4       47.37596018333
1       47.37596030417
2       47.37600748333
2       47.37624698750
4       47.37624700833
1       47.37624712917
2       47.37627017500
2       47.37638707917
2       47.37658892083
4       47.37658894167
1       47.37658905833
2       47.37673089167
2       47.37680044583
4       47.37680046667
1       47.37680058750
2       47.37702307083
4       47.37702309167
1       47.37702320833
2       47.37704101250
2       47.37717944583
2       47.37718197500
2       47.37726487917
4       47.37726489583
1       47.37726501667
2       47.37730787917
2       47.37737978750
2       47.38096592083
4       47.38096593750
1       47.38096605833
2       47.38129124583
4       47.38129124583
1       47.38129138333
2       47.38163142917
4       47.38163145000
1       47.38163157083
2       47.38191394583
4       47.38191396667
1       47.38191408750
2       47.38196032917
2       47.38202665000
2       47.38204215417
2       47.38208290833
2       47.38213026667
4       47.38213026667
1       47.38213040417
2       47.38217264167
2       47.38217731250
2       47.38228396250
2       47.38232335833
2       47.38235685833
4       47.38235687500
1       47.38235699583
2       47.38262112500
4       47.38262112500
1       47.38262126250
2       47.38265163750
2       47.38265258750
2       47.38267380833
2       47.38272255833
2       47.38275833333
2       47.38281387083
4       47.38281389167
1       47.38281401250
2       47.38285164583
2       47.38310968333
4       47.38310970000
1       47.38310982083
2       47.38311602917
2       47.38323157917
2       47.38338529167
4       47.38338530833
1       47.38338542917
2       47.38349393333
2       47.38362607083
4       47.38362608750
1       47.38362620833
2       47.38366387500
2       47.38372612917
2       47.38374532917
2       47.38377638750
2       47.38392875000
4       47.38392877083
1       47.38392889167
2       47.38398310833
2       47.38399536667
2       47.38408314583
2       47.38411560417
4       47.38411562083
1       47.38411574167
2       47.38415372917
2       47.38418454583
2       47.38419047083
2       47.38429679583
2       47.38435106250
4       47.38435108333
1       47.38435120417
2       47.38441710417
2       47.38446780000
2       47.38448927500
2       47.38525504167
4       47.38525506250
1       47.38525518333
2       47.38528646667
2       47.38530338750
2       47.38535840000
2       47.38544882500
2       47.38571012500
4       47.38571012500
1       47.38571026250
2       47.38590324167
2       47.38591592083
2       47.38611755833
4       47.38611757917
1       47.38611770000
2       47.38616162083
2       47.38617186667
2       47.38620272917
2       47.38629219583
2       47.38629846667
2       47.38636972917
4       47.38636975000
1       47.38636987083
2       47.38662265417
4       47.38662267500
1       47.38662279583
2       47.38664567917
2       47.38670215000
2       47.38684164167
4       47.38684166250
1       47.38684178333
2       47.38695230417
2       47.38710464583
4       47.38710466667
1       47.38710478750
2       47.38711550417
2       47.38763225000
4       47.38763227083
1       47.38763239167
2       47.38769382083
2       47.38771571250
2       47.38776805000
2       47.38797969167
4       47.38797970833
1       47.38797982917
2       47.38815790417
2       47.38824041667
4       47.38824041667
1       47.38824055417
2       47.38835100000
2       47.38835695417
2       47.38839045417
2       47.38842617083
2       47.38864351250
4       47.38864353333
1       47.38864365417
2       47.38869550000
2       47.38871476250
2       47.38899792917
4       47.38899794583
1       47.38899806667
2       47.38911622083
2       47.38927315417
4       47.38927317500
1       47.38927329583
2       47.38938781667
2       47.38947319167
2       47.39012875000
4       47.39012877083
1       47.39012888750
2       47.39022840417
2       47.39049865000
4       47.39049867083
1       47.39049879167
2       47.39065277500
2       47.39305679583
4       47.39305679583
1       47.39305693333
2       47.39307470000
2       47.39312500833
2       47.39319920833
2       47.39354231250
4       47.39354232917
1       47.39354245000
2       47.39361743750
2       47.39374443333
2       47.39375395000
2       47.39375896667
2       47.39382119583
4       47.39382119583
1       47.39382133333
2       47.39391300000
2       47.39393451250
2       47.39404312500
4       47.39404314583
1       47.39404326667
2       47.39409391667
2       47.39415543333
2       47.39423623750
2       47.39435578750
4       47.39435580833
1       47.39435592917
2       47.39437636250
2       47.39442839583
2       47.39445917083
2       47.39450091250
2       47.39464167917
4       47.39464169583
1       47.39464181667
2       47.39471427500
2       47.39496729167
4       47.39496731250
1       47.39496743333
2       47.39500839583
2       47.39506029167
2       47.39514480833
4       47.39514480833
1       47.39514494583
2       47.39533964583
2       47.39542305833
4       47.39542307500
1       47.39542319583
2       47.39546146667
2       47.39547171667
2       47.39553834583
2       47.39555754167
2       47.39560820000
2       47.39562433333
4       47.39562435000
1       47.39562447083
2       47.39578645833
2       47.39579233333
2       47.39593974583
4       47.39593976667
1       47.39593988750
2       47.39615839583
4       47.39615839583
1       47.39615853333
2       47.39618716667
2       47.39619313750
2       47.39625343750
2       47.39644719167
4       47.39644720833
1       47.39644732917
2       47.39650218333
2       47.39652627917
2       47.39661243750
2       47.39672181667
4       47.39672183750
1       47.39672195833
2       47.39673142917
2       47.39674693750
2       47.39685763750
2       47.39689072083
4       47.39689074167
1       47.39689086250
2       47.39696487917
2       47.39697149583
2       47.39708911250
4       47.39708913333
1       47.39708925417
2       47.39740382083
4       47.39740383750
1       47.39740395833
2       47.39751610833
2       47.39772285417
4       47.39772287083
1       47.39772299167
2       47.39788605417
2       47.39803673750
4       47.39803675833
1       47.39803687917
2       47.39820267500
2       47.39830736667
4       47.39830736667
1       47.39830750417
2       47.39849121667
4       47.39849123750
1       47.39849135833
2       47.39850479167
2       47.39881477083
4       47.39881478750
1       47.39881490833
2       47.39888004583
2       47.39902547083
4       47.39902549167
1       47.39902561250
2       47.39902785417
2       47.39909634167
2       47.39919539167
2       47.39920802500
4       47.39920804583
1       47.39920816667
2       47.39925995833
2       47.39939875000
2       47.39948618750
4       47.39948618750
1       47.39948632500
2       47.39967005417
4       47.39967007500
1       47.39967019583
2       47.39971937500
2       47.39972300000
2       47.39980028333
2       47.39990327083
4       47.39990329167
1       47.39990341250
2       47.39993374583
2       47.40008242500
2       47.40033606667
4       47.40033608750
1       47.40033620417
2       47.40037791250
2       47.40045105417
2       47.40065845417
4       47.40065847083
1       47.40065859167
2       47.40083435833
4       47.40083437500
1       47.40083449583
2       47.40091977917
2       47.40100020833
2       47.40102137917
2       47.40128142917
4       47.40128144583
1       47.40128156667
2       47.40130027917
2       47.40130037917
2       47.40133745833
2       47.40141268333
2       47.40169940417
4       47.40169942500
1       47.40169954583
2       47.40178256667
2       47.40192008750
2       47.40198031667
4       47.40198033750
1       47.40198045417
2       47.40215264167
2       47.40220453333
4       47.40220455417
1       47.40220467500
2       47.40237124583
2       47.40251790000
4       47.40251791667
1       47.40251803750
2       47.40253804583
2       47.40275569583
4       47.40275571667
1       47.40275583750
2       47.40579369167
4       47.40579371250
1       47.40579383333
2       47.40585398333
2       47.40585601250
2       47.40605412083
4       47.40605414167
1       47.40605425833
2       47.40620819167
2       47.40634023750
4       47.40634025833
1       47.40634037917
2       47.40651157083
2       47.40672490417
4       47.40672492500
1       47.40672504583
2       47.40681090417
2       47.40720476250
4       47.40720477917
1       47.40720490000
2       47.40741880833
4       47.40741882917
1       47.40741895000
2       47.40764297083
4       47.40764299167
1       47.40764311250
2       47.40771452917
2       47.40778175417
2       47.40791357500
4       47.40791357500
1       47.40791371250
2       47.40820705417
4       47.40820707083
1       47.40820719167
2       47.40844462083
4       47.40844464167
1       47.40844476250
2       47.40851417500
2       47.40853230833
2       47.40855922083
2       47.40864197500
4       47.40864199583
1       47.40864211667
2       47.40864660833
2       47.40879310000
2       47.40880828750
2       47.40887381250
4       47.40887383333
1       47.40887395417
2       47.40891217917
2       47.40901921250
2       47.40923752917
4       47.40923754583
1       47.40923766667
2       47.40958139167
4       47.40958141250
1       47.40958153333
2       47.40976885833
2       47.40991192083
4       47.40991194167
1       47.40991206250
2       47.40991253333
2       47.40995034167
2       47.41007184583
2       47.41015135417
4       47.41015137500
1       47.41015149167
2       47.41016462917
2       47.41027992917
2       47.41036532083
4       47.41036534167
1       47.41036545833
2       47.41058502917
4       47.41058504583
1       47.41058516667
2       47.41070947083
2       47.41079956667
4       47.41079958750
1       47.41079970833
2       47.41100525833
4       47.41100527500
1       47.41100539583
2       47.41109140000
2       47.41111782917
2       47.41120404583
4       47.41120406667
1       47.41120418750
2       47.41134344583
2       47.41143128750
4       47.41143128750
1       47.41143142500
2       47.41150446250
2       47.41183965833
4       47.41183967500
1       47.41183979583
2       47.41188174167
2       47.41191355833
2       47.41197837500
2       47.41198806667
2       47.41202220833
2       47.41203340833
4       47.41203342500
1       47.41203354583
2       47.41205679167
2       47.41208733750
2       47.41211624583
2       47.41221925000
4       47.41221927083
1       47.41221939167
2       47.41251167500
4       47.41251169583
1       47.41251181667
2       47.41266668750
2       47.41277300833
4       47.41277302500
1       47.41277314583
2       47.41282137083
2       47.41290589583
2       47.41294627500
4       47.41294627500
1       47.41294641250
2       47.41296317917
2       47.41314034167
4       47.41314036250
1       47.41314048333
2       47.41337786250
4       47.41337788333
1       47.41337800000
2       47.41347156250
2       47.41353724167
2       47.41361932500
4       47.41361934583
1       47.41361946667
2       47.41391837917
4       47.41391840000
1       47.41391852083
2       47.41502044167
4       47.41502045833
1       47.41502057917
2       47.41502601250
2       47.41517080833
2       47.41535525417
4       47.41535527500
1       47.41535539167
2       47.41555471250
4       47.41555473333
1       47.41555485000
2       47.41557490833
2       47.41867943333
4       47.41867945417
1       47.41867957083
2       47.41873278750
2       47.41913487917
4       47.41913489583
1       47.41913501667
2       47.41925188750
2       47.41927687500
2       47.41936613750
4       47.41936613750
1       47.41936627500
2       47.41937801667
2       47.41954361667
2       47.41980533750
4       47.41980533750
1       47.41980547500
2       47.41994148333
2       47.41997257917
2       47.42005535000
4       47.42005536667
1       47.42005548750
2       47.42038057917
4       47.42038059583
1       47.42038071667
2       47.42042032083
2       47.42047543333
2       47.42047838333
2       47.42066455000
4       47.42066456667
1       47.42066468750
2       47.42068509167
2       47.42073971250
2       47.42075960417
2       47.42140514167
4       47.42140515833
1       47.42140527917
2       47.42153824167
2       47.42163334583
4       47.42163334583
1       47.42163348333
2       47.42165741667
2       47.42173335833
2       47.42186959167
4       47.42186960833
1       47.42186972917
2       47.42217982917
4       47.42217984583
1       47.42217996667
2       47.42234974583
2       47.42237723750
4       47.42237723750
1       47.42237737500
2       47.42249014167
2       47.42255114583
2       47.42259123750
4       47.42259123750
1       47.42259137500
2       47.42263293750
2       47.42331264167
4       47.42331265833
1       47.42331277917
2       47.42363200833
4       47.42363202917
1       47.42363214583
2       47.42367764167
2       47.42393797083
4       47.42393798750
1       47.42393810833
2       47.42416387500
4       47.42416389583
1       47.42416401250
2       47.42418051250
2       47.42420732500
2       47.42426086250
2       47.42432653750
2       47.42440280833
4       47.42440282917
1       47.42440295000
2       47.42441162917
2       47.42458983333
2       47.42468866250
4       47.42468868333
1       47.42468880000
2       47.42543786667
4       47.42543788750
1       47.42543800833
2       47.42551901250
2       47.42567467083
4       47.42567469167
1       47.42567481250
2       47.42571634583
2       47.42606864167
4       47.42606865833
1       47.42606877917
2       47.42618169167
2       47.42646595000
4       47.42646596667
1       47.42646608750
2       47.42679015417
4       47.42679017083
1       47.42679029167
2       47.42703132083
4       47.42703133750
1       47.42703145833
2       47.42726217500
4       47.42726219583
1       47.42726231667
2       47.42731322083
2       47.42744235833
2       47.42753647500
4       47.42753649583
1       47.42753661250
2       47.42783591250
4       47.42783593333
1       47.42783605000
2       47.42792245000
2       47.42794127917
2       47.42818535000
4       47.42818537083
1       47.42818549167
2       47.42835124583
2       47.42860600833
4       47.42860602917
1       47.42860615000
2       47.43263368750
4       47.43263368750
1       47.43263382500
2       47.43263570833
2       47.43267342500
2       47.43280162500
2       47.43290019167
4       47.43290021250
1       47.43290033333
2       47.43295168750
2       47.43303446667
2       47.43305800000
2       47.43310370000
2       47.43317430833
4       47.43317432917
1       47.43317445000
2       47.43344718333
4       47.43344720417
1       47.43344732500
2       47.43344914167
2       47.43354225417
2       47.43357838333
2       47.43360385833
2       47.43368034583
4       47.43368034583
1       47.43368048333
2       47.43370320000
2       47.43374330417
2       47.43374726667
2       47.43399040833
4       47.43399042500
1       47.43399054583
2       47.43423786667
4       47.43423788750
1       47.43423800833
2       47.43434710000
2       47.43454222917
4       47.43454224583
1       47.43454236667
2       47.43473967500
4       47.43473969583
1       47.43473981667
2       47.43475847500
2       47.43477045417
2       47.43488608333
2       47.43504237917
4       47.43504240000
1       47.43504251667
2       47.43508278750
2       47.43515537917
2       47.43520205000
2       47.43536757500
4       47.43536759583
1       47.43536771667
2       47.43543618333
2       47.43550514583
2       47.43568164583
4       47.43568166667
1       47.43568178750
2       47.43575025000
2       47.43575085417
2       47.43584455833
2       47.43585553333
2       47.43585711667
2       47.43594562083
4       47.43594563750
1       47.43594575833
2       47.43611457083
2       47.43613544583
2       47.43643250833
4       47.43643250833
1       47.43643264583
2       47.43647263750
2       47.43647624167
2       47.43659647917
2       47.43667994167
4       47.43667995833
1       47.43668007917
2       47.43672934583
2       47.43709532917
4       47.43709535000
1       47.43709547083
2       47.43722711250
2       47.43723574583
2       47.43731267083
4       47.43731269167
1       47.43731281250
2       47.43741196667
2       47.43753980000
4       47.43753981667
1       47.43753993750
2       47.43768625833
2       47.43787332500
4       47.43787334583
1       47.43787346667
2       47.43800982500
2       47.43803237917
2       47.43809267083
4       47.43809268750
1       47.43809280833
2       47.43852946250
4       47.43852947917
1       47.43852960000
2       47.43853812083
2       47.43873421667
4       47.43873421667
1       47.43873435417
2       47.43881677500
2       47.43918004583
4       47.43918006667
1       47.43918018750
2       47.43929268333
2       47.43931520833
2       47.43952227500
4       47.43952227500
1       47.43952241250
2       47.43966661250
2       47.43986706250
4       47.43986708333
1       47.43986720000
2       47.44012403333
4       47.44012405417
1       47.44012417083
2       47.44019292917
2       47.44030251667
2       47.44066923333
4       47.44066925000
1       47.44066937083
2       47.44094346250
4       47.44094347917
1       47.44094360000
2       47.44111997083
4       47.44111999167
1       47.44112011250
2       47.44114753750
2       47.44119514583
2       47.44147908333
4       47.44147910417
1       47.44147922083
2       47.44165068750
2       47.44172413750
4       47.44172415833
1       47.44172427917
2       47.44193391667
4       47.44193391667
1       47.44193405417
2       47.44206437917
2       47.44207490833
2       47.44221843333
4       47.44221845417
1       47.44221857500
2       47.44234958333
2       47.44239170833
4       47.44239172917
1       47.44239184583
2       47.44252342500
2       47.44289450000
4       47.44289452083
1       47.44289464167
2       47.44296798750
2       47.44689395833
4       47.44689397917
1       47.44689410000
2       47.44690125833
2       47.44700094167
2       47.44715270417
4       47.44715272083
1       47.44715284167
2       47.44746435833
4       47.44746437917
1       47.44746450000
2       47.44771077083
4       47.44771078750
1       47.44771090833
2       47.44776311667
2       47.44780485833
2       47.44805224167
4       47.44805225833
1       47.44805237917
2       47.44811053750
2       47.44846542083
4       47.44846544167
1       47.44846556250
2       47.44851871667
2       47.44857856250
2       47.44884988750
4       47.44884988750
1       47.44885002500
2       47.44902109167
4       47.44902111250
1       47.44902122917
2       47.44904792083
2       47.44920990417
4       47.44920992500
1       47.44921004583
2       47.44929206250
2       47.44930431250
2       47.44939867083
2       47.44940569167
4       47.44940570833
1       47.44940582917
2       47.44949507083
2       47.44995682083
4       47.44995684167
1       47.44995696250
2       47.45029802083
4       47.45029804167
1       47.45029816250
2       47.45038738333
2       47.45050733750
4       47.45050733750
1       47.45050747500
2       47.45099657917
4       47.45099660000
1       47.45099672083
2       47.45100119583
2       47.45105514583
2       47.45116932083
2       47.45122151667
4       47.45122153750
1       47.45122165417
2       47.45131153750
2       47.45132047917
2       47.45153937500
4       47.45153939167
1       47.45153951250
2       47.45159704583
2       47.45165306667
2       47.45212895833
4       47.45212897917
1       47.45212910000
2       47.45226650417
2       47.45232639583
2       47.45293486250
4       47.45293488333
1       47.45293500417
2       47.45318394583
4       47.45318394583
1       47.45318408333
2       47.45327213750
2       47.45332867500
2       47.45352514167
4       47.45352516250
1       47.45352527917
2       47.45366993750
2       47.45367752917
2       47.45392491250
4       47.45392493333
1       47.45392505417
2       47.45404556250
2       47.45415941667
4       47.45415941667
1       47.45415955417
2       47.45416638333
2       47.45419888333
2       47.45483285000
4       47.45483287083
1       47.45483299167
2       47.45504710417
2       47.45508292083
4       47.45508293750
1       47.45508305833
2       47.45510770000
2       47.45517602083
2       47.45534958333
4       47.45534960000
1       47.45534972083
2       47.45549119167
2       47.45584775417
4       47.45584777083
1       47.45584789167
2       47.45585893750
2       47.45592153750
2       47.45610210833
4       47.45610212917
1       47.45610225000
2       47.46053526250
4       47.46053527917
1       47.46053540000
2       47.46059679583
2       47.46064820833
2       47.46114432083
4       47.46114434167
1       47.46114445833
2       47.46115366667
2       47.46159941667
4       47.46159941667
1       47.46159955417
2       47.46164976667
2       47.46172300833
2       47.46205053750
4       47.46205055833
1       47.46205067500
2       47.46207805417
2       47.46212767917
2       47.46235426250
4       47.46235428333
1       47.46235440417
2       47.46254738333
2       47.46272099167
4       47.46272101250
1       47.46272113333
2       47.46273254167
2       47.46309054583
4       47.46309054583
1       47.46309068333
2       47.46309960833
2       47.46313136250
2       47.46348975417
4       47.46348977083
1       47.46348989167
2       47.46363257500
2       47.46383457500
4       47.46383457500
1       47.46383471250
2       47.46383882917
2       47.46391078333
2       47.46396768750
2       47.46417270000
4       47.46417272083
1       47.46417283750
2       47.46419963750
2       47.46466786250
4       47.46466787917
1       47.46466800000
2       47.46473322500
2       47.46484040833
4       47.46484042500
1       47.46484054583
2       47.46503132500
2       47.46504188333
4       47.46504190417
1       47.46504202500
2       47.46508993750
2       47.46524290417
4       47.46524292500
1       47.46524304583
2       47.46527834167
2       47.46529360833
2       47.46564535000
4       47.46564537083
1       47.46564549167
2       47.46583653333
2       47.46601869167
4       47.46601871250
1       47.46601882917
2       47.46610378333
2       47.46612070417
2       47.46619689167
2       47.46631080417
4       47.46631082500
1       47.46631094583
2       47.46659071667
4       47.46659073750
1       47.46659085417
2       47.46659133333
2       47.46660267083
2       47.46714486667
4       47.46714486667
1       47.46714500417
2       47.46744490000
4       47.46744492083
1       47.46744504167
2       47.46750352083
2       47.46762350000
2       47.46769731667
4       47.46769733750
1       47.46769745833
2       47.46796792917
4       47.46796795000
1       47.46796807083
2       47.46799543750
2       47.46815967083
4       47.46815968750
1       47.46815980833
2       47.46820180417
2       47.46820836250
2       47.46821603333
2       47.46823823333
2       47.46826474583
2       47.46826897917
2       47.46837408333
4       47.46837410000
1       47.46837422083
2       47.46841250000
2       47.46873472500
4       47.46873474583
1       47.46873486667
2       47.46875399583
2       47.46891625417
4       47.46891627083
1       47.46891639167
2       47.46913250417
4       47.46913252083
1       47.46913264167
2       47.46921900417
2       47.46927730833
2       47.46930737917
2       47.46934186667
4       47.46934188750
1       47.46934200833
2       47.46934652500
2       47.46937662917
2       47.46939084167
2       47.46948394167
2       47.46949485833
2       47.46973140417
4       47.46973142083
1       47.46973154167
2       47.46998076667
4       47.46998076667
1       47.46998090417
2       47.47000433750
2       47.47011061250
2       47.47033293333
4       47.47033295000
1       47.47033307083
2       47.47037327500
2       47.47039413333
2       47.47039775833
2       47.47042532083
2       47.47044316250
2       47.47053420000
4       47.47053422083
1       47.47053434167
2       47.47065222083
2       47.47078665417
4       47.47078667500
1       47.47078679167
2       47.47079298333
2       47.47079847917
2       47.47427015417
4       47.47427017500
1       47.47427029583
2       47.47436824583
2       47.47437714583
2       47.47442748750
2       47.47455868750
4       47.47455870833
1       47.47455882500
2       47.47479352083
4       47.47479354167
1       47.47479365833
2       47.47494351667
2       47.47498666250
2       47.47519055000
4       47.47519056667
1       47.47519068750
2       47.47536720833
2       47.47554535833
4       47.47554535833
1       47.47554549583
2       47.47557356250
2       47.47557913333
2       47.47566365000
2       47.47583491667
4       47.47583493750
1       47.47583505833
2       47.47593720000
2       47.47595845833
2       47.47611771667
4       47.47611771667
1       47.47611785417
2       47.47616182083
2       47.47631255833
4       47.47631257917
1       47.47631269583
2       47.47633372917
2       47.47635923750
2       47.47640623333
2       47.47661521250
4       47.47661522917
1       47.47661535000
2       47.47668817500
2       47.47676598333
2       47.47688816667
4       47.47688818750
1       47.47688830833
2       47.47689614583
2       47.47708927917
4       47.47708929583
1       47.47708941667
2       47.47714154167
2       47.47742145417
4       47.47742147500
1       47.47742159583
2       47.47749466250
2       47.47755922917
2       47.47760527917
4       47.47760530000
1       47.47760542083
2       47.47765128750
2       47.47792463333
4       47.47792465000
1       47.47792477083
2       47.47812296667
4       47.47812298750
1       47.47812310833
2       47.47835246250
4       47.47835248333
1       47.47835260417
2       47.47836250833
2       47.47836443333
2       47.47844148333
2       47.47858346667
4       47.47858348750
1       47.47858360833
2       47.47865625417
2       47.47879437083
4       47.47879438750
1       47.47879450833
2       47.47903654167
4       47.47903655833
1       47.47903667917
2       47.47927537500
4       47.47927539167
1       47.47927551250
2       47.47927762917
2       47.47934257500
2       47.47952272917
4       47.47952275000
1       47.47952287083
2       47.47967547083
2       47.48013086250
4       47.48013088333
1       47.48013100417
2       47.48013784167
2       47.48014336250
2       47.48029951667
2       47.48033028333
4       47.48033030417
1       47.48033042500
2       47.48040386250
2       47.48046342500
2       47.48070055417
4       47.48070057500
1       47.48070069583
2       47.48075986667
2       47.48078901250
2       47.48081417500
2       47.48091720417
4       47.48091722500
1       47.48091734583
2       47.48104212083
2       47.48106665000
2       47.48128391250
4       47.48128393333
1       47.48128405417
2       47.48128885417
2       47.48148910833
4       47.48148910833
1       47.48148924583
2       47.48156273333
2       47.48180852500
4       47.48180854583
1       47.48180866667
2       47.48190063333
2       47.48214711250
4       47.48214712917
1       47.48214725000
2       47.48222423750
2       47.48235639167
4       47.48235641250
1       47.48235653333
2       47.48239614167
2       47.48255511250
2       47.48274852917
4       47.48274855000
1       47.48274867083
2       47.48284460833
2       47.48289569167
2       47.48294796250
2       47.48329113333
4       47.48329115417
1       47.48329127083
2       47.48329839583
2       47.48341435833
2       47.48345047500
2       47.48352528333
4       47.48352530000
1       47.48352542083
2       47.48358195000
2       47.48358921250
2       47.48396877500
4       47.48396879583
1       47.48396891667
2       47.48421655000
4       47.48421657083
1       47.48421669167
2       47.48882627500
4       47.48882627500
1       47.48882641250
2       47.48887025417
2       47.48889616250
2       47.48889974167
2       47.48899610417
2       47.48902826250
2       47.48920548750
4       47.48920550833
1       47.48920562917
2       47.48959399167
4       47.48959401250
1       47.48959413333
2       47.48962682917
2       47.48984739167
4       47.48984741250
1       47.48984753333
2       47.48986761250
2       47.49003355833
2       47.49015016667
4       47.49015018750
1       47.49015030833
2       47.49019258750
2       47.49020048750
2       47.49024856667
2       47.49026143333
2       47.49041417917
4       47.49041419583
1       47.49041431667
2       47.49057714167
2       47.49061256250
4       47.49061257917
1       47.49061270000
2       47.49068541667
2       47.49076427917
2       47.49077490417
2       47.49093951667
4       47.49093951667
1       47.49093965417
2       47.49098124583
2       47.49110446667
2       47.49114386250
4       47.49114387917
1       47.49114400000
2       47.49117860417
2       47.49142070417
4       47.49142072083
1       47.49142084167
2       47.49152139583
2       47.49164526667
4       47.49164528750
1       47.49164540833
2       47.49173473333
2       47.49210639167
4       47.49210641250
1       47.49210653333
2       47.49214044583
2       47.49237400000
4       47.49237402083
1       47.49237414167
2       47.49246012500
2       47.49248371667
2       47.49268771250
4       47.49268773333
1       47.49268785000
2       47.49270066250
2       47.49286386250
2       47.49293770000
4       47.49293772083
1       47.49293783750
2       47.49296850417
2       47.49297256250
2       47.49300263750
2       47.49350847083
4       47.49350848750
1       47.49350860833
2       47.49352568333
2       47.49365752917
2       47.49366310000
2       47.49370283333
2       47.49385389167
4       47.49385391250
1       47.49385403333
2       47.49417519167
4       47.49417521250
1       47.49417533333
2       47.49437959583
4       47.49437961667
1       47.49437973750
2       47.49438089167
2       47.49459649167
4       47.49459651250
1       47.49459663333
2       47.49490231250
4       47.49490232917
1       47.49490245000
2       47.49506889167
2       47.49509833333
2       47.49601948333
4       47.49601950417
1       47.49601962083
2       47.49635702500
4       47.49635704583
1       47.49635716667
2       47.49644209583
2       47.49645373333
2       47.49648447917
2       47.49653748750
2       47.49655804583
2       47.49679189583
4       47.49679191667
1       47.49679203750
2       47.49687701667
2       47.49699424583
4       47.49699426667
1       47.49699438750
2       47.49722212083
4       47.49722213750
1       47.49722225833
2       47.49730100417
2       47.49743705000
4       47.49743706667
1       47.49743718750
2       47.49753042500
2       47.49764945833
4       47.49764947917
1       47.49764960000
2       47.49765658750
2       47.49768187917
2       47.49785912500
4       47.49785912500
1       47.49785926250
2       47.49804229583
2       47.49805586250
4       47.49805587917
1       47.49805600000
2       47.49816650417
2       47.49874775417
4       47.49874777500
1       47.49874789583
2       47.49877295833
2       47.50262144583
4       47.50262144583
1       47.50262158333
2       47.50269333750
2       47.50291557083
4       47.50291558750
1       47.50291570833
2       47.50304181667
2       47.50307327083
2       47.50309970833
2       47.50314441667
4       47.50314443750
1       47.50314455833
2       47.50315740417
2       47.50330112500
2       47.50330940417
2       47.50336407083
4       47.50336408750
1       47.50336420833
2       47.50343130833
2       47.50389858750
4       47.50389858750
1       47.50389872500
2       47.50405400417
2       47.50433953750
4       47.50433953750
1       47.50433967500
2       47.50458927500
4       47.50458929583
1       47.50458941667
2       47.50482376667
4       47.50482378750
1       47.50482390417
2       47.50484695000
2       47.50490692500
2       47.50491755000
2       47.50495429583
2       47.50496823333
2       47.50567604583
4       47.50567606667
1       47.50567618750
2       47.50573337083
2       47.50604932500
4       47.50604934583
1       47.50604946667
2       47.50623150417
2       47.50626661667
4       47.50626661667
1       47.50626675417
2       47.50659422083
4       47.50659423750
1       47.50659435833
2       47.50667201250
2       47.50711187083
4       47.50711188750
1       47.50711200833
2       47.50725495000
2       47.50737617917
4       47.50737620000
1       47.50737632083
2       47.50746798333
2       47.50758421667
2       47.50762531667
4       47.50762533750
1       47.50762545833
2       47.50836257083
4       47.50836259167
1       47.50836271250
2       47.50920353750
4       47.50920355833
1       47.50920367917
2       47.50954143333
4       47.50954145000
1       47.50954157083
2       47.50965342083
2       47.50968356667
2       47.50976532500
4       47.50976534583
1       47.50976546667
2       47.50999817917
4       47.50999819583
1       47.50999831667
2       47.51004132083
2       47.51008335417
2       47.51048508333
4       47.51048510000
1       47.51048522083
2       47.51052447083
2       47.51058715000
2       47.51079776250
4       47.51079777917
1       47.51079790000
2       47.51106570417
4       47.51106572083
1       47.51106584167
2       47.51110812500
2       47.51118664167
2       47.51122700417
2       47.51123200833
2       47.51139925000
4       47.51139926667
1       47.51139938750
2       47.51145596250
2       47.51166962500
4       47.51166964583
1       47.51166976250
2       47.51184608333
2       47.51186497083
4       47.51186498750
1       47.51186510833
2       47.51191565000
2       47.51208858333
4       47.51208860417
1       47.51208872500
2       47.51211505833
2       47.51219324583
2       47.51247971250
4       47.51247973333
1       47.51247985417
2       47.51689064167
4       47.51689066250
1       47.51689078333
2       47.51710204167
4       47.51710205833
1       47.51710217917
2       47.51714002083
2       47.51789726250
4       47.51789727917
1       47.51789740000
2       47.51846395833
4       47.51846397917
1       47.51846410000
2       47.51866735000
2       47.51879682083
4       47.51879684167
1       47.51879696250
2       47.51903201667
4       47.51903201667
1       47.51903215417
2       47.51912507083
2       47.51926288750
4       47.51926290833
1       47.51926302917
2       47.51958222917
4       47.51958224583
1       47.51958236667
2       47.51964045833
2       47.51990844583
4       47.51990844583
1       47.51990858333
2       47.51993992500
2       47.52050265833
4       47.52050267917
1       47.52050279583
2       47.52079252500
4       47.52079252500
1       47.52079266250
2       47.52086176250
2       47.52218929167
4       47.52218931250
1       47.52218942917
2       47.52346179583
4       47.52346181667
1       47.52346193750
2       47.52346615833
2       47.52411435417
4       47.52411437500
1       47.52411449583
2       47.52426642083
2       47.52462645833
4       47.52462647500
1       47.52462659583
2       47.52502922500
4       47.52502922500
1       47.52502936250
2       47.52587287500
4       47.52587289583
1       47.52587301667
2       47.52683937083
4       47.52683939167
1       47.52683951250
2       47.52684005417
2       47.52711592500
4       47.52711594583
1       47.52711606667
2       47.52718085000
2       47.52823950000
4       47.52823952083
1       47.52823963750
2       47.52835737500
2       47.52898039167
4       47.52898040833
1       47.52898052917
2       47.52993890000
4       47.52993892083
1       47.52993903750
2       47.53111150833
4       47.53111150833
1       47.53111164583
2       47.53304943333
4       47.53304945417
1       47.53304957500
2       47.53317111250
2       47.53406658750
4       47.53406660833
1       47.53406672917
2       47.53408067083
2       47.53472314167
4       47.53472316250
1       47.53472328333
2       47.53521803750
4       47.53521805833
1       47.53521817917
2       47.53528224583
2       47.53606372500
4       47.53606372500
1       47.53606386250
2       47.53647579167
4       47.53647581250
1       47.53647593333
2       47.53658800000
2       47.53941660417
4       47.53941662500
1       47.53941674583
2       47.54327114167
4       47.54327116250
1       47.54327128333
2       47.54449604167
4       47.54449605833
1       47.54449617917
2       47.54523828750
4       47.54523830833
1       47.54523842917
2       47.54579768750
4       47.54579768750
1       47.54579782500
2       47.54723491667
4       47.54723493750
1       47.54723505833
2       47.54840548333
4       47.54840550417
1       47.54840562500
2       47.54913689167
4       47.54913691250
1       47.54913703333
2       47.54971518750
4       47.54971520833
1       47.54971532917
2       47.55038353750
4       47.55038355833
1       47.55038367917
2       47.55538368750
4       47.55538370833
1       47.55538382917
2       47.55910017083
4       47.55910019167
1       47.55910031250
2       47.56315527083
4       47.56315529167
1       47.56315541250
2       47.57683721667
4       47.57683723750
1       47.57683735833
2       47.57697075417
2       47.58766302500
4       47.58766304583
1       47.58766316667
2       47.58996109583
4       47.58996111667
1       47.58996123750
