# Software: TrackLab 1.6.0
# Start of measurement: 24/8/2026 2:07:47.157 UTC
# Start of measurement - unix time: 1787537267.157
# Chip ID: K8-W0036
# Readout IP address: 192.168.1.49
# Event code 1: evttrgcorbofall
# Event code 2: evttrg
# Event code 4: evttrgcorbolead
# Event code 8: 
# Event code 16: 
# -----------------------------------------------------------------------------------------------------------------------------
2       19.48887987500
4       19.48887989583
1       19.48888001667
2       19.49038412917
4       19.49038415000
1       19.49038427083
2       19.49642722083
4       19.49642723750
1       19.49642735833
2       19.50006925833
4       19.50006927917
1       19.50006940000
2       19.51030146250
4       19.51030148333
1       19.51030160000
2       19.51083140000
4       19.51083141667
1       19.51083153750
2       19.51256121667
4       19.51256121667
1       19.51256135417
2       19.51451360000
4       19.51451361667
1       19.51451373750
2       19.51584426250
4       19.51584428333
1       19.51584440417
2       19.51655117083
4       19.51655118750
1       19.51655130833
2       19.51675287917
2       19.51785916667
4       19.51785916667
1       19.51785930417
2       19.51891536667
4       19.51891538750
1       19.51891550833
2       19.52067424583
4       19.52067424583
1       19.52067438333
2       19.52308550417
4       19.52308550417
1       19.52308564167
2       19.52364835000
4       19.52364837083
1       19.52364849167
2       19.52453933750
4       19.52453935417
1       19.52453947500
2       19.52469598333
2       19.52478199167
4       19.52478201250
1       19.52478213333
2       19.52603325417
4       19.52603327500
1       19.52603339583
2       19.52699773750
4       19.52699775417
1       19.52699787500
2       19.52868530833
4       19.52868532500
1       19.52868544583
2       19.52878510833
2       19.52887048333
2       19.52961611667
4       19.52961613750
1       19.52961625833
2       19.53019043333
4       19.53019045417
1       19.53019057083
2       19.53028055000
2       19.53030591667
2       19.53046397500
4       19.53046399583
1       19.53046411667
2       19.53194067917
4       19.53194069583
1       19.53194081667
2       19.53233512917
4       19.53233514583
1       19.53233526667
2       19.53278495417
4       19.53278497083
1       19.53278509167
2       19.53281702917
2       19.53307545417
4       19.53307547083
1       19.53307559167
2       19.53323410000
2       19.53333018750
4       19.53333020833
1       19.53333032917
2       19.53362400417
4       19.53362402500
1       19.53362414583
2       19.53372534583
2       19.53388560000
4       19.53388562083
1       19.53388574167
2       19.53391172500
2       19.53413672917
4       19.53413674583
1       19.53413686667
2       19.53427517917
2       19.53466495000
4       19.53466497083
1       19.53466509167
2       19.53494974583
4       19.53494974583
1       19.53494988333
2       19.53519169167
4       19.53519171250
1       19.53519182917
2       19.53552483750
4       19.53552485833
1       19.53552497917
2       19.53556695417
2       19.53582199583
4       19.53582201667
1       19.53582213750
2       19.53725852500
4       19.53725852500
1       19.53725866250
2       19.53779612083
4       19.53779613750
1       19.53779625833
2       19.53793486250
2       19.53799977917
2       19.53867843750
4       19.53867845833
1       19.53867857917
2       19.53869303333
2       19.53886532083
2       19.53915149167
4       19.53915151250
1       19.53915163333
2       19.53960586667
4       19.53960588750
1       19.53960600833
2       19.53992876667
4       19.53992876667
1       19.53992890417
2       19.54011434167
2       19.54018358333
4       19.54018360417
1       19.54018372500
2       19.54027796250
2       19.54040910417
4       19.54040910417
1       19.54040924167
2       19.54091295000
4       19.54091297083
1       19.54091309167
2       19.54147009583
4       19.54147009583
1       19.54147023333
2       19.54197649167
4       19.54197651250
1       19.54197663333
2       19.54227167083
4       19.54227168750
1       19.54227180833
2       19.54235613333
2       19.54251015833
4       19.54251017500
1       19.54251029583
2       19.54265078750
2       19.54271085000
2       19.54281715000
4       19.54281717083
1       19.54281728750
2       19.54285023333
2       19.54297281667
2       19.54310501250
4       19.54310502917
1       19.54310515000
2       19.54312112917
2       19.54334948750
4       19.54334950833
1       19.54334962917
2       19.54338227083
2       19.54344219167
2       19.54379230000
4       19.54379231667
1       19.54379243750
2       19.54413280417
4       19.54413282500
1       19.54413294583
2       19.54423480417
2       19.54427885000
2       19.54550641667
4       19.54550641667
1       19.54550655417
2       19.54551070833
2       19.54565478333
2       19.54572367500
4       19.54572369583
1       19.54572381667
2       19.54585581667
2       19.54595687083
4       19.54595689167
1       19.54595701250
2       19.54627908333
4       19.54627910417
1       19.54627922500
2       19.54637694167
2       19.54653712500
4       19.54653714583
1       19.54653726667
2       19.54657688333
2       19.54658325000
2       19.54664079583
2       19.54664388750
2       19.54687697083
4       19.54687699167
1       19.54687711250
2       19.54694295417
2       19.54697534167
2       19.54700291667
2       19.54704499167
2       19.54734575833
4       19.54734577500
1       19.54734589583
2       19.54745367500
2       19.54747425000
2       19.54781709167
4       19.54781711250
1       19.54781723333
2       19.54786897917
2       19.54807002917
4       19.54807005000
1       19.54807017083
2       19.54819459583
2       19.54821488333
2       19.54822533750
2       19.54829239167
4       19.54829241250
1       19.54829253333
2       19.54833506250
2       19.54852747083
4       19.54852748750
1       19.54852760833
2       19.54856759583
2       19.54856860833
2       19.54860768333
2       19.54897802917
4       19.54897805000
1       19.54897817083
2       19.54923035000
4       19.54923036667
1       19.54923048750
2       19.54923440000
2       19.54926765833
2       19.54926780000
2       19.54936845833
2       19.54940424583
4       19.54940424583
1       19.54940438333
2       19.54948011667
2       19.54954934583
2       19.54961625833
4       19.54961627500
1       19.54961639583
2       19.54980466667
2       19.54992425833
4       19.54992427500
1       19.54992439583
2       19.55006541667
2       19.55018702083
4       19.55018703750
1       19.55018715833
2       19.55045326667
4       19.55045326667
1       19.55045340417
2       19.55051094167
2       19.55054342083
2       19.55056061250
2       19.55059998333
2       19.55060893750
2       19.55067317917
4       19.55067319583
1       19.55067331667
2       19.55069275000
2       19.55083091250
2       19.55084023750
4       19.55084025833
1       19.55084037500
2       19.55087259167
2       19.55119391250
4       19.55119393333
1       19.55119405417
2       19.55127905833
2       19.55128328333
2       19.55139400833
4       19.55139402917
1       19.55139415000
2       19.55140795417
2       19.55154474583
2       19.55164003750
4       19.55164005833
1       19.55164017917
2       19.55165634583
2       19.55183474167
4       19.55183476250
1       19.55183488333
2       19.55204046667
4       19.55204046667
1       19.55204060417
2       19.55209873750
2       19.55216239167
2       19.55228662917
4       19.55228665000
1       19.55228676667
2       19.55233897500
2       19.55241146667
2       19.55264395000
4       19.55264397083
1       19.55264409167
2       19.55264999167
2       19.55268633333
2       19.55268870417
2       19.55291095833
4       19.55291097917
1       19.55291110000
2       19.55292623750
2       19.55319381250
4       19.55319382917
1       19.55319395000
2       19.55334915000
2       19.55341677083
4       19.55341679167
1       19.55341691250
2       19.55375666667
4       19.55375668750
1       19.55375680833
2       19.55386284583
2       19.55388446250
2       19.55388516250
2       19.55399702083
4       19.55399704167
1       19.55399716250
2       19.55400239167
2       19.55405995417
2       19.55408787500
2       19.55413990000
2       19.55419521667
4       19.55419521667
1       19.55419535417
2       19.55445645000
4       19.55445646667
1       19.55445658750
2       19.55456453333
2       19.55479232917
4       19.55479234583
1       19.55479246667
2       19.55481354167
2       19.55483579167
2       19.55484735000
2       19.55485724583
2       19.55504802083
4       19.55504804167
1       19.55504816250
2       19.55511293333
2       19.55538589583
4       19.55538589583
1       19.55538603333
2       19.55550321667
2       19.55551935000
2       19.55561409583
4       19.55561409583
1       19.55561423333
2       19.55589503750
4       19.55589505417
1       19.55589517500
2       19.55593972083
2       19.55594237500
2       19.55600072083
2       19.55602083333
2       19.55621791667
4       19.55621791667
1       19.55621805417
2       19.55629571667
2       19.55632523333
2       19.55635007917
2       19.55636497083
2       19.55639049583
2       19.55639209583
2       19.55656440417
4       19.55656442500
1       19.55656454583
2       19.55661743750
2       19.55663163333
2       19.55677837500
4       19.55677839583
1       19.55677851667
2       19.55681024167
2       19.55691286667
2       19.55694200833
2       19.55695027917
2       19.55699002500
4       19.55699002500
1       19.55699016250
2       19.55707123750
2       19.55722715417
4       19.55722715417
1       19.55722729167
2       19.55724173750
2       19.55727165833
2       19.55732787083
2       19.55737297083
2       19.55746411250
4       19.55746413333
1       19.55746425417
2       19.55753124583
2       19.55763235417
4       19.55763237500
1       19.55763249583
2       19.55765906667
2       19.55768265000
2       19.55776141667
2       19.55781408750
4       19.55781408750
1       19.55781422500
2       19.55788907083
2       19.55803274583
4       19.55803274583
1       19.55803288333
2       19.55805300000
2       19.55814399583
2       19.55815826667
2       19.55819006667
2       19.55829670833
4       19.55829672500
1       19.55829684583
2       19.55830929583
2       19.55852601667
4       19.55852601667
1       19.55852615417
2       19.55863853750
2       19.55881811667
4       19.55881813750
1       19.55881825417
2       19.55891877500
2       19.55895192500
2       19.55895822083
2       19.55896346667
2       19.55899560000
4       19.55899562083
1       19.55899574167
2       19.55904725417
2       19.55921521667
4       19.55921521667
1       19.55921535417
2       19.55931269583
2       19.55952167500
4       19.55952167500
1       19.55952181250
2       19.55955267500
2       19.55963286667
2       19.55965770000
2       19.55972065417
4       19.55972065417
1       19.55972079167
2       19.55972270417
2       19.55978398750
2       19.55984455417
2       19.55985160000
2       19.55989128333
2       19.56001447500
4       19.56001447500
1       19.56001461250
2       19.56006257083
2       19.56010687917
2       19.56011551667
2       19.56011746250
2       19.56012447083
2       19.56014829167
2       19.56014895833
2       19.56018630000
2       19.56023040833
4       19.56023042500
1       19.56023054583
2       19.56024272083
2       19.56032480833
2       19.56032516250
2       19.56034135417
2       19.56037517917
2       19.56040230833
2       19.56041000833
4       19.56041002500
1       19.56041014583
2       19.56046358750
2       19.56047622083
2       19.56050930833
2       19.56071230417
4       19.56071232500
1       19.56071244583
2       19.56073028750
2       19.56081334583
2       19.56084056250
2       19.56084718333
2       19.56093525417
4       19.56093527500
1       19.56093539583
2       19.56095379583
2       19.56098106667
2       19.56098131667
2       19.56101347917
2       19.56109423750
2       19.56112779167
4       19.56112780833
1       19.56112792917
2       19.56118863750
2       19.56121254583
2       19.56132650833
4       19.56132652917
1       19.56132665000
2       19.56141558333
2       19.56150573333
4       19.56150575000
1       19.56150587083
2       19.56153884167
2       19.56169515000
4       19.56169517083
1       19.56169528750
2       19.56174047083
2       19.56174481667
2       19.56175735000
2       19.56183721667
2       19.56185142917
2       19.56191272917
4       19.56191275000
1       19.56191287083
2       19.56197962500
2       19.56200445000
2       19.56202008750
2       19.56213106667
4       19.56213108750
1       19.56213120833
2       19.56216608750
2       19.56218496667
2       19.56224896667
2       19.56225544167
2       19.56228369167
2       19.56233043750
4       19.56233045833
1       19.56233057500
2       19.56235059167
2       19.56236587500
2       19.56242611250
2       19.56258775000
4       19.56258777083
1       19.56258788750
2       19.56263578333
2       19.56286863750
4       19.56286865833
1       19.56286877917
2       19.56290842083
2       19.56293785000
2       19.56295044167
2       19.56297372500
2       19.56304485417
4       19.56304487083
1       19.56304499167
2       19.56305414583
2       19.56307702500
2       19.56320650833
2       19.56321667500
4       19.56321669583
1       19.56321681250
2       19.56340660000
4       19.56340662083
1       19.56340673750
2       19.56341723750
2       19.56349366250
2       19.56353143750
2       19.56367885833
4       19.56367887917
1       19.56367900000
2       19.56368420833
2       19.56370172500
2       19.56371500000
2       19.56373515417
2       19.56375274583
2       19.56382326667
2       19.56392162083
4       19.56392164167
1       19.56392176250
2       19.56403923750
2       19.56414612917
4       19.56414615000
1       19.56414627083
2       19.56428933333
2       19.56429257917
2       19.56442906667
4       19.56442906667
1       19.56442920417
2       19.56444830417
2       19.56447649167
2       19.56451083750
2       19.56460524583
2       19.56471301250
4       19.56471303333
1       19.56471315417
2       19.56478415833
2       19.56481922083
2       19.56483414583
2       19.56503359583
4       19.56503361667
1       19.56503373750
2       19.56512792500
2       19.56516014167
2       19.56520514167
4       19.56520515833
1       19.56520527917
2       19.56523638333
2       19.56524054583
2       19.56528298333
2       19.56537408333
2       19.56551350833
4       19.56551352917
1       19.56551365000
2       19.56551746667
2       19.56553239583
2       19.56555521667
2       19.56568576250
2       19.56571490833
4       19.56571492500
1       19.56571504583
2       19.56572784583
2       19.56573343333
2       19.56576629583
2       19.56588189167
2       19.56588478333
2       19.56590105000
4       19.56590107083
1       19.56590119167
2       19.56590345000
2       19.56607235417
2       19.56610109583
4       19.56610111667
1       19.56610123750
2       19.56610240833
2       19.56611966250
2       19.56621209583
2       19.56622430000
2       19.56627571250
2       19.56631907500
4       19.56631909583
1       19.56631921667
2       19.56637730417
2       19.56640657917
2       19.56642399167
2       19.56649690417
2       19.56658269583
4       19.56658271667
1       19.56658283750
2       19.56661845417
2       19.56662042083
2       19.56664175000
2       19.56676357500
4       19.56676359583
1       19.56676371667
2       19.56689807500
2       19.56692358333
2       19.56694609167
4       19.56694610833
1       19.56694622917
2       19.56699447083
2       19.56701135833
2       19.56702747917
2       19.56714347083
4       19.56714349167
1       19.56714360833
2       19.56725017500
2       19.56728390000
2       19.56732334167
4       19.56732335833
1       19.56732347917
2       19.56735048333
2       19.56739521667
2       19.56741141250
2       19.56744395417
2       19.56784767917
4       19.56784770000
1       19.56784782083
2       19.56791920417
2       19.56793343333
2       19.56795070833
2       19.56798808333
2       19.56800727500
2       19.56805301667
4       19.56805301667
1       19.56805315417
2       19.56808877917
2       19.56809077917
2       19.56809417917
2       19.56822922083
4       19.56822924167
1       19.56822936250
2       19.56826501250
2       19.56831802500
2       19.56834094167
2       19.56839125417
2       19.56848996250
4       19.56848998333
1       19.56849010417
2       19.56856473750
2       19.56858994583
2       19.56864499167
2       19.56866975833
4       19.56866977917
1       19.56866990000
2       19.56868467917
2       19.56869002917
2       19.56891533750
4       19.56891535417
1       19.56891547500
2       19.56908279167
2       19.56918978750
4       19.56918980833
1       19.56918992917
2       19.56921572500
2       19.56923687083
2       19.56925542500
2       19.56935733333
2       19.56935805000
2       19.56936402500
2       19.56941832917
4       19.56941835000
1       19.56941847083
2       19.56960948333
4       19.56960950417
1       19.56960962500
2       19.56968734167
2       19.56969092500
2       19.56976445000
2       19.56982929583
4       19.56982931667
1       19.56982943750
2       19.56986317917
2       19.56993572500
2       19.56995523750
2       19.56996585833
2       19.56997655417
2       19.57009997917
4       19.57010000000
1       19.57010012083
2       19.57011926667
2       19.57015033750
2       19.57026407500
2       19.57038987083
4       19.57038989167
1       19.57039001250
2       19.57039252917
2       19.57046801667
2       19.57048389583
2       19.57051105833
2       19.57051732500
2       19.57055313333
2       19.57061480417
4       19.57061482500
1       19.57061494583
2       19.57061909583
2       19.57066207500
2       19.57071475833
2       19.57075650833
2       19.57076582500
2       19.57078267917
4       19.57078270000
1       19.57078282083
2       19.57081618750
2       19.57098105417
4       19.57098107500
1       19.57098119583
2       19.57102512500
2       19.57104075833
2       19.57107584583
2       19.57109140417
2       19.57109541250
2       19.57112655000
2       19.57146564583
4       19.57146566667
1       19.57146578750
2       19.57149058333
2       19.57153061667
2       19.57155572083
2       19.57156439167
2       19.57157439583
2       19.57169457917
4       19.57169460000
1       19.57169472083
2       19.57173431667
2       19.57178428750
2       19.57191982083
4       19.57191984167
1       19.57191996250
2       19.57195620833
2       19.57210561667
4       19.57210563750
1       19.57210575833
2       19.57222484583
2       19.57228346667
2       19.57228378750
2       19.57234116667
4       19.57234118750
1       19.57234130417
2       19.57255370000
4       19.57255372083
1       19.57255384167
2       19.57259850417
2       19.57276373750
4       19.57276375833
1       19.57276387917
2       19.57286211250
2       19.57286677917
2       19.57292738750
2       19.57300129167
4       19.57300131250
1       19.57300143333
2       19.57306581250
2       19.57325662500
4       19.57325664583
1       19.57325676667
2       19.57338447500
2       19.57341792500
2       19.57343051250
4       19.57343052917
1       19.57343065000
2       19.57347361667
2       19.57360276667
2       19.57385216250
4       19.57385217917
1       19.57385230000
2       19.57387093333
2       19.57397370833
2       19.57410659167
4       19.57410661250
1       19.57410673333
2       19.57417510833
2       19.57419039167
2       19.57419867500
2       19.57447717500
4       19.57447719583
1       19.57447731250
2       19.57449805833
2       19.57452517083
2       19.57462729167
2       19.57465340833
2       19.57468359583
4       19.57468361667
1       19.57468373750
2       19.57472471250
2       19.57472669583
2       19.57479384583
2       19.57487367083
4       19.57487369167
1       19.57487381250
2       19.57490905000
2       19.57499827500
2       19.57508335000
4       19.57508336667
1       19.57508348750
2       19.57519033750
2       19.57520935000
2       19.57523179167
2       19.57549413750
4       19.57549415833
1       19.57549427500
2       19.57555139583
2       19.57559077083
2       19.57561582083
2       19.57566501250
2       19.57575709167
4       19.57575711250
1       19.57575723333
2       19.57585779583
2       19.57590611250
2       19.57591172917
2       19.57593062917
2       19.57594854583
4       19.57594856667
1       19.57594868333
2       19.57596203333
2       19.57602106250
2       19.57608098333
2       19.57615089583
4       19.57615091667
1       19.57615103750
2       19.57617802917
2       19.57621147917
2       19.57623342083
2       19.57624097917
2       19.57626522083
2       19.57634833333
4       19.57634835000
1       19.57634847083
2       19.57645691667
2       19.57654343333
4       19.57654345417
1       19.57654357500
2       19.57656625417
2       19.57658714583
2       19.57661035833
2       19.57667554583
2       19.57668154167
2       19.57677987500
4       19.57677987500
1       19.57678001250
2       19.57680312917
2       19.57691635417
2       19.57696480833
4       19.57696482500
1       19.57696494583
2       19.57702532917
2       19.57711380000
2       19.57725023333
4       19.57725025000
1       19.57725037083
2       19.57726015417
2       19.57734628750
2       19.57742475833
2       19.57745302083
4       19.57745304167
1       19.57745315833
2       19.57756855833
2       19.57765233750
4       19.57765235833
1       19.57765247500
2       19.57768717083
2       19.57794282917
4       19.57794285000
1       19.57794296667
2       19.57799720000
2       19.57825522083
4       19.57825524167
1       19.57825536250
2       19.57857512500
4       19.57857512500
1       19.57857526250
2       19.57869540833
2       19.57869903750
2       19.57876626667
4       19.57876626667
1       19.57876640417
2       19.57881700833
2       19.57884611667
2       19.57887695833
2       19.57888547500
2       19.57896531250
4       19.57896533333
1       19.57896545417
2       19.57899447083
2       19.57902172083
2       19.57904910833
2       19.57911509583
2       19.57912733750
2       19.57916507500
4       19.57916509583
1       19.57916521667
2       19.57924860833
2       19.57928903750
2       19.57941750833
4       19.57941752500
1       19.57941764583
2       19.57948534583
2       19.57948803333
2       19.57950459583
2       19.57952544583
2       19.57953214167
2       19.57954000833
2       19.57957974583
2       19.57964500000
4       19.57964501667
1       19.57964513750
2       19.57964896667
2       19.57971820833
2       19.57972647083
2       19.57976725417
2       19.57978941250
2       19.57984715417
4       19.57984717500
1       19.57984729583
2       19.57993917917
2       19.57995340000
2       19.57996901250
2       19.57998451250
2       19.58006038750
4       19.58006040833
1       19.58006052917
2       19.58006201667
2       19.58032228333
4       19.58032230417
1       19.58032242500
2       19.58039892500
2       19.58052143333
4       19.58052145417
1       19.58052157500
2       19.58062834167
2       19.58066057917
2       19.58076686667
4       19.58076686667
1       19.58076700417
2       19.58084867500
2       19.58086363333
2       19.58107496250
4       19.58107498333
1       19.58107510417
2       19.58128858333
4       19.58128860417
1       19.58128872500
2       19.58133957500
2       19.58135449167
2       19.58155355833
4       19.58155357917
1       19.58155370000
2       19.58157010000
2       19.58158466250
2       19.58173410833
2       19.58173802917
4       19.58173804583
1       19.58173816667
2       19.58176518750
2       19.58186585833
2       19.58196262083
4       19.58196263750
1       19.58196275833
2       19.58214712917
4       19.58214715000
1       19.58214726667
2       19.58216201667
2       19.58217296667
2       19.58218023333
2       19.58218418333
2       19.58222263750
2       19.58225176667
2       19.58225411667
2       19.58225607917
2       19.58240221250
4       19.58240222917
1       19.58240235000
2       19.58257704583
2       19.58258335833
4       19.58258337500
1       19.58258349583
2       19.58261875417
2       19.58267344167
2       19.58275917083
4       19.58275919167
1       19.58275931250
2       19.58289962083
2       19.58292655417
2       19.58296687500
4       19.58296689583
1       19.58296701250
2       19.58298175000
2       19.58298445833
2       19.58303611667
2       19.58307583750
2       19.58312860417
2       19.58316862917
4       19.58316865000
1       19.58316877083
2       19.58318129583
2       19.58323984167
2       19.58334645417
4       19.58334645417
1       19.58334659167
2       19.58338424167
2       19.58340479583
2       19.58340614583
2       19.58341999583
2       19.58342637083
2       19.58347905417
2       19.58357338750
4       19.58357340417
1       19.58357352500
2       19.58366110417
2       19.58367174167
2       19.58367605833
2       19.58373305833
2       19.58378375417
4       19.58378377500
1       19.58378389167
2       19.58384901250
2       19.58390036250
2       19.58391030000
2       19.58398711250
4       19.58398713333
1       19.58398725417
2       19.58401786667
2       19.58414872083
2       19.58421893750
4       19.58421893750
1       19.58421907500
2       19.58429047083
2       19.58430148333
2       19.58435342083
2       19.58436438333
2       19.58437859167
2       19.58440874583
4       19.58440876667
1       19.58440888750
2       19.58444782500
2       19.58448566250
2       19.58449224583
2       19.58455444583
2       19.58465946667
4       19.58465946667
1       19.58465960417
2       19.58469229583
2       19.58473069167
2       19.58473297083
2       19.58473567083
2       19.58484630417
4       19.58484632500
1       19.58484644583
2       19.58488600833
2       19.58499498750
2       19.58503276250
4       19.58503277917
1       19.58503290000
2       19.58503905833
2       19.58530968333
4       19.58530970000
1       19.58530982083
2       19.58531164167
2       19.58555977917
4       19.58555979583
1       19.58555991667
2       19.58568494167
2       19.58570415417
2       19.58580789167
4       19.58580790833
1       19.58580802917
2       19.58584460417
2       19.58585160417
2       19.58586385417
2       19.58587977500
2       19.58588040000
2       19.58605895000
4       19.58605897083
1       19.58605908750
2       19.58610233333
2       19.58615300417
2       19.58617155833
2       19.58618410417
2       19.58626730000
4       19.58626731667
1       19.58626743750
2       19.58636697083
2       19.58639806250
2       19.58654119167
4       19.58654121250
1       19.58654133333
2       19.58698961250
4       19.58698963333
1       19.58698975417
2       19.58706317917
2       19.58714265833
2       19.58720553750
4       19.58720555417
1       19.58720567500
2       19.58721792500
2       19.58730200417
2       19.58748552083
4       19.58748553750
1       19.58748565833
2       19.58763159167
2       19.58774657917
4       19.58774660000
1       19.58774671667
2       19.58776535833
2       19.58782865417
2       19.58786648333
2       19.58797575417
4       19.58797577500
1       19.58797589167
2       19.58827547917
4       19.58827549583
1       19.58827561667
2       19.58831129583
2       19.58836427500
2       19.58836460417
2       19.58838048750
2       19.58839129167
2       19.58844572917
4       19.58844575000
1       19.58844587083
2       19.58851029167
2       19.58854142500
2       19.58855637500
2       19.58879750417
4       19.58879750417
1       19.58879764167
2       19.58880918333
2       19.58886870417
2       19.58889099583
2       19.58901222500
4       19.58901224583
1       19.58901236250
2       19.58902836667
2       19.58903664167
2       19.58907511250
2       19.58909292500
2       19.58939968333
4       19.58939970417
1       19.58939982500
2       19.58942019167
2       19.58942282917
2       19.58963215417
4       19.58963215417
1       19.58963229167
2       19.58967892917
2       19.58968025417
2       19.58970877500
2       19.58981279167
4       19.58981281250
1       19.58981293333
2       19.58987237083
2       19.58990911250
2       19.58992971667
2       19.59013135417
4       19.59013135417
1       19.59013149167
2       19.59025090833
2       19.59036528750
4       19.59036530833
1       19.59036542917
2       19.59039962917
2       19.59047352083
2       19.59047757500
2       19.59051325417
2       19.59062457083
4       19.59062459167
1       19.59062471250
2       19.59065014583
2       19.59074179583
2       19.59077931250
2       19.59080773750
4       19.59080775417
1       19.59080787500
2       19.59081499167
2       19.59082664583
2       19.59087966667
2       19.59096442083
2       19.59107931250
4       19.59107932917
1       19.59107945000
2       19.59115723750
2       19.59122638333
2       19.59123036250
2       19.59131915000
4       19.59131917083
1       19.59131929167
2       19.59150932917
4       19.59150934583
1       19.59150946667
2       19.59151751667
2       19.59154933750
2       19.59159770000
2       19.59164536250
2       19.59167915417
2       19.59168546250
2       19.59173289167
4       19.59173290833
1       19.59173302917
2       19.59174043333
2       19.59174240417
2       19.59175037917
2       19.59177763333
2       19.59179712083
2       19.59182496667
2       19.59190513333
4       19.59190515417
1       19.59190527500
2       19.59191902500
2       19.59200013333
2       19.59201045833
2       19.59214750833
4       19.59214752500
1       19.59214764583
2       19.59224752917
2       19.59225847500
2       19.59227469167
2       19.59234198750
4       19.59234200833
1       19.59234212500
2       19.59236910833
2       19.59242611250
2       19.59250953333
2       19.59265570417
4       19.59265572500
1       19.59265584167
2       19.59268413750
2       19.59268610833
2       19.59271092917
2       19.59275695833
2       19.59281989167
2       19.59285568333
4       19.59285570000
1       19.59285582083
2       19.59287653750
2       19.59297200833
2       19.59312630000
4       19.59312632083
1       19.59312643750
2       19.59322499583
2       19.59326145833
2       19.59329225833
2       19.59329925833
2       19.59330442500
2       19.59336777083
4       19.59336779167
1       19.59336791250
2       19.59341382083
2       19.59347442500
2       19.59354363333
2       19.59367382917
4       19.59367385000
1       19.59367397083
2       19.59393884583
4       19.59393886667
1       19.59393898750
2       19.59407624583
2       19.59431968333
4       19.59431970417
1       19.59431982500
2       19.59432635833
2       19.59447951250
2       19.59452478333
2       19.59455257083
4       19.59455259167
1       19.59455271250
2       19.59461987500
2       19.59468043333
2       19.59482715417
4       19.59482717500
1       19.59482729583
2       19.59490907917
2       19.59498051250
2       19.59499946667
4       19.59499946667
1       19.59499960417
2       19.59508985417
2       19.59522135417
4       19.59522137083
1       19.59522149167
2       19.59551277500
4       19.59551277500
1       19.59551291250
2       19.59566326667
2       19.59593125417
4       19.59593127500
1       19.59593139583
2       19.59607728750
2       19.59611765833
2       19.59615307917
4       19.59615309583
1       19.59615321667
2       19.59618811667
2       19.59620647083
2       19.59635480000
4       19.59635481667
1       19.59635493750
2       19.59639188750
2       19.59647567917
2       19.59657083750
4       19.59657085833
1       19.59657097500
2       19.59663022500
2       19.59663697500
2       19.59668139583
2       19.59691295000
4       19.59691296667
1       19.59691308750
2       19.59716397500
4       19.59716399583
1       19.59716411667
2       19.59716561250
2       19.59717528333
2       19.59724983750
2       19.59731672917
2       19.59734882917
4       19.59734884583
1       19.59734896667
2       19.59739218750
2       19.59740511667
2       19.59748857083
2       19.59749914583
2       19.59759820417
4       19.59759822500
1       19.59759834167
2       19.59766081667
2       19.59777710833
4       19.59777712917
1       19.59777725000
2       19.59788773750
2       19.59805695000
4       19.59805697083
1       19.59805709167
2       19.59806524583
2       19.59835977917
4       19.59835980000
1       19.59835991667
2       19.59842033333
2       19.59853361250
2       19.59853699583
2       19.59853930000
4       19.59853931667
1       19.59853943750
2       19.59854780417
2       19.59865049167
2       19.59867673750
2       19.59871217083
2       19.59899469583
4       19.59899469583
1       19.59899483333
2       19.59902380417
2       19.59910166667
2       19.59923149167
4       19.59923151250
1       19.59923163333
2       19.59947099167
4       19.59947100833
1       19.59947112917
2       19.59951503750
2       19.59960012083
2       19.59965424583
4       19.59965424583
1       19.59965438333
2       19.59968140000
2       19.59997610000
4       19.59997611667
1       19.59997623750
2       19.59997929583
2       19.60007480417
2       19.60012316667
2       19.60029077500
4       19.60029079583
1       19.60029091667
2       19.60029667500
2       19.60044972917
2       19.60045438333
2       19.60053094167
4       19.60053095833
1       19.60053107917
2       19.60058682917
2       19.60061710833
2       19.60062198750
2       19.60064319583
2       19.60084222917
4       19.60084224583
1       19.60084236667
2       19.60087909583
2       19.60089886250
2       19.60095948750
2       19.60104131250
4       19.60104133333
1       19.60104145417
2       19.60104562083
2       19.60107310417
2       19.60112937917
2       19.60121753333
4       19.60121755000
1       19.60121767083
2       19.60134320000
2       19.60147726667
4       19.60147728750
1       19.60147740833
2       19.60150210833
2       19.60151401667
2       19.60153218750
2       19.60182109583
4       19.60182111667
1       19.60182123333
2       19.60184686667
2       19.60201480417
4       19.60201482500
1       19.60201494583
2       19.60207478750
2       19.60216154167
2       19.60219532083
4       19.60219534167
1       19.60219545833
2       19.60237715417
4       19.60237717500
1       19.60237729583
2       19.60242817917
2       19.60246200000
2       19.60250136667
2       19.60257225417
4       19.60257225417
1       19.60257239167
2       19.60258785000
2       19.60268550833
2       19.60270498750
2       19.60276767500
4       19.60276769583
1       19.60276781667
2       19.60278025000
2       19.60283097083
2       19.60285720417
2       19.60288232083
2       19.60300449583
4       19.60300449583
1       19.60300463333
2       19.60311580833
2       19.60326250417
4       19.60326252500
1       19.60326264583
2       19.60327905833
2       19.60340995417
2       19.60355245833
4       19.60355247917
1       19.60355259583
2       19.60372590417
2       19.60393986250
4       19.60393988333
1       19.60394000417
2       19.60397007500
2       19.60404425833
2       19.60415805000
4       19.60415807083
1       19.60415819167
2       19.60430729167
2       19.60435129167
4       19.60435130833
1       19.60435142917
2       19.60445161667
2       19.60445204167
2       19.60447680417
2       19.60463611667
4       19.60463611667
1       19.60463625417
2       19.60474372083
2       19.60485908333
4       19.60485910417
1       19.60485922500
2       19.60508330833
4       19.60508332500
1       19.60508344583
2       19.60518040417
2       19.60522329167
2       19.60538011667
4       19.60538011667
1       19.60538025417
2       19.60540426250
2       19.60560832083
4       19.60560834167
1       19.60560846250
2       19.60561787083
2       19.60563012500
2       19.60568814583
2       19.60573816250
2       19.60581729167
4       19.60581731250
1       19.60581743333
2       19.60582067917
2       19.60583220833
2       19.60606272917
4       19.60606275000
1       19.60606287083
2       19.60610022083
2       19.60611471250
2       19.60656458333
4       19.60656460000
1       19.60656472083
2       19.60659998750
2       19.60663077083
2       19.60680569167
4       19.60680571250
1       19.60680582917
2       19.60698097083
2       19.60721372917
4       19.60721375000
1       19.60721386667
2       19.60764832500
4       19.60764834583
1       19.60764846667
2       19.60772852500
2       19.60785531250
4       19.60785532917
1       19.60785545000
2       19.60787722917
2       19.60814425833
4       19.60814427500
1       19.60814439583
2       19.60815540833
2       19.60857181667
4       19.60857183750
1       19.60857195417
2       19.60867217500
2       19.60872885833
2       19.60880559583
4       19.60880559583
1       19.60880573333
2       19.60908053333
4       19.60908055417
1       19.60908067500
2       19.60917727500
2       19.60931080833
4       19.60931082917
1       19.60931095000
2       19.60946116250
2       19.60947937917
2       19.60951514167
2       19.60959031667
4       19.60959033750
1       19.60959045833
2       19.60960789583
2       19.60980402500
4       19.60980402500
1       19.60980416250
2       19.60982583750
2       19.60988179583
2       19.60992387500
2       19.60997427083
2       19.61004573750
4       19.61004575833
1       19.61004587917
2       19.61015870833
2       19.61019448750
2       19.61033026250
4       19.61033028333
1       19.61033040417
2       19.61036470833
2       19.61039557500
2       19.61044981667
2       19.61057308750
4       19.61057310417
1       19.61057322500
2       19.61058699583
2       19.61080457500
4       19.61080459583
1       19.61080471667
2       19.61113577083
4       19.61113579167
1       19.61113590833
2       19.61116761667
2       19.61118645000
2       19.61124511250
2       19.61126236667
2       19.61130211250
2       19.61131595833
2       19.61133090833
2       19.61133791667
4       19.61133791667
1       19.61133805417
2       19.61153600417
4       19.61153602500
1       19.61153614583
2       19.61166640417
2       19.61168926667
2       19.61198936667
4       19.61198938750
1       19.61198950833
2       19.61203016250
2       19.61203608333
2       19.61206162083
2       19.61213608333
2       19.61227197917
4       19.61227200000
1       19.61227212083
2       19.61230172917
2       19.61233351250
2       19.61244621250
2       19.61247198750
4       19.61247200833
1       19.61247212917
2       19.61255682500
2       19.61266647083
4       19.61266649167
1       19.61266661250
2       19.61272795417
2       19.61275530833
2       19.61285752500
2       19.61294864167
4       19.61294866250
1       19.61294878333
2       19.61299629583
2       19.61304904583
2       19.61316820000
4       19.61316822083
1       19.61316834167
2       19.61324407917
2       19.61333179583
2       19.61349617500
4       19.61349619583
1       19.61349631667
2       19.61358951667
2       19.61364023750
2       19.61368195833
4       19.61368197500
1       19.61368209583
2       19.61385582917
2       19.61390222083
4       19.61390224167
1       19.61390235833
2       19.61393868333
2       19.61401347083
2       19.61412447083
4       19.61412448750
1       19.61412460833
2       19.61414765833
2       19.61418877083
2       19.61426299583
2       19.61430266250
2       19.61448395000
4       19.61448397083
1       19.61448409167
2       19.61448783333
2       19.61449342500
2       19.61461965833
2       19.61467629583
4       19.61467631667
1       19.61467643750
2       19.61467827917
2       19.61475380000
2       19.61489818750
4       19.61489820417
1       19.61489832500
2       19.61494689167
2       19.61500950833
2       19.61514858750
4       19.61514860833
1       19.61514872500
2       19.61535169583
4       19.61535171667
1       19.61535183333
2       19.61539875000
2       19.61549643333
2       19.61550864583
2       19.61557788750
4       19.61557790417
1       19.61557802500
2       19.61563592500
2       19.61590953750
4       19.61590955417
1       19.61590967500
2       19.61591876667
2       19.61595057500
2       19.61600976667
2       19.61604826250
2       19.61609158333
4       19.61609160417
1       19.61609172083
2       19.61620127083
2       19.61620524583
2       19.61648774167
4       19.61648776250
1       19.61648788333
2       19.61657756250
2       19.61681531250
4       19.61681532917
1       19.61681545000
2       19.61690018750
2       19.61697233333
2       19.61697660833
2       19.61721615833
4       19.61721617500
1       19.61721629583
2       19.61728346667
2       19.61733542500
2       19.61745726667
4       19.61745726667
1       19.61745740417
2       19.61746358750
2       19.61754500833
2       19.61760504583
2       19.61769050000
4       19.61769052083
1       19.61769064167
2       19.61773185833
2       19.61780711250
2       19.61800317500
4       19.61800319583
1       19.61800331667
2       19.61802204583
2       19.61812166250
2       19.61853705417
4       19.61853705417
1       19.61853719167
2       19.61861725000
2       19.61861887083
2       19.61866757500
2       19.61870563333
2       19.61878482083
4       19.61878483750
1       19.61878495833
2       19.61878875000
2       19.61880172083
2       19.61883888750
2       19.61883947500
2       19.61894019583
2       19.61899458750
4       19.61899460833
1       19.61899472917
2       19.61907000833
2       19.61915148333
2       19.61933398750
4       19.61933400417
1       19.61933412500
2       19.61942640833
2       19.61969735000
4       19.61969737083
1       19.61969749167
2       19.61974769583
2       19.61988350417
4       19.61988350417
1       19.61988364167
2       19.62008002500
2       19.62027082083
4       19.62027084167
1       19.62027096250
2       19.62028670417
2       19.62030756667
2       19.62031869167
2       19.62068708333
4       19.62068710417
1       19.62068722083
2       19.62076689167
2       19.62103519583
4       19.62103519583
1       19.62103533333
2       19.62121172917
2       19.62129287083
4       19.62129289167
1       19.62129301250
2       19.62137572917
2       19.62138567500
2       19.62166418333
4       19.62166420417
1       19.62166432500
2       19.62169799167
2       19.62170195833
2       19.62175937500
2       19.62182585833
2       19.62188618750
4       19.62188620833
1       19.62188632500
2       19.62197729167
2       19.62202758750
2       19.62204448333
2       19.62221632917
4       19.62221634583
1       19.62221646667
2       19.62221934167
2       19.62224120000
2       19.62244721250
4       19.62244723333
1       19.62244735417
2       19.62249290000
2       19.62253898333
2       19.62273639583
4       19.62273641667
1       19.62273653750
2       19.62280727500
2       19.62284411250
2       19.62292878750
2       19.62294769167
2       19.62295830833
4       19.62295832917
1       19.62295845000
2       19.62295898333
2       19.62337328750
4       19.62337330833
1       19.62337342917
2       19.62358530417
4       19.62358532500
1       19.62358544583
2       19.62367538333
2       19.62377879167
4       19.62377880833
1       19.62377892917
2       19.62379728750
2       19.62400066250
4       19.62400068333
1       19.62400080417
2       19.62422129583
4       19.62422131667
1       19.62422143750
2       19.62423249167
2       19.62425181250
2       19.62427128750
2       19.62428189167
2       19.62448791250
4       19.62448792917
1       19.62448805000
2       19.62455742917
2       19.62458902917
2       19.62459197917
2       19.62485994583
4       19.62485996667
1       19.62486008750
2       19.62512680833
4       19.62512682500
1       19.62512694583
2       19.62524033750
2       19.62536635833
4       19.62536637500
1       19.62536649583
2       19.62537897917
2       19.62542667083
2       19.62546236250
2       19.62550640000
2       19.62552961250
2       19.62568692083
4       19.62568693750
1       19.62568705833
2       19.62569160833
2       19.62572470000
2       19.62587374583
4       19.62587376667
1       19.62587388750
2       19.62589502500
2       19.62613144167
4       19.62613145833
1       19.62613157917
2       19.62621963333
2       19.62628985000
2       19.62643224167
4       19.62643226250
1       19.62643238333
2       19.62673131250
4       19.62673133333
1       19.62673145000
2       19.62685284583
2       19.62704631667
4       19.62704631667
1       19.62704645417
2       19.62719297917
2       19.62719936667
2       19.62729770417
4       19.62729772083
1       19.62729784167
2       19.62734409583
2       19.62745970833
2       19.62750970833
4       19.62750972917
1       19.62750984583
2       19.62770446667
4       19.62770446667
1       19.62770460417
2       19.62781054583
2       19.62790351250
4       19.62790353333
1       19.62790365417
2       19.62791409167
2       19.62803566667
2       19.62805293750
2       19.62810354167
4       19.62810356250
1       19.62810368333
2       19.62831758750
4       19.62831760833
1       19.62831772500
2       19.62855604583
4       19.62855606667
1       19.62855618750
2       19.62858856250
2       19.62861138750
2       19.62871641250
2       19.62883726667
4       19.62883728750
1       19.62883740417
2       19.62885182500
2       19.62911380000
4       19.62911381667
1       19.62911393750
2       19.62913700417
2       19.62928446250
4       19.62928448333
1       19.62928460417
2       19.62953745417
4       19.62953747500
1       19.62953759583
2       19.62984090833
4       19.62984092500
1       19.62984104583
2       19.62985945833
2       19.62991539583
2       19.63003135833
4       19.63003137917
1       19.63003150000
2       19.63009792917
2       19.63012309583
2       19.63036990417
4       19.63036992500
1       19.63037004583
2       19.63039313333
2       19.63041422083
2       19.63047224167
2       19.63055734583
4       19.63055734583
1       19.63055748333
2       19.63061562083
2       19.63072887500
2       19.63119495417
4       19.63119495417
1       19.63119509167
2       19.63122442083
2       19.63128607500
2       19.63142281250
4       19.63142283333
1       19.63142295000
2       19.63148174583
2       19.63151322083
2       19.63157654167
2       19.63170470000
4       19.63170472083
1       19.63170483750
2       19.63186839583
2       19.63188859167
2       19.63190535000
4       19.63190536667
1       19.63190548750
2       19.63201438750
2       19.63211541250
4       19.63211543333
1       19.63211555000
2       19.63215517083
2       19.63219697083
2       19.63221576250
2       19.63227472500
2       19.63234392917
4       19.63234395000
1       19.63234407083
2       19.63255559583
4       19.63255561667
1       19.63255573333
2       19.63264795833
2       19.63264832917
2       19.63265700417
2       19.63272260833
2       19.63286231667
4       19.63286233750
1       19.63286245833
2       19.63299480417
2       19.63320287917
4       19.63320290000
1       19.63320302083
2       19.63320641667
2       19.63322668333
2       19.63343374167
4       19.63343376250
1       19.63343388333
2       19.63350816667
2       19.63360460417
4       19.63360460417
1       19.63360474167
2       19.63367490417
2       19.63368248750
2       19.63370566667
2       19.63388227917
4       19.63388230000
1       19.63388241667
2       19.63394240417
2       19.63399244583
2       19.63400309583
2       19.63403956667
2       19.63406472500
2       19.63425843750
4       19.63425845417
1       19.63425857500
2       19.63427569167
2       19.63439163750
2       19.63446610833
4       19.63446612917
1       19.63446625000
2       19.63450177917
2       19.63460727500
2       19.63464932917
2       19.63467214583
4       19.63467216667
1       19.63467228750
2       19.63467684167
2       19.63476423750
2       19.63486458750
2       19.63492227917
4       19.63492229583
1       19.63492241667
2       19.63493952083
2       19.63512958333
4       19.63512960000
1       19.63512972083
2       19.63513987917
2       19.63533427917
4       19.63533430000
1       19.63533442083
2       19.63545015833
2       19.63545255833
2       19.63556153333
4       19.63556155417
1       19.63556167500
2       19.63565428750
2       19.63586402083
4       19.63586403750
1       19.63586415833
2       19.63647336250
4       19.63647337917
1       19.63647350000
2       19.63673908333
4       19.63673910417
1       19.63673922500
2       19.63685923333
2       19.63688047500
2       19.63692955833
4       19.63692957917
1       19.63692970000
2       19.63701234583
2       19.63711528750
4       19.63711530833
1       19.63711542917
2       19.63730175833
4       19.63730177500
1       19.63730189583
2       19.63741106667
2       19.63770390417
4       19.63770392500
1       19.63770404167
2       19.63775489583
2       19.63775682083
2       19.63784367500
2       19.63786577917
2       19.63788070833
4       19.63788072917
1       19.63788085000
2       19.63790823750
2       19.63802350833
2       19.63806163333
2       19.63810007917
2       19.63828317500
4       19.63828319583
1       19.63828331667
2       19.63829605417
2       19.63858596667
4       19.63858596667
1       19.63858610417
2       19.63864424583
2       19.63865718750
2       19.63875118333
2       19.63890998750
4       19.63891000833
1       19.63891012917
2       19.63891449167
2       19.63895858750
2       19.63901425833
2       19.63905769583
2       19.63919967500
4       19.63919967500
1       19.63919981250
2       19.63920005833
2       19.63927892500
2       19.63931962083
2       19.63941165417
4       19.63941167500
1       19.63941179583
2       19.63941995000
2       19.63953521667
2       19.63958196667
2       19.63965910000
4       19.63965911667
1       19.63965923750
2       19.63968728750
2       19.63977506250
2       19.63978497083
2       19.63988773333
4       19.63988775000
1       19.63988787083
2       19.64010303333
4       19.64010305000
1       19.64010317083
2       19.64019603333
2       19.64028285833
4       19.64028287500
1       19.64028299583
2       19.64033683750
2       19.64034706250
2       19.64047164167
4       19.64047166250
1       19.64047178333
2       19.64049445417
2       19.64050476250
2       19.64058025833
2       19.64070146667
4       19.64070146667
1       19.64070160417
2       19.64070846667
2       19.64076475417
2       19.64076863333
2       19.64082537083
2       19.64109865000
4       19.64109866667
1       19.64109878750
2       19.64123044167
2       19.64126785833
2       19.64128312083
4       19.64128314167
1       19.64128326250
2       19.64129733333
2       19.64135100833
2       19.64171939583
4       19.64171939583
1       19.64171953333
2       19.64172738333
2       19.64175884167
2       19.64197905000
4       19.64197906667
1       19.64197918750
2       19.64199467500
2       19.64207101667
2       19.64211357500
2       19.64211714583
2       19.64212317917
2       19.64213207917
2       19.64213802917
2       19.64223112500
4       19.64223114583
1       19.64223126667
2       19.64230595417
2       19.64235932083
2       19.64236455417
2       19.64237121250
2       19.64238024167
2       19.64250104583
4       19.64250104583
1       19.64250118333
2       19.64253461667
2       19.64260676250
2       19.64275111667
4       19.64275113750
1       19.64275125833
2       19.64280085417
2       19.64284092083
2       19.64296252083
4       19.64296254167
1       19.64296266250
2       19.64391345000
4       19.64391347083
1       19.64391359167
2       19.64425526250
4       19.64425528333
1       19.64425540000
2       19.64450394583
4       19.64450394583
1       19.64450408333
2       19.64464045000
2       19.64468018333
4       19.64468020417
1       19.64468032083
2       19.64481862500
2       19.64482728333
2       19.64483262500
2       19.64483590000
2       19.64485707500
4       19.64485709583
1       19.64485721667
2       19.64531182083
4       19.64531183750
1       19.64531195833
2       19.64541592083
2       19.64548341667
2       19.64549077500
2       19.64555892500
4       19.64555892500
1       19.64555906250
2       19.64556463750
2       19.64564108333
2       19.64566860417
2       19.64573546250
2       19.64575007500
2       19.64615023333
4       19.64615025000
1       19.64615037083
2       19.64620027083
2       19.64627837083
2       19.64647946667
4       19.64647948750
1       19.64647960833
2       19.64650295833
2       19.64652320833
2       19.64657808750
2       19.64659537083
2       19.64674009167
4       19.64674011250
1       19.64674023333
2       19.64756984583
4       19.64756986667
1       19.64756998750
2       19.64757050000
2       19.64757283333
2       19.64759334583
2       19.64783715417
4       19.64783717500
1       19.64783729167
2       19.64798265417
2       19.64801104583
2       19.64850424167
4       19.64850426250
1       19.64850438333
2       19.64892120833
4       19.64892122917
1       19.64892135000
2       19.64901141250
2       19.64907070417
2       19.64927403333
4       19.64927405000
1       19.64927417083
2       19.64948299583
2       19.64974936250
4       19.64974937917
1       19.64974950000
2       19.64986060000
2       19.64994904167
2       19.65019176250
4       19.65019178333
1       19.65019190417
2       19.65031998333
2       19.65036411667
2       19.65061320833
4       19.65061322500
1       19.65061334583
2       19.65067245000
2       19.65109120833
4       19.65109122917
1       19.65109135000
2       19.65113022083
2       19.65128878333
2       19.65135815833
4       19.65135817917
1       19.65135829583
2       19.65152405833
2       19.65152710417
2       19.65171877500
4       19.65171879583
1       19.65171891667
2       19.65186555833
2       19.65204673750
4       19.65204675417
1       19.65204687500
2       19.65227264167
4       19.65227265833
1       19.65227277917
2       19.65231664167
2       19.65244017500
2       19.65280750417
4       19.65280752500
1       19.65280764583
2       19.65295261250
2       19.65298177500
2       19.65300072083
2       19.65306755833
4       19.65306757917
1       19.65306770000
2       19.65309176667
2       19.65331094583
4       19.65331094583
1       19.65331108333
2       19.65337195417
2       19.65366416250
4       19.65366418333
1       19.65366430417
2       19.65367756667
2       19.65375317917
2       19.65384358750
4       19.65384360833
1       19.65384372917
2       19.65387049583
2       19.65391189167
2       19.65397309167
2       19.65405722917
4       19.65405725000
1       19.65405737083
2       19.65421722917
2       19.65434701250
4       19.65434703333
1       19.65434715417
2       19.65438285000
2       19.65441481667
2       19.65454217917
4       19.65454220000
1       19.65454232083
2       19.65456768750
2       19.65461570833
2       19.65469191667
2       19.65470541250
2       19.65470744167
2       19.65485187500
4       19.65485187500
1       19.65485201250
2       19.65492175833
2       19.65496742917
2       19.65508373750
4       19.65508375417
1       19.65508387500
2       19.65512052500
2       19.65514364167
2       19.65520261667
2       19.65542559167
4       19.65542561250
1       19.65542572917
2       19.65549677917
2       19.65552427917
2       19.65553290833
2       19.65565341667
4       19.65565343750
1       19.65565355833
2       19.65567265833
2       19.65596125833
4       19.65596127500
1       19.65596139583
2       19.65601015833
2       19.65618878750
4       19.65618880833
1       19.65618892917
2       19.65619628750
2       19.65631819583
2       19.65648847500
4       19.65648849583
1       19.65648861250
2       19.65649677500
2       19.65651364167
2       19.65663050417
2       19.65666338750
2       19.65667560833
4       19.65667562917
1       19.65667574583
2       19.65674416250
2       19.65678726667
2       19.65685744167
4       19.65685746250
1       19.65685758333
2       19.65699547917
2       19.65712572917
4       19.65712575000
1       19.65712587083
2       19.65713046667
2       19.65713400000
2       19.65723071667
2       19.65736060000
4       19.65736061667
1       19.65736073750
2       19.65743804583
2       19.65747557917
2       19.65769015417
4       19.65769017083
1       19.65769029167
2       19.65772126250
2       19.65802007917
4       19.65802009583
1       19.65802021667
2       19.65811577083
2       19.65842223750
4       19.65842225417
1       19.65842237500
2       19.65867157500
4       19.65867157500
1       19.65867171250
2       19.65877494167
2       19.65903632083
4       19.65903633750
1       19.65903645833
2       19.65904291667
2       19.65925192917
4       19.65925195000
1       19.65925206667
2       19.65954796250
4       19.65954797917
1       19.65954810000
2       19.65959967917
2       19.65970965000
2       19.65988944583
4       19.65988944583
1       19.65988958333
2       19.65998654583
2       19.66002696667
2       19.66004318333
2       19.66006809167
2       19.66009559167
4       19.66009560833
1       19.66009572917
2       19.66016939583
2       19.66018829167
2       19.66021706667
2       19.66027603333
2       19.66042149167
4       19.66042151250
1       19.66042163333
2       19.66046879583
2       19.66058442917
2       19.66062446667
4       19.66062448750
1       19.66062460833
2       19.66067719583
2       19.66068941667
2       19.66080037500
4       19.66080039583
1       19.66080051667
2       19.66080605833
2       19.66084605417
2       19.66084778333
2       19.66093322500
2       19.66115670417
4       19.66115672500
1       19.66115684167
2       19.66118227917
2       19.66119648333
2       19.66131841250
2       19.66138959583
4       19.66138961667
1       19.66138973750
2       19.66146520417
2       19.66160626250
4       19.66160628333
1       19.66160640417
2       19.66160666250
2       19.66164635833
2       19.66186465417
4       19.66186465417
1       19.66186479167
2       19.66194737500
2       19.66199413333
2       19.66210905833
4       19.66210907500
1       19.66210919583
2       19.66213224167
2       19.66219982500
2       19.66241742083
4       19.66241743750
1       19.66241755833
2       19.66245908750
2       19.66254164167
2       19.66257043750
2       19.66264468333
4       19.66264470417
1       19.66264482500
2       19.66268837500
2       19.66273012500
2       19.66296892083
4       19.66296893750
1       19.66296905833
2       19.66303849583
2       19.66307752917
2       19.66312192083
2       19.66312566250
2       19.66313251250
2       19.66323192917
4       19.66323194583
1       19.66323206667
2       19.66324617917
2       19.66326901250
2       19.66358399167
4       19.66358400833
1       19.66358412917
2       19.66362540833
2       19.66370302083
2       19.66381222083
4       19.66381223750
1       19.66381235833
2       19.66391919167
2       19.66399745000
2       19.66401162083
4       19.66401164167
1       19.66401176250
2       19.66401566250
2       19.66409103750
2       19.66416394167
2       19.66433130833
4       19.66433132500
1       19.66433144583
2       19.66450221667
2       19.66452498333
4       19.66452500000
1       19.66452512083
2       19.66469000000
2       19.66480191667
4       19.66480191667
1       19.66480205417
2       19.66495930417
2       19.66515805833
4       19.66515807917
1       19.66515819583
2       19.66531376250
2       19.66538090833
4       19.66538092500
1       19.66538104583
2       19.66546072083
2       19.66550185417
2       19.66580918333
4       19.66580920000
1       19.66580932083
2       19.66581421667
2       19.66624472917
4       19.66624474583
1       19.66624486667
2       19.66630481250
2       19.66643526667
2       19.66648813750
4       19.66648815833
1       19.66648827917
2       19.66676743750
4       19.66676745833
1       19.66676757917
2       19.66682675000
2       19.66683001250
2       19.66693700417
2       19.66696019583
4       19.66696021667
1       19.66696033750
2       19.66696487083
2       19.66699434583
2       19.66730396250
4       19.66730398333
1       19.66730410417
2       19.66764779167
4       19.66764780833
1       19.66764792917
2       19.66780115000
2       19.66780583750
2       19.66790154167
4       19.66790155833
1       19.66790167917
2       19.66808205417
2       19.66830895833
4       19.66830897500
1       19.66830909583
2       19.66836760000
2       19.66848347500
2       19.66853519167
4       19.66853521250
1       19.66853532917
2       19.66867036667
2       19.66889924583
4       19.66889924583
1       19.66889938333
2       19.66899253333
2       19.66914598333
4       19.66914600417
1       19.66914612500
2       19.66939739583
4       19.66939741667
1       19.66939753333
2       19.66969747500
4       19.66969749583
1       19.66969761667
2       19.66993825833
4       19.66993827500
1       19.66993839583
2       19.66997235833
2       19.66998037083
2       19.66998429167
2       19.67007807917
2       19.67017145833
4       19.67017147500
1       19.67017159583
2       19.67021456667
2       19.67031853333
2       19.67033668750
4       19.67033670833
1       19.67033682917
2       19.67040527917
2       19.67048343333
2       19.67053181250
4       19.67053183333
1       19.67053195000
2       19.67058290000
2       19.67075205833
4       19.67075207917
1       19.67075220000
2       19.67086635000
2       19.67096212917
4       19.67096214583
1       19.67096226667
2       19.67104652917
2       19.67109422917
2       19.67126657500
4       19.67126659583
1       19.67126671667
2       19.67130062083
2       19.67138080833
2       19.67141917083
2       19.67145259583
4       19.67145261667
1       19.67145273750
2       19.67150331250
2       19.67173619583
4       19.67173619583
1       19.67173633333
2       19.67180411250
2       19.67186798750
2       19.67187193750
2       19.67193720417
4       19.67193720417
1       19.67193734167
2       19.67197705417
2       19.67200607500
2       19.67216711667
4       19.67216711667
1       19.67216725417
2       19.67226281667
2       19.67236480000
4       19.67236482083
1       19.67236494167
2       19.67243344167
2       19.67246463750
2       19.67256222917
4       19.67256224583
1       19.67256236667
2       19.67260594583
2       19.67265169167
2       19.67279743750
4       19.67279745833
1       19.67279757917
2       19.67298331250
4       19.67298332917
1       19.67298345000
2       19.67321284583
4       19.67321286667
1       19.67321298750
2       19.67322105417
2       19.67327101667
2       19.67328231667
2       19.67339130417
2       19.67342605833
4       19.67342607917
1       19.67342620000
2       19.67382687500
4       19.67382689583
1       19.67382701667
2       19.67399223750
2       19.67403262083
4       19.67403264167
1       19.67403276250
2       19.67408427083
2       19.67411076250
2       19.67422764583
4       19.67422766667
1       19.67422778750
2       19.67424461667
2       19.67427982500
2       19.67428967083
2       19.67432773333
2       19.67432969583
2       19.67438766667
2       19.67446014583
4       19.67446016667
1       19.67446028333
2       19.67469371667
4       19.67469371667
1       19.67469385417
2       19.67471490417
2       19.67484543750
2       19.67494043333
4       19.67494045000
1       19.67494057083
2       19.67495474167
2       19.67495733333
2       19.67495770833
2       19.67500872917
2       19.67509022917
2       19.67515242083
4       19.67515243750
1       19.67515255833
2       19.67524491667
2       19.67525050833
2       19.67540848750
4       19.67540850417
1       19.67540862500
2       19.67557641667
2       19.67558334583
2       19.67559261667
4       19.67559263750
1       19.67559275833
2       19.67597090833
4       19.67597092917
1       19.67597105000
2       19.67611437500
2       19.67612786250
2       19.67617194583
4       19.67617196667
1       19.67617208750
2       19.67618256667
2       19.67643430417
4       19.67643430417
1       19.67643444167
2       19.67663370833
4       19.67663372917
1       19.67663384583
2       19.67669370000
2       19.67682371250
4       19.67682373333
1       19.67682385000
2       19.67693707500
2       19.67699173333
2       19.67710698750
4       19.67710700417
1       19.67710712500
2       19.67711501250
2       19.67720764583
2       19.67722532500
2       19.67738452500
4       19.67738454583
1       19.67738466667
2       19.67751606667
2       19.67777840000
4       19.67777841667
1       19.67777853750
2       19.67787811250
2       19.67810134583
4       19.67810136667
1       19.67810148750
2       19.67812885000
2       19.67815799167
2       19.67830040000
4       19.67830042083
1       19.67830053750
2       19.67831334167
2       19.67834015417
2       19.67837196250
2       19.67844351667
2       19.67845181667
2       19.67846402083
2       19.67848921250
4       19.67848923333
1       19.67848935417
2       19.67854349583
2       19.67864460000
2       19.67886353750
4       19.67886355833
1       19.67886367500
2       19.67893208750
2       19.67894660833
2       19.67897552917
2       19.67925467500
4       19.67925469583
1       19.67925481250
2       19.67932027917
2       19.67938250000
2       19.67942994583
2       19.67946666667
2       19.67946900000
4       19.67946902083
1       19.67946914167
2       19.67961105833
2       19.67971912500
4       19.67971914583
1       19.67971926250
2       19.67972510417
2       19.67974951667
2       19.68013744167
4       19.68013745833
1       19.68013757917
2       19.68028247500
2       19.68042092500
4       19.68042094583
1       19.68042106250
2       19.68045742083
2       19.68051964167
2       19.68078981250
4       19.68078983333
1       19.68078995417
2       19.68089665000
2       19.68102682917
4       19.68102685000
1       19.68102696667
2       19.68103172917
2       19.68108172917
2       19.68109393750
2       19.68117816667
2       19.68155141667
4       19.68155141667
1       19.68155155417
2       19.68193693750
4       19.68193695833
1       19.68193707917
2       19.68195055000
2       19.68198005417
2       19.68199960417
2       19.68220187500
4       19.68220189583
1       19.68220201667
2       19.68228210000
2       19.68229598750
2       19.68249938750
4       19.68249938750
1       19.68249952500
2       19.68255212500
2       19.68264220417
2       19.68285155000
4       19.68285156667
1       19.68285168750
2       19.68291145417
2       19.68301940417
2       19.68309302083
4       19.68309303750
1       19.68309315833
2       19.68328357500
4       19.68328357500
1       19.68328371250
2       19.68335562083
2       19.68352682083
4       19.68352683750
1       19.68352695833
2       19.68357718750
2       19.68369478750
2       19.68372866250
4       19.68372868333
1       19.68372880417
2       19.68380844167
2       19.68416584167
4       19.68416586250
1       19.68416598333
2       19.68426153333
2       19.68426355833
2       19.68442513750
4       19.68442515833
1       19.68442527917
2       19.68469649167
4       19.68469651250
1       19.68469663333
2       19.68473082500
2       19.68479250833
2       19.68480135000
2       19.68485780000
2       19.68496865833
4       19.68496867500
1       19.68496879583
2       19.68496976667
2       19.68512069167
2       19.68540829167
4       19.68540830833
1       19.68540842917
2       19.68547847500
2       19.68562622917
4       19.68562625000
1       19.68562637083
2       19.68565562917
2       19.68579483333
2       19.68584640417
4       19.68584642500
1       19.68584654583
2       19.68595585417
2       19.68616846667
4       19.68616848750
1       19.68616860417
2       19.68619954167
2       19.68620454167
2       19.68632414583
2       19.68635460833
2       19.68668051667
4       19.68668051667
1       19.68668065417
2       19.68668973750
2       19.68680300000
2       19.68684111667
2       19.68685202083
2       19.68687447500
2       19.68727967917
4       19.68727969583
1       19.68727981667
2       19.68741543750
2       19.68748268333
2       19.68759900833
4       19.68759902917
1       19.68759915000
2       19.68760226667
2       19.68764865833
2       19.68780797500
2       19.68783081250
4       19.68783082917
1       19.68783095000
2       19.68785830417
2       19.68808023333
4       19.68808025000
1       19.68808037083
2       19.68810177083
2       19.68810969583
2       19.68815369583
2       19.68817229167
2       19.68818160000
2       19.68818522500
2       19.68823030417
2       19.68825210000
2       19.68847238750
4       19.68847240417
1       19.68847252500
2       19.68872646250
4       19.68872648333
1       19.68872660417
2       19.68877445833
2       19.68885230417
2       19.68892025417
2       19.68900137917
4       19.68900139583
1       19.68900151667
2       19.68901368750
2       19.68901792917
2       19.68903012917
2       19.68910801667
2       19.68919215833
2       19.68921696250
4       19.68921698333
1       19.68921710417
2       19.68922697083
2       19.68929086250
2       19.68935111667
2       19.68945949167
4       19.68945951250
1       19.68945962917
2       19.68946706667
2       19.68949561250
2       19.68949620833
2       19.68965821667
4       19.68965823750
1       19.68965835833
2       19.68966616250
2       19.68983148333
4       19.68983150000
1       19.68983162083
2       19.68993636250
2       19.68998347917
2       19.69006694167
4       19.69006696250
1       19.69006707917
2       19.69013547083
2       19.69019677917
2       19.69036630000
4       19.69036632083
1       19.69036644167
2       19.69046113333
2       19.69052366667
2       19.69054592917
4       19.69054594583
1       19.69054606667
2       19.69061807500
2       19.69071445417
2       19.69077152083
4       19.69077154167
1       19.69077165833
2       19.69087153750
2       19.69095265000
4       19.69095266667
1       19.69095278750
2       19.69100163333
2       19.69101266250
2       19.69103380000
2       19.69127295000
4       19.69127297083
1       19.69127309167
2       19.69135510417
2       19.69137754583
2       19.69155585417
4       19.69155585417
1       19.69155599167
2       19.69169692500
2       19.69170251250
2       19.69192910833
4       19.69192912500
1       19.69192924583
2       19.69207149583
2       19.69218519167
4       19.69218520833
1       19.69218532917
2       19.69221366667
2       19.69230746250
2       19.69231530833
2       19.69250534167
4       19.69250535833
1       19.69250547917
2       19.69255911250
2       19.69262334583
2       19.69283340417
4       19.69283342500
1       19.69283354167
2       19.69295627083
2       19.69303208333
2       19.69308543333
4       19.69308545417
1       19.69308557500
2       19.69310559167
2       19.69316848750
2       19.69322714583
2       19.69333414583
4       19.69333414583
1       19.69333428333
2       19.69335732917
2       19.69340208750
2       19.69344650833
2       19.69347092083
2       19.69348320000
2       19.69353377500
4       19.69353377500
1       19.69353391250
2       19.69354350417
2       19.69354454583
2       19.69360706667
2       19.69361837917
2       19.69368062500
2       19.69373725417
4       19.69373727500
1       19.69373739167
2       19.69375572083
2       19.69381279583
2       19.69384132500
2       19.69384354167
2       19.69449945833
4       19.69449947500
1       19.69449959583
2       19.69461760417
2       19.69468486667
4       19.69468488750
1       19.69468500833
2       19.69476237083
2       19.69477103750
2       19.69504700833
4       19.69504702500
1       19.69504714583
2       19.69507738750
2       19.69513170417
2       19.69522786250
4       19.69522788333
1       19.69522800417
2       19.69522967917
2       19.69534985417
2       19.69547588333
4       19.69547590417
1       19.69547602083
2       19.69554275833
2       19.69566604583
4       19.69566606667
1       19.69566618750
2       19.69571033333
2       19.69584914583
2       19.69593292083
4       19.69593293750
1       19.69593305833
2       19.69596678333
2       19.69597735000
2       19.69607536250
2       19.69621613750
4       19.69621615833
1       19.69621627917
2       19.69624333333
2       19.69631025833
2       19.69631255417
2       19.69643276667
4       19.69643276667
1       19.69643290417
2       19.69643682500
2       19.69650139583
2       19.69651160417
2       19.69660597917
2       19.69676099583
4       19.69676099583
1       19.69676113333
2       19.69685976667
2       19.69687660000
2       19.69689314583
2       19.69693359167
2       19.69697497083
4       19.69697499167
1       19.69697511250
2       19.69700282917
2       19.69712276250
2       19.69722177500
4       19.69722179583
1       19.69722191667
2       19.69738939167
2       19.69747645417
4       19.69747647500
1       19.69747659583
2       19.69754245417
2       19.69757552500
2       19.69769242083
4       19.69769243750
1       19.69769255833
2       19.69795242917
4       19.69795245000
1       19.69795257083
2       19.69817897917
4       19.69817899583
1       19.69817911667
2       19.69825650000
2       19.69826848750
2       19.69831719167
2       19.69832372500
2       19.69836348750
2       19.69856488333
4       19.69856490000
1       19.69856502083
2       19.69865530833
2       19.69880832917
4       19.69880835000
1       19.69880847083
2       19.69899152083
4       19.69899154167
1       19.69899166250
2       19.69914921250
2       19.69915353750
2       19.69917133750
4       19.69917135833
1       19.69917147917
2       19.69920446667
2       19.69928894167
2       19.69931213333
2       19.69943137500
4       19.69943137500
1       19.69943151250
2       19.69966152500
4       19.69966154583
1       19.69966166667
2       19.69967585833
2       19.70005250000
4       19.70005251667
1       19.70005263750
2       19.70007432917
2       19.70018623750
2       19.70044695417
4       19.70044695417
1       19.70044709167
2       19.70054890833
2       19.70077657083
4       19.70077658750
1       19.70077670833
2       19.70080299167
2       19.70086789167
2       19.70092857083
2       19.70121437500
4       19.70121439583
1       19.70121451667
2       19.70132146250
2       19.70143395000
4       19.70143397083
1       19.70143409167
2       19.70146577500
2       19.70154356667
2       19.70161125833
2       19.70207000417
4       19.70207002500
1       19.70207014167
2       19.70215534583
2       19.70232471667
4       19.70232473750
1       19.70232485417
2       19.70239785000
2       19.70242504583
2       19.70248485833
2       19.70249555833
2       19.70265991250
4       19.70265992917
1       19.70266005000
2       19.70278342083
2       19.70284277500
2       19.70286255000
2       19.70312722500
4       19.70312724583
1       19.70312736667
2       19.70326638333
2       19.70332395000
4       19.70332397083
1       19.70332409167
2       19.70384104583
4       19.70384104583
1       19.70384118333
2       19.70402450833
4       19.70402452500
1       19.70402464583
2       19.70404768750
2       19.70415469167
2       19.70418287917
2       19.70436236667
4       19.70436238750
1       19.70436250833
2       19.70440170000
2       19.70450211250
2       19.70459987500
4       19.70459989583
1       19.70460001667
2       19.70462634583
2       19.70472803750
2       19.70496290417
4       19.70496292500
1       19.70496304583
2       19.70549249583
4       19.70549251667
1       19.70549263750
2       19.70553025000
2       19.70553521250
2       19.70560775833
2       19.70583659167
4       19.70583660833
1       19.70583672917
2       19.70584293333
2       19.70597485417
2       19.70608803750
4       19.70608805833
1       19.70608817917
2       19.70612915833
2       19.70623941250
2       19.70642097500
4       19.70642099583
1       19.70642111667
2       19.70648250833
2       19.70684952917
4       19.70684954583
1       19.70684966667
2       19.70686117083
2       19.70688971250
2       19.70690090833
2       19.70698367083
2       19.70719006667
4       19.70719008750
1       19.70719020833
2       19.70719506667
2       19.70721055417
2       19.70727702083
2       19.70731318333
2       19.70737817500
2       19.70746197917
4       19.70746200000
1       19.70746212083
2       19.70765837500
2       19.70782803333
4       19.70782805000
1       19.70782817083
2       19.70793688750
2       19.70822977500
4       19.70822979583
1       19.70822991667
2       19.70826717083
2       19.70858020833
4       19.70858022500
1       19.70858034583
2       19.70858786667
2       19.70862169167
2       19.70867822500
2       19.70868159583
2       19.70895984167
4       19.70895985833
1       19.70895997917
2       19.70919265417
4       19.70919267500
1       19.70919279583
2       19.70924702917
2       19.70964412500
4       19.70964412500
1       19.70964426250
2       19.70978395000
2       19.70995775000
4       19.70995777083
1       19.70995789167
2       19.71023458333
4       19.71023460417
1       19.71023472500
2       19.71024957500
2       19.71035531250
2       19.71055063333
4       19.71055065000
1       19.71055077083
2       19.71066728333
2       19.71069441667
2       19.71072425833
2       19.71098555000
4       19.71098557083
1       19.71098569167
2       19.71113865000
2       19.71131646667
4       19.71131646667
1       19.71131660417
2       19.71155735833
4       19.71155737500
1       19.71155749583
2       19.71165462500
2       19.71180366667
4       19.71180368750
1       19.71180380833
2       19.71186627917
2       19.71202990417
4       19.71202992500
1       19.71203004583
2       19.71209482917
2       19.71212005833
2       19.71218829583
2       19.71229696667
4       19.71229698750
1       19.71229710833
2       19.71237207500
2       19.71239690000
2       19.71247977917
4       19.71247979583
1       19.71247991667
2       19.71253244167
2       19.71253640833
2       19.71280440417
4       19.71280442500
1       19.71280454583
2       19.71283944583
2       19.71288814583
2       19.71329161250
4       19.71329162917
1       19.71329175000
2       19.71332042500
2       19.71335452083
2       19.71336212917
2       19.71344160833
2       19.71345452917
2       19.71348240000
4       19.71348242083
1       19.71348254167
2       19.71359264583
2       19.71366920417
2       19.71370160417
4       19.71370160417
1       19.71370174167
2       19.71371225000
2       19.71374111250
2       19.71382516667
2       19.71394309167
4       19.71394310833
1       19.71394322917
2       19.71422205000
4       19.71422207083
1       19.71422218750
2       19.71436043750
2       19.71445915000
4       19.71445916667
1       19.71445928750
2       19.71448665000
2       19.71450553333
2       19.71454492917
2       19.71459129583
2       19.71464206667
2       19.71472581250
4       19.71472583333
1       19.71472595417
2       19.71496622917
4       19.71496625000
1       19.71496637083
2       19.71501632500
2       19.71503986250
2       19.71505808750
2       19.71529221250
4       19.71529223333
1       19.71529235417
2       19.71537763333
2       19.71541504167
2       19.71554519583
4       19.71554521667
1       19.71554533333
2       19.71564136250
2       19.71566278333
2       19.71568610833
2       19.71572610417
4       19.71572612500
1       19.71572624167
2       19.71575132500
2       19.71575989167
2       19.71591224583
4       19.71591224583
1       19.71591238333
2       19.71597912083
2       19.71611862083
4       19.71611863750
1       19.71611875833
2       19.71615535417
2       19.71617423333
2       19.71633463333
4       19.71633465417
1       19.71633477083
2       19.71635414583
2       19.71635942083
2       19.71661380000
4       19.71661382083
1       19.71661394167
2       19.71674895417
2       19.71678900417
4       19.71678902500
1       19.71678914583
2       19.71705332500
4       19.71705332500
1       19.71705346250
2       19.71706564583
2       19.71720203750
2       19.71726460417
4       19.71726460417
1       19.71726474167
2       19.71741169583
2       19.71752999167
4       19.71753001250
1       19.71753013333
2       19.71760520833
2       19.71774722500
4       19.71774722500
1       19.71774736250
2       19.71794376250
4       19.71794378333
1       19.71794390417
2       19.71818315417
4       19.71818317500
1       19.71818329167
2       19.71822817917
2       19.71825102500
2       19.71829112083
2       19.71846110417
4       19.71846110417
1       19.71846124167
2       19.71848556250
2       19.71864852917
4       19.71864855000
1       19.71864867083
2       19.71879064167
2       19.71886707083
4       19.71886708750
1       19.71886720833
2       19.71887375000
2       19.71894365000
2       19.71909337083
4       19.71909338750
1       19.71909350833
2       19.71909866250
2       19.71910793333
2       19.71911784583
2       19.71915263750
2       19.71920923333
2       19.71927780833
4       19.71927782917
1       19.71927795000
2       19.71964679167
4       19.71964681250
1       19.71964692917
2       19.71998301250
4       19.71998303333
1       19.71998315417
2       19.72001050417
2       19.72006347500
2       19.72038145833
4       19.72038147917
1       19.72038159583
2       19.72045172917
2       19.72058356250
4       19.72058357917
1       19.72058370000
2       19.72058592917
2       19.72063564583
2       19.72067327500
2       19.72073424583
2       19.72077197917
2       19.72078424583
2       19.72078498333
2       19.72095684167
4       19.72095686250
1       19.72095697917
2       19.72103202083
2       19.72103265833
2       19.72105720417
2       19.72122421667
4       19.72122421667
1       19.72122435417
2       19.72141167083
4       19.72141169167
1       19.72141181250
2       19.72149509167
2       19.72164250833
4       19.72164252917
1       19.72164264583
2       19.72164315000
2       19.72166937500
2       19.72194394583
4       19.72194394583
1       19.72194408333
2       19.72209728333
2       19.72212382500
2       19.72228157917
4       19.72228159583
1       19.72228171667
2       19.72232185833
2       19.72232217500
2       19.72235092500
2       19.72240397917
2       19.72254878333
4       19.72254880417
1       19.72254892500
2       19.72256169583
2       19.72264668750
2       19.72271002083
2       19.72279088333
4       19.72279090000
1       19.72279102083
2       19.72279182083
2       19.72291967917
2       19.72299060417
4       19.72299062500
1       19.72299074583
2       19.72303658333
2       19.72310180417
2       19.72321116667
4       19.72321118750
1       19.72321130833
2       19.72329531250
2       19.72330528750
2       19.72356997500
4       19.72356999583
1       19.72357011667
2       19.72365565000
2       19.72373020417
2       19.72382956250
4       19.72382957917
1       19.72382970000
2       19.72389685000
2       19.72391170417
2       19.72403756667
4       19.72403756667
1       19.72403770417
2       19.72406504167
2       19.72442147917
4       19.72442149583
1       19.72442161667
2       19.72453871250
2       19.72461993333
4       19.72461995417
1       19.72462007083
2       19.72467518333
2       19.72472352083
2       19.72473774167
2       19.72481362917
4       19.72481365000
1       19.72481377083
2       19.72491467083
2       19.72502364167
4       19.72502366250
1       19.72502378333
2       19.72507139167
2       19.72513534167
2       19.72517433333
2       19.72523332083
4       19.72523333750
1       19.72523345833
2       19.72533563333
2       19.72549797917
4       19.72549799583
1       19.72549811667
2       19.72590933750
4       19.72590935833
1       19.72590947500
2       19.72593290000
2       19.72627498333
4       19.72627500417
1       19.72627512500
2       19.72630879583
2       19.72634689583
2       19.72645551667
4       19.72645553750
1       19.72645565417
2       19.72645585000
2       19.72672450833
4       19.72672452500
1       19.72672464583
2       19.72675561667
2       19.72679701667
2       19.72681565417
2       19.72689214167
2       19.72744756250
4       19.72744758333
1       19.72744770417
2       19.72749788750
2       19.72758305833
2       19.72759029583
2       19.72780529583
4       19.72780531667
1       19.72780543750
2       19.72792254167
2       19.72817557083
4       19.72817559167
1       19.72817570833
2       19.72830949583
2       19.72833789583
2       19.72835317917
2       19.72841282083
4       19.72841284167
1       19.72841296250
2       19.72845842500
2       19.72846111667
2       19.72908544583
4       19.72908546667
1       19.72908558750
2       19.72915770833
2       19.72917032917
2       19.72918921250
2       19.72973877917
4       19.72973879583
1       19.72973891667
2       19.72974963333
2       19.72979461250
2       19.73002248750
4       19.73002250833
1       19.73002262917
2       19.73017886250
2       19.73036436250
4       19.73036437917
1       19.73036450000
2       19.73063625833
4       19.73063627500
1       19.73063639583
2       19.73064187500
2       19.73075386250
2       19.73077677917
2       19.73079990833
2       19.73082484167
2       19.73086017917
4       19.73086019583
1       19.73086031667
2       19.73088706250
2       19.73093173750
2       19.73107618333
4       19.73107620000
1       19.73107632083
2       19.73130597917
4       19.73130599583
1       19.73130611667
2       19.73131761250
2       19.73137622083
2       19.73137822500
2       19.73142619167
2       19.73162304583
4       19.73162306667
1       19.73162318750
2       19.73178771250
2       19.73193795417
4       19.73193797500
1       19.73193809583
2       19.73199029583
2       19.73203470000
2       19.73206162500
2       19.73212278750
2       19.73212677083
2       19.73223375833
4       19.73223377917
1       19.73223390000
2       19.73244970000
4       19.73244971667
1       19.73244983750
2       19.73250110000
2       19.73251895000
2       19.73261834583
2       19.73270971250
4       19.73270972917
1       19.73270985000
2       19.73279584583
2       19.73283358750
2       19.73293499583
4       19.73293501667
1       19.73293513750
2       19.73296380417
2       19.73310230000
2       19.73335357083
4       19.73335359167
1       19.73335371250
2       19.73374812917
4       19.73374814583
1       19.73374826667
2       19.73376072917
2       19.73389362917
2       19.73396604583
4       19.73396606667
1       19.73396618750
2       19.73397373333
2       19.73427678333
4       19.73427680000
1       19.73427692083
2       19.73439269167
2       19.73441920417
2       19.73459446250
4       19.73459448333
1       19.73459460417
2       19.73466005417
2       19.73478924167
4       19.73478925833
1       19.73478937917
2       19.73479249167
2       19.73481341250
2       19.73495607500
2       19.73512745417
4       19.73512747500
1       19.73512759583
2       19.73515117500
2       19.73549803750
4       19.73549805833
1       19.73549817500
2       19.73560468333
2       19.73577425417
4       19.73577425417
1       19.73577439167
2       19.73583692083
2       19.73588290417
2       19.73600087500
4       19.73600087500
1       19.73600101250
2       19.73603063333
2       19.73610382083
2       19.73614622500
2       19.73619984583
4       19.73619984583
1       19.73619998333
2       19.73635522500
2       19.73644361250
4       19.73644363333
1       19.73644375417
2       19.73648736667
2       19.73657357500
2       19.73698887083
4       19.73698889167
1       19.73698901250
2       19.73727404583
4       19.73727406667
1       19.73727418750
2       19.73732904583
2       19.73735621667
2       19.73772719167
4       19.73772721250
1       19.73772733333
2       19.73777518333
2       19.73779376250
2       19.73780268750
2       19.73817957917
4       19.73817959583
1       19.73817971667
2       19.73831282500
2       19.73862444167
4       19.73862445833
1       19.73862457917
2       19.73862642083
2       19.73868045833
2       19.73876718750
2       19.73878607500
2       19.73901462083
4       19.73901464167
1       19.73901476250
2       19.73929126250
4       19.73929127917
1       19.73929140000
2       19.73936940417
2       19.73945619583
2       19.73953007083
4       19.73953009167
1       19.73953020833
2       19.73989139583
4       19.73989139583
1       19.73989153333
2       19.73993741667
2       19.74009647500
2       19.74021140417
4       19.74021142500
1       19.74021154583
2       19.74025409583
2       19.74046410000
4       19.74046412083
1       19.74046424167
2       19.74059002083
2       19.74061478333
2       19.74061513333
2       19.74111860833
4       19.74111862917
1       19.74111875000
2       19.74144517917
4       19.74144520000
1       19.74144532083
2       19.74145147917
2       19.74159025417
2       19.74185026667
4       19.74185026667
1       19.74185040417
2       19.74185526250
2       19.74207128750
4       19.74207130417
1       19.74207142500
2       19.74208416250
2       19.74216028750
2       19.74254229167
4       19.74254231250
1       19.74254243333
2       19.74272737917
2       19.74293184583
4       19.74293184583
1       19.74293198333
2       19.74306329167
2       19.74310926250
2       19.74316556667
4       19.74316558750
1       19.74316570833
2       19.74324284583
2       19.74343452083
4       19.74343453750
1       19.74343465833
2       19.74346405000
2       19.74346492500
2       19.74371937917
4       19.74371939583
1       19.74371951667
2       19.74393575417
4       19.74393575417
1       19.74393589167
2       19.74416619167
4       19.74416620833
1       19.74416632917
2       19.74429076667
2       19.74439638333
4       19.74439640417
1       19.74439652500
2       19.74451201250
2       19.74455803750
2       19.74477865417
4       19.74477865417
1       19.74477879167
2       19.74486677083
2       19.74492575000
2       19.74492703750
2       19.74494263750
2       19.74507478750
4       19.74507480417
1       19.74507492500
2       19.74508874583
2       19.74509064583
2       19.74515599583
2       19.74523576250
2       19.74525625417
4       19.74525627083
1       19.74525639167
2       19.74552324167
4       19.74552326250
1       19.74552338333
2       19.74571903750
4       19.74571905417
1       19.74571917500
2       19.74573455000
2       19.74582705417
2       19.74584152500
2       19.74585607083
2       19.74599460000
4       19.74599461667
1       19.74599473750
2       19.74612671250
2       19.74631465417
4       19.74631465417
1       19.74631479167
2       19.74636363333
2       19.74657888750
4       19.74657890833
1       19.74657902917
2       19.74659442083
2       19.74665941667
2       19.74667295833
2       19.74677687917
4       19.74677690000
1       19.74677702083
2       19.74678262917
2       19.74688200417
2       19.74688832500
2       19.74711936250
4       19.74711938333
1       19.74711950417
2       19.74732875833
4       19.74732877917
1       19.74732890000
2       19.74749866667
4       19.74749868750
1       19.74749880833
2       19.74756947083
2       19.74764108333
2       19.74772521667
4       19.74772521667
1       19.74772535417
2       19.74827343750
4       19.74827343750
1       19.74827357500
2       19.74854242917
4       19.74854245000
1       19.74854256667
2       19.74865640833
2       19.74870370833
2       19.74890913333
4       19.74890915417
1       19.74890927500
2       19.74897061250
2       19.74898388333
2       19.74904225000
2       19.74926641667
4       19.74926641667
1       19.74926655417
2       19.74929932083
2       19.74930026667
2       19.74931186250
2       19.74931907917
2       19.74944865417
2       19.74946357083
2       19.74948839167
4       19.74948841250
1       19.74948853333
2       19.74954169583
2       19.74956230417
2       19.74998611250
4       19.74998612917
1       19.74998625000
2       19.74999879167
2       19.75001475417
2       19.75003618333
2       19.75009950833
2       19.75030946667
4       19.75030948750
1       19.75030960833
2       19.75047475417
2       19.75063006667
4       19.75063006667
1       19.75063020417
2       19.75082325417
4       19.75082327500
1       19.75082339167
2       19.75091863750
2       19.75092981667
2       19.75099743750
2       19.75105935000
4       19.75105936667
1       19.75105948750
2       19.75138911250
4       19.75138913333
1       19.75138925417
2       19.75143933333
2       19.75152908750
2       19.75153309167
2       19.75160858750
4       19.75160860417
1       19.75160872500
2       19.75161977917
2       19.75162805833
2       19.75177952917
2       19.75182389167
4       19.75182391250
1       19.75182402917
2       19.75192883750
2       19.75246506667
4       19.75246508750
1       19.75246520417
2       19.75255127083
2       19.75261027083
2       19.75301651667
4       19.75301653750
1       19.75301665833
2       19.75302717083
2       19.75320641250
4       19.75320643333
1       19.75320655417
2       19.75335907917
2       19.75367874583
4       19.75367874583
1       19.75367888333
2       19.75392281667
4       19.75392281667
1       19.75392295417
2       19.75441007083
4       19.75441008750
1       19.75441020833
2       19.75448593750
2       19.75456243333
2       19.75712182500
4       19.75712184583
1       19.75712196667
2       19.75717657083
2       19.75720920417
2       19.75728473333
2       19.75736026250
4       19.75736028333
1       19.75736040417
2       19.75748182917
2       19.75750643750
2       19.75751159583
2       19.75757923750
4       19.75757925417
1       19.75757937500
2       19.75782399583
4       19.75782401667
1       19.75782413333
2       19.75783695417
2       19.75787671250
2       19.75798634167
2       19.75798898750
2       19.75801082500
4       19.75801084583
1       19.75801096250
2       19.75818476667
2       19.75819929583
2       19.75829574167
4       19.75829576250
1       19.75829588333
2       19.75866697500
4       19.75866699583
1       19.75866711667
2       19.75879779167
2       19.75887696667
4       19.75887698750
1       19.75887710833
2       19.75904257917
2       19.75905714167
4       19.75905716250
1       19.75905728333
2       19.75914958750
2       19.75955107083
4       19.75955108750
1       19.75955120833
2       19.75962121667
2       19.75966665417
2       19.75978260000
4       19.75978261667
1       19.75978273750
2       19.75982727083
2       19.75991072500
2       19.75994128333
2       19.76012304583
4       19.76012304583
1       19.76012318333
2       19.76015647917
2       19.76055330000
4       19.76055332083
1       19.76055344167
2       19.76059772083
2       19.76064902917
2       19.76070566667
2       19.76071960000
2       19.76080175000
4       19.76080177083
1       19.76080188750
2       19.76091172500
2       19.76100973333
4       19.76100975000
1       19.76100987083
2       19.76101169167
2       19.76104383750
2       19.76122800417
4       19.76122802500
1       19.76122814583
2       19.76125524583
2       19.76140422083
2       19.76141983750
2       19.76151943333
4       19.76151945000
1       19.76151957083
2       19.76162250000
2       19.76164208333
2       19.76164472917
2       19.76197692500
4       19.76197692500
1       19.76197706250
2       19.76209215833
2       19.76259957917
4       19.76259960000
1       19.76259972083
2       19.76283750000
4       19.76283751667
1       19.76283763750
2       19.76286660000
2       19.76286988333
2       19.76291429583
2       19.76291662083
2       19.76318761667
4       19.76318763750
1       19.76318775417
2       19.76321635833
2       19.76324153750
2       19.76331647917
2       19.76337406667
2       19.76356483750
4       19.76356483750
1       19.76356497500
2       19.76357054167
2       19.76358409167
2       19.76369733750
2       19.76381028333
4       19.76381030417
1       19.76381042083
2       19.76405805833
4       19.76405807500
1       19.76405819583
2       19.76418192500
2       19.76430018750
4       19.76430020833
1       19.76430032500
2       19.76442735417
2       19.76452072500
4       19.76452072500
1       19.76452086250
2       19.76458667917
2       19.76470753333
4       19.76470755000
1       19.76470767083
2       19.76473073750
2       19.76488410000
2       19.76506192917
4       19.76506195000
1       19.76506207083
2       19.76527395000
4       19.76527397083
1       19.76527409167
2       19.76598915417
4       19.76598917500
1       19.76598929583
2       19.76606888750
2       19.76617762083
4       19.76617763750
1       19.76617775833
2       19.76617984167
2       19.76618357083
2       19.76627997917
2       19.76635640833
2       19.76636040000
2       19.76656377917
4       19.76656380000
1       19.76656391667
2       19.76662446667
2       19.76666210833
2       19.76670022083
2       19.76676285000
2       19.76695865833
4       19.76695867917
1       19.76695879583
2       19.76715073333
2       19.76721267500
4       19.76721267500
1       19.76721281250
2       19.76728117083
2       19.76734210833
2       19.76738522917
2       19.76739213333
2       19.76744715417
4       19.76744715417
1       19.76744729167
2       19.76764818750
4       19.76764820417
1       19.76764832500
2       19.76774326667
2       19.76778139167
2       19.76778167917
2       19.76780083750
2       19.76780351667
2       19.77163427500
4       19.77163427500
1       19.77163441250
2       19.77172728750
2       19.77190182500
4       19.77190182500
1       19.77190196250
2       19.77194385417
2       19.77196978750
2       19.77203721667
2       19.77208431250
4       19.77208432917
1       19.77208445000
2       19.77216087500
2       19.77219291667
2       19.77233514583
4       19.77233516667
1       19.77233528750
2       19.77234591250
2       19.77235257917
2       19.77241289583
2       19.77242879583
2       19.77261295417
4       19.77261297500
1       19.77261309583
2       19.77261563333
2       19.77281899167
4       19.77281901250
1       19.77281912917
2       19.77295010417
2       19.77307668750
4       19.77307670833
1       19.77307682917
2       19.77316352083
2       19.77327349583
4       19.77327351667
1       19.77327363750
2       19.77335760417
2       19.77357854583
4       19.77357856667
1       19.77357868333
2       19.77363047917
2       19.77367385417
2       19.77374910000
2       19.77383782500
4       19.77383784583
1       19.77383796667
2       19.77404059583
4       19.77404061667
1       19.77404073750
2       19.77407968333
2       19.77408264583
2       19.77429758333
4       19.77429760417
1       19.77429772500
2       19.77433302917
2       19.77452287917
4       19.77452289583
1       19.77452301667
2       19.77452741667
2       19.77453938750
2       19.77492925833
4       19.77492927500
1       19.77492939583
2       19.77494475417
2       19.77497228750
2       19.77510907500
4       19.77510909583
1       19.77510921667
2       19.77525615417
2       19.77531409583
4       19.77531411667
1       19.77531423750
2       19.77532037917
2       19.77536070417
2       19.77538565000
2       19.77566450833
4       19.77566452917
1       19.77566465000
2       19.77571125417
2       19.77579339583
2       19.77583476667
2       19.77601066667
4       19.77601068750
1       19.77601080833
2       19.77613287917
2       19.77616402917
2       19.77633068333
4       19.77633070000
1       19.77633082083
2       19.77650551667
2       19.77660022500
4       19.77660024583
1       19.77660036667
2       19.77662810000
2       19.77662941667
2       19.77667052083
2       19.77687285000
4       19.77687286667
1       19.77687298750
2       19.77698846250
2       19.77709710417
4       19.77709710417
1       19.77709724167
2       19.77735311250
4       19.77735313333
1       19.77735325417
2       19.77754385417
2       19.77757069167
2       19.77758203750
4       19.77758205833
1       19.77758217917
2       19.77762142083
2       19.77762805417
2       19.77766944167
2       19.77773072917
2       19.77787583333
4       19.77787585417
1       19.77787597500
2       19.77790694167
2       19.77791492083
2       19.77818683333
4       19.77818685000
1       19.77818697083
2       19.77819447500
2       19.77824607917
2       19.77825832917
2       19.77829187500
2       19.77838828750
4       19.77838830833
1       19.77838842917
2       19.77840610833
2       19.77849988750
2       19.77852102083
2       19.77869287917
4       19.77869290000
1       19.77869302083
2       19.77870585417
2       19.77877514167
2       19.77877775833
2       19.77883539583
2       19.77885455000
2       19.77892418333
4       19.77892420417
1       19.77892432083
2       19.77897752500
2       19.77908114167
2       19.77920240000
4       19.77920242083
1       19.77920254167
2       19.77942098333
4       19.77942100000
1       19.77942112083
2       19.77945309583
2       19.77964373750
4       19.77964373750
1       19.77964387500
2       19.77965612917
2       19.77966847083
2       19.77969987917
2       19.77973522917
2       19.77993609167
4       19.77993611250
1       19.77993623333
2       19.77994832500
2       19.78010895833
2       19.78015806250
4       19.78015808333
1       19.78015820417
2       19.78018815000
2       19.78049680417
4       19.78049682500
1       19.78049694583
2       19.78053095833
2       19.78071628750
4       19.78071630833
1       19.78071642500
2       19.78084731667
2       19.78095784583
4       19.78095784583
1       19.78095798333
2       19.78100655833
2       19.78107110833
2       19.78137129167
4       19.78137131250
1       19.78137143333
2       19.78139640000
2       19.78140110833
2       19.78146366250
2       19.78158465000
4       19.78158467083
1       19.78158479167
2       19.78158923333
2       19.78171836667
2       19.78173269167
2       19.78176538333
2       19.78185582500
4       19.78185582500
1       19.78185596250
2       19.78191245833
2       19.78193631667
2       19.78194265000
2       19.78225625000
4       19.78225626667
1       19.78225638750
2       19.78232746667
2       19.78234272083
2       19.78235066667
2       19.78261567083
4       19.78261569167
1       19.78261580833
2       19.78265616250
2       19.78461565000
2       19.78465239167
2       19.78491602500
4       19.78491602500
1       19.78491616250
2       19.78493323333
2       19.78516577500
4       19.78516579583
1       19.78516591667
2       19.78518565417
2       19.78521446667
2       19.78550001250
4       19.78550003333
1       19.78550015417
2       19.78586735000
4       19.78586737083
1       19.78586748750
2       19.78594642083
2       19.78599252917
2       19.78641355833
4       19.78641357500
1       19.78641369583
2       19.78644497917
2       19.78665433750
4       19.78665435833
1       19.78665447917
2       19.78675870417
2       19.78691928750
4       19.78691928750
1       19.78691942500
2       19.78708256667
2       19.78741718750
4       19.78741720833
1       19.78741732917
2       19.78749629583
2       19.78751448750
2       19.78763208333
4       19.78763210417
1       19.78763222083
2       19.78780103333
2       19.78781494167
2       19.78789404583
4       19.78789404583
1       19.78789418333
2       19.78811341667
4       19.78811341667
1       19.78811355417
2       19.78817490833
2       19.78819681667
2       19.78821640000
2       19.78825147083
2       19.78835417083
4       19.78835419167
1       19.78835431250
2       19.78883845417
4       19.78883845417
1       19.78883859167
2       19.78884472917
2       19.78894483750
2       19.78901766667
2       19.78936040833
4       19.78936042917
1       19.78936055000
2       19.78945422500
2       19.78959129583
4       19.78959131667
1       19.78959143750
2       19.78964534167
2       19.78975896667
2       19.78994335417
4       19.78994337500
1       19.78994349167
2       19.78995271667
2       19.78996224167
2       19.79001528750
2       19.79002985417
2       19.79003683333
2       19.79021889167
4       19.79021890833
1       19.79021902917
2       19.79033750417
2       19.79040150000
2       19.79049492500
4       19.79049492500
1       19.79049506250
2       19.79055849583
2       19.79060920000
2       19.79063535417
2       19.79064199167
2       19.79065791667
2       19.79074960833
4       19.79074962917
1       19.79074974583
2       19.79081422500
2       19.79086555417
2       19.79101389583
4       19.79101389583
1       19.79101403333
2       19.79109936667
2       19.79119178333
4       19.79119180000
1       19.79119192083
2       19.79131012500
2       19.79155215000
4       19.79155217083
1       19.79155229167
2       19.79157669583
2       19.79161971250
2       19.79171409583
2       19.79173765833
4       19.79173767500
1       19.79173779583
2       19.79176647083
2       19.79187035833
2       19.79219976250
4       19.79219977917
1       19.79219990000
2       19.79225765833
2       19.79229205417
2       19.79234947917
2       19.79244876250
4       19.79244878333
1       19.79244890417
2       19.79246432917
2       19.79266836667
4       19.79266836667
1       19.79266850417
2       19.79270814583
2       19.79315303750
4       19.79315305833
1       19.79315317917
2       19.79330790833
2       19.79336170000
4       19.79336171667
1       19.79336183750
2       19.79360971667
4       19.79360971667
1       19.79360985417
2       19.79361704583
2       19.79362205000
2       19.79375085417
2       19.79379058750
2       19.79393895000
4       19.79393897083
1       19.79393908750
2       19.79403534167
2       19.79414466250
4       19.79414468333
1       19.79414480417
2       19.79446361250
4       19.79446362917
1       19.79446375000
2       19.79448717917
2       19.79451864167
2       19.79468356667
4       19.79468356667
1       19.79468370417
2       19.79470081667
2       19.79471447083
2       19.79642854583
4       19.79642854583
1       19.79642868333
2       19.79651889583
2       19.79657760000
2       19.79695119583
4       19.79695121667
1       19.79695133333
2       19.79758544167
4       19.79758545833
1       19.79758557917
2       19.79765332917
2       19.79777690417
2       19.79783385417
4       19.79783385417
1       19.79783399167
2       19.79786100833
2       19.79788066250
2       19.79803035417
4       19.79803037500
1       19.79803049167
2       19.79806869167
2       19.79808559167
2       19.79811344167
2       19.79852392500
4       19.79852392500
1       19.79852406250
2       19.79859308750
2       19.79863085417
2       19.79876724583
4       19.79876726667
1       19.79876738333
2       19.79879007500
2       19.79894387917
2       19.79899144583
4       19.79899144583
1       19.79899158333
2       19.79901044583
2       19.79919787083
4       19.79919789167
1       19.79919801250
2       19.79920980833
2       19.79929987917
2       19.79962983750
4       19.79962983750
1       19.79962997500
2       19.79988944583
4       19.79988944583
1       19.79988958333
2       19.80006135417
2       19.80022800833
4       19.80022802500
1       19.80022814583
2       19.80024687083
2       19.80026512500
2       19.80039355000
2       19.80048465000
4       19.80048466667
1       19.80048478750
2       19.80049757083
2       19.80057810417
2       19.80075136667
4       19.80075138750
1       19.80075150833
2       19.80116432500
4       19.80116434583
1       19.80116446667
2       19.80137038333
4       19.80137040417
1       19.80137052500
2       19.80139225833
2       19.80140056667
2       19.80142657917
2       19.80172881250
4       19.80172883333
1       19.80172895417
2       19.80178539167
2       19.80181450417
2       19.80189427917
2       19.80229187500
4       19.80229187500
1       19.80229201250
2       19.80236308750
2       19.80240284583
2       19.80242889167
2       19.80283801250
4       19.80283803333
1       19.80283815417
2       19.80286818750
2       19.80335805417
4       19.80335807500
1       19.80335819583
2       19.80338822083
2       19.80345551250
2       19.80372733333
4       19.80372735417
1       19.80372747500
2       19.80382443333
2       19.80399600417
4       19.80399602500
1       19.80399614167
2       19.80406789583
2       19.80412651667
2       19.80427324583
4       19.80427324583
1       19.80427338333
2       19.80430404167
2       19.80440182917
2       19.80441505000
2       19.80446793750
2       19.80448687917
2       19.80452068750
4       19.80452070833
1       19.80452082917
2       19.80465877500
2       19.80489532917
4       19.80489534583
1       19.80489546667
2       19.80495264167
2       19.80516290000
4       19.80516292083
1       19.80516303750
2       19.80534051667
4       19.80534051667
1       19.80534065417
2       19.80562233750
4       19.80562235417
1       19.80562247500
2       19.80585522500
4       19.80585522500
1       19.80585536250
2       19.80600031250
2       19.80603044583
4       19.80603046667
1       19.80603058333
2       19.80607244583
2       19.80608345833
2       19.80623410833
4       19.80623412917
1       19.80623425000
2       19.80636788750
2       19.80658691250
4       19.80658692917
1       19.80658705000
2       19.80671930833
2       19.80693899583
4       19.80693901667
1       19.80693913750
2       19.80708871667
2       19.80715688750
4       19.80715690417
1       19.80715702500
2       19.80717410000
2       19.80728445833
2       19.80747394167
4       19.80747396250
1       19.80747408333
2       19.80753845417
2       19.80974439583
2       19.81000150833
4       19.81000152917
1       19.81000165000
2       19.81006281667
2       19.81014758750
2       19.81031985833
4       19.81031987500
1       19.81031999583
2       19.81032510833
2       19.81034860417
2       19.81042944167
2       19.81054003750
4       19.81054003750
1       19.81054017500
2       19.81056489167
2       19.81072556250
4       19.81072557917
1       19.81072570000
2       19.81075792083
2       19.81080598750
2       19.81085045000
2       19.81098848750
4       19.81098850833
1       19.81098862917
2       19.81110615000
2       19.81112730000
2       19.81122971667
4       19.81122971667
1       19.81122985417
2       19.81149331250
4       19.81149332917
1       19.81149345000
2       19.81161585417
2       19.81169242500
4       19.81169244583
1       19.81169256250
2       19.81179745000
2       19.81188382500
4       19.81188382500
1       19.81188396250
2       19.81204884167
2       19.81213326667
4       19.81213328750
1       19.81213340417
2       19.81235552083
4       19.81235553750
1       19.81235565833
2       19.81238396667
2       19.81240948333
2       19.81253870000
2       19.81272383333
4       19.81272385417
1       19.81272397500
2       19.81284481250
2       19.81287254583
2       19.81316733333
4       19.81316735000
1       19.81316747083
2       19.81318289167
2       19.81320877500
2       19.81322005833
2       19.81327263750
2       19.81341970417
4       19.81341972500
1       19.81341984583
2       19.81354694583
2       19.81362700833
4       19.81362702500
1       19.81362714583
2       19.81366516250
2       19.81372513750
2       19.81378435000
2       19.81395205417
4       19.81395207500
1       19.81395219167
2       19.81414980000
4       19.81414981667
1       19.81414993750
2       19.81421793750
2       19.81423192917
2       19.81427370000
2       19.81433988333
2       19.81467314167
4       19.81467316250
1       19.81467328333
2       19.81469164167
2       19.81469230000
2       19.81473465833
2       19.81493043750
4       19.81493045833
1       19.81493057500
2       19.81501860833
2       19.81513115417
2       19.81518975417
4       19.81518977500
1       19.81518989167
2       19.81519443333
2       19.81564490000
4       19.81564491667
1       19.81564503750
2       19.81585761250
4       19.81585762917
1       19.81585775000
2       19.81598938750
2       19.81600695000
2       19.81600895000
2       19.81642956250
4       19.81642958333
1       19.81642970417
2       19.81678797917
4       19.81678800000
1       19.81678812083
2       19.81678861667
2       19.81681146667
2       19.81705491667
4       19.81705491667
1       19.81705505417
2       19.81749513750
4       19.81749515417
1       19.81749527500
2       19.81756234167
2       19.81811687917
4       19.81811690000
1       19.81811701667
2       19.81825290833
2       19.81837658750
4       19.81837660417
1       19.81837672500
2       19.81863386250
4       19.81863387917
1       19.81863400000
2       19.81890611250
4       19.81890612917
1       19.81890625000
2       19.81912042500
4       19.81912042500
1       19.81912056250
2       19.81915223750
2       19.81985281250
4       19.81985282917
1       19.81985295000
2       19.81991537500
2       19.82035464167
4       19.82035466250
1       19.82035478333
2       19.82243109167
4       19.82243111250
1       19.82243122917
2       19.82253702917
2       19.82263644583
4       19.82263646667
1       19.82263658750
2       19.82273151250
2       19.82277460000
2       19.82282685833
4       19.82282687500
1       19.82282699583
2       19.82285170000
2       19.82285403750
2       19.82289377500
2       19.82295179583
2       19.82307402917
4       19.82307404583
1       19.82307416667
2       19.82318235417
2       19.82333370833
4       19.82333372500
1       19.82333384583
2       19.82346024167
2       19.82349863333
2       19.82350587917
2       19.82354139583
4       19.82354139583
1       19.82354153333
2       19.82359663750
2       19.82381427500
4       19.82381429583
1       19.82381441667
2       19.82387657500
2       19.82418787083
4       19.82418789167
1       19.82418800833
2       19.82420648750
2       19.82438270417
4       19.82438272083
1       19.82438284167
2       19.82450559167
2       19.82456455833
4       19.82456457917
1       19.82456469583
2       19.82457944167
2       19.82459462083
2       19.82476032500
4       19.82476034583
1       19.82476046250
2       19.82482185833
2       19.82498745417
4       19.82498747500
1       19.82498759167
2       19.82499445833
2       19.82501270000
2       19.82510142917
2       19.82518815833
4       19.82518817500
1       19.82518829583
2       19.82536707083
4       19.82536708750
1       19.82536720833
2       19.82550323333
2       19.82556312917
4       19.82556314583
1       19.82556326667
2       19.82557842917
2       19.82563538333
2       19.82571279583
2       19.82574392500
4       19.82574394583
1       19.82574406667
2       19.82582219583
2       19.82583439583
2       19.82585199583
2       19.82586058750
2       19.82586188333
2       19.82586783750
2       19.82592683333
4       19.82592685417
1       19.82592697083
2       19.82599707500
2       19.82602387917
2       19.82619811250
4       19.82619813333
1       19.82619825417
2       19.82627165417
2       19.82640977083
4       19.82640978750
1       19.82640990833
2       19.82647539583
2       19.82653295833
2       19.82655188333
2       19.82658725833
2       19.82730668750
4       19.82730670417
1       19.82730682500
2       19.82737428750
2       19.82752067083
4       19.82752068750
1       19.82752080833
2       19.82756182917
2       19.82794194167
4       19.82794195833
1       19.82794207917
2       19.82795755833
2       19.82806332500
2       19.82810560417
2       19.82824671667
4       19.82824671667
1       19.82824685417
2       19.82831165833
2       19.82846861250
4       19.82846863333
1       19.82846875417
2       19.82875183750
4       19.82875185833
1       19.82875197500
2       19.82886079167
2       19.82912512083
4       19.82912514167
1       19.82912526250
2       19.82936864167
4       19.82936866250
1       19.82936878333
2       19.82949212083
2       19.82959453750
4       19.82959455833
1       19.82959467500
2       19.82959482083
2       19.82992111250
4       19.82992112917
1       19.82992125000
2       19.82992969583
2       19.83036287500
4       19.83036287500
1       19.83036301250
2       19.83037915417
2       19.83068129583
4       19.83068131667
1       19.83068143333
2       19.83075511250
2       19.83090586667
4       19.83090588750
1       19.83090600833
2       19.83100123333
2       19.83105253750
2       19.83113431667
4       19.83113431667
1       19.83113445417
2       19.83128142500
2       19.83178789167
4       19.83178791250
1       19.83178803333
2       19.83181205000
2       19.83184982917
2       19.83214362083
4       19.83214363750
1       19.83214375833
2       19.83227576667
2       19.83248739167
4       19.83248740833
1       19.83248752917
2       19.83250000000
2       19.83253974167
2       19.83589408750
4       19.83589408750
1       19.83589422500
2       19.83592052083
2       19.83594312500
2       19.83614710417
4       19.83614712500
1       19.83614724167
2       19.83643927083
4       19.83643929167
1       19.83643941250
2       19.83648439583
2       19.83652212500
2       19.83654558333
2       19.83683118333
4       19.83683120000
1       19.83683132083
2       19.83717033333
4       19.83717035000
1       19.83717047083
2       19.83770391667
4       19.83770393750
1       19.83770405417
2       19.83785060417
2       19.83819875417
4       19.83819875417
1       19.83819889167
2       19.83819909167
2       19.83821923333
2       19.83837865833
2       19.83838330833
2       19.83840519167
2       19.83866019583
4       19.83866019583
1       19.83866033333
2       19.83866610000
2       19.83866818333
2       19.83868870833
2       19.83893235000
4       19.83893237083
1       19.83893249167
2       19.83893609583
2       19.83899268333
2       19.83904475417
2       19.83909375833
2       19.83929773333
4       19.83929775000
1       19.83929787083
2       19.83943154167
2       19.83958094167
4       19.83958095833
1       19.83958107917
2       19.83987315000
4       19.83987317083
1       19.83987329167
2       19.83993501250
2       19.84009205000
4       19.84009206667
1       19.84009218750
2       19.84044252083
4       19.84044253750
1       19.84044265833
2       19.84045969167
2       19.84062903333
2       19.84068857083
4       19.84068859167
1       19.84068871250
2       19.84070349167
2       19.84073925833
2       19.84080583333
2       19.84102048750
4       19.84102050833
1       19.84102062917
2       19.84103708333
2       19.84104066667
2       19.84107417500
2       19.84133446667
4       19.84133448750
1       19.84133460417
2       19.84152156250
4       19.84152157917
1       19.84152170000
2       19.84155856667
2       19.84163888750
2       19.84166767500
2       19.84172202500
2       19.84189221667
4       19.84189221667
1       19.84189235417
2       19.84202204167
2       19.84205853750
2       19.84208070417
2       19.84246397500
4       19.84246399583
1       19.84246411667
2       19.84262563750
2       19.84283932500
4       19.84283932500
1       19.84283946250
2       19.84284089167
2       19.84306911667
4       19.84306911667
1       19.84306925417
2       19.84324136250
2       19.84325557500
2       19.84326524167
2       19.84327357500
2       19.84351990417
4       19.84351992500
1       19.84352004583
2       19.84356472917
2       19.84363188333
2       19.84378225833
4       19.84378227917
1       19.84378240000
2       19.84393065000
2       19.84399619167
4       19.84399621250
1       19.84399633333
2       19.84402902500
2       19.84409656250
2       19.84433605000
4       19.84433607083
1       19.84433619167
2       19.84440889583
2       19.84449968750
2       19.84473327500
4       19.84473327500
1       19.84473341250
2       19.84483945833
2       19.84488590000
2       19.84508227500
4       19.84508227500
1       19.84508241250
2       19.84520187083
2       19.84546295417
4       19.84546297500
1       19.84546309167
2       19.84564280000
4       19.84564281667
1       19.84564293750
2       19.84594843750
4       19.84594845833
1       19.84594857917
2       19.84597390833
2       19.84597992083
2       19.84607861667
2       19.84644561250
4       19.84644562917
1       19.84644575000
2       19.84646915417
2       19.84648872500
2       19.84659265833
2       19.84661751667
4       19.84661753750
1       19.84661765417
2       19.84973210000
4       19.84973212083
1       19.84973224167
2       19.84990429167
2       19.85036043333
4       19.85036045000
1       19.85036057083
2       19.85045842500
2       19.85047465417
2       19.85050054583
2       19.85051111250
2       19.85079130417
4       19.85079132500
1       19.85079144583
2       19.85097811250
2       19.85131672917
4       19.85131675000
1       19.85131687083
2       19.85133877083
2       19.85160979167
4       19.85160980833
1       19.85160992917
2       19.85161044583
2       19.85162435000
2       19.85173794167
2       19.85187410000
4       19.85187412083
1       19.85187424167
2       19.85190755417
2       19.85227291250
4       19.85227293333
1       19.85227305417
2       19.85237927083
2       19.85249023333
2       19.85267926667
4       19.85267928750
1       19.85267940833
2       19.85272438750
2       19.85279065000
2       19.85284888333
2       19.85312652083
4       19.85312653750
1       19.85312665833
2       19.85316488750
2       19.85329867500
2       19.85341531250
4       19.85341532917
1       19.85341545000
2       19.85347094583
2       19.85366574167
4       19.85366576250
1       19.85366587917
2       19.85377279167
2       19.85396848333
4       19.85396850000
1       19.85396862083
2       19.85412048333
2       19.85464381667
4       19.85464383750
1       19.85464395833
2       19.85488363750
4       19.85488365417
1       19.85488377500
2       19.85503241667
2       19.85528404167
4       19.85528406250
1       19.85528418333
2       19.85538375000
2       19.85577397083
4       19.85577399167
1       19.85577411250
2       19.85588130417
2       19.85594155417
2       19.85611115417
4       19.85611117500
1       19.85611129583
2       19.85634133333
4       19.85634135417
1       19.85634147500
2       19.85637711667
2       19.85640663333
2       19.85649900833
2       19.85685513750
4       19.85685515417
1       19.85685527500
2       19.85687725833
2       19.85747085000
4       19.85747087083
1       19.85747099167
2       19.85756961667
2       19.85824499583
4       19.85824499583
1       19.85824513333
2       19.85846615417
4       19.85846615417
1       19.85846629167
2       19.85857049583
2       19.85864401250
2       19.85930479583
4       19.85930481667
1       19.85930493750
2       19.85942144167
2       19.85944563750
2       19.85950760833
4       19.85950762917
1       19.85950775000
2       19.86285388333
2       19.86289761250
2       19.86293804583
4       19.86293806667
1       19.86293818750
2       19.86298443333
2       19.86305598750
2       19.86317788333
4       19.86317790000
1       19.86317802083
2       19.86324677500
2       19.86336367917
2       19.86350214167
4       19.86350216250
1       19.86350228333
2       19.86358789583
2       19.86386480417
4       19.86386482500
1       19.86386494583
2       19.86428014583
4       19.86428016667
1       19.86428028750
2       19.86449018333
4       19.86449020000
1       19.86449032083
2       19.86450613750
2       19.86457998333
2       19.86468863750
4       19.86468865833
1       19.86468877917
2       19.86477342917
2       19.86512942083
4       19.86512944167
1       19.86512955833
2       19.86521787500
2       19.86543775833
4       19.86543777917
1       19.86543790000
2       19.86602411667
4       19.86602413750
1       19.86602425833
2       19.86602677083
2       19.86603566667
2       19.86618507083
2       19.86619401250
2       19.86632747500
4       19.86632749583
1       19.86632761667
2       19.86650903750
2       19.86694327500
4       19.86694327500
1       19.86694341250
2       19.86700325000
2       19.86712011250
2       19.86735597917
4       19.86735599583
1       19.86735611667
2       19.86781807917
4       19.86781810000
1       19.86781822083
2       19.86794453333
2       19.86813530833
4       19.86813532500
1       19.86813544583
2       19.86853142083
4       19.86853144167
1       19.86853156250
2       19.86854773750
2       19.86865243333
2       19.86873982500
4       19.86873984583
1       19.86873996250
2       19.86879980417
2       19.86881335833
2       19.86894714167
4       19.86894715833
1       19.86894727917
2       19.86895841667
2       19.86902423750
2       19.86909497083
2       19.86915755833
2       19.86917605417
4       19.86917607500
1       19.86917619167
2       19.86947342083
4       19.86947343750
1       19.86947355833
2       19.86950753750
2       19.86952147500
2       19.86959310000
2       19.86969630417
4       19.86969630417
1       19.86969644167
2       19.86970110833
2       19.86972621667
2       19.86996771250
4       19.86996773333
1       19.86996785417
2       19.87007472500
2       19.87016538750
4       19.87016540417
1       19.87016552500
2       19.87032038333
2       19.87041821667
4       19.87041821667
1       19.87041835417
2       19.87065823750
4       19.87065823750
1       19.87065837500
2       19.87083877083
4       19.87083879167
1       19.87083891250
2       19.87095525000
2       19.87096730833
2       19.87106238750
4       19.87106240417
1       19.87106252500
2       19.87107670417
2       19.87109432500
2       19.87109652083
2       19.87139951250
4       19.87139953333
1       19.87139965000
2       19.87181619583
4       19.87181619583
1       19.87181633333
2       19.87203589167
4       19.87203590833
1       19.87203602917
2       19.87211304583
2       19.87216210833
2       19.87241608333
4       19.87241610417
1       19.87241622500
2       19.87241790833
2       19.87694570000
4       19.87694571667
1       19.87694583750
2       19.87712238750
2       19.87720030000
4       19.87720032083
1       19.87720043750
2       19.87732219583
2       19.87742628750
4       19.87742628750
1       19.87742642500
2       19.87749177917
2       19.87774159167
4       19.87774161250
1       19.87774173333
2       19.87777936250
2       19.87790945000
2       19.87820323333
4       19.87820325417
1       19.87820337500
2       19.87828274583
2       19.87841535833
4       19.87841537917
1       19.87841549583
2       19.87845769167
2       19.87850698750
2       19.87871836667
4       19.87871836667
1       19.87871850417
2       19.87873424583
2       19.87949936250
4       19.87949937917
1       19.87949950000
2       19.87958447917
2       19.87983130417
4       19.87983132500
1       19.87983144583
2       19.87989120833
2       19.87989347917
2       19.87994190417
2       19.88006248750
4       19.88006250833
1       19.88006262500
2       19.88012806250
2       19.88047511667
4       19.88047511667
1       19.88047525417
2       19.88069671250
4       19.88069673333
1       19.88069685417
2       19.88074478333
2       19.88081335000
2       19.88092334583
4       19.88092336667
1       19.88092348750
2       19.88101128333
2       19.88111841250
2       19.88149234583
4       19.88149234583
1       19.88149248333
2       19.88150034167
2       19.88151060833
2       19.88152743333
2       19.88182957917
4       19.88182959583
1       19.88182971667
2       19.88189869583
2       19.88232305417
4       19.88232305417
1       19.88232319167
2       19.88245687083
2       19.88263376250
4       19.88263378333
1       19.88263390417
2       19.88266851667
2       19.88268149167
2       19.88281523750
2       19.88283411250
4       19.88283412917
1       19.88283425000
2       19.88302462917
2       19.88324288750
4       19.88324290833
1       19.88324302917
2       19.88334587083
2       19.88348804167
4       19.88348806250
1       19.88348818333
2       19.88357680000
2       19.88363104583
2       19.88371654167
4       19.88371656250
1       19.88371667917
2       19.88390171667
4       19.88390173750
1       19.88390185833
2       19.88395138750
2       19.88422922917
4       19.88422924583
1       19.88422936667
2       19.88438919167
2       19.88444725417
4       19.88444727500
1       19.88444739583
2       19.88462360417
2       19.88465289583
4       19.88465291667
1       19.88465303333
2       19.88468702500
2       19.88476220417
2       19.88480030417
2       19.88486019167
4       19.88486021250
1       19.88486033333
2       19.88487383333
2       19.88518220000
4       19.88518221667
1       19.88518233750
2       19.88524382917
2       19.88577412917
4       19.88577415000
1       19.88577426667
2       19.88589629167
2       19.88596727083
4       19.88596728750
1       19.88596740833
2       19.88599059167
2       19.88623847083
4       19.88623849167
1       19.88623861250
2       19.88645346250
4       19.88645347917
1       19.88645360000
2       19.88650312500
2       19.88661837500
2       19.88669129167
4       19.88669131250
1       19.88669143333
2       19.88671812917
2       19.89005885417
2       19.89015790833
4       19.89015792917
1       19.89015805000
2       19.89025892917
2       19.89028712083
2       19.89051696667
4       19.89051696667
1       19.89051710417
2       19.89054580833
2       19.89066828333
2       19.89089320000
4       19.89089322083
1       19.89089334167
2       19.89089916667
2       19.89092465000
2       19.89093025417
2       19.89118372917
4       19.89118374583
1       19.89118386667
2       19.89121743750
2       19.89153087083
4       19.89153088750
1       19.89153100833
2       19.89205349167
4       19.89205350833
1       19.89205362917
2       19.89214876250
2       19.89218599167
2       19.89222935417
2       19.89230451250
4       19.89230453333
1       19.89230465417
2       19.89232738333
2       19.89233757917
2       19.89244637917
2       19.89247977917
2       19.89252406250
4       19.89252407917
1       19.89252420000
2       19.89253306250
2       19.89272130000
4       19.89272132083
1       19.89272144167
2       19.89278220417
2       19.89281333333
2       19.89284540833
2       19.89284935000
2       19.89290239583
2       19.89319388750
4       19.89319390417
1       19.89319402500
2       19.89326145417
2       19.89341879167
4       19.89341880833
1       19.89341892917
2       19.89347844583
2       19.89348506667
2       19.89356785833
2       19.89382492500
4       19.89382494583
1       19.89382506250
2       19.89383916250
2       19.89398252083
2       19.89412063750
4       19.89412065417
1       19.89412077500
2       19.89442470833
4       19.89442472500
1       19.89442484583
2       19.89473702500
4       19.89473704583
1       19.89473716250
2       19.89503113333
4       19.89503115417
1       19.89503127500
2       19.89505475417
2       19.89505827917
2       19.89507729583
2       19.89522464583
4       19.89522464583
1       19.89522478333
2       19.89527197500
2       19.89528455417
2       19.89539025833
2       19.89547965833
4       19.89547967500
1       19.89547979583
2       19.89556483750
2       19.89565327500
4       19.89565329583
1       19.89565341667
2       19.89612391250
4       19.89612392917
1       19.89612405000
2       19.89617063333
2       19.89618747500
2       19.89632800833
2       19.89640745417
4       19.89640745417
1       19.89640759167
2       19.89640905417
2       19.89641932083
2       19.89644287500
2       19.89683805417
4       19.89683805417
1       19.89683819167
2       19.89688572083
2       19.89690060833
2       19.89709307500
4       19.89709309583
1       19.89709321667
2       19.89726760833
2       19.89740740000
4       19.89740741667
1       19.89740753750
2       19.89749783333
2       19.89767567083
4       19.89767568750
1       19.89767580833
2       19.89803042500
4       19.89803044583
1       19.89803056250
2       19.89803708333
2       19.89806155417
2       19.89856707917
4       19.89856710000
1       19.89856722083
2       19.89863027917
2       19.89874752917
4       19.89874754583
1       19.89874766667
2       19.89880718333
2       19.89898044167
4       19.89898045833
1       19.89898057917
2       19.89902812917
2       19.89918477500
4       19.89918479583
1       19.89918491667
2       19.89935758750
4       19.89935760417
1       19.89935772500
2       19.89955913333
4       19.89955915000
1       19.89955927083
2       19.89962897917
2       19.89966505000
2       19.89975914167
4       19.89975916250
1       19.89975928333
2       19.89979790833
2       19.90005756250
4       19.90005757917
1       19.90005770000
2       19.90019896250
2       19.90030799583
4       19.90030801667
1       19.90030813333
2       19.90044541667
2       19.90064343333
4       19.90064345417
1       19.90064357083
2       19.90066966667
2       19.90084908333
4       19.90084910417
1       19.90084922500
2       19.90086210000
2       19.90094222917
2       19.90436444583
2       19.90437114167
2       19.90472816667
4       19.90472818750
1       19.90472830833
2       19.90497687917
4       19.90497689583
1       19.90497701667
2       19.90500536667
2       19.90503187083
2       19.90526507917
4       19.90526510000
1       19.90526522083
2       19.90536380417
2       19.90540590417
2       19.90552973333
4       19.90552975000
1       19.90552987083
2       19.90560221667
2       19.90567837917
2       19.90574233750
4       19.90574235833
1       19.90574247500
2       19.90574671667
2       19.90583715000
2       19.90595401667
4       19.90595403750
1       19.90595415833
2       19.90595665833
2       19.90617833333
4       19.90617835417
1       19.90617847500
2       19.90618951667
2       19.90619347083
2       19.90635080833
4       19.90635082500
1       19.90635094583
2       19.90637306667
2       19.90651780000
2       19.90670911667
4       19.90670913750
1       19.90670925833
2       19.90675365417
2       19.90686955000
2       19.90700462083
4       19.90700464167
1       19.90700475833
2       19.90728223333
4       19.90728225000
1       19.90728237083
2       19.90745945833
2       19.90784219583
4       19.90784221667
1       19.90784233750
2       19.90792484167
2       19.90795957500
2       19.90796795417
2       19.90811460417
4       19.90811460417
1       19.90811474167
2       19.90824799167
2       19.90829183333
2       19.90830275417
4       19.90830277500
1       19.90830289167
2       19.90837063750
2       19.90848364583
4       19.90848366667
1       19.90848378333
2       19.90858630000
2       19.90914239167
4       19.90914240833
1       19.90914252917
2       19.90927055000
2       19.90931667917
2       19.90935075833
4       19.90935077500
1       19.90935089583
2       19.90940705417
2       19.90944317500
2       19.90944548750
2       19.90959784583
4       19.90959786667
1       19.90959798750
2       19.90968130000
2       19.90987740833
4       19.90987742917
1       19.90987755000
2       19.91014500000
4       19.91014502083
1       19.91014514167
2       19.91041902083
4       19.91041903750
1       19.91041915833
2       19.91078200833
4       19.91078202917
1       19.91078214583
2       19.91084164583
2       19.91090785833
2       19.91108072917
4       19.91108075000
1       19.91108086667
2       19.91122186250
2       19.91128278750
4       19.91128278750
1       19.91128292500
2       19.91173895417
4       19.91173895417
1       19.91173909167
2       19.91207945417
4       19.91207945417
1       19.91207959167
2       19.91215488750
2       19.91218007083
2       19.91221514583
2       19.91239672917
4       19.91239675000
1       19.91239687083
2       19.91246560417
2       19.91304157500
4       19.91304157500
1       19.91304171250
2       19.91336619583
4       19.91336621667
1       19.91336633750
2       19.91350483750
2       19.91352650417
2       19.91366234167
4       19.91366236250
1       19.91366248333
2       19.91376129583
2       19.91388727917
4       19.91388729583
1       19.91388741667
2       19.91410781667
4       19.91410783750
1       19.91410795833
2       19.91432412917
4       19.91432414583
1       19.91432426667
2       19.91451592083
4       19.91451594167
1       19.91451606250
2       19.91859859167
4       19.91859860833
1       19.91859872917
2       19.91860255417
2       19.91890694583
4       19.91890696667
1       19.91890708333
2       19.91934652083
4       19.91934654167
1       19.91934666250
2       19.91939551250
2       19.91962571250
4       19.91962572917
1       19.91962585000
2       19.92000069583
4       19.92000069583
1       19.92000083333
2       19.92026037083
4       19.92026038750
1       19.92026050833
2       19.92035113333
2       19.92051642083
4       19.92051644167
1       19.92051655833
2       19.92059855833
2       19.92080255000
4       19.92080256667
1       19.92080268750
2       19.92106290417
4       19.92106292500
1       19.92106304583
2       19.92112423333
2       19.92122248750
2       19.92123747083
4       19.92123749167
1       19.92123761250
2       19.92131831250
2       19.92135402083
2       19.92139510417
2       19.92145944167
4       19.92145946250
1       19.92145957917
2       19.92164515833
4       19.92164517917
1       19.92164530000
2       19.92210595000
4       19.92210596667
1       19.92210608750
2       19.92210920000
2       19.92219696667
2       19.92221791667
2       19.92239413750
4       19.92239415417
1       19.92239427500
2       19.92249707500
2       19.92275905000
4       19.92275906667
1       19.92275918750
2       19.92282821250
2       19.92285545833
2       19.92292700000
2       19.92300588333
4       19.92300590417
1       19.92300602500
2       19.92307283333
2       19.92310753333
2       19.92321684583
4       19.92321684583
1       19.92321698333
2       19.92322115000
2       19.92327512500
2       19.92356293333
4       19.92356295417
1       19.92356307500
2       19.92368055417
2       19.92396506250
4       19.92396508333
1       19.92396520417
2       19.92396740000
2       19.92440833333
4       19.92440835000
1       19.92440847083
2       19.92456922500
2       19.92458257500
2       19.92460067500
2       19.92502899167
4       19.92502900833
1       19.92502912917
2       19.92519064167
2       19.92538376667
4       19.92538378750
1       19.92538390833
2       19.92547290417
2       19.92578221250
4       19.92578223333
1       19.92578235000
2       19.92609885417
4       19.92609887500
1       19.92609899167
2       19.92610045000
2       19.92659567917
4       19.92659569583
1       19.92659581667
2       19.92717800417
4       19.92717800417
1       19.92717814167
2       19.92736977500
4       19.92736977500
1       19.92736991250
2       19.92776068333
4       19.92776070417
1       19.92776082500
2       19.92798021667
4       19.92798023750
1       19.92798035833
2       19.92827235000
4       19.92827237083
1       19.92827249167
2       19.93295125417
4       19.93295127500
1       19.93295139167
2       19.93296884167
2       19.93317814167
4       19.93317816250
1       19.93317828333
2       19.93334340000
2       19.93459778750
4       19.93459780417
1       19.93459792500
2       19.93556661667
4       19.93556663750
1       19.93556675833
2       19.93569279167
2       19.93569907500
2       19.93580844583
4       19.93580846667
1       19.93580858750
2       19.93629470000
4       19.93629472083
1       19.93629484167
2       19.93752416667
4       19.93752418750
1       19.93752430833
2       19.93818822917
4       19.93818825000
1       19.93818837083
2       19.93891630000
4       19.93891632083
1       19.93891644167
2       19.93895673750
2       19.93910649583
2       19.93911676250
2       19.93965261250
4       19.93965263333
1       19.93965275417
2       19.93984969583
2       19.94021040417
4       19.94021042083
1       19.94021054167
2       19.94029685833
2       19.94042043750
4       19.94042045833
1       19.94042057917
2       19.94053203333
2       19.94084503750
4       19.94084505833
1       19.94084517917
2       19.94270220000
4       19.94270222083
1       19.94270234167
2       19.94298572917
4       19.94298574583
1       19.94298586667
2       19.94307685000
2       19.94383171667
4       19.94383171667
1       19.94383185417
2       19.94401085833
2       19.94434440833
4       19.94434442917
1       19.94434454583
2       19.94449742083
2       19.94489589583
4       19.94489589583
1       19.94489603333
2       19.94505458333
2       19.94514831250
4       19.94514833333
1       19.94514845417
2       19.94516952500
2       19.94579057500
4       19.94579057500
1       19.94579071250
2       19.94640492083
4       19.94640494167
1       19.94640505833
2       19.94641758750
2       19.94928465833
4       19.94928467917
1       19.94928480000
2       19.94972645417
4       19.94972647500
1       19.94972659583
2       19.95056405833
4       19.95056407917
1       19.95056420000
2       19.95208845833
4       19.95208847500
1       19.95208859583
2       19.95313942917
4       19.95313945000
1       19.95313957083
2       19.95384198333
4       19.95384200000
1       19.95384212083
2       19.95401385000
2       19.95493340000
4       19.95493342083
1       19.95493353750
2       19.96137937500
4       19.96137939583
1       19.96137951250
2       19.96138896667
2       19.96290496667
4       19.96290496667
1       19.96290510417
2       19.96465455417
4       19.96465455417
1       19.96465469167
2       19.96694492083
4       19.96694494167
1       19.96694506250
2       19.96890646667
4       19.96890648750
1       19.96890660417
2       19.96949803333
4       19.96949805000
1       19.96949817083
2       19.97158900417
4       19.97158902500
1       19.97158914583
2       19.97172980000
2       19.97290166667
4       19.97290168750
1       19.97290180833
2       19.97330712500
4       19.97330712500
1       19.97330726250
2       19.97359587500
4       19.97359589583
1       19.97359601250
2       19.98402918333
4       19.98402920000
1       19.98402932083
2       19.98612737917
4       19.98612740000
1       19.98612752083
2       19.98626524167
2       19.98938317083
4       19.98938318750
1       19.98938330833
2       19.98977766667
4       19.98977768750
1       19.98977780833
2       20.02330463750
4       20.02330465417
1       20.02330477500
2       24.29014707083
4       24.29014708750
1       24.29014720833
2       24.29050312917
4       24.29050314583
1       24.29050326667
2       24.29061254167
2       24.29257605833
4       24.29257607500
1       24.29257619583
2       24.29275017500
2       24.29290930833
4       24.29290932917
1       24.29290945000
2       24.29370595833
4       24.29370597917
1       24.29370610000
2       24.29551135833
4       24.29551137917
1       24.29551150000
2       24.29610408333
2       24.30061072500
2       24.30126437500
2       24.30148570000
2       24.30151323750
2       24.30527331667
2       24.31052621667
2       24.31819420833
4       24.31819422917
1       24.31819435000
2       24.31858834583
4       24.31858836667
1       24.31858848750
2       24.32038089167
4       24.32038091250
1       24.32038102917
2       24.32247797917
4       24.32247800000
1       24.32247811667
2       24.32297607500
4       24.32297609583
1       24.32297621667
2       24.32425828750
4       24.32425830833
1       24.32425842500
2       24.32508891250
4       24.32508893333
1       24.32508905417
2       24.32547323750
4       24.32547325833
1       24.32547337917
2       24.32664807500
4       24.32664807500
1       24.32664821250
2       24.32735818333
4       24.32735820000
1       24.32735832083
2       24.32776365000
4       24.32776367083
1       24.32776379167
2       24.32811911250
4       24.32811913333
1       24.32811925417
2       24.32833806250
2       24.32862667917
4       24.32862670000
1       24.32862681667
2       24.32982920000
4       24.32982922083
1       24.32982933750
2       24.33032599167
4       24.33032601250
1       24.33032613333
2       24.33127472917
4       24.33127474583
1       24.33127486667
2       24.33170428333
4       24.33170430000
1       24.33170442083
2       24.33196729167
4       24.33196731250
1       24.33196743333
2       24.33241778750
4       24.33241780833
1       24.33241792917
2       24.33263935000
4       24.33263937083
1       24.33263949167
2       24.33288745833
4       24.33288747500
1       24.33288759583
2       24.33318290417
4       24.33318290417
1       24.33318304167
2       24.33333784583
2       24.33356804167
4       24.33356806250
1       24.33356817917
2       24.33439546250
4       24.33439548333
1       24.33439560000
2       24.33460411250
4       24.33460413333
1       24.33460425000
2       24.33478769167
2       24.33535939583
4       24.33535941667
1       24.33535953333
2       24.33543915833
2       24.33548560833
2       24.33636307083
4       24.33636308750
1       24.33636320833
2       24.33672405833
4       24.33672407500
1       24.33672419583
2       24.33721957083
4       24.33721959167
1       24.33721971250
2       24.33766111667
4       24.33766111667
1       24.33766125417
2       24.33885944167
4       24.33885945833
1       24.33885957917
2       24.33891636250
2       24.33905556667
4       24.33905556667
1       24.33905570417
2       24.33916287917
2       24.33957495000
4       24.33957497083
1       24.33957508750
2       24.33965904167
2       24.33977821250
2       24.33982634583
4       24.33982636667
1       24.33982648750
2       24.34002835000
4       24.34002837083
1       24.34002848750
2       24.34003304583
2       24.34008137083
2       24.34010816667
2       24.34016355417
2       24.34035791667
4       24.34035791667
1       24.34035805417
2       24.34051297500
2       24.34116941667
4       24.34116941667
1       24.34116955417
2       24.34170045000
4       24.34170046667
1       24.34170058750
2       24.34187134583
2       24.34242718750
4       24.34242720833
1       24.34242732917
2       24.34290940417
4       24.34290940417
1       24.34290954167
2       24.34296837500
2       24.34316577917
4       24.34316580000
1       24.34316592083
2       24.34332574583
2       24.34346088333
4       24.34346090417
1       24.34346102500
2       24.34364672500
2       24.34367252917
4       24.34367254583
1       24.34367266667
2       24.34371098750
2       24.34371390417
2       24.34495142083
4       24.34495144167
1       24.34495156250
2       24.34514116250
2       24.34523225417
4       24.34523227500
1       24.34523239583
2       24.34536946667
2       24.34570126250
4       24.34570128333
1       24.34570140000
2       24.34582083333
2       24.34610008333
4       24.34610010000
1       24.34610022083
2       24.34666755833
4       24.34666757500
1       24.34666769583
2       24.34679038333
2       24.34691460833
4       24.34691462917
1       24.34691475000
2       24.34708554583
2       24.34721062917
4       24.34721064583
1       24.34721076667
2       24.34743749167
4       24.34743750833
1       24.34743762917
2       24.34744790833
2       24.34747703750
2       24.34766053750
4       24.34766055417
1       24.34766067500
2       24.34782187083
2       24.34787806667
4       24.34787806667
1       24.34787820417
2       24.34805202500
2       24.34834848750
4       24.34834850833
1       24.34834862917
2       24.34862502083
4       24.34862503750
1       24.34862515833
2       24.34880281250
2       24.34888141250
4       24.34888142917
1       24.34888155000
2       24.34915565000
4       24.34915567083
1       24.34915579167
2       24.34933220417
2       24.34939002500
4       24.34939004583
1       24.34939016667
2       24.34982377917
4       24.34982379583
1       24.34982391667
2       24.35016786667
4       24.35016788750
1       24.35016800833
2       24.35036525833
2       24.35040530417
4       24.35040532500
1       24.35040544583
2       24.35082046250
4       24.35082047917
1       24.35082060000
2       24.35087495417
2       24.35091582500
2       24.35110336667
4       24.35110336667
1       24.35110350417
2       24.35133877500
4       24.35133879583
1       24.35133891250
2       24.35136764583
2       24.35146264583
2       24.35153558333
4       24.35153560000
1       24.35153572083
2       24.35167272083
2       24.35176974167
4       24.35176976250
1       24.35176988333
2       24.35214661250
4       24.35214663333
1       24.35214675000
2       24.35217975000
2       24.35221154583
2       24.35242390833
4       24.35242392917
1       24.35242405000
2       24.35245140000
2       24.35245340417
2       24.35253390417
2       24.35255933750
2       24.35256502917
2       24.35278822500
4       24.35278822500
1       24.35278836250
2       24.35281177500
2       24.35306644167
4       24.35306646250
1       24.35306658333
2       24.35313772917
2       24.35321740833
2       24.35340621667
4       24.35340623750
1       24.35340635417
2       24.35341679167
2       24.35349180417
2       24.35357689167
2       24.35361267083
4       24.35361269167
1       24.35361281250
2       24.35370635417
2       24.35382232500
4       24.35382232500
1       24.35382246250
2       24.35409760833
4       24.35409762500
1       24.35409774583
2       24.35428710417
2       24.35430959583
4       24.35430959583
1       24.35430973333
2       24.35431824167
2       24.35448350833
2       24.35456530417
4       24.35456530417
1       24.35456544167
2       24.35457790417
2       24.35464082083
2       24.35470737500
2       24.35474814167
4       24.35474815833
1       24.35474827917
2       24.35476330000
2       24.35514555833
4       24.35514557917
1       24.35514570000
2       24.35519489167
2       24.35527115833
2       24.35531421667
2       24.35543904167
4       24.35543906250
1       24.35543918333
2       24.35555757083
2       24.35569015833
4       24.35569017917
1       24.35569030000
2       24.35569403333
2       24.35571368333
2       24.35574240000
2       24.35591367917
4       24.35591369583
1       24.35591381667
2       24.35602793333
2       24.35619924583
4       24.35619926667
1       24.35619938750
2       24.35621709583
2       24.35639396667
4       24.35639396667
1       24.35639410417
2       24.35645794167
2       24.35654794167
2       24.35670769167
4       24.35670771250
1       24.35670782917
2       24.35674805000
2       24.35676001667
2       24.35681224583
2       24.35683346667
2       24.35688918750
2       24.35691527083
4       24.35691528750
1       24.35691540833
2       24.35701039583
2       24.35702237083
2       24.35713953333
4       24.35713955417
1       24.35713967500
2       24.35717963750
2       24.35723825417
2       24.35737040417
4       24.35737042500
1       24.35737054583
2       24.35745852083
2       24.35754000000
2       24.35761000000
4       24.35761002083
1       24.35761014167
2       24.35765238750
2       24.35765561250
2       24.35765836250
2       24.35788682917
4       24.35788684583
1       24.35788696667
2       24.35796988333
2       24.35800999583
2       24.35803085417
2       24.35807921250
4       24.35807923333
1       24.35807935417
2       24.35827469167
4       24.35827471250
1       24.35827483333
2       24.35831571667
2       24.35870169583
4       24.35870171667
1       24.35870183750
2       24.35893720417
4       24.35893720417
1       24.35893734167
2       24.35895110000
2       24.35896195000
2       24.35897694167
2       24.35900597500
2       24.35902129167
2       24.35908582917
2       24.35922231250
4       24.35922233333
1       24.35922245417
2       24.35955593750
4       24.35955595417
1       24.35955607500
2       24.35962897500
2       24.35971023333
2       24.35971885833
2       24.35987090417
4       24.35987092500
1       24.35987104583
2       24.35990164583
2       24.35990336667
2       24.35998451250
2       24.36005894167
2       24.36023717500
4       24.36023717500
1       24.36023731250
2       24.36025475833
2       24.36025807500
2       24.36031100417
2       24.36031976250
2       24.36062107500
4       24.36062107500
1       24.36062121250
2       24.36069300417
2       24.36072806667
2       24.36079602917
4       24.36079605000
1       24.36079617083
2       24.36083312917
2       24.36090822083
2       24.36094904167
2       24.36104037917
4       24.36104040000
1       24.36104052083
2       24.36118749583
2       24.36168829167
4       24.36168830833
1       24.36168842917
2       24.36172907500
2       24.36187545833
4       24.36187547917
1       24.36187560000
2       24.36189396667
2       24.36199372917
2       24.36199770833
2       24.36201198333
2       24.36216733333
4       24.36216735417
1       24.36216747500
2       24.36219840833
2       24.36223616250
2       24.36233690833
2       24.36235340000
4       24.36235342083
1       24.36235354167
2       24.36236073333
2       24.36242299167
2       24.36247935417
2       24.36258332083
4       24.36258334167
1       24.36258346250
2       24.36261247083
2       24.36261505000
2       24.36278600417
4       24.36278602500
1       24.36278614583
2       24.36283565000
2       24.36292945000
2       24.36293474583
2       24.36294377083
2       24.36298110833
4       24.36298112500
1       24.36298124583
2       24.36300396250
2       24.36316760000
4       24.36316762083
1       24.36316774167
2       24.36318412500
2       24.36320966250
2       24.36332852083
2       24.36360542917
4       24.36360545000
1       24.36360557083
2       24.36376547500
2       24.36386612917
4       24.36386614583
1       24.36386626667
2       24.36391637083
2       24.36410493333
4       24.36410495000
1       24.36410507083
2       24.36427686667
4       24.36427686667
1       24.36427700417
2       24.36450808333
4       24.36450810417
1       24.36450822083
2       24.36454905000
2       24.36456341667
2       24.36458031250
2       24.36460648750
2       24.36462935000
2       24.36498203333
4       24.36498205000
1       24.36498217083
2       24.36502739167
2       24.36507352083
2       24.36521421667
4       24.36521421667
1       24.36521435417
2       24.36522610417
2       24.36525000417
2       24.36561267083
4       24.36561268750
1       24.36561280833
2       24.36572397917
2       24.36576802917
2       24.36615985417
4       24.36615985417
1       24.36615999167
2       24.36620390833
2       24.36626849583
2       24.36637021667
4       24.36637023750
1       24.36637035417
2       24.36650204583
2       24.36662162083
4       24.36662164167
1       24.36662176250
2       24.36668222917
2       24.36673685833
2       24.36679819583
2       24.36681378333
2       24.36682066667
2       24.36688471250
4       24.36688472917
1       24.36688485000
2       24.36693629167
2       24.36696145000
2       24.36696740833
2       24.36714035000
4       24.36714036667
1       24.36714048750
2       24.36721044583
2       24.36721945833
2       24.36744407083
4       24.36744409167
1       24.36744421250
2       24.36748378333
2       24.36749641250
2       24.36753914583
2       24.36770372917
4       24.36770375000
1       24.36770387083
2       24.36776433750
2       24.36778554167
2       24.36785054167
2       24.36804119167
4       24.36804120833
1       24.36804132917
2       24.36806745833
2       24.36807874583
2       24.36821554167
4       24.36821556250
1       24.36821568333
2       24.36832210833
2       24.36835697500
2       24.36840101667
4       24.36840101667
1       24.36840115417
2       24.36843610000
2       24.36854040833
2       24.36859900417
4       24.36859902500
1       24.36859914583
2       24.36876204583
2       24.36876568333
2       24.36881294167
4       24.36881295833
1       24.36881307917
2       24.36887532500
2       24.36899261667
2       24.36904153750
4       24.36904155833
1       24.36904167500
2       24.36909562500
2       24.36927239583
4       24.36927239583
1       24.36927253333
2       24.36930582500
2       24.36942615833
2       24.36947848750
4       24.36947850833
1       24.36947862917
2       24.36955955417
2       24.36957252500
2       24.36972955417
4       24.36972957500
1       24.36972969167
2       24.36976293750
2       24.36982623333
2       24.36991666250
2       24.37000208333
4       24.37000210000
1       24.37000222083
2       24.37003229583
2       24.37005320417
2       24.37006608333
2       24.37010082500
2       24.37020617083
4       24.37020618750
1       24.37020630833
2       24.37022180833
2       24.37026441250
2       24.37027907083
2       24.37066361250
4       24.37066362917
1       24.37066375000
2       24.37088156667
4       24.37088156667
1       24.37088170417
2       24.37093351667
2       24.37103620833
2       24.37115684167
4       24.37115686250
1       24.37115698333
2       24.37116830417
2       24.37118527083
2       24.37123127083
2       24.37158139167
4       24.37158141250
1       24.37158153333
2       24.37171227917
2       24.37175364167
2       24.37178512083
4       24.37178514167
1       24.37178526250
2       24.37183114167
2       24.37185200000
2       24.37185795833
2       24.37194642083
2       24.37206167500
4       24.37206167500
1       24.37206181250
2       24.37208685000
2       24.37229021250
4       24.37229022917
1       24.37229035000
2       24.37233007500
2       24.37236147917
2       24.37238496250
2       24.37238934167
2       24.37241883333
2       24.37247543333
4       24.37247545000
1       24.37247557083
2       24.37255653750
2       24.37260882083
2       24.37260994167
2       24.37268039583
4       24.37268041667
1       24.37268053750
2       24.37275162083
2       24.37286401250
2       24.37286490833
2       24.37298873750
4       24.37298875833
1       24.37298887917
2       24.37302420417
2       24.37311233750
2       24.37312164167
2       24.37312489167
2       24.37313544583
2       24.37323565833
4       24.37323567917
1       24.37323580000
2       24.37323622083
2       24.37330150000
2       24.37330812917
2       24.37339035000
2       24.37343758333
4       24.37343760000
1       24.37343772083
2       24.37355855833
2       24.37362010833
4       24.37362012500
1       24.37362024583
2       24.37370398750
2       24.37382874583
4       24.37382874583
1       24.37382888333
2       24.37388632917
2       24.37397451667
2       24.37410039583
4       24.37410041667
1       24.37410053333
2       24.37422392083
2       24.37427335417
2       24.37445674583
4       24.37445674583
1       24.37445688333
2       24.37445746250
2       24.37455980417
2       24.37460490417
2       24.37464952500
4       24.37464952500
1       24.37464966250
2       24.37470257917
2       24.37476388333
2       24.37479267500
2       24.37479896667
2       24.37501887500
4       24.37501887500
1       24.37501901250
2       24.37508146667
2       24.37531268750
4       24.37531270417
1       24.37531282500
2       24.37531899167
2       24.37535781667
2       24.37540605833
2       24.37540782917
2       24.37544125000
2       24.37544403333
2       24.37572443750
4       24.37572445417
1       24.37572457500
2       24.37574035833
2       24.37575529583
2       24.37580562917
2       24.37583107917
2       24.37586849583
2       24.37597345417
4       24.37597345417
1       24.37597359167
2       24.37615998333
2       24.37621587917
4       24.37621589583
1       24.37621601667
2       24.37627962083
2       24.37628290833
2       24.37644744583
4       24.37644746667
1       24.37644758750
2       24.37654153750
2       24.37658594583
2       24.37662533750
2       24.37670085000
4       24.37670087083
1       24.37670098750
2       24.37671972917
2       24.37675353333
2       24.37679324167
2       24.37710561250
4       24.37710563333
1       24.37710575000
2       24.37710732500
2       24.37713347917
2       24.37714146667
2       24.37720270000
2       24.37724406667
2       24.37725663750
2       24.37726330417
2       24.37728089583
2       24.37728650417
2       24.37731364583
4       24.37731366667
1       24.37731378750
2       24.37740139583
2       24.37745115417
2       24.37751108333
4       24.37751110417
1       24.37751122083
2       24.37755708750
2       24.37766045833
2       24.37766769583
2       24.37768933750
4       24.37768935833
1       24.37768947917
2       24.37770967917
2       24.37771013333
2       24.37771876667
2       24.37772037500
2       24.37776780833
2       24.37777504583
2       24.37780192083
2       24.37797605833
4       24.37797607500
1       24.37797619583
2       24.37805355417
2       24.37806617500
2       24.37808738333
2       24.37810392083
2       24.37813248333
2       24.37827392500
4       24.37827392500
1       24.37827406250
2       24.37830869167
2       24.37838819583
2       24.37843982500
2       24.37852723750
4       24.37852725417
1       24.37852737500
2       24.37854213333
2       24.37866601250
2       24.37868321667
2       24.37869552500
2       24.37873325417
4       24.37873327500
1       24.37873339583
2       24.37873955417
2       24.37881072917
2       24.37884824167
2       24.37891250833
2       24.37891809167
4       24.37891811250
1       24.37891823333
2       24.37892011250
2       24.37909163750
2       24.37910222917
2       24.37913080000
4       24.37913081667
1       24.37913093750
2       24.37918011667
2       24.37939409583
4       24.37939411667
1       24.37939423750
2       24.37940038750
2       24.37948057083
2       24.37948381250
2       24.37949081667
2       24.37950677500
2       24.37958486667
4       24.37958488750
1       24.37958500833
2       24.37961005000
2       24.37963485833
2       24.37975676667
2       24.37980514583
4       24.37980516667
1       24.37980528333
2       24.37981971667
2       24.37984488333
2       24.37998246667
2       24.38000523333
4       24.38000525417
1       24.38000537500
2       24.38002215000
2       24.38032318750
4       24.38032320833
1       24.38032332917
2       24.38033343333
2       24.38036330000
2       24.38037129167
2       24.38047422083
2       24.38048250000
2       24.38067992500
4       24.38067992500
1       24.38068006250
2       24.38094389167
4       24.38094391250
1       24.38094403333
2       24.38096474583
2       24.38121651667
4       24.38121651667
1       24.38121665417
2       24.38123105833
2       24.38124166250
2       24.38141986667
2       24.38145996667
4       24.38145998750
1       24.38146010833
2       24.38151425000
2       24.38153453750
2       24.38158720833
2       24.38162893750
2       24.38166763750
4       24.38166765417
1       24.38166777500
2       24.38170048333
2       24.38175282083
2       24.38185499583
4       24.38185499583
1       24.38185513333
2       24.38197367917
2       24.38206152500
4       24.38206152500
1       24.38206166250
2       24.38220689583
2       24.38229539583
4       24.38229539583
1       24.38229553333
2       24.38237779583
2       24.38242949583
2       24.38245000417
2       24.38255861667
4       24.38255863750
1       24.38255875833
2       24.38262188750
2       24.38273087917
2       24.38274940833
4       24.38274942917
1       24.38274954583
2       24.38283350833
2       24.38285674167
2       24.38290847917
2       24.38293727083
4       24.38293728750
1       24.38293740833
2       24.38298492917
2       24.38298530833
2       24.38301408750
2       24.38325088750
4       24.38325090417
1       24.38325102500
2       24.38331255000
2       24.38334994583
2       24.38336725000
2       24.38340786667
2       24.38340820417
2       24.38344203750
4       24.38344205833
1       24.38344217500
2       24.38360925000
2       24.38364307917
4       24.38364310000
1       24.38364322083
2       24.38366587500
2       24.38369543333
2       24.38381334583
2       24.38382600833
4       24.38382602500
1       24.38382614583
2       24.38399817917
2       24.38406670833
4       24.38406672917
1       24.38406685000
2       24.38413986667
2       24.38416610833
2       24.38436585000
4       24.38436586667
1       24.38436598750
2       24.38455130833
4       24.38455132500
1       24.38455144583
2       24.38467285833
2       24.38468146250
2       24.38486166667
4       24.38486168750
1       24.38486180833
2       24.38491698750
2       24.38495606667
2       24.38511340000
4       24.38511342083
1       24.38511354167
2       24.38520812500
2       24.38524555417
2       24.38528097500
2       24.38528296250
2       24.38536642083
4       24.38536643750
1       24.38536655833
2       24.38541255417
2       24.38562081250
4       24.38562083333
1       24.38562095417
2       24.38569635833
2       24.38570335417
2       24.38576756250
2       24.38581825000
4       24.38581826667
1       24.38581838750
2       24.38582067083
2       24.38590871250
2       24.38593782917
2       24.38594567500
2       24.38598259167
2       24.38598290833
2       24.38600904583
4       24.38600904583
1       24.38600918333
2       24.38604447083
2       24.38614387083
2       24.38624351250
4       24.38624352917
1       24.38624365000
2       24.38625016667
2       24.38625215000
2       24.38627370833
2       24.38655387500
4       24.38655387500
1       24.38655401250
2       24.38657905000
2       24.38660496667
2       24.38665527083
2       24.38667719167
2       24.38683079167
4       24.38683080833
1       24.38683092917
2       24.38696096250
2       24.38696803333
2       24.38703217500
4       24.38703219583
1       24.38703231667
2       24.38707820833
2       24.38715708750
2       24.38721034583
4       24.38721036667
1       24.38721048333
2       24.38724882500
2       24.38726070417
2       24.38729055833
2       24.38735315833
2       24.38736772083
2       24.38743694167
4       24.38743695833
1       24.38743707917
2       24.38753332083
2       24.38761747500
4       24.38761749583
1       24.38761761667
2       24.38764895000
2       24.38766152500
2       24.38772480000
2       24.38781257500
4       24.38781259583
1       24.38781271667
2       24.38781922083
2       24.38784008333
2       24.38798285417
2       24.38813352917
4       24.38813355000
1       24.38813366667
2       24.38824916250
2       24.38826045000
2       24.38827159583
2       24.38827372917
2       24.38828418750
2       24.38829481667
2       24.38835344167
4       24.38835346250
1       24.38835357917
2       24.38840811250
2       24.38869095833
4       24.38869097500
1       24.38869109583
2       24.38877904583
2       24.38902520000
4       24.38902521667
1       24.38902533750
2       24.38908547500
2       24.38915142083
2       24.38935806250
4       24.38935807917
1       24.38935820000
2       24.38946505417
2       24.38965383750
4       24.38965385417
1       24.38965397500
2       24.38973995417
2       24.38979425417
2       24.39013413333
4       24.39013415417
1       24.39013427500
2       24.39031105833
2       24.39058294583
4       24.39058296667
1       24.39058308750
2       24.39059157083
2       24.39077339167
4       24.39077340833
1       24.39077352917
2       24.39090893750
2       24.39093340000
2       24.39098374583
4       24.39098374583
1       24.39098388333
2       24.39099141250
2       24.39099572500
2       24.39101330833
2       24.39112813333
2       24.39121798750
4       24.39121800833
1       24.39121812917
2       24.39121821667
2       24.39127978333
2       24.39131632500
2       24.39134211250
2       24.39169886250
4       24.39169888333
1       24.39169900417
2       24.39173230000
2       24.39177312500
2       24.39186482917
2       24.39186643333
2       24.39203205833
4       24.39203207500
1       24.39203219583
2       24.39204699167
2       24.39206260000
2       24.39208871250
2       24.39214533750
2       24.39215432917
2       24.39218544167
2       24.39224604167
4       24.39224605833
1       24.39224617917
2       24.39228218333
2       24.39246816250
2       24.39250432917
4       24.39250434583
1       24.39250446667
2       24.39269389167
4       24.39269391250
1       24.39269403333
2       24.39285020417
2       24.39286673333
2       24.39312315833
4       24.39312317917
1       24.39312329583
2       24.39313472917
2       24.39321091250
2       24.39323175417
2       24.39324971250
2       24.39325867917
2       24.39339672083
4       24.39339673750
1       24.39339685833
2       24.39343689167
2       24.39352360000
2       24.39356962500
2       24.39375808333
4       24.39375810000
1       24.39375822083
2       24.39381940833
2       24.39396017500
4       24.39396017500
1       24.39396031250
2       24.39401214167
2       24.39407508750
2       24.39430559167
4       24.39430561250
1       24.39430572917
2       24.39433909167
2       24.39436027917
2       24.39476073750
4       24.39476075417
1       24.39476087500
2       24.39479255833
2       24.39484792083
2       24.39492905000
2       24.39498298333
4       24.39498300417
1       24.39498312500
2       24.39541755833
4       24.39541757500
1       24.39541769583
2       24.39552031667
2       24.39554410000
2       24.39568549583
4       24.39568551667
1       24.39568563750
2       24.39568584583
2       24.39584274167
2       24.39584553750
2       24.39584618333
2       24.39589656250
2       24.39589992083
2       24.39622276667
4       24.39622278750
1       24.39622290833
2       24.39633442500
2       24.39647851667
4       24.39647853750
1       24.39647865417
2       24.39650558750
2       24.39655597083
2       24.39658917500
2       24.39663220000
2       24.39689977917
4       24.39689980000
1       24.39689992083
2       24.39691342083
2       24.39698372917
2       24.39702563333
2       24.39725021667
4       24.39725021667
1       24.39725035417
2       24.39726712083
2       24.39735194583
2       24.39738972083
2       24.39744737500
4       24.39744737500
1       24.39744751250
2       24.39746026250
2       24.39749766250
2       24.39758646667
2       24.39760862500
2       24.39765135417
2       24.39774810000
4       24.39774811667
1       24.39774823750
2       24.39778785000
2       24.39792237083
2       24.39795811667
4       24.39795813750
1       24.39795825833
2       24.39797840833
2       24.39816948750
4       24.39816950417
1       24.39816962500
2       24.39822373750
2       24.39832318333
2       24.39843545417
4       24.39843545417
1       24.39843559167
2       24.39860962500
2       24.39877790000
4       24.39877792083
1       24.39877804167
2       24.39878583333
2       24.39883349167
2       24.39895646250
4       24.39895647917
1       24.39895660000
2       24.39898919167
2       24.39899782917
2       24.39902765833
2       24.39910254583
2       24.39910410000
2       24.39915444583
4       24.39915446667
1       24.39915458333
2       24.39916416667
2       24.39929758750
2       24.39931025000
2       24.39946480833
4       24.39946482500
1       24.39946494583
2       24.39947737083
2       24.39949268333
2       24.39953832083
2       24.39955724167
2       24.39968482500
4       24.39968484583
1       24.39968496667
2       24.39971295000
2       24.39976096667
2       24.39986163750
2       24.39992493333
4       24.39992495000
1       24.39992507083
2       24.39996733750
2       24.39998518333
2       24.40000007917
2       24.40001864167
2       24.40003228333
2       24.40015312917
4       24.40015314583
1       24.40015326667
2       24.40027076250
2       24.40029029583
2       24.40029788333
2       24.40067023750
4       24.40067025833
1       24.40067037917
2       24.40076065417
2       24.40079273750
2       24.40085834167
4       24.40085836250
1       24.40085848333
2       24.40087213333
2       24.40096670833
2       24.40100239167
2       24.40100668750
2       24.40107157917
4       24.40107159583
1       24.40107171667
2       24.40132172917
4       24.40132175000
1       24.40132187083
2       24.40135713750
2       24.40138196667
2       24.40181190833
4       24.40181192500
1       24.40181204583
2       24.40183510417
2       24.40200536667
4       24.40200538750
1       24.40200550833
2       24.40204747917
2       24.40204976667
2       24.40214880833
2       24.40222529167
4       24.40222531250
1       24.40222542917
2       24.40227726250
2       24.40250554167
4       24.40250555833
1       24.40250567917
2       24.40264659583
2       24.40266294583
2       24.40278074583
4       24.40278074583
1       24.40278088333
2       24.40288965417
2       24.40320968750
4       24.40320968750
1       24.40320982500
2       24.40322126667
2       24.40330311250
2       24.40334716667
2       24.40338431667
2       24.40339318333
4       24.40339320417
1       24.40339332500
2       24.40347511250
2       24.40350053750
2       24.40357604583
2       24.40363070417
4       24.40363072083
1       24.40363084167
2       24.40366843333
2       24.40368869167
2       24.40373930833
2       24.40379594167
2       24.40396193333
4       24.40396195000
1       24.40396207083
2       24.40397120417
2       24.40412229167
2       24.40416097917
4       24.40416099583
1       24.40416111667
2       24.40423686250
2       24.40427096667
2       24.40462205000
4       24.40462206667
1       24.40462218750
2       24.40468142500
2       24.40472416667
2       24.40509006250
4       24.40509007917
1       24.40509020000
2       24.40519741667
2       24.40522025000
2       24.40526625833
2       24.40536102083
4       24.40536104167
1       24.40536116250
2       24.40551207917
2       24.40561613750
4       24.40561615833
1       24.40561627917
2       24.40573464167
2       24.40579327083
2       24.40584727083
4       24.40584728750
1       24.40584740833
2       24.40587675833
2       24.40602740417
2       24.40603010417
2       24.40622393750
4       24.40622395417
1       24.40622407500
2       24.40657100833
4       24.40657102500
1       24.40657114583
2       24.40658954583
2       24.40666271250
2       24.40674452500
2       24.40680126667
4       24.40680128750
1       24.40680140833
2       24.40686283750
2       24.40691465417
2       24.40700721250
4       24.40700722917
1       24.40700735000
2       24.40704260000
2       24.40724802083
4       24.40724804167
1       24.40724816250
2       24.40746434167
4       24.40746435833
1       24.40746447917
2       24.40780848333
4       24.40780850417
1       24.40780862500
2       24.40787304167
2       24.40793466667
2       24.40795125417
2       24.40799098333
2       24.40808771667
4       24.40808773750
1       24.40808785833
2       24.40816324583
2       24.40843653750
4       24.40843655833
1       24.40843667917
2       24.40904000417
4       24.40904000417
1       24.40904014167
2       24.40909246667
2       24.40911426250
2       24.40916120833
2       24.40918172917
2       24.40922380833
2       24.40950374583
4       24.40950374583
1       24.40950388333
2       24.40950736250
2       24.40952820833
2       24.40972602083
4       24.40972603750
1       24.40972615833
2       24.40973855417
2       24.40977088750
2       24.40981737500
2       24.40986131667
2       24.40986968750
2       24.40990359583
4       24.40990359583
1       24.40990373333
2       24.40994392083
2       24.40996407500
2       24.41003002500
2       24.41005453333
2       24.41010590000
4       24.41010592083
1       24.41010604167
2       24.41019893333
2       24.41023272500
2       24.41037083333
4       24.41037085417
1       24.41037097500
2       24.41042746250
2       24.41045066250
2       24.41057887083
4       24.41057888750
1       24.41057900833
2       24.41076172917
2       24.41082393333
4       24.41082395417
1       24.41082407500
2       24.41086637083
2       24.41095446667
2       24.41113735000
4       24.41113736667
1       24.41113748750
2       24.41121847500
2       24.41132975833
4       24.41132977917
1       24.41132990000
2       24.41146230417
2       24.41176761250
4       24.41176763333
1       24.41176775417
2       24.41186631667
2       24.41200873333
4       24.41200875417
1       24.41200887500
2       24.41205255417
2       24.41211548750
2       24.41219765000
2       24.41226652500
4       24.41226652500
1       24.41226666250
2       24.41237807083
2       24.41252677500
4       24.41252677500
1       24.41252691250
2       24.41253740000
2       24.41259247500
2       24.41265801667
2       24.41271499167
4       24.41271501250
1       24.41271513333
2       24.41277159583
2       24.41281137500
2       24.41316906667
4       24.41316908750
1       24.41316920417
2       24.41317571250
2       24.41344760417
4       24.41344760417
1       24.41344774167
2       24.41361625000
4       24.41361626667
1       24.41361638750
2       24.41369678750
2       24.41376063750
2       24.41378975417
4       24.41378975417
1       24.41378989167
2       24.41415012500
4       24.41415014583
1       24.41415026667
2       24.41415047500
2       24.41431248333
2       24.41434520833
2       24.41446712917
4       24.41446715000
1       24.41446727083
2       24.41472911667
4       24.41472911667
1       24.41472925417
2       24.41479313750
2       24.41480930000
2       24.41481130000
2       24.41482748333
2       24.41482773333
2       24.41484077917
2       24.41485542083
2       24.41486956667
2       24.41496592083
4       24.41496594167
1       24.41496606250
2       24.41531435000
4       24.41531437083
1       24.41531449167
2       24.41548306250
2       24.41548829583
2       24.41586191667
4       24.41586193750
1       24.41586205833
2       24.41589676667
2       24.41591495417
2       24.41615305833
4       24.41615307917
1       24.41615320000
2       24.41617625833
2       24.41623487917
2       24.41627695000
2       24.41643470417
4       24.41643472500
1       24.41643484583
2       24.41660921250
2       24.41670655833
4       24.41670657917
1       24.41670670000
2       24.41691561667
4       24.41691563750
1       24.41691575833
2       24.41695569167
2       24.41698619583
2       24.41718277917
4       24.41718280000
1       24.41718292083
2       24.41718420833
2       24.41719741667
2       24.41724121250
2       24.41766150417
4       24.41766150417
1       24.41766164167
2       24.41767568750
2       24.41769101250
2       24.41775028750
2       24.41780392917
2       24.41783302083
2       24.41812890833
4       24.41812892917
1       24.41812905000
2       24.41827591667
2       24.41839186667
4       24.41839188750
1       24.41839200833
2       24.41844152083
2       24.41846179583
2       24.41846712500
2       24.41847930417
2       24.41874360417
4       24.41874362500
1       24.41874374583
2       24.41894302500
4       24.41894302500
1       24.41894316250
2       24.41919635833
4       24.41919637500
1       24.41919649583
2       24.41919775000
2       24.41920301667
2       24.41926127917
2       24.41948155417
4       24.41948157083
1       24.41948169167
2       24.41959483333
2       24.41961175000
2       24.41982372500
4       24.41982372500
1       24.41982386250
2       24.42025369167
4       24.42025370833
1       24.42025382917
2       24.42050383333
4       24.42050385417
1       24.42050397500
2       24.42053022917
2       24.42055576667
2       24.42069383750
4       24.42069385833
1       24.42069397917
2       24.42069718333
2       24.42072133333
2       24.42090095417
4       24.42090097500
1       24.42090109583
2       24.42092412500
2       24.42097274583
2       24.42098137083
2       24.42099070417
2       24.42105891250
2       24.42112611250
4       24.42112613333
1       24.42112625417
2       24.42113204583
2       24.42113673750
2       24.42131493333
4       24.42131495000
1       24.42131507083
2       24.42132519167
2       24.42148787500
2       24.42162703333
4       24.42162705000
1       24.42162717083
2       24.42163156667
2       24.42172900833
2       24.42178260833
2       24.42180016667
2       24.42205521667
4       24.42205521667
1       24.42205535417
2       24.42238838333
4       24.42238840417
1       24.42238852083
2       24.42259012917
4       24.42259014583
1       24.42259026667
2       24.42263292500
2       24.42272232500
2       24.42302440833
4       24.42302442917
1       24.42302455000
2       24.42308138333
2       24.42308696250
2       24.42316645417
2       24.42370245833
4       24.42370247500
1       24.42370259583
2       24.42388787917
2       24.42418332917
4       24.42418334583
1       24.42418346667
2       24.42423841250
2       24.42434925833
2       24.42445870000
4       24.42445872083
1       24.42445884167
2       24.42455302917
2       24.42457222917
2       24.42480111667
4       24.42480111667
1       24.42480125417
2       24.42482885000
2       24.42494586667
2       24.42539639583
4       24.42539639583
1       24.42539653333
2       24.42549697083
2       24.42553708750
2       24.42554177083
2       24.42559302917
2       24.42559673750
2       24.42561231667
4       24.42561233750
1       24.42561245833
2       24.42562056250
2       24.42571257917
2       24.42577122917
2       24.42595907500
4       24.42595909583
1       24.42595921667
2       24.42600206667
2       24.42600444583
2       24.42605443333
2       24.42616044583
4       24.42616044583
1       24.42616058333
2       24.42616176250
2       24.42617435417
2       24.42620349167
2       24.42623099583
2       24.42638600000
4       24.42638602083
1       24.42638614167
2       24.42640720833
2       24.42646348750
2       24.42663849583
4       24.42663849583
1       24.42663863333
2       24.42666661667
2       24.42680103333
2       24.42693026667
4       24.42693026667
1       24.42693040417
2       24.42701533333
2       24.42703852917
2       24.42709680417
2       24.42711113750
2       24.42711740417
2       24.42726069583
4       24.42726071667
1       24.42726083750
2       24.42730053333
2       24.42747079167
4       24.42747080833
1       24.42747092917
2       24.42758523750
2       24.42778311250
4       24.42778313333
1       24.42778325000
2       24.42857970417
4       24.42857972500
1       24.42857984167
2       24.42867214167
2       24.42881060833
4       24.42881062500
1       24.42881074583
2       24.42893121667
2       24.42895568750
2       24.42903912500
4       24.42903914583
1       24.42903926667
2       24.42904251250
2       24.42907887083
2       24.42925183333
4       24.42925185000
1       24.42925197083
2       24.42927702083
2       24.42928223333
2       24.42957977083
4       24.42957979167
1       24.42957991250
2       24.42980434583
4       24.42980436667
1       24.42980448333
2       24.42990530417
2       24.42998379583
4       24.42998379583
1       24.42998393333
2       24.43010039583
2       24.43010606250
2       24.43019875417
4       24.43019875417
1       24.43019889167
2       24.43045748750
4       24.43045750833
1       24.43045762917
2       24.43051283333
2       24.43058100833
2       24.43061015000
2       24.43062871250
2       24.43062904583
2       24.43069162500
4       24.43069164583
1       24.43069176667
2       24.43072417500
2       24.43106827083
4       24.43106829167
1       24.43106841250
2       24.43115104167
2       24.43118949167
2       24.43119507917
2       24.43130406250
4       24.43130407917
1       24.43130420000
2       24.43149907917
4       24.43149910000
1       24.43149922083
2       24.43153924167
2       24.43162537917
2       24.43165287500
2       24.43170453750
4       24.43170455833
1       24.43170467500
2       24.43175828750
2       24.43180322500
2       24.43182640417
2       24.43189341667
4       24.43189341667
1       24.43189355417
2       24.43191459583
2       24.43198375000
2       24.43199202083
2       24.43213873750
4       24.43213875833
1       24.43213887917
2       24.43216897917
2       24.43218116250
2       24.43244586667
4       24.43244586667
1       24.43244600417
2       24.43246704583
2       24.43249420833
2       24.43275185833
4       24.43275187917
1       24.43275200000
2       24.43280956250
2       24.43291508333
2       24.43317911667
4       24.43317913750
1       24.43317925833
2       24.43320902083
2       24.43327586250
2       24.43332192917
2       24.43350183333
4       24.43350185417
1       24.43350197500
2       24.43351700000
2       24.43381873333
4       24.43381875417
1       24.43381887500
2       24.43383039167
2       24.43383996667
2       24.43386182917
2       24.43407672917
4       24.43407674583
1       24.43407686667
2       24.43408498750
2       24.43409140000
2       24.43423045417
2       24.43425064583
2       24.43426123750
2       24.43428638333
4       24.43428640417
1       24.43428652500
2       24.43433478750
2       24.43446262500
2       24.43447825417
4       24.43447827500
1       24.43447839583
2       24.43453793750
2       24.43466598333
2       24.43473358750
4       24.43473360833
1       24.43473372917
2       24.43473827083
2       24.43474025417
2       24.43478792917
2       24.43483400000
2       24.43493032500
4       24.43493034583
1       24.43493046250
2       24.43494129167
2       24.43520529583
4       24.43520531667
1       24.43520543333
2       24.43554374583
4       24.43554374583
1       24.43554388333
2       24.43564382917
2       24.43564546250
2       24.43570048750
2       24.43572923750
4       24.43572925417
1       24.43572937500
2       24.43588132917
2       24.43589553333
2       24.43591839167
4       24.43591840833
1       24.43591852917
2       24.43600218750
2       24.43611575000
4       24.43611577083
1       24.43611589167
2       24.43622042917
2       24.43627782500
2       24.43646125417
4       24.43646127500
1       24.43646139583
2       24.43647091250
2       24.43674248750
4       24.43674250417
1       24.43674262500
2       24.43675612083
2       24.43679750000
2       24.43683560833
2       24.43684783333
2       24.43700024167
4       24.43700025833
1       24.43700037917
2       24.43703197500
2       24.43706145833
2       24.43707008750
2       24.43707401250
2       24.43714500833
2       24.43737378750
4       24.43737380833
1       24.43737392917
2       24.43740001667
2       24.43747027917
2       24.43757088750
4       24.43757090833
1       24.43757102917
2       24.43758322500
2       24.43761196250
2       24.43791142083
4       24.43791143750
1       24.43791155833
2       24.43802630833
2       24.43816641250
4       24.43816643333
1       24.43816655417
2       24.43832382500
2       24.43836186250
4       24.43836187917
1       24.43836200000
2       24.43871592083
4       24.43871593750
1       24.43871605833
2       24.43876836250
2       24.43877685833
2       24.43877755833
2       24.43897001250
4       24.43897002917
1       24.43897015000
2       24.43938104583
4       24.43938106667
1       24.43938118750
2       24.43961786250
4       24.43961788333
1       24.43961800417
2       24.43965105000
2       24.43965573750
2       24.43967417083
2       24.43980469583
4       24.43980471667
1       24.43980483333
2       24.43986133750
2       24.43986600000
2       24.43990642917
2       24.44001210833
4       24.44001212917
1       24.44001224583
2       24.44001443750
2       24.44037052917
4       24.44037054583
1       24.44037066667
2       24.44040688750
2       24.44046350833
2       24.44047840833
2       24.44048204583
2       24.44079305833
4       24.44079307917
1       24.44079320000
2       24.44079508333
2       24.44088237500
2       24.44088886667
2       24.44094973333
2       24.44097095000
4       24.44097096667
1       24.44097108750
2       24.44101302083
2       24.44109251250
2       24.44113497500
2       24.44115950417
4       24.44115950417
1       24.44115964167
2       24.44119950000
2       24.44123455417
2       24.44133795000
2       24.44151751250
4       24.44151752917
1       24.44151765000
2       24.44154467083
2       24.44154896250
2       24.44173245417
4       24.44173247500
1       24.44173259167
2       24.44185993750
2       24.44188709583
2       24.44188744167
2       24.44197357083
4       24.44197359167
1       24.44197370833
2       24.44203879167
2       24.44210735417
2       24.44217659583
4       24.44217659583
1       24.44217673333
2       24.44225210833
2       24.44225750000
2       24.44249600417
4       24.44249600417
1       24.44249614167
2       24.44278307500
4       24.44278309583
1       24.44278321667
2       24.44280267500
2       24.44283138750
2       24.44302032500
4       24.44302032500
1       24.44302046250
2       24.44325862083
4       24.44325864167
1       24.44325876250
2       24.44326571667
2       24.44328190417
2       24.44341247917
2       24.44355882083
4       24.44355884167
1       24.44355896250
2       24.44360719583
2       24.44360916250
2       24.44394504167
4       24.44394506250
1       24.44394518333
2       24.44395795000
2       24.44429521250
4       24.44429522917
1       24.44429535000
2       24.44442925000
2       24.44447869583
2       24.44454722083
4       24.44454723750
1       24.44454735833
2       24.44456610417
2       24.44462211250
2       24.44463499167
2       24.44488474583
4       24.44488476667
1       24.44488488750
2       24.44543231667
4       24.44543231667
1       24.44543245417
2       24.44548654167
2       24.44555742917
2       24.44566872917
4       24.44566874583
1       24.44566886667
2       24.44579297500
2       24.44580520417
2       24.44586656667
2       24.44602250000
4       24.44602252083
1       24.44602264167
2       24.44607113333
2       24.44608515000
2       24.44613873750
2       24.44616392083
2       24.44618238750
2       24.44629479583
4       24.44629479583
1       24.44629493333
2       24.44638185833
2       24.44639520833
2       24.44642160417
2       24.44662333750
4       24.44662335417
1       24.44662347500
2       24.44678103333
2       24.44716491250
4       24.44716492917
1       24.44716505000
2       24.44726096667
2       24.44726998333
2       24.44727947917
2       24.44728811667
2       24.44732120000
2       24.44733450417
2       24.44734239167
2       24.44735440833
2       24.44738444583
4       24.44738446667
1       24.44738458750
2       24.44740302083
2       24.44742027083
2       24.44747097083
2       24.44751432500
2       24.44755251250
2       24.44774788750
4       24.44774790833
1       24.44774802500
2       24.44798236250
4       24.44798238333
1       24.44798250417
2       24.44803672500
2       24.44820637083
4       24.44820638750
1       24.44820650833
2       24.44820931250
2       24.44822348750
2       24.44834002083
2       24.44834072917
2       24.44835530000
2       24.44851141667
4       24.44851143750
1       24.44851155833
2       24.44861007083
2       24.44866840833
2       24.44891345000
4       24.44891346667
1       24.44891358750
2       24.44907447500
2       24.44915294583
4       24.44915294583
1       24.44915308333
2       24.44924933750
2       24.44925922917
2       24.44949584583
4       24.44949586667
1       24.44949598333
2       24.44986375000
4       24.44986376667
1       24.44986388750
2       24.44987465000
2       24.44992900000
2       24.44994393333
2       24.45001882500
2       24.45004789167
2       24.45008564167
4       24.45008566250
1       24.45008578333
2       24.45016785417
2       24.45016940417
2       24.45027615833
2       24.45028150000
2       24.45040220000
4       24.45040221667
1       24.45040233750
2       24.45064414167
4       24.45064416250
1       24.45064427917
2       24.45075878333
2       24.45079912083
2       24.45097370000
4       24.45097372083
1       24.45097384167
2       24.45112999583
2       24.45141825833
4       24.45141827917
1       24.45141839583
2       24.45145736250
2       24.45146095833
2       24.45148706250
2       24.45165002083
4       24.45165003750
1       24.45165015833
2       24.45174869583
2       24.45188916667
4       24.45188918750
1       24.45188930417
2       24.45217272917
4       24.45217274583
1       24.45217286667
2       24.45219892083
2       24.45223799167
2       24.45241923750
4       24.45241925833
1       24.45241937917
2       24.45243775000
2       24.45255194583
2       24.45255504167
2       24.45262784583
4       24.45262784583
1       24.45262798333
2       24.45266595417
2       24.45266955417
2       24.45277223750
2       24.45278283333
2       24.45289914167
4       24.45289915833
1       24.45289927917
2       24.45294678750
2       24.45299650417
2       24.45314189583
4       24.45314191667
1       24.45314203750
2       24.45341054167
4       24.45341056250
1       24.45341068333
2       24.45348312917
2       24.45371821667
4       24.45371821667
1       24.45371835417
2       24.45378950000
2       24.45389513750
2       24.45393445417
4       24.45393447083
1       24.45393459167
2       24.45415685000
4       24.45415687083
1       24.45415698750
2       24.45423390833
2       24.45429126250
2       24.45442145417
4       24.45442147500
1       24.45442159583
2       24.45445419167
2       24.45465359583
4       24.45465359583
1       24.45465373333
2       24.45465793333
2       24.45490010000
4       24.45490012083
1       24.45490024167
2       24.45500637917
2       24.45507526667
4       24.45507528750
1       24.45507540833
2       24.45512756250
2       24.45514052917
2       24.45515507083
2       24.45531673750
4       24.45531675833
1       24.45531687917
2       24.45556613750
4       24.45556615417
1       24.45556627500
2       24.45562080417
2       24.45582288333
4       24.45582290000
1       24.45582302083
2       24.45587855417
2       24.45602027500
2       24.45606925833
4       24.45606927917
1       24.45606940000
2       24.45625644583
2       24.45629091667
4       24.45629093750
1       24.45629105833
2       24.45640675000
2       24.45649717917
4       24.45649720000
1       24.45649732083
2       24.45655227500
2       24.45658132917
2       24.45661684583
2       24.45663609167
2       24.45664621250
2       24.45670926250
4       24.45670927917
1       24.45670940000
2       24.45674231250
2       24.45683703750
2       24.45692086667
4       24.45692088750
1       24.45692100833
2       24.45694168333
2       24.45695662917
2       24.45695861667
2       24.45713388750
4       24.45713390417
1       24.45713402500
2       24.45713948333
2       24.45725610417
2       24.45745148750
4       24.45745150833
1       24.45745162917
2       24.45747862917
2       24.45762967083
2       24.45775951667
4       24.45775953750
1       24.45775965833
2       24.45802054583
4       24.45802054583
1       24.45802068333
2       24.45823852083
4       24.45823853750
1       24.45823865833
2       24.45854126250
4       24.45854127917
1       24.45854140000
2       24.45855550833
2       24.45862604167
2       24.45863332083
2       24.45870818333
2       24.45890092917
4       24.45890095000
1       24.45890107083
2       24.45898672083
2       24.45916520417
4       24.45916520417
1       24.45916534167
2       24.45922982083
2       24.45929508333
2       24.45930171667
2       24.45931230000
2       24.45948852917
4       24.45948854583
1       24.45948866667
2       24.45965022500
2       24.45968267083
4       24.45968268750
1       24.45968280833
2       24.45968762917
2       24.45976511250
2       24.45987048750
4       24.45987048750
1       24.45987062500
2       24.45997944167
2       24.46006593750
4       24.46006595833
1       24.46006607917
2       24.46028655000
4       24.46028657083
1       24.46028669167
2       24.46033782917
2       24.46055809583
4       24.46055809583
1       24.46055823333
2       24.46061436250
2       24.46062995417
2       24.46064978750
2       24.46095614583
4       24.46095614583
1       24.46095628333
2       24.46096548750
2       24.46107940833
2       24.46115954583
4       24.46115956667
1       24.46115968750
2       24.46124408333
2       24.46137588750
4       24.46137590417
1       24.46137602500
2       24.46150536667
2       24.46153321250
2       24.46175510417
4       24.46175512500
1       24.46175524583
2       24.46181306250
2       24.46181801667
2       24.46186281250
2       24.46213467917
4       24.46213469583
1       24.46213481667
2       24.46244279583
4       24.46244281667
1       24.46244293750
2       24.46267731667
4       24.46267731667
1       24.46267745417
2       24.46272890833
2       24.46304129583
4       24.46304131667
1       24.46304143750
2       24.46304293750
2       24.46311812917
2       24.46334769167
4       24.46334770833
1       24.46334782917
2       24.46336928750
2       24.46343385833
2       24.46349407500
2       24.46358191667
4       24.46358193750
1       24.46358205833
2       24.46363680833
2       24.46372029167
2       24.46383102917
4       24.46383105000
1       24.46383116667
2       24.46384848333
2       24.46399687083
2       24.46399952500
2       24.46400150833
2       24.46416848750
4       24.46416850833
1       24.46416862917
2       24.46436023333
4       24.46436025000
1       24.46436037083
2       24.46438449583
2       24.46438679167
2       24.46450105833
2       24.46467958333
4       24.46467960417
1       24.46467972500
2       24.46471463333
2       24.46477398333
2       24.46479214167
2       24.46501043750
4       24.46501045833
1       24.46501057917
2       24.46502332500
2       24.46502497917
2       24.46508198333
2       24.46516541250
2       24.46518009583
2       24.46527439167
4       24.46527440833
1       24.46527452917
2       24.46527618333
2       24.46532505417
2       24.46533741250
2       24.46534991250
2       24.46535234167
2       24.46536227083
2       24.46538370417
2       24.46540656667
2       24.46549276667
2       24.46551625417
4       24.46551625417
1       24.46551639167
2       24.46557018333
2       24.46564478750
2       24.46569349167
2       24.46569841250
2       24.46583256667
4       24.46583256667
1       24.46583270417
2       24.46595407500
2       24.46595470417
2       24.46597235833
2       24.46602402083
2       24.46616572500
4       24.46616572500
1       24.46616586250
2       24.46628994167
2       24.46630685000
2       24.46643201667
4       24.46643203750
1       24.46643215833
2       24.46648378333
2       24.46655397083
2       24.46669633333
4       24.46669635000
1       24.46669647083
2       24.46680836667
2       24.46719622083
4       24.46719623750
1       24.46719635833
2       24.46737874167
4       24.46737875833
1       24.46737887917
2       24.46748975000
2       24.46755329583
2       24.46755725000
2       24.46777486667
4       24.46777486667
1       24.46777500417
2       24.46813322083
4       24.46813324167
1       24.46813336250
2       24.46864098750
4       24.46864100833
1       24.46864112500
2       24.46911604583
4       24.46911604583
1       24.46911618333
2       24.46941709167
4       24.46941710833
1       24.46941722917
2       24.46977977917
4       24.46977980000
1       24.46977992083
2       24.46987621250
2       24.46998114167
4       24.46998115833
1       24.46998127917
2       24.47015108333
2       24.47038825833
4       24.47038827917
1       24.47038840000
2       24.47042866667
2       24.47051709167
2       24.47052309583
2       24.47060960417
4       24.47060962500
1       24.47060974167
2       24.47083042917
4       24.47083045000
1       24.47083056667
2       24.47140509167
4       24.47140511250
1       24.47140523333
2       24.47141635417
2       24.47157175000
2       24.47162572083
4       24.47162574167
1       24.47162586250
2       24.47168365833
2       24.47171955000
2       24.47172442917
2       24.47176520417
2       24.47184871667
4       24.47184871667
1       24.47184885417
2       24.47191428333
2       24.47197323333
2       24.47200693333
2       24.47201987500
2       24.47203678750
2       24.47214246250
4       24.47214247917
1       24.47214260000
2       24.47217057083
2       24.47240145000
4       24.47240147083
1       24.47240159167
2       24.47255833750
2       24.47258998750
4       24.47259000417
1       24.47259012500
2       24.47267112083
2       24.47269299167
2       24.47272439167
2       24.47273939167
2       24.47282307917
4       24.47282309583
1       24.47282321667
2       24.47284466667
2       24.47286682083
2       24.47291196250
2       24.47298309167
2       24.47303811667
4       24.47303811667
1       24.47303825417
2       24.47307188333
2       24.47308077917
2       24.47342868333
4       24.47342870000
1       24.47342882083
2       24.47364192083
4       24.47364193750
1       24.47364205833
2       24.47388143333
4       24.47388145417
1       24.47388157500
2       24.47390358333
2       24.47407546667
4       24.47407546667
1       24.47407560417
2       24.47417315417
2       24.47424670000
2       24.47435168333
4       24.47435170000
1       24.47435182083
2       24.47450274583
2       24.47458362083
4       24.47458363750
1       24.47458375833
2       24.47464981667
2       24.47474819167
2       24.47493932500
4       24.47493934583
1       24.47493946250
2       24.47498277917
2       24.47506980833
2       24.47528547083
4       24.47528549167
1       24.47528560833
2       24.47529801250
2       24.47538551250
2       24.47541691250
2       24.47552158750
4       24.47552160833
1       24.47552172917
2       24.47554114583
2       24.47555011667
2       24.47556634167
2       24.47563321667
2       24.47577364583
4       24.47577366667
1       24.47577378750
2       24.47583887500
2       24.47587236250
2       24.47598632083
4       24.47598634167
1       24.47598646250
2       24.47600064167
2       24.47609299583
2       24.47618040417
4       24.47618042500
1       24.47618054167
2       24.47628517500
2       24.47639180833
4       24.47639182500
1       24.47639194583
2       24.47643710833
2       24.47663655833
4       24.47663657917
1       24.47663670000
2       24.47667990833
2       24.47687065833
4       24.47687067500
1       24.47687079583
2       24.47688956667
2       24.47712945833
4       24.47712947500
1       24.47712959583
2       24.47719992917
2       24.47724701667
2       24.47725102500
2       24.47760698750
4       24.47760700417
1       24.47760712500
2       24.47769710833
2       24.47770141250
2       24.47787129167
4       24.47787130833
1       24.47787142917
2       24.47802632500
2       24.47816020833
4       24.47816022917
1       24.47816035000
2       24.47822451667
2       24.47831823750
2       24.47835462500
2       24.47858879583
4       24.47858879583
1       24.47858893333
2       24.47889947917
4       24.47889949583
1       24.47889961667
2       24.47902769167
2       24.47907838333
2       24.47907897500
2       24.47932673333
4       24.47932675417
1       24.47932687500
2       24.47936443333
2       24.47957020417
4       24.47957020417
1       24.47957034167
2       24.47960597500
2       24.47961659167
2       24.47964012500
2       24.47968115833
2       24.47989116667
4       24.47989118750
1       24.47989130833
2       24.47993356250
2       24.48007041250
2       24.48015745417
4       24.48015745417
1       24.48015759167
2       24.48049172500
4       24.48049172500
1       24.48049186250
2       24.48052715417
2       24.48068119167
4       24.48068121250
1       24.48068133333
2       24.48077330417
2       24.48111010000
4       24.48111012083
1       24.48111023750
2       24.48127929167
2       24.48129561667
4       24.48129563750
1       24.48129575417
2       24.48145527083
2       24.48150552500
4       24.48150554583
1       24.48150566667
2       24.48184806250
4       24.48184807917
1       24.48184820000
2       24.48215771667
4       24.48215771667
1       24.48215785417
2       24.48217295417
2       24.48240978750
4       24.48240980833
1       24.48240992500
2       24.48242505000
2       24.48250425833
2       24.48252678750
2       24.48255850833
2       24.48259653333
2       24.48265289167
4       24.48265291250
1       24.48265303333
2       24.48267641667
2       24.48284937500
2       24.48286325000
4       24.48286326667
1       24.48286338750
2       24.48293800417
2       24.48297407917
2       24.48298285417
2       24.48304178333
4       24.48304180417
1       24.48304192500
2       24.48312759583
2       24.48322825417
4       24.48322827500
1       24.48322839583
2       24.48328225000
2       24.48331604167
2       24.48340648333
4       24.48340650000
1       24.48340662083
2       24.48340880417
2       24.48357611667
2       24.48364958333
4       24.48364960417
1       24.48364972500
2       24.48380399583
2       24.48396787083
4       24.48396789167
1       24.48396801250
2       24.48425874583
4       24.48425874583
1       24.48425888333
2       24.48429513333
2       24.48437134167
2       24.48447130833
4       24.48447132500
1       24.48447144583
2       24.48453272500
2       24.48455550000
2       24.48466279167
4       24.48466281250
1       24.48466292917
2       24.48478943750
2       24.48480922083
2       24.48487839167
4       24.48487840833
1       24.48487852917
2       24.48493213750
2       24.48497283333
2       24.48505664167
4       24.48505666250
1       24.48505678333
2       24.48529519583
4       24.48529521667
1       24.48529533750
2       24.48543429167
2       24.48552731667
4       24.48552731667
1       24.48552745417
2       24.48557279167
2       24.48568400000
2       24.48574199583
4       24.48574199583
1       24.48574213333
2       24.48627721250
4       24.48627723333
1       24.48627735417
2       24.48627960000
2       24.48631062917
2       24.48633385000
2       24.48652263333
4       24.48652265417
1       24.48652277500
2       24.48657927500
2       24.48666376667
2       24.48667703333
2       24.48686716250
4       24.48686718333
1       24.48686730417
2       24.48707874167
4       24.48707875833
1       24.48707887917
2       24.48720138333
2       24.48729148750
2       24.48732819167
4       24.48732821250
1       24.48732832917
2       24.48742459583
2       24.48747922083
2       24.48752559167
4       24.48752561250
1       24.48752573333
2       24.48786941250
4       24.48786943333
1       24.48786955000
2       24.48790676250
2       24.48802245833
2       24.48803345833
2       24.48818178333
4       24.48818180417
1       24.48818192083
2       24.48818594167
2       24.48827777083
2       24.48833248333
2       24.48835175000
2       24.48854282917
4       24.48854285000
1       24.48854297083
2       24.48854470417
2       24.48864514167
2       24.48902274167
4       24.48902275833
1       24.48902287917
2       24.48903100000
2       24.48923242917
2       24.48930199583
4       24.48930199583
1       24.48930213333
2       24.48962200417
4       24.48962202500
1       24.48962214583
2       24.48985307083
4       24.48985309167
1       24.48985321250
2       24.49016192500
4       24.49016192500
1       24.49016206250
2       24.49017081667
2       24.49030462917
2       24.49042780417
4       24.49042780417
1       24.49042794167
2       24.49063124583
2       24.49066927500
4       24.49066929583
1       24.49066941667
2       24.49068158750
2       24.49127307917
4       24.49127310000
1       24.49127322083
2       24.49156888750
4       24.49156890833
1       24.49156902917
2       24.49164639167
2       24.49171165417
2       24.49185512083
4       24.49185514167
1       24.49185525833
2       24.49190244167
2       24.49191268750
2       24.49210714167
4       24.49210716250
1       24.49210728333
2       24.49214786250
2       24.49223336667
2       24.49231580417
4       24.49231582500
1       24.49231594583
2       24.49233434167
2       24.49235394167
2       24.49246650833
2       24.49256157083
4       24.49256159167
1       24.49256171250
2       24.49262583333
2       24.49294678333
4       24.49294680417
1       24.49294692500
2       24.49297825833
2       24.49324921667
4       24.49324923750
1       24.49324935833
2       24.49326388333
2       24.49327077500
2       24.49328228333
2       24.49329955417
2       24.49338766667
2       24.49357377500
4       24.49357379583
1       24.49357391250
2       24.49359032500
2       24.49360329167
2       24.49361061250
2       24.49365761667
2       24.49367246250
2       24.49368707500
2       24.49373577500
2       24.49385872917
4       24.49385875000
1       24.49385886667
2       24.49395410833
2       24.49397725833
2       24.49401641667
2       24.49402403750
2       24.49411770833
4       24.49411772500
1       24.49411784583
2       24.49416936250
2       24.49430918333
4       24.49430920417
1       24.49430932083
2       24.49452872917
4       24.49452875000
1       24.49452887083
2       24.49466095417
2       24.49466592083
2       24.49472347917
4       24.49472350000
1       24.49472361667
2       24.49493910000
4       24.49493911667
1       24.49493923750
2       24.49506335000
2       24.49536543750
4       24.49536545833
1       24.49536557917
2       24.49536776250
2       24.49551914167
2       24.49578905417
4       24.49578907500
1       24.49578919583
2       24.49591256667
2       24.49592517083
2       24.49604080417
4       24.49604080417
1       24.49604094167
2       24.49628856667
4       24.49628858750
1       24.49628870417
2       24.49642627500
2       24.49643167917
2       24.49647865833
4       24.49647867500
1       24.49647879583
2       24.49682081667
4       24.49682083750
1       24.49682095833
2       24.49697385000
2       24.49698842917
2       24.49714340833
4       24.49714342500
1       24.49714354583
2       24.49734188750
4       24.49734188750
1       24.49734202500
2       24.49750252500
2       24.49754025417
2       24.49761111250
4       24.49761113333
1       24.49761125417
2       24.49773603750
2       24.49778767917
2       24.49790240000
4       24.49790241667
1       24.49790253750
2       24.49799275833
2       24.49810398750
2       24.49818219167
4       24.49818220833
1       24.49818232917
2       24.49852831250
4       24.49852833333
1       24.49852845417
2       24.49862377500
2       24.49867572917
2       24.49886352500
4       24.49886352500
1       24.49886366250
2       24.49887249167
2       24.49917455417
4       24.49917457500
1       24.49917469583
2       24.49918642500
2       24.49938395417
4       24.49938397500
1       24.49938409583
2       24.49945252083
2       24.49945913750
2       24.49950111250
2       24.49978621250
4       24.49978623333
1       24.49978635417
2       24.49984959583
2       24.49999632083
4       24.49999634167
1       24.49999646250
2       24.50005593750
2       24.50058953750
4       24.50058955417
1       24.50058967500
2       24.50068391667
2       24.50069849167
2       24.50072992083
2       24.50073905417
2       24.50080188750
4       24.50080190833
1       24.50080202917
2       24.50082970417
2       24.50117481250
4       24.50117483333
1       24.50117495417
2       24.50121592083
2       24.50134304583
2       24.50159051250
4       24.50159053333
1       24.50159065417
2       24.50181835417
4       24.50181835417
1       24.50181849167
2       24.50183001667
2       24.50195795000
2       24.50208672500
4       24.50208672500
1       24.50208686250
2       24.50227126667
2       24.50236390833
4       24.50236392917
1       24.50236405000
2       24.50255340833
2       24.50258416250
4       24.50258418333
1       24.50258430417
2       24.50275841667
2       24.50276905833
2       24.50282955833
4       24.50282957917
1       24.50282970000
2       24.50286246250
2       24.50290315417
2       24.50340627500
4       24.50340627500
1       24.50340641250
2       24.50341882500
2       24.50342316250
2       24.50348680417
2       24.50353839583
2       24.50354211250
2       24.50381475000
4       24.50381476667
1       24.50381488750
2       24.50385543750
2       24.50390415000
2       24.50401013750
4       24.50401013750
1       24.50401027500
2       24.50413197917
2       24.50460630833
4       24.50460632917
1       24.50460645000
2       24.50508190000
4       24.50508192083
1       24.50508204167
2       24.50510945000
2       24.50537142917
4       24.50537144583
1       24.50537156667
2       24.50545765000
2       24.50546097500
2       24.50551223750
2       24.50560066250
4       24.50560068333
1       24.50560080000
2       24.50617500417
4       24.50617500417
1       24.50617514167
2       24.50617903750
2       24.50623362500
2       24.50632839167
2       24.50638465000
4       24.50638467083
1       24.50638479167
2       24.50638863333
2       24.50652075417
2       24.50681994583
4       24.50681996667
1       24.50682008750
2       24.50704178750
4       24.50704180833
1       24.50704192917
2       24.50721933750
4       24.50721935417
1       24.50721947500
2       24.50739434167
4       24.50739436250
1       24.50739448333
2       24.50752140833
2       24.50765358750
4       24.50765358750
1       24.50765372500
2       24.50800807500
4       24.50800809583
1       24.50800821667
2       24.50823261667
4       24.50823261667
1       24.50823275417
2       24.50833267500
2       24.50843790833
4       24.50843792500
1       24.50843804583
2       24.50880127917
4       24.50880130000
1       24.50880142083
2       24.50885519583
2       24.50891387500
2       24.50894727917
2       24.50899372083
4       24.50899374167
1       24.50899386250
2       24.50910306667
2       24.50922333750
4       24.50922335833
1       24.50922347917
2       24.50941178750
4       24.50941180833
1       24.50941192917
2       24.50943765833
2       24.50945898750
2       24.50960921667
4       24.50960921667
1       24.50960935417
2       24.50974230833
2       24.50975088750
2       24.50975696250
2       24.50976782083
2       24.50997951667
4       24.50997953750
1       24.50997965833
2       24.51007684167
2       24.51008949583
2       24.51024378750
4       24.51024380417
1       24.51024392500
2       24.51027293750
2       24.51046799167
4       24.51046801250
1       24.51046813333
2       24.51056383750
2       24.51079367500
4       24.51079367500
1       24.51079381250
2       24.51097407083
4       24.51097409167
1       24.51097421250
2       24.51103442917
2       24.51105435417
2       24.51112020417
2       24.51112057083
2       24.51136707083
4       24.51136709167
1       24.51136721250
2       24.51142891667
2       24.51148163750
2       24.51148298333
2       24.51152402500
2       24.51165175833
4       24.51165177500
1       24.51165189583
2       24.51175582083
2       24.51199798750
4       24.51199798750
1       24.51199812500
2       24.51202550000
2       24.51204336250
2       24.51231198333
4       24.51231200417
1       24.51231212500
2       24.51234775000
2       24.51248984167
4       24.51248985833
1       24.51248997917
2       24.51254647917
2       24.51275484167
4       24.51275485833
1       24.51275497917
2       24.51277502917
2       24.51281914167
2       24.51283397917
2       24.51286977500
2       24.51308280417
4       24.51308282500
1       24.51308294167
2       24.51308338333
2       24.51321226667
2       24.51325470000
2       24.51328417917
4       24.51328420000
1       24.51328431667
2       24.51330469583
2       24.51334613750
2       24.51338116250
2       24.51361473333
4       24.51361475000
1       24.51361487083
2       24.51362566250
2       24.51364652083
2       24.51375878333
2       24.51386410833
4       24.51386412500
1       24.51386424583
2       24.51396812917
2       24.51413542083
4       24.51413543750
1       24.51413555833
2       24.51414965833
2       24.51428945000
2       24.51443309583
4       24.51443309583
1       24.51443323333
2       24.51447819583
2       24.51451630000
2       24.51489390000
4       24.51489391667
1       24.51489403750
2       24.51494464167
2       24.51498270833
2       24.51499596667
2       24.51513605417
4       24.51513607500
1       24.51513619583
2       24.51519925000
2       24.51523044583
2       24.51534035417
4       24.51534035417
1       24.51534049167
2       24.51534233750
2       24.51548746250
2       24.51560075000
4       24.51560077083
1       24.51560089167
2       24.51575808333
2       24.51583063750
4       24.51583063750
1       24.51583077500
2       24.51600323750
2       24.51635465833
4       24.51635467500
1       24.51635479583
2       24.51647423333
2       24.51661992500
4       24.51661994583
1       24.51662006667
2       24.51682629167
4       24.51682631250
1       24.51682643333
2       24.51691741667
2       24.51706318750
4       24.51706320417
1       24.51706332500
2       24.51736647917
4       24.51736649583
1       24.51736661667
2       24.51739402083
2       24.51746425000
2       24.51767755000
4       24.51767757083
1       24.51767769167
2       24.51778925417
2       24.51780908750
2       24.51821619583
4       24.51821621667
1       24.51821633750
2       24.51827910833
2       24.51839162500
4       24.51839162500
1       24.51839176250
2       24.51840961667
2       24.51848902083
2       24.51851689167
2       24.51867084167
4       24.51867085833
1       24.51867097917
2       24.51891367083
4       24.51891369167
1       24.51891381250
2       24.51908889167
4       24.51908891250
1       24.51908903333
2       24.51948304167
4       24.51948306250
1       24.51948318333
2       24.51955325833
2       24.51959042917
2       24.51969038750
4       24.51969038750
1       24.51969052500
2       24.51975005833
2       24.51977814583
2       24.51988115833
4       24.51988117917
1       24.51988130000
2       24.51991894167
2       24.51992550000
2       24.52005341250
2       24.52005507500
4       24.52005507500
1       24.52005521250
2       24.52008256250
2       24.52015144167
2       24.52018091667
2       24.52030679583
4       24.52030679583
1       24.52030693333
2       24.52041377083
2       24.52060481667
4       24.52060481667
1       24.52060495417
2       24.52070932083
2       24.52073382500
2       24.52085802500
4       24.52085804583
1       24.52085816667
2       24.52088579167
2       24.52091732083
2       24.52093424167
2       24.52102695000
2       24.52110675000
4       24.52110677083
1       24.52110689167
2       24.52135948750
4       24.52135948750
1       24.52135962500
2       24.52136966667
2       24.52137235833
2       24.52143958750
2       24.52152147500
2       24.52159961250
4       24.52159962917
1       24.52159975000
2       24.52163339583
2       24.52169098750
2       24.52174562083
2       24.52177242500
4       24.52177244583
1       24.52177256667
2       24.52196227917
4       24.52196230000
1       24.52196242083
2       24.52208825417
2       24.52216065417
4       24.52216065417
1       24.52216079167
2       24.52225282917
2       24.52237260833
4       24.52237262500
1       24.52237274583
2       24.52241437500
2       24.52246449167
2       24.52246577083
2       24.52249883333
2       24.52254396250
2       24.52273532083
4       24.52273533750
1       24.52273545833
2       24.52277048750
2       24.52277376667
2       24.52281913750
2       24.52283242083
2       24.52289104167
2       24.52293237500
4       24.52293239583
1       24.52293251667
2       24.52294008333
2       24.52303112500
2       24.52306000833
2       24.52307750833
2       24.52308318750
2       24.52333289167
4       24.52333291250
1       24.52333303333
2       24.52334144583
2       24.52357665417
4       24.52357667500
1       24.52357679167
2       24.52391452500
4       24.52391452500
1       24.52391466250
2       24.52399408333
2       24.52414306667
4       24.52414308750
1       24.52414320833
2       24.52416991667
2       24.52455911250
4       24.52455912917
1       24.52455925000
2       24.52465755000
2       24.52465946667
2       24.52474830833
4       24.52474832500
1       24.52474844583
2       24.52475655833
2       24.52503967917
4       24.52503969583
1       24.52503981667
2       24.52505092500
2       24.52515404167
2       24.52518053750
2       24.52527751667
4       24.52527753750
1       24.52527765833
2       24.52535932500
2       24.52549415833
4       24.52549417500
1       24.52549429583
2       24.52551268333
2       24.52556773333
2       24.52559615000
2       24.52570115833
4       24.52570117500
1       24.52570129583
2       24.52577207083
2       24.52581011667
2       24.52599637083
4       24.52599638750
1       24.52599650833
2       24.52610229583
2       24.52612087917
2       24.52620965000
4       24.52620967083
1       24.52620978750
2       24.52621393333
2       24.52625532917
2       24.52632191250
2       24.52644609583
4       24.52644609583
1       24.52644623333
2       24.52657787917
2       24.52670248750
4       24.52670250833
1       24.52670262917
2       24.52672540000
2       24.52680247917
2       24.52688005417
2       24.52694794583
4       24.52694794583
1       24.52694808333
2       24.52709362917
2       24.52713871667
4       24.52713871667
1       24.52713885417
2       24.52728872083
2       24.52740235000
4       24.52740236667
1       24.52740248750
2       24.52752390417
2       24.52766504167
4       24.52766505833
1       24.52766517917
2       24.52766872083
2       24.52771702500
2       24.52778692917
2       24.52784985417
4       24.52784985417
1       24.52784999167
2       24.52803168750
2       24.52810098750
4       24.52810100833
1       24.52810112917
2       24.52814570417
2       24.52825031667
2       24.52837944583
4       24.52837944583
1       24.52837958333
2       24.52856033750
2       24.52857490417
4       24.52857492500
1       24.52857504583
2       24.52858517500
2       24.52863256250
2       24.52865076667
2       24.52886309583
4       24.52886309583
1       24.52886323333
2       24.52891039167
2       24.52897697917
2       24.52905722500
4       24.52905724583
1       24.52905736667
2       24.52919759583
2       24.52921318750
2       24.52925389583
4       24.52925391667
1       24.52925403750
2       24.52935061667
2       24.52941692500
2       24.52943044167
4       24.52943046250
1       24.52943057917
2       24.52965675000
4       24.52965677083
1       24.52965689167
2       24.52972588750
2       24.52996540000
4       24.52996542083
1       24.52996553750
2       24.53011643333
2       24.53036526667
4       24.53036528750
1       24.53036540833
2       24.53037050833
2       24.53050228750
2       24.53051089167
2       24.53055567917
4       24.53055570000
1       24.53055582083
2       24.53057290417
2       24.53079815833
4       24.53079817500
1       24.53079829583
2       24.53083780833
2       24.53118560000
4       24.53118562083
1       24.53118574167
2       24.53125553750
2       24.53126946667
2       24.53131145833
2       24.53136216667
4       24.53136218750
1       24.53136230833
2       24.53158711667
4       24.53158711667
1       24.53158725417
2       24.53196905000
4       24.53196907083
1       24.53196919167
2       24.53207169583
2       24.53235420000
4       24.53235422083
1       24.53235434167
2       24.53237501250
2       24.53237902917
2       24.53242574583
2       24.53247774167
2       24.53262118333
4       24.53262120000
1       24.53262132083
2       24.53268541250
2       24.53274575833
2       24.53278983750
2       24.53287030000
4       24.53287032083
1       24.53287044167
2       24.53295005833
2       24.53301435833
2       24.53302960417
2       24.53317732083
4       24.53317733750
1       24.53317745833
2       24.53319319167
2       24.53328835833
2       24.53331870417
2       24.53333732083
2       24.53342944583
4       24.53342946667
1       24.53342958333
2       24.53349005000
2       24.53370006667
4       24.53370008750
1       24.53370020833
2       24.53376122917
2       24.53384733750
2       24.53393742083
4       24.53393743750
1       24.53393755833
2       24.53397981667
2       24.53417209167
4       24.53417211250
1       24.53417223333
2       24.53419655000
2       24.53429886250
2       24.53459228333
4       24.53459230417
1       24.53459242500
2       24.53471747917
2       24.53474731250
2       24.53494636667
4       24.53494638750
1       24.53494650833
2       24.53510204583
2       24.53513951250
2       24.53524215000
4       24.53524217083
1       24.53524229167
2       24.53529682083
2       24.53550491250
4       24.53550493333
1       24.53550505417
2       24.53553632917
2       24.53568640000
4       24.53568641667
1       24.53568653750
2       24.53588116667
4       24.53588116667
1       24.53588130417
2       24.53588999167
2       24.53600329583
2       24.53606222083
4       24.53606224167
1       24.53606236250
2       24.53609646667
2       24.53611529167
2       24.53626132083
4       24.53626134167
1       24.53626145833
2       24.53628689167
2       24.53647167917
4       24.53647170000
1       24.53647182083
2       24.53657633333
2       24.53692816667
4       24.53692818750
1       24.53692830833
2       24.53693746250
2       24.53716498333
4       24.53716500000
1       24.53716512083
2       24.53740380000
4       24.53740381667
1       24.53740393750
2       24.53772310833
4       24.53772312500
1       24.53772324583
2       24.53777514583
2       24.53779494583
2       24.53796131667
4       24.53796131667
1       24.53796145417
2       24.53799162917
2       24.53805064583
2       24.53809700417
2       24.53826796667
4       24.53826798750
1       24.53826810833
2       24.53830272083
2       24.53838183750
2       24.53841598750
2       24.53874092083
4       24.53874094167
1       24.53874106250
2       24.53874884583
2       24.53883930417
2       24.53907646667
4       24.53907648750
1       24.53907660833
2       24.53913870000
2       24.53977032500
4       24.53977034583
1       24.53977046667
2       24.53978562083
2       24.54001252917
4       24.54001254583
1       24.54001266667
2       24.54066113750
4       24.54066115833
1       24.54066127917
2       24.54083627500
2       24.54099791250
4       24.54099793333
1       24.54099805417
2       24.54110590833
2       24.54111913750
2       24.54127877500
4       24.54127877500
1       24.54127891250
2       24.54131687917
2       24.54149870417
4       24.54149872500
1       24.54149884583
2       24.54166427500
2       24.54166635417
2       24.54169682917
2       24.54170907500
2       24.54174753750
4       24.54174755833
1       24.54174767917
2       24.54184644583
2       24.54184682917
2       24.54202105417
4       24.54202107500
1       24.54202119583
2       24.54203567917
2       24.54210054167
2       24.54219800000
4       24.54219801667
1       24.54219813750
2       24.54229358333
2       24.54231683750
2       24.54232809167
2       24.54246206250
4       24.54246208333
1       24.54246220000
2       24.54249302917
2       24.54303696250
4       24.54303697917
1       24.54303710000
2       24.54327178750
4       24.54327178750
1       24.54327192500
2       24.54330065417
2       24.54331816667
2       24.54346658333
4       24.54346660000
1       24.54346672083
2       24.54357984583
2       24.54370501667
4       24.54370501667
1       24.54370515417
2       24.54371162917
2       24.54371668750
2       24.54373955000
2       24.54386433750
2       24.54393655417
4       24.54393655417
1       24.54393669167
2       24.54434265000
4       24.54434266667
1       24.54434278750
2       24.54449401667
2       24.54456286667
4       24.54456286667
1       24.54456300417
2       24.54465925833
2       24.54468444167
2       24.54479968333
4       24.54479970000
1       24.54479982083
2       24.54488289583
2       24.54501834583
4       24.54501836667
1       24.54501848333
2       24.54503195833
2       24.54509460833
2       24.54510088333
2       24.54514116667
2       24.54539795417
4       24.54539797500
1       24.54539809583
2       24.54545918750
2       24.54587026667
4       24.54587026667
1       24.54587040417
2       24.54589638333
2       24.54594776667
2       24.54596430000
2       24.54596793333
2       24.54601303333
2       24.54618723333
4       24.54618725000
1       24.54618737083
2       24.54621938333
2       24.54623758750
2       24.54637509583
2       24.54651978333
4       24.54651980000
1       24.54651992083
2       24.54663771667
2       24.54666251667
2       24.54673839167
4       24.54673840833
1       24.54673852917
2       24.54686987083
2       24.54710342500
4       24.54710342500
1       24.54710356250
2       24.54711671667
2       24.54724746250
2       24.54732469583
4       24.54732469583
1       24.54732483333
2       24.54758730833
4       24.54758732500
1       24.54758744583
2       24.54765654167
2       24.54766158333
2       24.54769927917
2       24.54773637500
2       24.54774038750
2       24.54784013750
4       24.54784015417
1       24.54784027500
2       24.54808549167
4       24.54808550833
1       24.54808562917
2       24.54844226667
4       24.54844228750
1       24.54844240833
2       24.54844692917
2       24.54858037500
2       24.54874270417
4       24.54874270417
1       24.54874284167
2       24.54880425417
2       24.54881491667
2       24.54882944167
2       24.54884565000
2       24.54910763333
4       24.54910765000
1       24.54910777083
2       24.54915636250
2       24.54923220000
2       24.54931135417
4       24.54931137500
1       24.54931149583
2       24.54944024167
2       24.54949523333
2       24.54952837917
4       24.54952839583
1       24.54952851667
2       24.54989466250
4       24.54989467917
1       24.54989480000
2       24.54994766250
2       24.55017992917
4       24.55017994583
1       24.55018006667
2       24.55019903333
2       24.55026363333
2       24.55027165000
2       24.55031303750
2       24.55035994583
2       24.55051932917
4       24.55051935000
1       24.55051947083
2       24.55084794167
4       24.55084796250
1       24.55084808333
2       24.55116202917
4       24.55116205000
1       24.55116217083
2       24.55130106250
2       24.55137720417
4       24.55137722500
1       24.55137734583
2       24.55138090833
2       24.55140668750
2       24.55204858750
4       24.55204860833
1       24.55204872917
2       24.55239151250
4       24.55239152917
1       24.55239165000
2       24.55244812083
2       24.55250642083
2       24.55282338750
4       24.55282338750
1       24.55282352500
2       24.55282799167
2       24.55285184167
2       24.55294155833
2       24.55334667917
4       24.55334670000
1       24.55334682083
2       24.55343777083
2       24.55352495833
2       24.55353815417
2       24.55354281250
2       24.55354318333
2       24.55362735833
4       24.55362737917
1       24.55362749583
2       24.55368850417
2       24.55376736250
2       24.55379150833
2       24.55381012500
2       24.55410815833
4       24.55410817500
1       24.55410829583
2       24.55431981250
2       24.55432748750
2       24.55446699167
4       24.55446701250
1       24.55446713333
2       24.55447315833
2       24.55454905833
2       24.55457147083
2       24.55467394167
4       24.55467395833
1       24.55467407917
2       24.55471466667
2       24.55472526250
2       24.55489217083
4       24.55489218750
1       24.55489230833
2       24.55493267083
2       24.55494052917
2       24.55498062500
2       24.55516357917
4       24.55516360000
1       24.55516372083
2       24.55522607500
2       24.55524926667
2       24.55557617083
4       24.55557618750
1       24.55557630833
2       24.55567592083
2       24.55567926250
2       24.55579411667
4       24.55579411667
1       24.55579425417
2       24.55606813333
4       24.55606815000
1       24.55606827083
2       24.55613955833
2       24.55621135833
2       24.55624755833
4       24.55624757917
1       24.55624769583
2       24.55627902917
2       24.55647017917
4       24.55647019583
1       24.55647031667
2       24.55653870000
2       24.55654870833
2       24.55675704583
4       24.55675704583
1       24.55675718333
2       24.55677491250
2       24.55681560833
2       24.55683620000
2       24.55687399167
2       24.55699285000
4       24.55699287083
1       24.55699299167
2       24.55700881667
2       24.55705579583
2       24.55707370000
2       24.55722501250
4       24.55722502917
1       24.55722515000
2       24.55734064583
2       24.55746186667
4       24.55746188750
1       24.55746200833
2       24.55783020417
4       24.55783020417
1       24.55783034167
2       24.55813722917
4       24.55813724583
1       24.55813736667
2       24.55822111250
2       24.55831643333
4       24.55831645000
1       24.55831657083
2       24.55873250417
4       24.55873252500
1       24.55873264583
2       24.55881759167
2       24.55895536250
4       24.55895538333
1       24.55895550417
2       24.55900137083
2       24.55901899583
2       24.55919948333
4       24.55919950417
1       24.55919962500
2       24.55920474583
2       24.55930770417
2       24.55959461667
4       24.55959461667
1       24.55959475417
2       24.55975496667
2       24.55991324167
4       24.55991325833
1       24.55991337917
2       24.55996657917
2       24.56002918333
2       24.56016044167
4       24.56016045833
1       24.56016057917
2       24.56037006250
4       24.56037007917
1       24.56037020000
2       24.56045850417
2       24.56046749583
2       24.56054490000
2       24.56070522500
4       24.56070524583
1       24.56070536667
2       24.56084698333
2       24.56097524167
4       24.56097525833
1       24.56097537917
2       24.56114964583
2       24.56116834583
4       24.56116836667
1       24.56116848750
2       24.56125806250
2       24.56165645833
4       24.56165647917
1       24.56165660000
2       24.56176182917
2       24.56183735000
4       24.56183737083
1       24.56183749167
2       24.56189140833
2       24.56196254583
2       24.56201230000
4       24.56201231667
1       24.56201243750
2       24.56204970833
2       24.56208247917
2       24.56213875833
2       24.56214937083
2       24.56222687500
4       24.56222689583
1       24.56222701250
2       24.56225572917
2       24.56230942083
2       24.56233988750
2       24.56244514583
4       24.56244514583
1       24.56244528333
2       24.56245151250
2       24.56249115417
2       24.56269487083
4       24.56269488750
1       24.56269500833
2       24.56292713750
4       24.56292715833
1       24.56292727917
2       24.56298511667
2       24.56298543333
2       24.56308742500
2       24.56320863333
4       24.56320865000
1       24.56320877083
2       24.56324992917
2       24.56337362500
2       24.56342614583
4       24.56342614583
1       24.56342628333
2       24.56356675417
2       24.56359053750
2       24.56360115833
4       24.56360117500
1       24.56360129583
2       24.56361968333
2       24.56365380417
2       24.56368198750
2       24.56383103750
4       24.56383103750
1       24.56383117500
2       24.56385192917
2       24.56387840000
2       24.56396359167
2       24.56407347917
4       24.56407349583
1       24.56407361667
2       24.56425864167
4       24.56425865833
1       24.56425877917
2       24.56435142083
2       24.56459510417
4       24.56459512500
1       24.56459524167
2       24.56461736250
2       24.56467666250
2       24.56467695417
2       24.56468961667
2       24.56510226250
4       24.56510228333
1       24.56510240417
2       24.56523443333
2       24.56546129167
4       24.56546131250
1       24.56546143333
2       24.56588762500
4       24.56588764583
1       24.56588776667
2       24.56592502083
2       24.56609856667
4       24.56609856667
1       24.56609870417
2       24.56624963750
2       24.56628878333
2       24.56631464583
4       24.56631466667
1       24.56631478750
2       24.56666469167
4       24.56666471250
1       24.56666483333
2       24.56670937917
2       24.56691075000
4       24.56691077083
1       24.56691089167
2       24.56694886250
2       24.56698196667
2       24.56708035417
4       24.56708035417
1       24.56708049167
2       24.56717867083
2       24.56738906250
4       24.56738907917
1       24.56738920000
2       24.56816112917
4       24.56816115000
1       24.56816127083
2       24.56817210417
2       24.56819131667
2       24.56833543750
2       24.56842712083
4       24.56842714167
1       24.56842725833
2       24.56844107500
2       24.56848536667
2       24.56876859167
4       24.56876860833
1       24.56876872917
2       24.56889714583
2       24.56900283333
4       24.56900285000
1       24.56900297083
2       24.56900446667
2       24.56921677083
4       24.56921679167
1       24.56921691250
2       24.56934559167
2       24.56937076667
2       24.56989917500
4       24.56989917500
1       24.56989931250
2       24.56995438333
2       24.57002132500
2       24.57013127500
4       24.57013129583
1       24.57013141667
2       24.57016173750
2       24.57073156250
4       24.57073157917
1       24.57073170000
2       24.57073806667
2       24.57081155417
2       24.57088083750
2       24.57107299583
4       24.57107299583
1       24.57107313333
2       24.57131349167
4       24.57131350833
1       24.57131362917
2       24.57144127917
2       24.57147863333
2       24.57148167500
2       24.57160291667
4       24.57160291667
1       24.57160305417
2       24.57182949167
4       24.57182951250
1       24.57182963333
2       24.57189242917
2       24.57211109583
4       24.57211111667
1       24.57211123750
2       24.57211360417
2       24.57233200000
4       24.57233202083
1       24.57233214167
2       24.57233616667
2       24.57251217917
2       24.57255915833
4       24.57255917917
1       24.57255930000
2       24.57284599167
4       24.57284601250
1       24.57284613333
2       24.57296356667
2       24.57298246667
2       24.57317558333
4       24.57317560417
1       24.57317572500
2       24.57351113333
4       24.57351115417
1       24.57351127500
2       24.57353041667
2       24.57367870417
2       24.57369955000
4       24.57369957083
1       24.57369968750
2       24.57380421250
2       24.57381555000
2       24.57389442917
4       24.57389444583
1       24.57389456667
2       24.57406130000
2       24.57410073750
4       24.57410073750
1       24.57410087500
2       24.57439784583
4       24.57439784583
1       24.57439798333
2       24.57444684167
2       24.57445700000
2       24.57465554167
4       24.57465555833
1       24.57465567917
2       24.57506493333
4       24.57506495417
1       24.57506507500
2       24.57508083333
2       24.57541135833
4       24.57541137917
1       24.57541150000
2       24.57548290000
2       24.57550175000
2       24.57553466250
2       24.57555411667
2       24.57557169167
2       24.57576148750
4       24.57576150833
1       24.57576162917
2       24.57586354583
2       24.57589100417
2       24.57607910833
4       24.57607912917
1       24.57607925000
2       24.57614836667
2       24.57620995000
2       24.57621726667
2       24.57623114583
2       24.57638444583
4       24.57638444583
1       24.57638458333
2       24.57647997500
2       24.57691977917
4       24.57691980000
1       24.57691991667
2       24.57711123333
2       24.57721486667
4       24.57721486667
1       24.57721500417
2       24.57789460000
4       24.57789461667
1       24.57789473750
2       24.57810654167
2       24.57816755000
4       24.57816757083
1       24.57816769167
2       24.57816850833
2       24.57821550833
2       24.57824069167
2       24.57837750000
2       24.57852354167
4       24.57852355833
1       24.57852367917
2       24.57873417917
2       24.57900422500
4       24.57900422500
1       24.57900436250
2       24.57919499167
2       24.57925397500
4       24.57925399583
1       24.57925411250
2       24.57950202500
4       24.57950202500
1       24.57950216250
2       24.57955969583
2       24.57956392500
2       24.57963588750
2       24.57978419583
4       24.57978421667
1       24.57978433333
2       24.57990382500
2       24.57998790833
4       24.57998792917
1       24.57998805000
2       24.58001972500
2       24.58009658750
2       24.58011349167
2       24.58011412917
2       24.58012403750
2       24.58025420417
4       24.58025422500
1       24.58025434583
2       24.58047839583
4       24.58047841667
1       24.58047853750
2       24.58053644583
2       24.58068710833
4       24.58068712500
1       24.58068724583
2       24.58069777917
2       24.58083851250
2       24.58089783333
4       24.58089785417
1       24.58089797083
2       24.58097670000
2       24.58114029583
4       24.58114029583
1       24.58114043333
2       24.58117893750
2       24.58126479583
2       24.58133002083
4       24.58133003750
1       24.58133015833
2       24.58152778750
4       24.58152780417
1       24.58152792500
2       24.58162055000
2       24.58163981250
2       24.58168382500
2       24.58184311667
4       24.58184311667
1       24.58184325417
2       24.58187821667
2       24.58203883333
4       24.58203885417
1       24.58203897500
2       24.58210179167
2       24.58217331250
2       24.58237705000
4       24.58237706667
1       24.58237718750
2       24.58243210833
2       24.58282396250
4       24.58282397917
1       24.58282410000
2       24.58283384583
2       24.58287132917
2       24.58295869167
2       24.58305079583
4       24.58305081667
1       24.58305093750
2       24.58305205833
2       24.58335614167
4       24.58335615833
1       24.58335627917
2       24.58338523333
2       24.58343770000
2       24.58344098333
2       24.58360657083
4       24.58360659167
1       24.58360671250
2       24.58367429167
2       24.58378980417
2       24.58399085833
4       24.58399087917
1       24.58399100000
2       24.58404245000
2       24.58419616667
4       24.58419618750
1       24.58419630833
2       24.58455061667
4       24.58455061667
1       24.58455075417
2       24.58477352500
4       24.58477354583
1       24.58477366667
2       24.58477657500
2       24.58482644167
2       24.58484002083
2       24.58505343333
4       24.58505345417
1       24.58505357500
2       24.58520407500
2       24.58525000000
4       24.58525002083
1       24.58525014167
2       24.58540217917
2       24.58554059583
4       24.58554061667
1       24.58554073750
2       24.58557442917
2       24.58597685833
4       24.58597687917
1       24.58597700000
2       24.58598275833
2       24.58612391250
2       24.58612650417
2       24.58629713333
4       24.58629715000
1       24.58629727083
2       24.58636007083
2       24.58642667500
2       24.58659653750
4       24.58659655417
1       24.58659667500
2       24.58668530833
2       24.58692852083
4       24.58692854167
1       24.58692866250
2       24.58702160833
2       24.58709438750
2       24.58741429167
4       24.58741430833
1       24.58741442917
2       24.58743921250
2       24.58749156667
2       24.58752470417
2       24.58760975833
2       24.58790262917
4       24.58790265000
1       24.58790276667
2       24.58798070417
2       24.58804364167
2       24.58806448333
2       24.58808380000
2       24.58808407083
2       24.58825797500
4       24.58825799583
1       24.58825811667
2       24.58830572083
2       24.58838845417
2       24.58841528750
2       24.58855838750
4       24.58855840833
1       24.58855852917
2       24.58865407083
2       24.58872901250
2       24.58874650000
2       24.58882972083
4       24.58882974167
1       24.58882986250
2       24.58883062500
2       24.58884694583
2       24.58895093750
2       24.58910092917
4       24.58910095000
1       24.58910107083
2       24.58918670000
2       24.58919169167
2       24.58931230000
2       24.58936525417
4       24.58936527500
1       24.58936539167
2       24.58944873750
2       24.58959579167
4       24.58959580833
1       24.58959592917
2       24.58983330417
4       24.58983330417
1       24.58983344167
2       24.58993830833
2       24.58999039167
2       24.59000482083
2       24.59009095417
4       24.59009095417
1       24.59009109167
2       24.59023678750
2       24.59043475833
4       24.59043477917
1       24.59043489583
2       24.59060309583
2       24.59064384167
4       24.59064385833
1       24.59064397917
2       24.59067626667
2       24.59090543750
4       24.59090545833
1       24.59090557917
2       24.59092972917
2       24.59101081250
2       24.59116322917
4       24.59116325000
1       24.59116337083
2       24.59117309583
2       24.59124660000
2       24.59154078750
4       24.59154080833
1       24.59154092917
2       24.59164507500
2       24.59180579583
4       24.59180579583
1       24.59180593333
2       24.59181440417
2       24.59196911250
2       24.59207672083
4       24.59207674167
1       24.59207685833
2       24.59227673750
4       24.59227673750
1       24.59227687500
2       24.59242346250
2       24.59269477500
4       24.59269479583
1       24.59269491667
2       24.59281331667
2       24.59285306250
2       24.59292425833
4       24.59292427500
1       24.59292439583
2       24.59304058750
2       24.59314229583
4       24.59314229583
1       24.59314243333
2       24.59318401667
2       24.59323102083
2       24.59328703333
2       24.59331090417
2       24.59341290000
4       24.59341292083
1       24.59341304167
2       24.59355558333
2       24.59361162083
4       24.59361163750
1       24.59361175833
2       24.59364076250
2       24.59370109583
2       24.59389543333
4       24.59389545417
1       24.59389557083
2       24.59409050000
2       24.59438298333
4       24.59438300000
1       24.59438312083
2       24.59439365000
2       24.59444727500
2       24.59452020417
2       24.59463045833
4       24.59463047917
1       24.59463060000
2       24.59472026250
2       24.59479571667
2       24.59483576667
4       24.59483578750
1       24.59483590417
2       24.59483780000
2       24.59510875000
4       24.59510876667
1       24.59510888750
2       24.59517111250
2       24.59526541667
2       24.59531772917
4       24.59531774583
1       24.59531786667
2       24.59573077917
4       24.59573079583
1       24.59573091667
2       24.59574974583
2       24.59577125000
2       24.59578784167
2       24.59605170833
4       24.59605172500
1       24.59605184583
2       24.59615182500
2       24.59615907917
2       24.59655286250
4       24.59655288333
1       24.59655300417
2       24.59655986250
2       24.59663341250
2       24.59664863333
2       24.59707393333
4       24.59707395000
1       24.59707407083
2       24.59729162917
4       24.59729164583
1       24.59729176667
2       24.59733125417
2       24.59750780417
4       24.59750780417
1       24.59750794167
2       24.59767378333
2       24.59852270417
4       24.59852272500
1       24.59852284583
2       24.59893040000
4       24.59893041667
1       24.59893053750
2       24.59897513333
2       24.59899467083
2       24.59906828750
2       24.59915988750
4       24.59915990833
1       24.59916002917
2       24.59937135833
2       24.59983330417
4       24.59983332083
1       24.59983344167
2       24.59995729583
2       24.60009407500
4       24.60009407500
1       24.60009421250
2       24.60014740417
2       24.60025535417
2       24.60039775000
4       24.60039777083
1       24.60039789167
2       24.60041905000
2       24.60061605000
4       24.60061607083
1       24.60061619167
2       24.60099795833
4       24.60099797917
1       24.60099809583
2       24.60114201250
2       24.60119402500
4       24.60119402500
1       24.60119416250
2       24.60130198750
2       24.60156562917
4       24.60156564583
1       24.60156576667
2       24.60166072917
2       24.60166469167
2       24.60202502917
4       24.60202505000
1       24.60202516667
2       24.60203567917
2       24.60228737083
4       24.60228739167
1       24.60228751250
2       24.60243412500
2       24.60318606250
4       24.60318608333
1       24.60318620417
2       24.60329237917
2       24.60343905417
4       24.60343907500
1       24.60343919583
2       24.60360572917
2       24.60400515417
4       24.60400515417
1       24.60400529167
2       24.60408264583
2       24.60422541667
4       24.60422541667
1       24.60422555417
2       24.60433474583
2       24.60434963333
2       24.60468681667
4       24.60468683750
1       24.60468695833
2       24.60476869167
2       24.60486732917
4       24.60486735000
1       24.60486747083
2       24.60493027500
2       24.60498854583
2       24.60511240000
4       24.60511242083
1       24.60511254167
2       24.60522768333
2       24.60522837917
2       24.60526614583
2       24.60531803750
4       24.60531805833
1       24.60531817917
2       24.60583320000
4       24.60583322083
1       24.60583334167
2       24.60584480417
2       24.60593056250
2       24.60603591667
4       24.60603593750
1       24.60603605833
2       24.60649072917
4       24.60649075000
1       24.60649087083
2       24.60665427917
2       24.60675004167
4       24.60675005833
1       24.60675017917
2       24.60693190417
4       24.60693190417
1       24.60693204167
2       24.60694776250
2       24.60704947500
2       24.60710643333
4       24.60710645000
1       24.60710657083
2       24.60719552083
2       24.60727736250
4       24.60727737917
1       24.60727750000
2       24.60733371667
2       24.60755860000
4       24.60755862083
1       24.60755873750
2       24.60774142500
4       24.60774144583
1       24.60774156667
2       24.60788847083
2       24.60793026250
2       24.60821465000
4       24.60821467083
1       24.60821479167
2       24.60824022500
2       24.60834257083
2       24.60841820417
4       24.60841822500
1       24.60841834583
2       24.60843270417
2       24.60854699167
2       24.60854962083
2       24.60860653333
2       24.60863012917
4       24.60863015000
1       24.60863027083
2       24.60876402083
2       24.60920006667
4       24.60920006667
1       24.60920020417
2       24.60946976250
4       24.60946977917
1       24.60946990000
2       24.60966182917
4       24.60966185000
1       24.60966197083
2       24.60968464583
2       24.60972043750
2       24.60980064583
2       24.60982117500
2       24.61016565417
4       24.61016567500
1       24.61016579583
2       24.61028661250
2       24.61036867500
4       24.61036869583
1       24.61036881667
2       24.61052835000
2       24.61060557083
4       24.61060559167
1       24.61060570833
2       24.61119452500
4       24.61119454583
1       24.61119466667
2       24.61123249583
2       24.61131836250
2       24.61157975000
4       24.61157977083
1       24.61157989167
2       24.61190785833
4       24.61190787917
1       24.61190800000
2       24.61193181250
2       24.61206088750
2       24.61210562917
2       24.61223214583
4       24.61223216667
1       24.61223228750
2       24.61253087500
4       24.61253087500
1       24.61253101250
2       24.61254978750
2       24.61262567083
2       24.61264058333
2       24.61274525833
4       24.61274527500
1       24.61274539583
2       24.61311025417
4       24.61311027500
1       24.61311039583
2       24.61326097917
2       24.61335966250
4       24.61335967917
1       24.61335980000
2       24.61340241667
2       24.61364591250
4       24.61364593333
1       24.61364605417
2       24.61392017917
4       24.61392019583
1       24.61392031667
2       24.61412682083
4       24.61412684167
1       24.61412696250
2       24.61418374583
2       24.61419072917
2       24.61562701667
2       24.61566405833
4       24.61566407917
1       24.61566419583
2       24.61589310833
4       24.61589312917
1       24.61589325000
2       24.61605556250
2       24.61620363750
4       24.61620365417
1       24.61620377500
2       24.61630425833
2       24.61643476250
4       24.61643478333
1       24.61643490000
2       24.61667363750
4       24.61667365833
1       24.61667377500
2       24.61692366667
4       24.61692368750
1       24.61692380833
2       24.61720414167
4       24.61720415833
1       24.61720427917
2       24.61724531250
2       24.61736260000
2       24.61749008333
4       24.61749010000
1       24.61749022083
2       24.61769911667
4       24.61769911667
1       24.61769925417
2       24.61779814167
2       24.61787560000
2       24.61801940833
4       24.61801942917
1       24.61801954583
2       24.61803651667
2       24.61805152917
2       24.61829025417
4       24.61829027500
1       24.61829039167
2       24.61834070000
2       24.61852744583
4       24.61852746667
1       24.61852758750
2       24.61867615000
2       24.61870011667
2       24.61891132500
4       24.61891132500
1       24.61891146250
2       24.61922402083
4       24.61922404167
1       24.61922416250
2       24.61926445417
2       24.61963502500
4       24.61963504583
1       24.61963516667
2       24.61977127500
2       24.61982655417
2       24.61994748333
4       24.61994750417
1       24.61994762500
2       24.62090235833
4       24.62090237500
1       24.62090249583
2       24.62126250417
4       24.62126252500
1       24.62126264583
2       24.62169932500
4       24.62169934583
1       24.62169946667
2       24.62187712500
2       24.62193376250
4       24.62193377917
1       24.62193390000
2       24.62203187500
2       24.62204280417
2       24.62210800000
2       24.62225380000
4       24.62225381667
1       24.62225393750
2       24.62226336250
2       24.62226704583
2       24.62256737083
4       24.62256739167
1       24.62256751250
2       24.62257475417
2       24.62266545833
2       24.62273967083
2       24.62277045000
4       24.62277046667
1       24.62277058750
2       24.62280000833
2       24.62288012083
2       24.62301329583
4       24.62301331667
1       24.62301343750
2       24.62308772917
2       24.62317826667
2       24.62341337500
4       24.62341337500
1       24.62341351250
2       24.62357866250
2       24.62376046667
4       24.62376048750
1       24.62376060833
2       24.62376920000
2       24.62384867500
2       24.62387315417
2       24.62401455417
4       24.62401457500
1       24.62401469583
2       24.62425437917
4       24.62425440000
1       24.62425451667
2       24.62425729583
2       24.62446722917
4       24.62446725000
1       24.62446736667
2       24.62469225000
4       24.62469226667
1       24.62469238750
2       24.62470743333
2       24.62476773750
2       24.62479023750
2       24.62481219167
2       24.62486387917
2       24.62517157083
4       24.62517159167
1       24.62517171250
2       24.62520105417
2       24.62529145833
2       24.62551598333
4       24.62551600000
1       24.62551612083
2       24.62569890417
2       24.62594998750
4       24.62594998750
1       24.62595012500
2       24.62603831250
2       24.62607411250
2       24.62627549167
4       24.62627551250
1       24.62627563333
2       24.62634540833
2       24.62642191250
2       24.62646072083
2       24.62968847083
4       24.62968849167
1       24.62968861250
2       24.62982526667
2       24.62988713750
4       24.62988715833
1       24.62988727917
2       24.63020616667
4       24.63020616667
1       24.63020630417
2       24.63042285417
4       24.63042287500
1       24.63042299583
2       24.63057089583
2       24.63074050833
4       24.63074052917
1       24.63074065000
2       24.63089248750
2       24.63095744583
4       24.63095746667
1       24.63095758750
2       24.63145663750
4       24.63145665833
1       24.63145677917
2       24.63158315417
2       24.63179870833
4       24.63179872500
1       24.63179884583
2       24.63180210417
2       24.63193752500
2       24.63204952500
4       24.63204952500
1       24.63204966250
2       24.63210246667
2       24.63234346667
4       24.63234346667
1       24.63234360417
2       24.63247338750
2       24.63251977500
2       24.63261777917
4       24.63261780000
1       24.63261792083
2       24.63284969583
4       24.63284971667
1       24.63284983750
2       24.63304642917
2       24.63311107917
4       24.63311109583
1       24.63311121667
2       24.63327428750
2       24.63354058750
4       24.63354060417
1       24.63354072500
2       24.63376755417
4       24.63376757500
1       24.63376769583
2       24.63381819583
2       24.63391027500
2       24.63402552083
4       24.63402554167
1       24.63402566250
2       24.63409185000
2       24.63426466667
4       24.63426466667
1       24.63426480417
2       24.63449322500
4       24.63449322500
1       24.63449336250
2       24.63478665833
4       24.63478667500
1       24.63478679583
2       24.63485590833
2       24.63508253750
4       24.63508255833
1       24.63508267917
2       24.63510498333
2       24.63524182500
2       24.63540730833
4       24.63540732500
1       24.63540744583
2       24.63551554583
2       24.63555444167
2       24.63565910000
4       24.63565911667
1       24.63565923750
2       24.63646663750
4       24.63646665417
1       24.63646677500
2       24.63657795000
2       24.63659859167
2       24.63666743333
4       24.63666745000
1       24.63666757083
2       24.63671147083
2       24.63678761667
2       24.63681589583
2       24.63708339583
4       24.63708341667
1       24.63708353750
2       24.63712123750
2       24.63728910417
4       24.63728912500
1       24.63728924167
2       24.63740634167
2       24.63741597500
2       24.63744151250
2       24.63753290000
4       24.63753291667
1       24.63753303750
2       24.63762135417
2       24.63786016667
4       24.63786016667
1       24.63786030417
2       24.63806090417
4       24.63806092500
1       24.63806104583
2       24.63806522500
2       24.63815558750
2       24.63818574583
2       24.63820366250
2       24.63867107500
4       24.63867107500
1       24.63867121250
2       24.63878855833
2       24.63898734583
4       24.63898734583
1       24.63898748333
2       24.63915123333
2       24.63920159583
4       24.63920161667
1       24.63920173333
2       24.63949771667
4       24.63949771667
1       24.63949785417
2       24.63954410417
2       24.63964642083
2       24.63978056667
4       24.63978056667
1       24.63978070417
2       24.63984351250
2       24.63987730000
2       24.63990982500
2       24.64005817917
4       24.64005820000
1       24.64005832083
2       24.64016912083
2       24.64030365000
4       24.64030367083
1       24.64030379167
2       24.64054810000
4       24.64054812083
1       24.64054824167
2       24.64068052500
2       24.64075603750
4       24.64075605833
1       24.64075617917
2       24.64086466250
2       24.64392856250
4       24.64392857917
1       24.64392870000
2       24.64393347500
2       24.64400936250
2       24.64423824167
4       24.64423825833
1       24.64423837917
2       24.64430852083
2       24.64440151667
2       24.64451045417
4       24.64451047500
1       24.64451059167
2       24.64453410000
2       24.64473210833
4       24.64473212500
1       24.64473224583
2       24.64488982083
2       24.64528894167
4       24.64528896250
1       24.64528908333
2       24.64548397083
4       24.64548399167
1       24.64548411250
2       24.64549222917
2       24.64582052083
4       24.64582054167
1       24.64582066250
2       24.64582115417
2       24.64633156250
4       24.64633157917
1       24.64633170000
2       24.64646929167
2       24.64652600000
4       24.64652601667
1       24.64652613750
2       24.64663237083
2       24.64677676667
4       24.64677678750
1       24.64677690417
2       24.64703719167
4       24.64703721250
1       24.64703732917
2       24.64710267500
2       24.64725761250
4       24.64725762917
1       24.64725775000
2       24.64728784167
2       24.64729377917
2       24.64753724583
4       24.64753724583
1       24.64753738333
2       24.64826892500
4       24.64826892500
1       24.64826906250
2       24.64832424583
2       24.64849943333
4       24.64849945417
1       24.64849957500
2       24.64852261667
2       24.64854182917
2       24.64880026250
4       24.64880027917
1       24.64880040000
2       24.64907485417
4       24.64907487500
1       24.64907499167
2       24.64912224583
2       24.64934415000
4       24.64934417083
1       24.64934428750
2       24.64951732083
2       24.64976870833
4       24.64976872500
1       24.64976884583
2       24.64981111667
2       24.64997395417
4       24.64997395417
1       24.64997409167
2       24.65033347083
4       24.65033348750
1       24.65033360833
2       24.65083925833
4       24.65083927500
1       24.65083939583
2       24.65110487917
4       24.65110490000
1       24.65110502083
2       24.65131529167
4       24.65131530833
1       24.65131542917
2       24.65135833333
2       24.65176964167
4       24.65176966250
1       24.65176978333
2       24.65191200417
2       24.65218896250
4       24.65218898333
1       24.65218910417
2       24.65230096667
2       24.65246367083
4       24.65246368750
1       24.65246380833
2       24.65255430417
2       24.65272002500
4       24.65272004583
1       24.65272016250
2       24.65278251250
2       24.65296543750
4       24.65296543750
1       24.65296557500
2       24.65314159583
2       24.65320254167
4       24.65320255833
1       24.65320267917
2       24.65331150417
2       24.65334961667
2       24.65344330000
4       24.65344331667
1       24.65344343750
2       24.65359739583
2       24.65362985000
4       24.65362986667
1       24.65362998750
2       24.65707492917
2       24.65713087083
4       24.65713089167
1       24.65713101250
2       24.65718418750
2       24.65725737917
2       24.65732174583
2       24.65733726667
2       24.65744758750
4       24.65744760833
1       24.65744772917
2       24.65842660833
4       24.65842662917
1       24.65842675000
2       24.65866774583
4       24.65866776667
1       24.65866788750
2       24.65899405417
4       24.65899405417
1       24.65899419167
2       24.65908776667
2       24.65933355000
4       24.65933357083
1       24.65933369167
2       24.65979727083
4       24.65979729167
1       24.65979741250
2       24.65984856667
2       24.66005763333
4       24.66005765000
1       24.66005777083
2       24.66017681667
2       24.66030237917
4       24.66030240000
1       24.66030252083
2       24.66072869583
4       24.66072869583
1       24.66072883333
2       24.66091012083
2       24.66092411667
4       24.66092411667
1       24.66092425417
2       24.66120930417
4       24.66120932083
1       24.66120944167
2       24.66144615833
4       24.66144617500
1       24.66144629583
2       24.66145534583
2       24.66162163750
4       24.66162165833
1       24.66162177917
2       24.66162990417
2       24.66172132083
2       24.66181078333
4       24.66181080000
1       24.66181092083
2       24.66190556250
2       24.66217811667
4       24.66217813750
1       24.66217825417
2       24.66221855000
2       24.66234999583
4       24.66235001667
1       24.66235013750
2       24.66287108750
4       24.66287110833
1       24.66287122500
2       24.66336730417
4       24.66336732500
1       24.66336744583
2       24.66362422917
4       24.66362424583
1       24.66362436667
2       24.66368094167
2       24.66370342917
2       24.66381206667
2       24.66393628333
4       24.66393630417
1       24.66393642500
2       24.66416542917
4       24.66416544583
1       24.66416556667
2       24.66423110417
2       24.66423732500
2       24.66473983333
4       24.66473985000
1       24.66473997083
2       24.66477357083
2       24.66490380417
2       24.66494978750
4       24.66494980833
1       24.66494992917
2       24.66545355000
4       24.66545357083
1       24.66545368750
2       24.66547445417
2       24.66553806250
2       24.66574877083
4       24.66574879167
1       24.66574891250
2       24.66575171667
2       24.66603657083
4       24.66603659167
1       24.66603671250
2       24.66627111250
4       24.66627113333
1       24.66627125000
2       24.66646091250
4       24.66646092917
1       24.66646105000
2       24.66676620000
4       24.66676622083
1       24.66676633750
2       24.66681268333
2       24.66741512083
4       24.66741514167
1       24.66741525833
2       24.66749393750
2       24.66753635833
2       24.67030006667
4       24.67030006667
1       24.67030020417
2       24.67111860417
4       24.67111860417
1       24.67111874167
2       24.67115630000
2       24.67122498333
2       24.67131302917
4       24.67131305000
1       24.67131317083
2       24.67151338333
4       24.67151340000
1       24.67151352083
2       24.67153064167
2       24.67180391667
4       24.67180393750
1       24.67180405833
2       24.67186185417
2       24.67194306667
2       24.67207651250
4       24.67207653333
1       24.67207665417
2       24.67213839583
2       24.67235772500
4       24.67235774583
1       24.67235786667
2       24.67269816250
4       24.67269818333
1       24.67269830417
2       24.67279725417
2       24.67297742500
4       24.67297742500
1       24.67297756250
2       24.67299357500
2       24.67301120417
2       24.67304637500
2       24.67320338750
4       24.67320340417
1       24.67320352500
2       24.67352384167
4       24.67352385833
1       24.67352397917
2       24.67361633333
2       24.67378029583
4       24.67378029583
1       24.67378043333
2       24.67387640833
2       24.67400288750
4       24.67400288750
1       24.67400302500
2       24.67431861250
4       24.67431863333
1       24.67431875417
2       24.67457950833
4       24.67457952500
1       24.67457964583
2       24.67492013333
4       24.67492015000
1       24.67492027083
2       24.67501940417
2       24.67507432917
2       24.67548286667
4       24.67548286667
1       24.67548300417
2       24.67556600833
2       24.67557775417
2       24.67573050417
4       24.67573050417
1       24.67573064167
2       24.67587233750
2       24.67597342083
4       24.67597343750
1       24.67597355833
2       24.67628469167
4       24.67628471250
1       24.67628483333
2       24.67641685000
2       24.67655095000
4       24.67655097083
1       24.67655109167
2       24.67660135833
2       24.67663117500
2       24.67669840417
2       24.67680936250
4       24.67680938333
1       24.67680950417
2       24.67692429583
2       24.67725620417
4       24.67725622500
1       24.67725634583
2       24.67743240000
4       24.67743241667
1       24.67743253750
2       24.67754392083
2       24.67769012083
4       24.67769013750
1       24.67769025833
2       24.67834190417
4       24.67834190417
1       24.67834204167
2       24.67840324583
2       24.67857892917
4       24.67857895000
1       24.67857907083
2       24.67875865833
2       24.67881187083
2       24.67891970417
4       24.67891972500
1       24.67891984167
2       24.67928825417
4       24.67928825417
1       24.67928839167
2       24.67931248333
2       24.67945490833
2       24.67949930833
4       24.67949932500
1       24.67949944583
2       24.67953568750
2       24.67955957083
2       24.67972212500
4       24.67972214583
1       24.67972226250
2       24.67993483750
4       24.67993485833
1       24.67993497917
2       24.68050887083
4       24.68050889167
1       24.68050900833
2       24.68380720833
4       24.68380722917
1       24.68380735000
2       24.68384990000
2       24.68388827500
2       24.68409040833
4       24.68409042500
1       24.68409054583
2       24.68444350417
4       24.68444352500
1       24.68444364583
2       24.68451302917
2       24.68465715000
4       24.68465716667
1       24.68465728750
2       24.68471507500
2       24.68475614167
2       24.68478492500
2       24.68488172917
4       24.68488175000
1       24.68488187083
2       24.68489468750
2       24.68533744583
4       24.68533744583
1       24.68533758333
2       24.68584650833
4       24.68584652500
1       24.68584664583
2       24.68602575833
2       24.68613170417
4       24.68613170417
1       24.68613184167
2       24.68615920417
2       24.68616420417
2       24.68639204167
4       24.68639205833
1       24.68639217917
2       24.68656033750
2       24.68678652083
4       24.68678653750
1       24.68678665833
2       24.68679249167
2       24.68690483750
2       24.68695909583
4       24.68695915417
1       24.68695927500
2       24.68698962500
2       24.68706913750
2       24.68713807083
2       24.68713866667
2       24.68723932083
4       24.68723934167
1       24.68723946250
2       24.68724360000
2       24.68728140000
2       24.68756691250
4       24.68756693333
1       24.68756705417
2       24.68813997083
4       24.68813998750
1       24.68814010833
2       24.68815152083
2       24.68819665000
2       24.68843144583
4       24.68843144583
1       24.68843158333
2       24.68859511667
2       24.68859776667
2       24.68880402917
4       24.68880405000
1       24.68880416667
2       24.68902702083
4       24.68902704167
1       24.68902715833
2       24.68906313750
2       24.68907497917
2       24.68916275417
2       24.68917042083
2       24.68928232917
4       24.68928235000
1       24.68928247083
2       24.68928896667
2       24.68929327500
2       24.68947380000
2       24.69012167917
4       24.69012170000
1       24.69012182083
2       24.69035091250
4       24.69035092917
1       24.69035105000
2       24.69074437917
4       24.69074440000
1       24.69074452083
2       24.69080605000
2       24.69094576667
4       24.69094578750
1       24.69094590833
2       24.69100074583
2       24.69117068333
4       24.69117070417
1       24.69117082500
2       24.69133623750
2       24.69139167083
4       24.69139169167
1       24.69139181250
2       24.69144491667
2       24.69150725833
2       24.69175329167
4       24.69175331250
1       24.69175343333
2       24.69183516250
2       24.69197723750
4       24.69197725833
1       24.69197737917
2       24.69205106667
2       24.69210673750
2       24.69281589583
4       24.69281589583
1       24.69281603333
2       24.69286685417
2       24.69310737917
4       24.69310739583
1       24.69310751667
2       24.69319480000
2       24.69321066250
2       24.69325712083
2       24.69328455000
2       24.69351503750
4       24.69351505833
1       24.69351517917
2       24.69357899583
2       24.69363802917
2       24.69374896250
4       24.69374898333
1       24.69374910417
2       24.69771634167
4       24.69771635833
1       24.69771647917
2       24.69781773333
2       24.69790117500
4       24.69790117500
1       24.69790131250
2       24.69823705833
4       24.69823707500
1       24.69823719583
2       24.69824067500
2       24.69827809167
2       24.69828040417
2       24.69828446667
2       24.69860640833
4       24.69860642917
1       24.69860654583
2       24.69863673750
2       24.69895945000
4       24.69895947083
1       24.69895959167
2       24.69922632083
4       24.69922633750
1       24.69922645833
2       24.69941951250
2       24.69961562500
4       24.69961564583
1       24.69961576250
2       24.69968853333
2       24.70002762917
4       24.70002765000
1       24.70002776667
2       24.70048610000
4       24.70048611667
1       24.70048623750
2       24.70105347500
4       24.70105349583
1       24.70105361667
2       24.70113290000
2       24.70141183333
4       24.70141185417
1       24.70141197500
2       24.70146250833
2       24.70152542500
2       24.70158009583
2       24.70166587917
4       24.70166589583
1       24.70166601667
2       24.70170364167
2       24.70172222500
2       24.70194147500
4       24.70194149583
1       24.70194161667
2       24.70198156250
2       24.70203720833
2       24.70221210417
4       24.70221212500
1       24.70221224583
2       24.70224649167
2       24.70231645833
2       24.70240411667
4       24.70240411667
1       24.70240425417
2       24.70246784583
2       24.70268303750
4       24.70268305833
1       24.70268317917
2       24.70268409167
2       24.70282351250
2       24.70282590000
2       24.70290271250
4       24.70290272917
1       24.70290285000
2       24.70317855833
4       24.70317857500
1       24.70317869583
2       24.70331005833
2       24.70338629583
4       24.70338631667
1       24.70338643750
2       24.70351807083
2       24.70374465000
4       24.70374467083
1       24.70374479167
2       24.70381492083
2       24.70382612917
2       24.70383680417
2       24.70398182500
4       24.70398182500
1       24.70398196250
2       24.70413387917
2       24.70439319167
4       24.70439320833
1       24.70439332917
2       24.70479926250
4       24.70479927917
1       24.70479940000
2       24.70503251667
4       24.70503253750
1       24.70503265417
2       24.70507127500
2       24.70535847500
4       24.70535849583
1       24.70535861667
2       24.70543025833
2       24.70558592917
4       24.70558595000
1       24.70558607083
2       24.70610297917
4       24.70610299583
1       24.70610311667
2       24.70650974583
4       24.70650974583
1       24.70650988333
2       24.71154706667
4       24.71154706667
1       24.71154720417
2       24.71175700417
2       24.71213998333
4       24.71214000000
1       24.71214012083
2       24.71220779167
2       24.71241112500
4       24.71241112500
1       24.71241126250
2       24.71250161250
2       24.71251814583
2       24.71256126667
2       24.71289609583
4       24.71289609583
1       24.71289623333
2       24.71291534167
2       24.71298287083
2       24.71316409167
4       24.71316411250
1       24.71316423333
2       24.71330317500
2       24.71344758750
4       24.71344760417
1       24.71344772500
2       24.71350853333
2       24.71351018333
2       24.71362387083
2       24.71373507917
4       24.71373510000
1       24.71373522083
2       24.71378474167
2       24.71411232083
4       24.71411234167
1       24.71411246250
2       24.71417760417
2       24.71424875417
2       24.71428616667
2       24.71443829167
4       24.71443831250
1       24.71443843333
2       24.71450354583
2       24.71452175417
2       24.71457175833
2       24.71490472917
4       24.71490474583
1       24.71490486667
2       24.71499075000
2       24.71519813750
4       24.71519815833
1       24.71519827500
2       24.71525882500
2       24.71534317500
2       24.71543496250
4       24.71543498333
1       24.71543510417
2       24.71544389167
2       24.71585918750
4       24.71585920833
1       24.71585932917
2       24.71667900833
4       24.71667902500
1       24.71667914583
2       24.71674535000
2       24.71702714583
4       24.71702716667
1       24.71702728750
2       24.71722757917
2       24.71728151250
4       24.71728153333
1       24.71728165417
2       24.71755840833
4       24.71755842917
1       24.71755854583
2       24.71790225417
4       24.71790227500
1       24.71790239583
2       24.71838319583
4       24.71838319583
1       24.71838333333
2       24.71845111667
2       24.71861802917
4       24.71861804583
1       24.71861816667
2       24.71883268333
2       24.71915431667
4       24.71915433750
1       24.71915445833
2       24.71915657500
2       24.71930361667
2       24.71946729167
4       24.71946730833
1       24.71946742917
2       24.71971469583
4       24.71971469583
1       24.71971483333
2       24.71974289167
2       24.72030004583
4       24.72030004583
1       24.72030018333
2       24.72032317917
2       24.72053385417
4       24.72053387500
1       24.72053399583
2       24.72574698750
4       24.72574700833
1       24.72574712917
2       24.72589567083
2       24.72604041667
4       24.72604041667
1       24.72604055417
2       24.72606731250
2       24.72613654583
2       24.72615939583
2       24.72626502500
4       24.72626502500
1       24.72626516250
2       24.72628297083
2       24.72633660000
2       24.72643632917
2       24.72670687917
4       24.72670690000
1       24.72670702083
2       24.72675623750
2       24.72695926667
4       24.72695928750
1       24.72695940833
2       24.72734345833
4       24.72734347500
1       24.72734359583
2       24.72745877500
2       24.72752040833
2       24.72803773750
4       24.72803775417
1       24.72803787500
2       24.72808736667
2       24.72838785417
4       24.72838785417
1       24.72838799167
2       24.72854075000
2       24.72869358750
4       24.72869360417
1       24.72869372500
2       24.72898840000
4       24.72898842083
1       24.72898854167
2       24.72936172083
4       24.72936173750
1       24.72936185833
2       24.72984325000
4       24.72984327083
1       24.72984339167
2       24.72989678333
2       24.72995885000
2       24.73006089583
4       24.73006089583
1       24.73006103333
2       24.73024367500
4       24.73024369583
1       24.73024381667
2       24.73063654583
4       24.73063656667
1       24.73063668333
2       24.73069448750
2       24.73084422917
4       24.73084425000
1       24.73084437083
2       24.73097771250
2       24.73105752917
4       24.73105754583
1       24.73105766667
2       24.73114360000
2       24.73186700000
4       24.73186702083
1       24.73186714167
2       24.73215055833
4       24.73215057500
1       24.73215069583
2       24.73239839167
4       24.73239841250
1       24.73239852917
2       24.73254308750
2       24.73266417083
4       24.73266419167
1       24.73266431250
2       24.73343831667
4       24.73343831667
1       24.73343845417
2       24.73355760833
2       24.73365665833
4       24.73365667500
1       24.73365679583
2       24.73418689583
4       24.73418689583
1       24.73418703333
2       24.73423301667
2       24.73429597083
2       24.73441781250
4       24.73441783333
1       24.73441795000
2       24.73448840000
2       24.73471591250
4       24.73471593333
1       24.73471605417
2       24.73492720000
4       24.73492721667
1       24.73492733750
2       24.73493144167
2       24.73536939167
4       24.73536940833
1       24.73536952917
2       24.73547547500
2       24.73555027500
2       24.73883809583
4       24.73883809583
1       24.73883823333
2       24.73924313750
4       24.73924315417
1       24.73924327500
2       24.73924907083
2       24.73931528750
2       24.73934874167
2       24.73939112083
2       24.73959557083
4       24.73959559167
1       24.73959571250
2       24.74168828750
4       24.74168828750
1       24.74168842500
2       24.74257722500
4       24.74257724583
1       24.74257736667
2       24.74337613750
4       24.74337615417
1       24.74337627500
2       24.74339565833
2       24.74353940000
2       24.74356396250
2       24.74405978333
4       24.74405980000
1       24.74405992083
2       24.74466332500
4       24.74466334583
1       24.74466346667
2       24.74467919583
2       24.74519361250
4       24.74519362917
1       24.74519375000
2       24.74660851250
4       24.74660852917
1       24.74660865000
2       24.74741549167
4       24.74741551250
1       24.74741563333
2       24.74741609583
2       24.74788611250
4       24.74788612917
1       24.74788625000
2       24.74885260417
4       24.74885260417
1       24.74885274167
2       24.74890036667
2       24.74920107083
4       24.74920109167
1       24.74920120833
2       24.74923088750
2       24.74972606667
4       24.74972606667
1       24.74972620417
2       24.75048225000
4       24.75048227083
1       24.75048239167
2       24.75180778750
4       24.75180780833
1       24.75180792500
2       24.75198635833
2       24.75431418333
4       24.75431420000
1       24.75431432083
2       24.75528402500
4       24.75528402500
1       24.75528416250
2       24.75664332500
4       24.75664334583
1       24.75664346250
2       24.75758242083
4       24.75758244167
1       24.75758255833
2       24.75888976250
4       24.75888978333
1       24.75888990000
2       24.75899779167
2       24.76137695417
4       24.76137695417
1       24.76137709167
2       24.76158099167
4       24.76158100833
1       24.76158112917
2       24.76597864167
4       24.76597865833
1       24.76597877917
2       24.76880859583
4       24.76880861667
1       24.76880873750
2       24.77634211250
4       24.77634213333
1       24.77634225417
2       24.78566272917
4       24.78566274583
1       24.78566286667
2       24.79991828333
4       24.79991830417
1       24.79991842500
2       24.80732060833
4       24.80732062917
1       24.80732075000
2       24.81557201250
4       24.81557202917
1       24.81557215000
2       37.49931444167
4       37.49931445833
1       37.49931457917
2       37.49932352500
2       37.50214214583
4       37.50214214583
1       37.50214228333
2       37.50391507917
4       37.50391510000
1       37.50391522083
2       37.50409966667
2       37.50842285417
4       37.50842287500
1       37.50842299583
2       37.50848557500
2       37.51454205417
4       37.51454205417
1       37.51454219167
2       37.51458109167
2       37.51648256250
4       37.51648257917
1       37.51648270000
2       37.52626224583
4       37.52626226667
1       37.52626238750
2       37.52720657500
4       37.52720657500
1       37.52720671250
2       37.52795980417
4       37.52795982083
1       37.52795994167
2       37.53093820000
4       37.53093821667
1       37.53093833750
2       37.53124452500
4       37.53124454583
1       37.53124466667
2       37.53144019583
2       37.53162934167
4       37.53162936250
1       37.53162948333
2       37.53169500417
2       37.53407059583
4       37.53407061667
1       37.53407073750
2       37.53472742083
4       37.53472743750
1       37.53472755833
2       37.53542401667
4       37.53542403750
1       37.53542415833
2       37.53566841667
4       37.53566843750
1       37.53566855833
2       37.53604802083
4       37.53604804167
1       37.53604816250
2       37.53611392917
2       37.53638777917
4       37.53638779583
1       37.53638791667
2       37.53768231250
4       37.53768233333
1       37.53768245417
2       37.53795888750
4       37.53795890417
1       37.53795902500
2       37.53839574167
4       37.53839575833
1       37.53839587917
2       37.53840505833
2       37.53906022083
4       37.53906024167
1       37.53906035833
2       37.53911420833
2       37.53914591250
2       37.53948050417
4       37.53948052083
1       37.53948064167
2       37.53992861250
4       37.53992863333
1       37.53992875000
2       37.54063684583
4       37.54063686667
1       37.54063698750
2       37.54081636667
2       37.54129469167
4       37.54129471250
1       37.54129483333
2       37.54133411250
2       37.54141295000
2       37.54168121250
4       37.54168122917
1       37.54168135000
2       37.54186597083
2       37.54237608333
4       37.54237610000
1       37.54237622083
2       37.54269182500
4       37.54269184583
1       37.54269196667
2       37.54296569583
4       37.54296569583
1       37.54296583333
2       37.54299050000
2       37.54383250833
4       37.54383252500
1       37.54383264583
2       37.54428628333
4       37.54428630417
1       37.54428642500
2       37.54444161250
2       37.54454867083
4       37.54454869167
1       37.54454881250
2       37.54474275417
4       37.54474277500
1       37.54474289167
2       37.54477585417
2       37.54615910000
4       37.54615912083
1       37.54615924167
2       37.54615972917
2       37.54633824583
2       37.54666947083
4       37.54666948750
1       37.54666960833
2       37.54712820000
4       37.54712821667
1       37.54712833750
2       37.54747397083
4       37.54747398750
1       37.54747410833
2       37.54748457500
2       37.54779467917
4       37.54779469583
1       37.54779481667
2       37.54791395833
2       37.54841132917
4       37.54841134583
1       37.54841146667
2       37.54885620000
4       37.54885622083
1       37.54885634167
2       37.54917390000
4       37.54917392083
1       37.54917404167
2       37.54946859167
4       37.54946860833
1       37.54946872917
2       37.54958037083
2       37.54967237500
2       37.54967343750
2       37.54982342500
4       37.54982342500
1       37.54982356250
2       37.55002119583
2       37.55006059583
4       37.55006059583
1       37.55006073333
2       37.55011255833
2       37.55059716250
4       37.55059718333
1       37.55059730000
2       37.55066079583
2       37.55084497083
4       37.55084499167
1       37.55084511250
2       37.55099796250
2       37.55118316667
4       37.55118318750
1       37.55118330833
2       37.55134132917
2       37.55139804167
4       37.55139805833
1       37.55139817917
2       37.55152360833
2       37.55154615417
2       37.55161572500
4       37.55161574583
1       37.55161586250
2       37.55191842083
4       37.55191843750
1       37.55191855833
2       37.55201322500
2       37.55203007500
2       37.55219207917
4       37.55219209583
1       37.55219221667
2       37.55228535417
2       37.55232282083
2       37.55238912917
2       37.55244777500
4       37.55244779583
1       37.55244791667
2       37.55244945833
2       37.55245378750
2       37.55246200417
2       37.55265706250
4       37.55265708333
1       37.55265720417
2       37.55270250833
2       37.55271775417
2       37.55303434583
4       37.55303434583
1       37.55303448333
2       37.55314402083
2       37.55337555000
4       37.55337556667
1       37.55337568750
2       37.55339862500
2       37.55363849583
4       37.55363851667
1       37.55363863333
2       37.55395670833
4       37.55395672917
1       37.55395685000
2       37.55405323333
2       37.55414897083
2       37.55428171250
4       37.55428173333
1       37.55428185417
2       37.55448948750
4       37.55448950833
1       37.55448962917
2       37.55450105833
2       37.55457319583
2       37.55460770417
2       37.55480345000
4       37.55480347083
1       37.55480358750
2       37.55480905833
2       37.55482302500
2       37.55482565000
2       37.55484817917
2       37.55521723333
4       37.55521725000
1       37.55521737083
2       37.55549472500
4       37.55549474583
1       37.55549486667
2       37.55562094583
2       37.55571102917
4       37.55571104583
1       37.55571116667
2       37.55599585417
4       37.55599585417
1       37.55599599167
2       37.55604191250
2       37.55611937083
2       37.55620387917
4       37.55620389583
1       37.55620401667
2       37.55624730833
2       37.55627865000
2       37.55637114167
2       37.55648172083
4       37.55648174167
1       37.55648185833
2       37.55649967083
2       37.55656692500
2       37.55659501250
2       37.55669180833
4       37.55669182917
1       37.55669194583
2       37.55671693333
2       37.55677622917
2       37.55695842917
4       37.55695845000
1       37.55695856667
2       37.55699609583
2       37.55720546250
4       37.55720547917
1       37.55720560000
2       37.55729262083
2       37.55738130417
2       37.55769475417
4       37.55769477083
1       37.55769489167
2       37.55772386250
2       37.55772782500
2       37.55773179167
2       37.55785797500
2       37.55788949167
4       37.55788951250
1       37.55788963333
2       37.55795240833
2       37.55801336250
2       37.55807166250
2       37.55834657083
4       37.55834659167
1       37.55834670833
2       37.55842801250
2       37.55843037500
2       37.55846649583
2       37.55854760000
4       37.55854762083
1       37.55854774167
2       37.55870725417
2       37.55881856667
4       37.55881858750
1       37.55881870833
2       37.55906366667
4       37.55906366667
1       37.55906380417
2       37.55911002500
2       37.55914620000
2       37.55921076250
2       37.55921577500
2       37.55931575417
4       37.55931577500
1       37.55931589167
2       37.55947284583
2       37.55947668333
2       37.55999544167
4       37.55999545833
1       37.55999557917
2       37.56002395417
2       37.56012761667
2       37.56018785417
4       37.56018787500
1       37.56018799583
2       37.56033330000
2       37.56040355833
4       37.56040357917
1       37.56040370000
2       37.56051186250
2       37.56058701667
2       37.56068970000
4       37.56068972083
1       37.56068984167
2       37.56078140000
2       37.56081693333
2       37.56104446667
4       37.56104448750
1       37.56104460417
2       37.56110110000
2       37.56114187083
2       37.56133996667
4       37.56133998750
1       37.56134010833
2       37.56135451667
2       37.56135807917
2       37.56143156250
2       37.56150912083
2       37.56162671250
4       37.56162673333
1       37.56162685417
2       37.56167510000
2       37.56175022083
2       37.56184302917
4       37.56184305000
1       37.56184317083
2       37.56184834167
2       37.56185723750
2       37.56187911667
2       37.56189499583
2       37.56210070833
4       37.56210072500
1       37.56210084583
2       37.56230837500
4       37.56230837500
1       37.56230851250
2       37.56240041667
2       37.56258294583
4       37.56258294583
1       37.56258308333
2       37.56259950417
2       37.56260057083
2       37.56275486667
2       37.56277970417
4       37.56277970417
1       37.56277984167
2       37.56279926250
2       37.56287912083
2       37.56317616667
4       37.56317616667
1       37.56317630417
2       37.56321762500
2       37.56336800417
4       37.56336802500
1       37.56336814583
2       37.56340974583
2       37.56354352083
4       37.56354353750
1       37.56354365833
2       37.56356207917
2       37.56361275417
2       37.56370050000
2       37.56378265833
4       37.56378267917
1       37.56378280000
2       37.56385227083
2       37.56385622500
2       37.56389357917
2       37.56397579167
4       37.56397581250
1       37.56397593333
2       37.56410860417
2       37.56413869583
2       37.56417018750
4       37.56417020833
1       37.56417032917
2       37.56423951250
2       37.56427947500
2       37.56446198750
4       37.56446200833
1       37.56446212917
2       37.56457762083
2       37.56464487917
4       37.56464490000
1       37.56464501667
2       37.56476606250
2       37.56484555417
4       37.56484557500
1       37.56484569583
2       37.56491785417
2       37.56497410417
2       37.56502410833
2       37.56526090833
4       37.56526092917
1       37.56526105000
2       37.56544116667
4       37.56544118750
1       37.56544130833
2       37.56568692500
4       37.56568692500
1       37.56568706250
2       37.56585875833
2       37.56591345833
4       37.56591347917
1       37.56591360000
2       37.56596383333
2       37.56598268333
2       37.56625529167
4       37.56625531250
1       37.56625542917
2       37.56635070833
2       37.56641604583
2       37.56656832917
4       37.56656835000
1       37.56656847083
2       37.56658019583
2       37.56658451250
2       37.56660734167
2       37.56664385417
2       37.56687365833
4       37.56687367917
1       37.56687380000
2       37.56688467917
2       37.56691012500
2       37.56693702500
2       37.56694626667
2       37.56724733333
4       37.56724735417
1       37.56724747083
2       37.56735197500
2       37.56735467500
2       37.56735860417
2       37.56741292500
2       37.56749237917
4       37.56749240000
1       37.56749252083
2       37.56769180833
4       37.56769182917
1       37.56769195000
2       37.56778819583
2       37.56780744167
2       37.56781938333
2       37.56785976250
2       37.56791945833
4       37.56791947917
1       37.56791960000
2       37.56793128750
2       37.56796008333
2       37.56819258750
4       37.56819260833
1       37.56819272500
2       37.56824038333
2       37.56826988333
2       37.56827681667
2       37.56831254583
2       37.56842255000
4       37.56842256667
1       37.56842268750
2       37.56842349583
2       37.56845370417
2       37.56851425417
2       37.56856892917
2       37.56861462083
4       37.56861464167
1       37.56861475833
2       37.56866065417
2       37.56871530417
2       37.56888593333
4       37.56888595000
1       37.56888607083
2       37.56893323750
2       37.56896474167
2       37.56897134167
2       37.56898499167
2       37.56899183333
2       37.56903237500
2       37.56904627500
2       37.56915583750
4       37.56915585417
1       37.56915597500
2       37.56916280833
2       37.56921212083
2       37.56932182083
2       37.56934137917
2       37.56935920000
4       37.56935922083
1       37.56935934167
2       37.56939888750
2       37.56942147083
2       37.56942210417
2       37.56950390000
2       37.56951061667
2       37.56961720417
4       37.56961722500
1       37.56961734583
2       37.56970465833
2       37.56974417083
2       37.56977656667
2       37.56999684167
4       37.56999685833
1       37.56999697917
2       37.57001772083
2       37.57006803333
2       37.57013923333
2       37.57026217500
4       37.57026219583
1       37.57026231667
2       37.57037584167
2       37.57057314583
4       37.57057316667
1       37.57057328750
2       37.57064471250
2       37.57065635417
2       37.57067490833
2       37.57068748333
2       37.57074574583
2       37.57078745417
4       37.57078745417
1       37.57078759167
2       37.57079377500
2       37.57084840417
2       37.57094352083
2       37.57098016667
4       37.57098018750
1       37.57098030833
2       37.57101171250
2       37.57103395417
2       37.57107536250
2       37.57124453750
4       37.57124453750
1       37.57124467500
2       37.57129922917
2       37.57130318750
2       37.57139955000
2       37.57143535000
4       37.57143536667
1       37.57143548750
2       37.57145617083
2       37.57145690417
2       37.57154243750
2       37.57156200417
2       37.57166459167
4       37.57166460833
1       37.57166472917
2       37.57173050833
2       37.57179511250
2       37.57192331250
4       37.57192332917
1       37.57192345000
2       37.57200777083
2       37.57202134583
2       37.57208522500
2       37.57211572500
4       37.57211574583
1       37.57211586250
2       37.57215903750
2       37.57222436250
2       37.57228886667
4       37.57228886667
1       37.57228900417
2       37.57238964167
2       37.57262815833
4       37.57262817917
1       37.57262830000
2       37.57265592083
2       37.57266841667
2       37.57270998750
2       37.57279903333
2       37.57282812083
4       37.57282813750
1       37.57282825833
2       37.57285600417
2       37.57286860417
2       37.57291231667
2       37.57299370000
2       37.57301262917
4       37.57301264583
1       37.57301276667
2       37.57301923750
2       37.57312827500
2       37.57314680000
2       37.57315773333
2       37.57316870833
2       37.57317432083
2       37.57320147917
4       37.57320149583
1       37.57320161667
2       37.57329982083
2       37.57335055000
2       37.57339689583
4       37.57339689583
1       37.57339703333
2       37.57361985417
4       37.57361987500
1       37.57361999583
2       37.57370691667
2       37.57382217917
4       37.57382220000
1       37.57382231667
2       37.57383474583
2       37.57396759583
2       37.57401528333
4       37.57401530000
1       37.57401542083
2       37.57409272917
2       37.57414276667
2       37.57415770833
2       37.57426473750
4       37.57426475833
1       37.57426487917
2       37.57429850417
2       37.57434195417
2       37.57441375833
2       37.57441807083
2       37.57442307917
2       37.57444988333
4       37.57444990417
1       37.57445002500
2       37.57446047083
2       37.57448262500
2       37.57453757083
2       37.57457413333
2       37.57469461667
4       37.57469463750
1       37.57469475833
2       37.57486824583
2       37.57487869167
4       37.57487870833
1       37.57487882917
2       37.57497152083
2       37.57498808750
2       37.57507421667
4       37.57507423750
1       37.57507435833
2       37.57507457083
2       37.57508048333
2       37.57525277917
2       37.57527956250
4       37.57527958333
1       37.57527970417
2       37.57528657083
2       37.57539878750
2       37.57543294167
2       37.57551811667
4       37.57551813750
1       37.57551825833
2       37.57554425000
2       37.57559225000
2       37.57576217500
4       37.57576219583
1       37.57576231667
2       37.57578070000
2       37.57579558333
2       37.57581879583
2       37.57586488333
2       37.57588568333
2       37.57594669167
2       37.57600565000
4       37.57600566667
1       37.57600578750
2       37.57600798333
2       37.57607127917
2       37.57610401250
2       37.57613815833
2       37.57618780417
2       37.57626564583
4       37.57626564583
1       37.57626578333
2       37.57628728333
2       37.57632662083
2       37.57638090833
2       37.57647727917
4       37.57647729583
1       37.57647741667
2       37.57653589583
2       37.57655712917
2       37.57662344167
2       37.57664859167
2       37.57669952917
4       37.57669955000
1       37.57669967083
2       37.57679395417
2       37.57681920417
2       37.57690955833
4       37.57690957500
1       37.57690969583
2       37.57693867917
2       37.57695920000
2       37.57699731667
2       37.57701220833
2       37.57703777083
2       37.57705096250
2       37.57705109583
2       37.57706095000
2       37.57709576667
4       37.57709578750
1       37.57709590833
2       37.57726587083
2       37.57729742083
4       37.57729744167
1       37.57729756250
2       37.57733752917
2       37.57735044167
2       37.57743855833
2       37.57745673333
2       37.57751966667
4       37.57751968750
1       37.57751980833
2       37.57753425000
2       37.57756546250
2       37.57763295000
2       37.57772499583
4       37.57772499583
1       37.57772513333
2       37.57776511250
2       37.57780519583
2       37.57782372083
2       37.57783139167
2       37.57788245000
2       37.57798373750
4       37.57798375417
1       37.57798387500
2       37.57800857917
2       37.57802115000
2       37.57817815833
4       37.57817817917
1       37.57817829583
2       37.57822725833
2       37.57830042917
2       37.57830105000
2       37.57832554583
2       37.57837395000
4       37.57837397083
1       37.57837408750
2       37.57837763333
2       37.57846368333
2       37.57851996250
2       37.57852928750
2       37.57859388750
4       37.57859390417
1       37.57859402500
2       37.57860878750
2       37.57863790000
2       37.57866038333
2       37.57870246667
2       37.57872405833
2       37.57873732500
2       37.57882202500
4       37.57882204583
1       37.57882216667
2       37.57885550833
2       37.57891215833
2       37.57894989167
2       37.57895420000
2       37.57899233333
4       37.57899235000
1       37.57899247083
2       37.57899862917
2       37.57903167500
2       37.57912212917
2       37.57914297500
2       37.57915325417
2       37.57917015000
4       37.57917017083
1       37.57917029167
2       37.57917716667
2       37.57918270833
2       37.57922477083
2       37.57925000000
2       37.57925194583
2       37.57935606667
4       37.57935606667
1       37.57935620417
2       37.57936096250
2       37.57950139583
2       37.57960042917
4       37.57960044583
1       37.57960056667
2       37.57961607083
2       37.57968899583
2       37.57984859583
4       37.57984859583
1       37.57984873333
2       37.57989857083
2       37.57991871250
2       37.57994983750
2       37.57997342917
2       37.57997747083
2       37.58004460000
4       37.58004462083
1       37.58004473750
2       37.58009565833
2       37.58014333333
2       37.58022422500
4       37.58022424583
1       37.58022436667
2       37.58025764167
2       37.58030566667
2       37.58033411250
2       37.58036430000
2       37.58044541667
4       37.58044543750
1       37.58044555417
2       37.58058386667
2       37.58079818750
4       37.58079820833
1       37.58079832500
2       37.58079885000
2       37.58087407083
2       37.58094758750
2       37.58099491667
4       37.58099493750
1       37.58099505833
2       37.58105550417
2       37.58106844167
2       37.58111214167
2       37.58119037500
4       37.58119037500
1       37.58119051250
2       37.58120261250
2       37.58153184167
4       37.58153185833
1       37.58153197917
2       37.58155270833
2       37.58156167083
2       37.58158051667
2       37.58158416250
2       37.58159315417
2       37.58177763750
4       37.58177763750
1       37.58177777500
2       37.58178317083
2       37.58203131250
4       37.58203133333
1       37.58203145000
2       37.58209392500
2       37.58212737500
2       37.58214498333
2       37.58224068333
2       37.58224259167
2       37.58228273333
4       37.58228275000
1       37.58228287083
2       37.58228413333
2       37.58234833333
2       37.58242314167
2       37.58263085417
4       37.58263085417
1       37.58263099167
2       37.58267256667
2       37.58267487083
2       37.58272100417
2       37.58278288333
2       37.58283220417
4       37.58283220417
1       37.58283234167
2       37.58287006250
2       37.58288761250
2       37.58298172917
2       37.58302134167
2       37.58303956667
4       37.58303958750
1       37.58303970833
2       37.58312247500
2       37.58329758333
4       37.58329760000
1       37.58329772083
2       37.58339195417
2       37.58341749583
2       37.58342220000
2       37.58344469167
2       37.58345165417
2       37.58401738333
4       37.58401740417
1       37.58401752500
2       37.58409057083
2       37.58411971250
2       37.58422472500
4       37.58422474583
1       37.58422486667
2       37.58430255417
2       37.58431488750
2       37.58436905833
2       37.58438637500
2       37.58439531667
2       37.58441749583
2       37.58450355417
4       37.58450357500
1       37.58450369583
2       37.58451195833
2       37.58454335417
2       37.58457387917
2       37.58462120833
2       37.58463614167
2       37.58470965833
4       37.58470967917
1       37.58470980000
2       37.58472820000
2       37.58476736250
2       37.58476796250
2       37.58485248333
2       37.58485798750
2       37.58485841250
2       37.58492094583
4       37.58492094583
1       37.58492108333
2       37.58507197083
2       37.58508694583
2       37.58514746667
4       37.58514748750
1       37.58514760417
2       37.58520612500
2       37.58527537083
2       37.58553976667
4       37.58553976667
1       37.58553990417
2       37.58561915833
2       37.58571983333
2       37.58578513333
4       37.58578515417
1       37.58578527500
2       37.58581226250
2       37.58586256667
2       37.58591491667
2       37.58592347500
2       37.58597264583
2       37.58604116667
4       37.58604118750
1       37.58604130417
2       37.58606169167
2       37.58627508750
4       37.58627510833
1       37.58627522500
2       37.58629956250
2       37.58642877083
2       37.58647076250
4       37.58647078333
1       37.58647090417
2       37.58656390000
2       37.58659835417
2       37.58679803333
4       37.58679805417
1       37.58679817083
2       37.58682121250
2       37.58682517083
2       37.58698520417
4       37.58698522500
1       37.58698534583
2       37.58700353750
2       37.58704776667
2       37.58704975000
2       37.58708992917
2       37.58710974167
2       37.58727201667
4       37.58727201667
1       37.58727215417
2       37.58728027083
2       37.58738466250
2       37.58740095000
2       37.58741279167
2       37.58742107500
2       37.58748795000
4       37.58748796667
1       37.58748808750
2       37.58750486250
2       37.58758432500
2       37.58760320417
2       37.58762007917
2       37.58766684583
4       37.58766684583
1       37.58766698333
2       37.58769797917
2       37.58773376250
2       37.58774795417
2       37.58781360000
2       37.58786661667
4       37.58786661667
1       37.58786675417
2       37.58788280417
2       37.58798514583
2       37.58802325833
2       37.58807731667
4       37.58807733750
1       37.58807745833
2       37.58811928750
2       37.58834723750
4       37.58834725833
1       37.58834737917
2       37.58835644167
2       37.58846741250
2       37.58849492500
2       37.58849689583
2       37.58854322083
4       37.58854323750
1       37.58854335833
2       37.58858067917
2       37.58866050000
2       37.58870265000
2       37.58872775000
2       37.58886821667
4       37.58886823750
1       37.58886835417
2       37.58889606250
2       37.58891188333
2       37.58895865000
2       37.58896766250
2       37.58902328750
2       37.58920206667
4       37.58920208750
1       37.58920220833
2       37.58934219583
2       37.58938821250
4       37.58938823333
1       37.58938835000
2       37.58963761250
4       37.58963763333
1       37.58963775417
2       37.58966782083
2       37.58969893750
2       37.58970091667
2       37.58970323750
2       37.58973040833
2       37.58992945417
4       37.58992947500
1       37.58992959583
2       37.59002783750
2       37.59010399167
4       37.59010400833
1       37.59010412917
2       37.59010961667
2       37.59011158750
2       37.59018688333
2       37.59019180417
2       37.59027864167
2       37.59031300000
4       37.59031301667
1       37.59031313750
2       37.59036171667
2       37.59041406250
2       37.59049259583
2       37.59050489167
2       37.59050844583
2       37.59050961667
2       37.59053755417
4       37.59053755417
1       37.59053769167
2       37.59056542083
2       37.59058825000
2       37.59061939583
2       37.59068768333
2       37.59070661667
2       37.59071935833
4       37.59071937917
1       37.59071949583
2       37.59076612500
2       37.59078066250
2       37.59080492500
2       37.59081413750
2       37.59084361667
2       37.59087742917
2       37.59093800833
4       37.59093802917
1       37.59093814583
2       37.59096510000
2       37.59099034583
2       37.59118812500
4       37.59118814583
1       37.59118826667
2       37.59119803333
2       37.59120864167
2       37.59125112500
2       37.59126306250
2       37.59129672083
2       37.59140407083
4       37.59140409167
1       37.59140421250
2       37.59151703333
2       37.59154955417
2       37.59167541667
4       37.59167543750
1       37.59167555833
2       37.59192573750
4       37.59192575417
1       37.59192587500
2       37.59195395833
2       37.59195719167
2       37.59204763750
2       37.59207552500
2       37.59215031250
4       37.59215033333
1       37.59215045417
2       37.59218050833
2       37.59219667083
2       37.59223880000
2       37.59228850000
2       37.59229310000
2       37.59231033750
2       37.59232225000
2       37.59233050833
2       37.59255741250
4       37.59255743333
1       37.59255755417
2       37.59258233333
2       37.59273165000
4       37.59273166667
1       37.59273178750
2       37.59286381667
2       37.59292396667
4       37.59292396667
1       37.59292410417
2       37.59293662917
2       37.59310466667
4       37.59310468750
1       37.59310480833
2       37.59317058750
2       37.59318641250
2       37.59328709167
4       37.59328710833
1       37.59328722917
2       37.59339047917
2       37.59342230833
2       37.59351203750
4       37.59351205417
1       37.59351217500
2       37.59353253750
2       37.59362695417
2       37.59380085417
4       37.59380087500
1       37.59380099583
2       37.59389662500
2       37.59408635833
4       37.59408637917
1       37.59408650000
2       37.59421258750
2       37.59422249583
2       37.59444579167
4       37.59444581250
1       37.59444592917
2       37.59458317500
2       37.59464845833
4       37.59464847917
1       37.59464860000
2       37.59471337500
2       37.59495214583
4       37.59495216667
1       37.59495228750
2       37.59495719583
2       37.59504028333
2       37.59512011667
2       37.59515558750
4       37.59515560417
1       37.59515572500
2       37.59543246250
4       37.59543247917
1       37.59543260000
2       37.59548554167
2       37.59549538750
2       37.59562864167
2       37.59565702917
4       37.59565705000
1       37.59565717083
2       37.59597602500
4       37.59597602500
1       37.59597616250
2       37.59600952500
2       37.59603262917
2       37.59606212917
2       37.59610394583
2       37.59613061667
2       37.59621189583
4       37.59621191667
1       37.59621203333
2       37.59669814167
4       37.59669815833
1       37.59669827917
2       37.59680640000
2       37.59689847500
4       37.59689849583
1       37.59689861250
2       37.59695312083
2       37.59706640000
2       37.59715638750
4       37.59715640417
1       37.59715652500
2       37.59716975833
2       37.59718036667
2       37.59745659583
4       37.59745661667
1       37.59745673750
2       37.59758012917
2       37.59759700000
2       37.59765669167
4       37.59765671250
1       37.59765682917
2       37.59777360417
2       37.59787532083
4       37.59787533750
1       37.59787545833
2       37.59790810000
2       37.59798722500
2       37.59810682083
4       37.59810684167
1       37.59810695833
2       37.59830692083
4       37.59830693750
1       37.59830705833
2       37.59835526667
2       37.59844499583
2       37.59848397917
4       37.59848399583
1       37.59848411667
2       37.59875672500
4       37.59875674583
1       37.59875686667
2       37.59886770833
2       37.59892228333
2       37.59899801250
4       37.59899802917
1       37.59899815000
2       37.59907598750
2       37.59921245833
4       37.59921247500
1       37.59921259583
2       37.59929824583
2       37.59942375000
4       37.59942377083
1       37.59942389167
2       37.59977455417
4       37.59977455417
1       37.59977469167
2       37.59983256250
2       37.59987059167
2       37.59993746667
2       37.59996067917
2       37.60006801667
4       37.60006801667
1       37.60006815417
2       37.60017662500
2       37.60033750000
4       37.60033752083
1       37.60033764167
2       37.60045561667
2       37.60054862500
4       37.60054862500
1       37.60054876250
2       37.60069935000
2       37.60078278750
4       37.60078280417
1       37.60078292500
2       37.60082952917
2       37.60102226250
4       37.60102227917
1       37.60102240000
2       37.60109743333
2       37.60110211250
2       37.60111072083
2       37.60114547083
2       37.60116737083
2       37.60117298750
2       37.60124848750
4       37.60124850833
1       37.60124862500
2       37.60127560417
2       37.60154829167
4       37.60154830833
1       37.60154842917
2       37.60155454167
2       37.60175573750
4       37.60175575833
1       37.60175587500
2       37.60179164167
2       37.60198715417
4       37.60198715417
1       37.60198729167
2       37.60203247083
2       37.60204810833
2       37.60230739167
4       37.60230741250
1       37.60230752917
2       37.60246319583
2       37.60247767500
2       37.60254649583
4       37.60254651667
1       37.60254663750
2       37.60256218333
2       37.60264232500
2       37.60265426667
2       37.60303092500
4       37.60303094583
1       37.60303106250
2       37.60309175417
2       37.60316527917
2       37.60317973333
2       37.60321468333
2       37.60322462083
4       37.60322464167
1       37.60322476250
2       37.60334125417
2       37.60349687917
4       37.60349689583
1       37.60349701667
2       37.60350280417
2       37.60354488333
2       37.60360575000
2       37.60380500417
4       37.60380500417
1       37.60380514167
2       37.60387179167
2       37.60389172083
2       37.60390362083
2       37.60399205833
2       37.60425998750
4       37.60426000417
1       37.60426012500
2       37.60435345833
2       37.60437398333
2       37.60450248333
4       37.60450250000
1       37.60450262083
2       37.60455381250
2       37.60457897500
2       37.60461908750
2       37.60466079583
2       37.60474331250
4       37.60474333333
1       37.60474345417
2       37.60479894167
2       37.60512816250
4       37.60512817917
1       37.60512830000
2       37.60551429167
4       37.60551431250
1       37.60551443333
2       37.60566377500
2       37.60573938750
4       37.60573940833
1       37.60573952917
2       37.60581015000
2       37.60581412083
2       37.60585691250
2       37.60596058750
4       37.60596060833
1       37.60596072917
2       37.60599502083
2       37.60613111667
2       37.60615163333
2       37.60616295000
2       37.60640162083
4       37.60640164167
1       37.60640176250
2       37.60647327083
2       37.60649253333
2       37.60652500833
2       37.60653615833
2       37.60658499167
4       37.60658500833
1       37.60658512917
2       37.60659020000
2       37.60684494167
4       37.60684495833
1       37.60684507917
2       37.60697372917
2       37.60699402083
2       37.60719201250
4       37.60719203333
1       37.60719215417
2       37.60727852083
2       37.60741016667
4       37.60741016667
1       37.60741030417
2       37.60761205833
4       37.60761207917
1       37.60761220000
2       37.60761600417
2       37.60774520000
2       37.60776840417
2       37.60788069167
4       37.60788071250
1       37.60788083333
2       37.60790855000
2       37.60804594167
2       37.60808370417
4       37.60808370417
1       37.60808384167
2       37.60812540833
2       37.60819034583
2       37.60824561667
2       37.60827325000
4       37.60827327083
1       37.60827338750
2       37.60847390000
4       37.60847392083
1       37.60847404167
2       37.60848415000
2       37.60848886667
2       37.60852589583
2       37.60854617500
2       37.60879218750
4       37.60879220833
1       37.60879232500
2       37.60881771667
2       37.60887573750
2       37.60901945000
4       37.60901947083
1       37.60901959167
2       37.60903045000
2       37.60926357083
4       37.60926359167
1       37.60926371250
2       37.60934472917
2       37.60945801667
4       37.60945801667
1       37.60945815417
2       37.60946557917
2       37.60946752917
2       37.60952291667
2       37.60954213750
2       37.60959378333
2       37.60960841250
2       37.60961067917
2       37.60962524167
4       37.60962526250
1       37.60962538333
2       37.60970939583
2       37.60988489583
4       37.60988491667
1       37.60988503750
2       37.60999852917
2       37.61008622500
4       37.61008622500
1       37.61008636250
2       37.61017414583
2       37.61040327917
4       37.61040329583
1       37.61040341667
2       37.61043079583
2       37.61050362500
2       37.61063356667
4       37.61063356667
1       37.61063370417
2       37.61065573750
2       37.61087272083
4       37.61087274167
1       37.61087286250
2       37.61087332083
2       37.61088753750
2       37.61094813750
2       37.61103029167
2       37.61107377500
4       37.61107377500
1       37.61107391250
2       37.61121280417
2       37.61123834167
2       37.61126082083
4       37.61126083750
1       37.61126095833
2       37.61136381667
2       37.61140127500
2       37.61152119167
4       37.61152121250
1       37.61152132917
2       37.61160355000
2       37.61165733333
2       37.61167852500
2       37.61175363750
4       37.61175363750
1       37.61175377500
2       37.61189286250
2       37.61190274167
2       37.61206438333
4       37.61206440000
1       37.61206452083
2       37.61207034583
2       37.61223661250
4       37.61223662917
1       37.61223675000
2       37.61225517917
2       37.61229294583
2       37.61238171250
2       37.61239432083
2       37.61245026250
4       37.61245028333
1       37.61245040417
2       37.61258477917
2       37.61267757917
4       37.61267759583
1       37.61267771667
2       37.61280771667
2       37.61322703750
4       37.61322705833
1       37.61322717917
2       37.61328503750
2       37.61328928333
2       37.61330385000
2       37.61342607917
4       37.61342609583
1       37.61342621667
2       37.61349860833
2       37.61359497917
2       37.61370862083
4       37.61370863750
1       37.61370875833
2       37.61384473333
2       37.61388586250
4       37.61388587917
1       37.61388600000
2       37.61397500000
2       37.61399578750
2       37.61410543333
4       37.61410545417
1       37.61410557500
2       37.61412794167
2       37.61414225000
2       37.61418224167
2       37.61432701667
4       37.61432703750
1       37.61432715417
2       37.61455460000
4       37.61455461667
1       37.61455473750
2       37.61467547500
2       37.61478945417
4       37.61478947083
1       37.61478959167
2       37.61491927500
2       37.61505143333
4       37.61505145000
1       37.61505157083
2       37.61505900833
2       37.61518759167
2       37.61521040417
2       37.61551017083
4       37.61551018750
1       37.61551030833
2       37.61560851250
2       37.61573870417
4       37.61573872500
1       37.61573884167
2       37.61577210833
2       37.61598447917
4       37.61598450000
1       37.61598462083
2       37.61602066667
2       37.61602494583
2       37.61604583333
2       37.61654655833
4       37.61654657500
1       37.61654669583
2       37.61669920833
2       37.61673703750
2       37.61679169167
4       37.61679171250
1       37.61679183333
2       37.61686484583
2       37.61702491250
4       37.61702492917
1       37.61702505000
2       37.61705762500
2       37.61709967917
2       37.61713980833
2       37.61723955000
4       37.61723956667
1       37.61723968750
2       37.61744387500
2       37.61754559583
4       37.61754561667
1       37.61754573333
2       37.61761774583
2       37.61768069167
2       37.61776086667
2       37.61779396250
4       37.61779398333
1       37.61779410417
2       37.61790096667
2       37.61790760833
2       37.61793009167
2       37.61799173750
4       37.61799175833
1       37.61799187917
2       37.61800572083
2       37.61807588333
2       37.61811132500
2       37.61811699583
2       37.61818916667
4       37.61818916667
1       37.61818930417
2       37.61822389167
2       37.61837923750
4       37.61837925417
1       37.61837937500
2       37.61840011250
2       37.61844381667
2       37.61852201667
2       37.61866444583
4       37.61866444583
1       37.61866458333
2       37.61880485000
2       37.61939445417
4       37.61939447500
1       37.61939459583
2       37.61943422500
2       37.61960377917
4       37.61960380000
1       37.61960392083
2       37.61977241667
2       37.61980345000
4       37.61980346667
1       37.61980358750
2       37.61981881250
2       37.61985549583
2       37.61988337083
2       37.61989957500
2       37.61990369583
2       37.61993969167
2       37.62005062083
4       37.62005064167
1       37.62005076250
2       37.62008977917
2       37.62032529583
4       37.62032529583
1       37.62032543333
2       37.62033485417
2       37.62074330000
4       37.62074331667
1       37.62074343750
2       37.62078434167
2       37.62100955417
4       37.62100957500
1       37.62100969583
2       37.62101945417
2       37.62108309583
2       37.62108547083
2       37.62109762500
2       37.62112278333
2       37.62125301250
4       37.62125302917
1       37.62125315000
2       37.62134077083
2       37.62137422083
2       37.62144336667
4       37.62144336667
1       37.62144350417
2       37.62148749583
2       37.62164119583
4       37.62164119583
1       37.62164133333
2       37.62164950000
2       37.62175341250
2       37.62187735000
4       37.62187737083
1       37.62187749167
2       37.62192135833
2       37.62223208333
4       37.62223210000
1       37.62223222083
2       37.62225127500
2       37.62226458333
2       37.62226950833
2       37.62233760417
2       37.62233942500
2       37.62237451250
2       37.62254244167
4       37.62254246250
1       37.62254258333
2       37.62255264583
2       37.62273715417
4       37.62273717083
1       37.62273729167
2       37.62277761667
2       37.62286969167
2       37.62293499167
2       37.62305592500
4       37.62305592500
1       37.62305606250
2       37.62308135833
2       37.62308342083
2       37.62319305417
2       37.62327248750
4       37.62327250833
1       37.62327262917
2       37.62337818333
2       37.62338345417
2       37.62340865000
2       37.62346561667
2       37.62353879583
4       37.62353879583
1       37.62353893333
2       37.62357422083
2       37.62358286250
2       37.62358518750
2       37.62376903750
4       37.62376905833
1       37.62376917917
2       37.62385310417
2       37.62389949583
2       37.62390147500
2       37.62399980833
4       37.62399982917
1       37.62399995000
2       37.62402046250
2       37.62403132500
2       37.62416219583
2       37.62420321250
4       37.62420323333
1       37.62420335417
2       37.62428676667
2       37.62430927500
2       37.62441090833
4       37.62441092500
1       37.62441104583
2       37.62447555417
2       37.62449442083
2       37.62453711250
2       37.62466032917
4       37.62466035000
1       37.62466047083
2       37.62474442083
2       37.62489114583
4       37.62489114583
1       37.62489128333
2       37.62523102083
4       37.62523104167
1       37.62523115833
2       37.62525813750
2       37.62526471667
2       37.62528334583
2       37.62535293750
2       37.62555199583
4       37.62555201667
1       37.62555213750
2       37.62568953750
2       37.62586432500
4       37.62586432500
1       37.62586446250
2       37.62586468333
2       37.62595842917
2       37.62622932083
4       37.62622934167
1       37.62622946250
2       37.62624433333
2       37.62631720833
2       37.62637611250
2       37.62650425000
4       37.62650427083
1       37.62650438750
2       37.62654934583
2       37.62659004583
2       37.62662386250
2       37.62684841250
4       37.62684843333
1       37.62684855000
2       37.62694281667
2       37.62694979583
2       37.62698212500
2       37.62712100833
4       37.62712102500
1       37.62712114583
2       37.62718990000
2       37.62730526250
2       37.62730948333
2       37.62733260833
4       37.62733262917
1       37.62733275000
2       37.62740654583
2       37.62742375000
2       37.62751086667
2       37.62758439583
4       37.62758439583
1       37.62758453333
2       37.62771993750
2       37.62777658333
2       37.62792232083
4       37.62792234167
1       37.62792246250
2       37.62795209583
2       37.62799884167
2       37.62805407500
2       37.62810442083
2       37.62811378750
2       37.62835850000
4       37.62835852083
1       37.62835863750
2       37.62842613333
2       37.62847640417
2       37.62847736667
2       37.62858703333
4       37.62858705000
1       37.62858717083
2       37.62863110000
2       37.62875831667
2       37.62881126667
4       37.62881126667
1       37.62881140417
2       37.62896835417
2       37.62904842917
4       37.62904844583
1       37.62904856667
2       37.62907164167
2       37.62913225000
2       37.62916962917
2       37.62921009167
2       37.62924108750
4       37.62924110833
1       37.62924122917
2       37.62933955417
2       37.62934155417
2       37.62950745000
4       37.62950746667
1       37.62950758750
2       37.62953337500
2       37.62966942917
2       37.62974468333
4       37.62974470417
1       37.62974482083
2       37.62988349583
2       37.62990993333
2       37.62996460833
4       37.62996462500
1       37.62996474583
2       37.63000035417
2       37.63034651667
4       37.63034651667
1       37.63034665417
2       37.63049462500
2       37.63058436250
4       37.63058437917
1       37.63058450000
2       37.63063997917
2       37.63092777917
4       37.63092780000
1       37.63092792083
2       37.63094507917
2       37.63102817083
2       37.63106403333
2       37.63109112083
2       37.63126507917
4       37.63126509583
1       37.63126521667
2       37.63141207083
2       37.63142430833
2       37.63152302917
4       37.63152305000
1       37.63152317083
2       37.63155881250
2       37.63164225833
2       37.63170550833
2       37.63178871667
4       37.63178873750
1       37.63178885417
2       37.63218348333
4       37.63218350000
1       37.63218362083
2       37.63230313333
2       37.63243127500
4       37.63243129583
1       37.63243141667
2       37.63252043750
2       37.63258194583
2       37.63279396667
4       37.63279396667
1       37.63279410417
2       37.63288671250
2       37.63307817500
4       37.63307817500
1       37.63307831250
2       37.63312556667
2       37.63315033750
2       37.63356742917
4       37.63356744583
1       37.63356756667
2       37.63371548333
2       37.63372335000
2       37.63385915417
4       37.63385915417
1       37.63385929167
2       37.63389957500
2       37.63397057083
2       37.63417459583
4       37.63417461667
1       37.63417473750
2       37.63420634167
2       37.63433112917
2       37.63437523750
4       37.63437525417
1       37.63437537500
2       37.63470445000
4       37.63470447083
1       37.63470459167
2       37.63490060833
4       37.63490062917
1       37.63490075000
2       37.63490457500
2       37.63490951250
2       37.63502450417
2       37.63529406250
4       37.63529408333
1       37.63529420000
2       37.63531102083
2       37.63534207500
2       37.63534576250
2       37.63557725417
4       37.63557725417
1       37.63557739167
2       37.63560312083
2       37.63560873750
2       37.63562133333
2       37.63564579167
2       37.63572566250
2       37.63581873750
4       37.63581875417
1       37.63581887500
2       37.63583665833
2       37.63588106250
2       37.63589529583
2       37.63594153333
2       37.63598201250
2       37.63598467917
2       37.63601753333
4       37.63601755000
1       37.63601767083
2       37.63611585833
2       37.63612860417
2       37.63615787083
2       37.63616415833
2       37.63617054167
2       37.63617915417
2       37.63619040417
2       37.63623185000
4       37.63623187083
1       37.63623199167
2       37.63626288750
2       37.63644308750
4       37.63644310833
1       37.63644322917
2       37.63644966250
2       37.63645707500
2       37.63647127083
2       37.63659120000
2       37.63665577083
4       37.63665578750
1       37.63665590833
2       37.63665740833
2       37.63670768750
2       37.63672100833
2       37.63672133750
2       37.63674095000
2       37.63690049167
4       37.63690051250
1       37.63690063333
2       37.63703800417
2       37.63704918750
2       37.63706610833
2       37.63709627500
4       37.63709629583
1       37.63709641667
2       37.63712510000
2       37.63723870000
2       37.63726622500
4       37.63726624583
1       37.63726636667
2       37.63726656250
2       37.63737319167
2       37.63747715000
4       37.63747717083
1       37.63747729167
2       37.63748852083
2       37.63762661250
2       37.63768119167
4       37.63768120833
1       37.63768132917
2       37.63780348333
2       37.63793065000
4       37.63793066667
1       37.63793078750
2       37.63794485417
2       37.63801012083
2       37.63801675000
2       37.63808996250
2       37.63819235417
4       37.63819237500
1       37.63819249583
2       37.63826060000
2       37.63832814167
2       37.63860437917
4       37.63860439583
1       37.63860451667
2       37.63882988333
4       37.63882990417
1       37.63883002500
2       37.63912173750
4       37.63912175417
1       37.63912187500
2       37.63918035417
2       37.63923537083
2       37.63926647500
2       37.63935889167
4       37.63935891250
1       37.63935903333
2       37.63938802500
2       37.63981000833
4       37.63981002917
1       37.63981015000
2       37.63990677083
2       37.63997494167
2       37.63999812917
2       37.64008619583
4       37.64008619583
1       37.64008633333
2       37.64033900000
4       37.64033902083
1       37.64033914167
2       37.64050663750
2       37.64053980833
4       37.64053982500
1       37.64053994583
2       37.64065457083
2       37.64072420000
4       37.64072422083
1       37.64072434167
2       37.64076792500
2       37.64087135417
2       37.64089145417
2       37.64101870000
4       37.64101872083
1       37.64101884167
2       37.64105306250
2       37.64111998750
2       37.64123002083
4       37.64123004167
1       37.64123016250
2       37.64154622917
4       37.64154624583
1       37.64154636667
2       37.64187590417
4       37.64187592083
1       37.64187604167
2       37.64194745000
2       37.64208740417
4       37.64208742500
1       37.64208754583
2       37.64213824583
2       37.64216709583
2       37.64218986667
2       37.64219617500
2       37.64224218750
2       37.64226994583
2       37.64240323750
4       37.64240325833
1       37.64240337917
2       37.64250257917
2       37.64254857083
2       37.64258635833
2       37.64262645417
4       37.64262647500
1       37.64262659583
2       37.64262908750
2       37.64266057917
2       37.64270162083
2       37.64291199167
4       37.64291200833
1       37.64291212917
2       37.64313782500
4       37.64313782500
1       37.64313796250
2       37.64330610417
2       37.64339983333
4       37.64339985000
1       37.64339997083
2       37.64356147917
2       37.64359926667
4       37.64359928750
1       37.64359940833
2       37.64378676250
2       37.64379631667
4       37.64379631667
1       37.64379645417
2       37.64384864583
2       37.64386157500
2       37.64399768333
4       37.64399770417
1       37.64399782500
2       37.64412170833
2       37.64414904167
2       37.64416005417
2       37.64419245833
2       37.64424083333
4       37.64424085000
1       37.64424097083
2       37.64427032083
2       37.64445022500
4       37.64445024583
1       37.64445036667
2       37.64480626250
4       37.64480627917
1       37.64480640000
2       37.64501922083
4       37.64501924167
1       37.64501935833
2       37.64501956667
2       37.64504235833
2       37.64509578750
2       37.64515640000
2       37.64523061250
4       37.64523062917
1       37.64523075000
2       37.64529578333
2       37.64529611667
2       37.64540708750
4       37.64540710417
1       37.64540722500
2       37.64550148333
2       37.64550717917
2       37.64560414583
4       37.64560416667
1       37.64560428750
2       37.64562572917
2       37.64567640833
2       37.64585497083
4       37.64585499167
1       37.64585511250
2       37.64593767917
2       37.64595892500
2       37.64602548750
4       37.64602550833
1       37.64602562917
2       37.64609540417
2       37.64627120833
4       37.64627122917
1       37.64627135000
2       37.64627357917
2       37.64629644167
2       37.64643990833
2       37.64651109583
4       37.64651111667
1       37.64651123750
2       37.64656706667
2       37.64657206250
2       37.64665282083
2       37.64680058750
4       37.64680060833
1       37.64680072917
2       37.64684790417
2       37.64697376250
2       37.64710792083
4       37.64710793750
1       37.64710805833
2       37.64715627917
2       37.64734707500
4       37.64734707500
1       37.64734721250
2       37.64737423333
2       37.64752328333
2       37.64762072083
4       37.64762074167
1       37.64762086250
2       37.64766370000
2       37.64769948333
2       37.64782734583
4       37.64782734583
1       37.64782748333
2       37.64793175000
2       37.64804372083
4       37.64804373750
1       37.64804385833
2       37.64816917917
2       37.64833747917
4       37.64833750000
1       37.64833762083
2       37.64837031250
2       37.64838550000
2       37.64840471667
2       37.64852395417
2       37.64870748333
4       37.64870750000
1       37.64870762083
2       37.64872930417
2       37.64875875417
2       37.64880317500
2       37.64900818333
4       37.64900820000
1       37.64900832083
2       37.64910133333
2       37.64913274167
2       37.64916430417
2       37.64919770000
2       37.64919893333
4       37.64919895000
1       37.64919907083
2       37.64922912500
2       37.64943252500
4       37.64943254583
1       37.64943266667
2       37.64946366250
2       37.64949042083
2       37.64954245833
2       37.64957330417
2       37.64958951250
2       37.64968353333
4       37.64968355000
1       37.64968367083
2       37.64970870833
2       37.64978855833
2       37.64989393750
4       37.64989395417
1       37.64989407500
2       37.64990380833
2       37.64990719167
2       37.64994993333
2       37.65000718750
2       37.65016184167
4       37.65016185833
1       37.65016197917
2       37.65025822083
2       37.65030262500
2       37.65036590417
4       37.65036592500
1       37.65036604167
2       37.65042187083
2       37.65042722083
2       37.65044705417
2       37.65051825417
2       37.65055867917
2       37.65063651250
4       37.65063652917
1       37.65063665000
2       37.65064352500
2       37.65091670833
4       37.65091672917
1       37.65091685000
2       37.65094155000
2       37.65102239583
2       37.65106775000
2       37.65115366250
4       37.65115367917
1       37.65115380000
2       37.65126655833
2       37.65128476667
2       37.65149999583
4       37.65150001667
1       37.65150013750
2       37.65154804583
2       37.65163520417
2       37.65174347500
4       37.65174349583
1       37.65174361667
2       37.65174487500
2       37.65183427083
2       37.65185246667
2       37.65190280000
2       37.65203168750
4       37.65203170833
1       37.65203182917
2       37.65208599167
2       37.65216245000
2       37.65225727083
4       37.65225729167
1       37.65225741250
2       37.65231652917
2       37.65240857917
2       37.65241250000
2       37.65244603750
2       37.65257452083
4       37.65257453750
1       37.65257465833
2       37.65284087500
4       37.65284087500
1       37.65284101250
2       37.65285670833
2       37.65297627500
2       37.65299120833
2       37.65303798750
2       37.65306505833
4       37.65306507500
1       37.65306519583
2       37.65344499167
4       37.65344500833
1       37.65344512917
2       37.65368017083
4       37.65368019167
1       37.65368031250
2       37.65371098333
2       37.65384778333
2       37.65389942083
4       37.65389944167
1       37.65389956250
2       37.65390140000
2       37.65396202917
2       37.65397262083
2       37.65425151667
4       37.65425153750
1       37.65425165833
2       37.65434394167
2       37.65444030000
4       37.65444032083
1       37.65444044167
2       37.65454700417
2       37.65455628333
2       37.65466652917
4       37.65466654583
1       37.65466666667
2       37.65475074583
2       37.65481359167
2       37.65488055000
4       37.65488057083
1       37.65488069167
2       37.65496870000
2       37.65497565417
2       37.65508964167
4       37.65508966250
1       37.65508978333
2       37.65543424583
4       37.65543424583
1       37.65543438333
2       37.65549527500
2       37.65550393750
2       37.65559472500
2       37.65559884583
2       37.65563587083
4       37.65563589167
1       37.65563601250
2       37.65569699583
2       37.65571012917
2       37.65574897917
2       37.65582087917
4       37.65582089583
1       37.65582101667
2       37.65610251250
4       37.65610253333
1       37.65610265417
2       37.65610771250
2       37.65614149167
2       37.65615805833
2       37.65624221667
2       37.65638461667
4       37.65638461667
1       37.65638475417
2       37.65641513750
2       37.65660454167
4       37.65660456250
1       37.65660467917
2       37.65674602083
2       37.65682281667
4       37.65682283750
1       37.65682295833
2       37.65689972083
2       37.65715870000
4       37.65715872083
1       37.65715884167
2       37.65729483333
2       37.65746914583
4       37.65746916667
1       37.65746928333
2       37.65752277500
2       37.65752338333
2       37.65757372917
2       37.65780833750
4       37.65780835833
1       37.65780847917
2       37.65822331667
4       37.65822333750
1       37.65822345833
2       37.65832261250
2       37.65841644583
4       37.65841646667
1       37.65841658750
2       37.65866050000
4       37.65866052083
1       37.65866063750
2       37.65875943750
2       37.65877541250
2       37.65882085417
2       37.65904801250
4       37.65904803333
1       37.65904815417
2       37.65912352500
2       37.65918011250
2       37.65928484583
4       37.65928486667
1       37.65928498750
2       37.65945847917
2       37.65949751250
4       37.65949753333
1       37.65949765417
2       37.65951941250
2       37.65955614167
2       37.65958533333
2       37.65959158333
2       37.65978373750
4       37.65978375833
1       37.65978387917
2       37.65994669167
2       37.66004939583
4       37.66004939583
1       37.66004953333
2       37.66007220833
2       37.66009046250
2       37.66010918333
2       37.66012757083
2       37.66013479167
2       37.66020598333
2       37.66021042083
2       37.66025040417
4       37.66025042083
1       37.66025054167
2       37.66028547917
2       37.66036040417
2       37.66060749167
4       37.66060751250
1       37.66060763333
2       37.66072404167
2       37.66085757500
4       37.66085757500
1       37.66085771250
2       37.66095687500
2       37.66096742083
2       37.66105362083
2       37.66109731250
4       37.66109733333
1       37.66109745417
2       37.66120166667
2       37.66139310417
4       37.66139312500
1       37.66139324583
2       37.66175368750
4       37.66175370833
1       37.66175382917
2       37.66176241250
2       37.66177967917
2       37.66181440417
2       37.66187734167
2       37.66195719167
4       37.66195720833
1       37.66195732917
2       37.66224900833
4       37.66224902500
1       37.66224914583
2       37.66232322500
2       37.66252158333
4       37.66252160000
1       37.66252172083
2       37.66268987500
4       37.66268992500
1       37.66269004583
2       37.66279395000
2       37.66280680417
2       37.66293696250
4       37.66293697917
1       37.66293710000
2       37.66301213750
2       37.66302501250
2       37.66327679583
4       37.66327681667
1       37.66327693750
2       37.66329603750
2       37.66338386667
2       37.66358321250
4       37.66358323333
1       37.66358335417
2       37.66367664167
2       37.66401881250
4       37.66401883333
1       37.66401895417
2       37.66405653333
2       37.66421791667
4       37.66421791667
1       37.66421805417
2       37.66428605833
2       37.66429867083
2       37.66452848333
4       37.66452850000
1       37.66452862083
2       37.66456899583
2       37.66465000833
2       37.66473626250
2       37.66474120833
2       37.66485378333
4       37.66485380417
1       37.66485392083
2       37.66497001250
2       37.66499490000
2       37.66510086250
4       37.66510087917
1       37.66510100000
2       37.66513500417
2       37.66529623333
4       37.66529625000
1       37.66529637083
2       37.66540957083
2       37.66543706250
2       37.66548379583
2       37.66561492083
4       37.66561494167
1       37.66561506250
2       37.66564942500
2       37.66572431250
2       37.66588663333
4       37.66588665000
1       37.66588677083
2       37.66615382917
4       37.66615384583
1       37.66615396667
2       37.66617107917
2       37.66619159583
2       37.66625519583
2       37.66628736667
2       37.66636782500
4       37.66636784583
1       37.66636796667
2       37.66674576250
4       37.66674578333
1       37.66674590417
2       37.66680971667
2       37.66683156250
2       37.66694878333
4       37.66694880000
1       37.66694892083
2       37.66696705833
2       37.66699283750
2       37.66713758333
4       37.66713760000
1       37.66713772083
2       37.66732392083
4       37.66732393750
1       37.66732405833
2       37.66736584167
2       37.66750959583
4       37.66750959583
1       37.66750973333
2       37.66758281250
2       37.66759501250
2       37.66808789167
4       37.66808791250
1       37.66808803333
2       37.66810866667
2       37.66812433750
2       37.66830185833
4       37.66830187917
1       37.66830200000
2       37.66830653333
2       37.66831007917
2       37.66836442083
2       37.66844191667
2       37.66844858750
2       37.66848795833
4       37.66848797500
1       37.66848809583
2       37.66850917917
2       37.66854332083
2       37.66854928333
2       37.66855521667
2       37.66862677083
2       37.66864328333
2       37.66872145417
4       37.66872147500
1       37.66872159583
2       37.66885435000
2       37.66890601250
4       37.66890602917
1       37.66890615000
2       37.66918095417
4       37.66918095417
1       37.66918109167
2       37.66919085000
2       37.66923695417
2       37.66933001667
2       37.66937767083
4       37.66937769167
1       37.66937781250
2       37.66943632917
2       37.66950119583
2       37.66950191667
2       37.66966913333
4       37.66966915417
1       37.66966927500
2       37.66972745833
2       37.67000665833
4       37.67000667917
1       37.67000679583
2       37.67005897500
2       37.67017099167
2       37.67018160833
2       37.67026504583
4       37.67026504583
1       37.67026518333
2       37.67044122917
4       37.67044124583
1       37.67044136667
2       37.67045418750
2       37.67050844583
2       37.67054160417
2       37.67054982083
2       37.67070324167
4       37.67070325833
1       37.67070337917
2       37.67076489167
2       37.67095764583
4       37.67095764583
1       37.67095778333
2       37.67109148750
2       37.67110167083
2       37.67110569167
2       37.67117723750
4       37.67117725417
1       37.67117737500
2       37.67139517917
4       37.67139519583
1       37.67139531667
2       37.67148068750
2       37.67157992083
4       37.67157994167
1       37.67158006250
2       37.67161347083
2       37.67166515000
2       37.67175225833
2       37.67194895417
4       37.67194897500
1       37.67194909583
2       37.67200361250
2       37.67208744167
2       37.67209769583
2       37.67214837500
4       37.67214837500
1       37.67214851250
2       37.67220505417
2       37.67221098333
2       37.67225717500
2       37.67226132917
2       37.67233032500
2       37.67246865000
4       37.67246867083
1       37.67246879167
2       37.67256603750
2       37.67258657500
2       37.67261411667
2       37.67273762917
4       37.67273765000
1       37.67273777083
2       37.67286153750
2       37.67286943750
2       37.67288041250
2       37.67297247500
4       37.67297249583
1       37.67297261667
2       37.67308971667
2       37.67336230000
4       37.67336232083
1       37.67336244167
2       37.67365455000
4       37.67365457083
1       37.67365469167
2       37.67370216250
2       37.67392246250
4       37.67392247917
1       37.67392260000
2       37.67404105833
2       37.67419718750
4       37.67419720833
1       37.67419732917
2       37.67431695417
2       37.67447497500
4       37.67447497500
1       37.67447511250
2       37.67448488333
2       37.67458952500
2       37.67469023333
4       37.67469025417
1       37.67469037500
2       37.67470417500
2       37.67489894583
4       37.67489896667
1       37.67489908750
2       37.67490359583
2       37.67490845417
2       37.67509232917
4       37.67509235000
1       37.67509247083
2       37.67527949167
2       37.67529836250
4       37.67529838333
1       37.67529850417
2       37.67542619583
2       37.67543241667
2       37.67546387917
2       37.67551501250
4       37.67551502917
1       37.67551515000
2       37.67562100000
2       37.67575125000
4       37.67575127083
1       37.67575139167
2       37.67588755417
2       37.67593202083
4       37.67593203750
1       37.67593215833
2       37.67605192917
2       37.67612276667
4       37.67612278750
1       37.67612290833
2       37.67619996667
2       37.67631982500
4       37.67631984583
1       37.67631996250
2       37.67650107917
4       37.67650109583
1       37.67650121667
2       37.67654916250
2       37.67668092500
4       37.67668094583
1       37.67668106250
2       37.67669748333
2       37.67678322500
2       37.67678524167
2       37.67683557500
2       37.67688464583
4       37.67688466667
1       37.67688478333
2       37.67729137917
4       37.67729139583
1       37.67729151667
2       37.67740861667
2       37.67756128333
4       37.67756130417
1       37.67756142500
2       37.67757461667
2       37.67774812500
2       37.67778985417
4       37.67778985417
1       37.67778999167
2       37.67785709583
2       37.67802405000
4       37.67802407083
1       37.67802419167
2       37.67806872500
2       37.67839396250
4       37.67839398333
1       37.67839410417
2       37.67841520000
2       37.67851263750
2       37.67854503750
2       37.67862125000
4       37.67862127083
1       37.67862139167
2       37.67865435417
2       37.67867363750
2       37.67874212500
2       37.67875972500
2       37.67877160417
2       37.67882067500
4       37.67882069583
1       37.67882081667
2       37.67882791250
2       37.67889160833
2       37.67908391250
4       37.67908392917
1       37.67908405000
2       37.67941063333
4       37.67941065417
1       37.67941077500
2       37.67944068750
2       37.67948012500
2       37.67948510417
2       37.67954533750
2       37.67960827500
4       37.67960829583
1       37.67960841667
2       37.67965001250
2       37.67971795000
2       37.67985340417
4       37.67985342500
1       37.67985354583
2       37.67995675000
2       37.68011875000
4       37.68011877083
1       37.68011888750
2       37.68031255833
4       37.68031257917
1       37.68031269583
2       37.68039890833
2       37.68044175000
2       37.68051452083
4       37.68051454167
1       37.68051466250
2       37.68097393750
4       37.68097395417
1       37.68097407500
2       37.68104707083
2       37.68105937500
2       37.68110483333
2       37.68113396250
2       37.68118794583
4       37.68118796667
1       37.68118808750
2       37.68144558750
4       37.68144560833
1       37.68144572917
2       37.68156490417
2       37.68180106667
4       37.68180106667
1       37.68180120417
2       37.68193483750
2       37.68221771250
4       37.68221773333
1       37.68221785417
2       37.68235020833
2       37.68239587917
2       37.68242069583
2       37.68242538750
4       37.68242540417
1       37.68242552500
2       37.68243175000
2       37.68251180417
2       37.68274598333
4       37.68274600000
1       37.68274612083
2       37.68293445417
2       37.68295171250
4       37.68295173333
1       37.68295185000
2       37.68301230833
2       37.68304213750
2       37.68312552500
2       37.68316724167
4       37.68316725833
1       37.68316737917
2       37.68337102083
4       37.68337104167
1       37.68337116250
2       37.68347801250
2       37.68354453750
2       37.68357439167
4       37.68357440833
1       37.68357452917
2       37.68362347083
2       37.68377021667
4       37.68377023750
1       37.68377035833
2       37.68379267083
2       37.68379435833
2       37.68380527917
2       37.68381192917
2       37.68387251250
2       37.68388609167
2       37.68389010833
2       37.68394371250
4       37.68394372917
1       37.68394385000
2       37.68406729167
2       37.68408417917
2       37.68415571250
4       37.68415572917
1       37.68415585000
2       37.68419150000
2       37.68428399167
2       37.68446564167
4       37.68446566250
1       37.68446578333
2       37.68464194583
2       37.68475960000
4       37.68475961667
1       37.68475973750
2       37.68531774583
4       37.68531774583
1       37.68531788333
2       37.68564764583
4       37.68564766667
1       37.68564778750
2       37.68595528333
4       37.68595530000
1       37.68595542083
2       37.68602449167
2       37.68617322083
4       37.68617324167
1       37.68617335833
2       37.68619406667
2       37.68620142083
2       37.68620633333
2       37.68639554583
4       37.68639556667
1       37.68639568750
2       37.68660081250
4       37.68660083333
1       37.68660095417
2       37.68672772917
2       37.68677607917
2       37.68725170833
4       37.68725172500
1       37.68725184583
2       37.68733790833
2       37.68744879583
4       37.68744881667
1       37.68744893333
2       37.68762640417
2       37.68785294167
4       37.68785296250
1       37.68785308333
2       37.68785355833
2       37.68806353750
4       37.68806353750
1       37.68806367500
2       37.68821985417
2       37.68829177917
4       37.68829180000
1       37.68829192083
2       37.68833815833
2       37.68841993333
2       37.68850300000
4       37.68850301667
1       37.68850313750
2       37.68875678333
4       37.68875680000
1       37.68875692083
2       37.68881609167
2       37.68891447917
2       37.68898168333
4       37.68898170000
1       37.68898182083
2       37.68910520000
2       37.68981147917
4       37.68981150000
1       37.68981162083
2       37.68993397500
2       37.68997106250
2       37.69008468333
4       37.69008470000
1       37.69008482083
2       37.69015157500
2       37.69017512083
2       37.69024506250
2       37.69024831667
2       37.69035503333
4       37.69035505417
1       37.69035517500
2       37.69047284167
2       37.69056064583
2       37.69057720000
2       37.69059210833
4       37.69059212917
1       37.69059224583
2       37.69065142917
2       37.69066170417
2       37.69073255833
2       37.69094452083
4       37.69094454167
1       37.69094465833
2       37.69115455833
4       37.69115457917
1       37.69115470000
2       37.69116444583
2       37.69126387500
2       37.69150859583
4       37.69150861667
1       37.69150873750
2       37.69155267500
2       37.69159008750
2       37.69164047500
2       37.69184117500
4       37.69184117500
1       37.69184131250
2       37.69185075417
2       37.69185113750
2       37.69188819583
2       37.69197531250
2       37.69198228333
2       37.69209625417
4       37.69209625417
1       37.69209639167
2       37.69218004167
2       37.69232312917
4       37.69232315000
1       37.69232326667
2       37.69236648750
2       37.69247977083
2       37.69251984583
4       37.69251984583
1       37.69251998333
2       37.69253476667
2       37.69276927917
4       37.69276929583
1       37.69276941667
2       37.69278055000
2       37.69311343333
4       37.69311345417
1       37.69311357500
2       37.69361851667
4       37.69361853750
1       37.69361865833
2       37.69369878333
2       37.69391629167
4       37.69391631250
1       37.69391643333
2       37.69400243333
2       37.69404415000
2       37.69417000417
4       37.69417002500
1       37.69417014583
2       37.69425381250
2       37.69443037500
4       37.69443039583
1       37.69443051667
2       37.69448902500
2       37.69463641250
4       37.69463642917
1       37.69463655000
2       37.69477057917
2       37.69498816250
4       37.69498817917
1       37.69498830000
2       37.69517470833
4       37.69517472917
1       37.69517484583
2       37.69575297500
4       37.69575297500
1       37.69575311250
2       37.69575561250
2       37.69579577083
2       37.69589405417
2       37.69607003333
4       37.69607005417
1       37.69607017500
2       37.69610174583
2       37.69615010833
2       37.69618895417
2       37.69640452500
4       37.69640452500
1       37.69640466250
2       37.69640621250
2       37.69641547083
2       37.69644787083
2       37.69656813750
2       37.69668148333
4       37.69668150417
1       37.69668162500
2       37.69676122083
2       37.69676426250
2       37.69698812917
4       37.69698814583
1       37.69698826667
2       37.69711106667
2       37.69711336250
2       37.69723360833
4       37.69723362917
1       37.69723375000
2       37.69723593333
2       37.69768730000
4       37.69768732083
1       37.69768744167
2       37.69781748333
2       37.69788871667
4       37.69788873750
1       37.69788885833
2       37.69793312917
2       37.69807822500
2       37.69813717500
4       37.69813719583
1       37.69813731667
2       37.69815244167
2       37.69824313333
2       37.69831702083
4       37.69831707083
1       37.69831719167
2       37.69835082083
2       37.69863670000
4       37.69863671667
1       37.69863683750
2       37.69895832500
4       37.69895834583
1       37.69895846667
2       37.69909179583
2       37.69918449583
4       37.69918449583
1       37.69918463333
2       37.69926704167
2       37.69927130417
2       37.69930639583
2       37.69977278333
4       37.69977280000
1       37.69977292083
2       37.69978277083
2       37.69980155417
2       37.70005392500
4       37.70005394583
1       37.70005406667
2       37.70012320000
2       37.70014607917
2       37.70022979167
4       37.70022981250
1       37.70022993333
2       37.70037031250
2       37.70043487083
4       37.70043489167
1       37.70043501250
2       37.70046631667
2       37.70090365417
4       37.70090365417
1       37.70090379167
2       37.70092282500
2       37.70103040000
2       37.70118179583
4       37.70118179583
1       37.70118193333
2       37.70133721667
2       37.70142957083
4       37.70142958750
1       37.70142970833
2       37.70148782917
2       37.70149412083
2       37.70189656667
4       37.70189656667
1       37.70189670417
2       37.70198700417
2       37.70203932500
2       37.70226692083
4       37.70226694167
1       37.70226705833
2       37.70252622500
4       37.70252622500
1       37.70252636250
2       37.70263092500
2       37.70264384167
2       37.70265915000
2       37.70266281667
2       37.70275246250
4       37.70275248333
1       37.70275260417
2       37.70284060833
2       37.70304625000
4       37.70304627083
1       37.70304639167
2       37.70310721667
2       37.70322677917
2       37.70330190417
4       37.70330192500
1       37.70330204583
2       37.70342350000
2       37.70347389167
4       37.70347391250
1       37.70347403333
2       37.70353680417
2       37.70359776667
2       37.70363551250
2       37.70394889583
4       37.70394889583
1       37.70394903333
2       37.70395216250
2       37.70396473333
2       37.70406543750
2       37.70419562917
4       37.70419564583
1       37.70419576667
2       37.70420188750
2       37.70437976250
2       37.70446364583
4       37.70446366667
1       37.70446378750
2       37.70466490833
4       37.70466492500
1       37.70466504583
2       37.70466833750
2       37.70476796250
2       37.70488962083
4       37.70488964167
1       37.70488976250
2       37.70565930417
4       37.70565932500
1       37.70565944583
2       37.70575172500
2       37.70579750000
2       37.70589285417
4       37.70589287500
1       37.70589299583
2       37.70598657083
2       37.70630553333
4       37.70630555417
1       37.70630567500
2       37.70634958750
2       37.70641218750
2       37.70647383333
2       37.70653840000
4       37.70653841667
1       37.70653853750
2       37.70657055833
2       37.70664702083
2       37.70675072500
4       37.70675072500
1       37.70675086250
2       37.70697892500
4       37.70697894583
1       37.70697906667
2       37.70705712500
2       37.70713227500
2       37.70730387083
4       37.70730389167
1       37.70730401250
2       37.70754336667
4       37.70754338750
1       37.70754350833
2       37.70757214167
2       37.70771327917
2       37.70773147500
4       37.70773149583
1       37.70773161250
2       37.70775970417
2       37.70790529583
2       37.70792687083
2       37.70801897500
4       37.70801899583
1       37.70801911667
2       37.70821172500
2       37.70828527917
4       37.70828529583
1       37.70828541667
2       37.70830286667
2       37.70842840833
2       37.70852047500
4       37.70852047500
1       37.70852061250
2       37.70871718333
4       37.70871720000
1       37.70871732083
2       37.70871752083
2       37.70883205833
2       37.70889446250
2       37.70896892083
4       37.70896894167
1       37.70896906250
2       37.70906530000
2       37.70914351250
4       37.70914352917
1       37.70914365000
2       37.70922766667
2       37.70931373750
2       37.70943859583
4       37.70943861667
1       37.70943873750
2       37.70952847083
2       37.70964230000
4       37.70964231667
1       37.70964243750
2       37.70972387500
2       37.70973670833
2       37.70980863750
2       37.70991057083
4       37.70991059167
1       37.70991070833
2       37.71000335833
2       37.71004050833
2       37.71012197500
4       37.71012197500
1       37.71012211250
2       37.71025277083
2       37.71065357083
4       37.71065358750
1       37.71065370833
2       37.71077220833
2       37.71088183750
4       37.71088185833
1       37.71088197917
2       37.71093116667
2       37.71093477500
2       37.71115237083
4       37.71115238750
1       37.71115250833
2       37.71115470000
2       37.71118617917
2       37.71126962500
2       37.71129523333
2       37.71140645417
4       37.71140647500
1       37.71140659583
2       37.71160316250
4       37.71160317917
1       37.71160330000
2       37.71165026250
2       37.71165784583
2       37.71166645417
2       37.71168498750
2       37.71182420417
4       37.71182422500
1       37.71182434583
2       37.71188615417
2       37.71192916250
2       37.71201192083
4       37.71201194167
1       37.71201206250
2       37.71203378750
2       37.71209406667
2       37.71224506667
4       37.71224506667
1       37.71224520417
2       37.71248459167
4       37.71248460833
1       37.71248472917
2       37.71258302917
2       37.71274591250
4       37.71274592917
1       37.71274605000
2       37.71296651250
4       37.71296652917
1       37.71296665000
2       37.71298282083
2       37.71318317083
4       37.71318318750
1       37.71318330833
2       37.71328288333
2       37.71328850000
2       37.71333711667
2       37.71346365833
4       37.71346367500
1       37.71346379583
2       37.71353693333
2       37.71361901250
2       37.71375747917
4       37.71375749583
1       37.71375761667
2       37.71377634583
2       37.71382240833
2       37.71398568333
4       37.71398570417
1       37.71398582500
2       37.71403808333
2       37.71451433750
4       37.71451435833
1       37.71451447917
2       37.71452270833
2       37.71467964583
2       37.71474430417
4       37.71474432083
1       37.71474444167
2       37.71479917500
2       37.71482268750
2       37.71496315000
4       37.71496316667
1       37.71496328750
2       37.71498633750
2       37.71500486667
2       37.71539772500
4       37.71539774583
1       37.71539786667
2       37.71540505000
2       37.71556040000
2       37.71559477083
2       37.71563848750
4       37.71563850417
1       37.71563862500
2       37.71574955417
2       37.71577967917
2       37.71578987083
2       37.71594491667
4       37.71594493750
1       37.71594505417
2       37.71624733750
4       37.71624735417
1       37.71624747500
2       37.71634798333
2       37.71637286667
2       37.71640662500
2       37.71644208750
4       37.71644208750
1       37.71644222500
2       37.71670813333
4       37.71670815417
1       37.71670827500
2       37.71671776250
2       37.71696444167
4       37.71696445833
1       37.71696457917
2       37.71703133750
2       37.71709460417
2       37.71710126250
2       37.71714896667
4       37.71714898750
1       37.71714910833
2       37.71715522917
2       37.71740140417
4       37.71740142500
1       37.71740154583
2       37.71746754583
2       37.71748210000
2       37.71770039583
4       37.71770041667
1       37.71770053750
2       37.71784353750
2       37.71789092917
4       37.71789094583
1       37.71789106667
2       37.71789817500
2       37.71806948750
4       37.71806950417
1       37.71806962500
2       37.71820820000
2       37.71821648333
2       37.71828705417
4       37.71828707500
1       37.71828719583
2       37.71846853750
4       37.71846855833
1       37.71846867500
2       37.71849930833
2       37.71857787083
2       37.71861888750
2       37.71862092917
2       37.71879708333
4       37.71879710417
1       37.71879722500
2       37.71881165833
2       37.71891233333
2       37.71893232083
2       37.71901629583
4       37.71901631667
1       37.71901643750
2       37.71902269167
2       37.71912607500
2       37.71913690833
2       37.71913730000
2       37.71932769583
4       37.71932771667
1       37.71932783750
2       37.71935095417
2       37.71935288333
2       37.71937975833
2       37.71940030833
2       37.71951161667
4       37.71951161667
1       37.71951175417
2       37.71964475000
2       37.71967814583
2       37.71968545000
2       37.71973942083
4       37.71973943750
1       37.71973955833
2       37.71979738750
2       37.71995705000
4       37.71995706667
1       37.71995718750
2       37.71996335000
2       37.71998331250
2       37.72000144167
2       37.72001108333
2       37.72021742917
4       37.72021745000
1       37.72021757083
2       37.72043802083
4       37.72043804167
1       37.72043816250
2       37.72058940833
2       37.72060955417
4       37.72060955417
1       37.72060969167
2       37.72069173333
2       37.72069568333
2       37.72087786250
4       37.72087787917
1       37.72087800000
2       37.72098428333
2       37.72105777083
4       37.72105779167
1       37.72105791250
2       37.72112830833
2       37.72126371250
4       37.72126373333
1       37.72126385417
2       37.72142211250
2       37.72144463333
2       37.72147969583
4       37.72147969583
1       37.72147983333
2       37.72148436250
2       37.72150486667
2       37.72161814583
2       37.72164797917
2       37.72166355417
4       37.72166355417
1       37.72166369167
2       37.72168303750
2       37.72171453750
2       37.72201262500
4       37.72201264583
1       37.72201276667
2       37.72209774583
2       37.72215310417
2       37.72261285000
4       37.72261286667
1       37.72261298750
2       37.72276620833
2       37.72279905417
4       37.72279905417
1       37.72279919167
2       37.72287053750
2       37.72288850000
2       37.72300268750
4       37.72300270417
1       37.72300282500
2       37.72300407083
2       37.72325639167
4       37.72325640833
1       37.72325652917
2       37.72332133750
2       37.72346175417
4       37.72346177500
1       37.72346189583
2       37.72348366250
2       37.72355850417
2       37.72378903333
4       37.72378905000
1       37.72378917083
2       37.72404704167
4       37.72404705833
1       37.72404717917
2       37.72415777917
2       37.72492381667
4       37.72492383750
1       37.72492395833
2       37.72526966250
4       37.72526967917
1       37.72526980000
2       37.72532493750
2       37.72536107083
2       37.72544950833
2       37.72562633750
4       37.72562635833
1       37.72562647917
2       37.72647991250
4       37.72647993333
1       37.72648005417
2       37.72653094583
2       37.72658491250
2       37.72678430417
4       37.72678432500
1       37.72678444583
2       37.72683198750
2       37.72698966667
2       37.72715300833
4       37.72715302500
1       37.72715314583
2       37.72726234167
2       37.72738382083
4       37.72738384167
1       37.72738395833
2       37.72744780833
2       37.72745910000
2       37.72752856250
2       37.72765780000
4       37.72765782083
1       37.72765793750
2       37.72768660000
2       37.72769858750
2       37.72790488333
4       37.72790490417
1       37.72790502500
2       37.72802840000
2       37.72813342083
4       37.72813344167
1       37.72813355833
2       37.72817781667
2       37.72825225417
2       37.72830602500
2       37.72842420833
4       37.72842422917
1       37.72842435000
2       37.72846633750
2       37.72856562500
2       37.72857490000
2       37.72870939167
4       37.72870940833
1       37.72870952917
2       37.72880376250
2       37.72894027917
4       37.72894030000
1       37.72894042083
2       37.72902406250
2       37.72905858333
2       37.72916059583
4       37.72916061667
1       37.72916073750
2       37.72939303750
4       37.72939305417
1       37.72939317500
2       37.72949674167
2       37.72954115000
2       37.72972100417
4       37.72972100417
1       37.72972114167
2       37.72973820833
2       37.73004989167
4       37.73004990833
1       37.73005002917
2       37.73005348333
2       37.73006409583
2       37.73021945417
2       37.73034435833
4       37.73034437917
1       37.73034450000
2       37.73043944583
2       37.73044012917
2       37.73046489583
2       37.73050065833
2       37.73067430417
4       37.73067432500
1       37.73067444167
2       37.73077559583
2       37.73084223333
2       37.73086299583
4       37.73086301667
1       37.73086313750
2       37.73087592917
2       37.73089049583
2       37.73092502083
2       37.73093295000
2       37.73094781667
2       37.73097465417
2       37.73105052083
4       37.73105054167
1       37.73105066250
2       37.73145330000
4       37.73145332083
1       37.73145344167
2       37.73148846250
2       37.73189817917
4       37.73189819583
1       37.73189831667
2       37.73227806250
4       37.73227808333
1       37.73227820417
2       37.73238409583
2       37.73239227917
2       37.73241292917
2       37.73246850833
2       37.73257715417
4       37.73257715417
1       37.73257729167
2       37.73264404167
2       37.73269437083
2       37.73285369167
4       37.73285370833
1       37.73285382917
2       37.73286105833
2       37.73303560000
2       37.73319690833
4       37.73319692917
1       37.73319705000
2       37.73329418333
2       37.73341752917
4       37.73341754583
1       37.73341766667
2       37.73366122500
4       37.73366122500
1       37.73366136250
2       37.73382323750
2       37.73385202500
4       37.73385202500
1       37.73385216250
2       37.73388383333
2       37.73412687500
4       37.73412687500
1       37.73412701250
2       37.73413918750
2       37.73423857500
2       37.73442942500
4       37.73442944583
1       37.73442956667
2       37.73446092500
2       37.73454269583
2       37.73501438333
4       37.73501440000
1       37.73501452083
2       37.73524317500
4       37.73524319583
1       37.73524331667
2       37.73532232500
2       37.73536639583
2       37.73554096250
4       37.73554097917
1       37.73554110000
2       37.73563942083
2       37.73564831250
2       37.73584467917
4       37.73584470000
1       37.73584482083
2       37.73586391667
2       37.73615705417
4       37.73615705417
1       37.73615719167
2       37.73628398333
2       37.73639416250
4       37.73639418333
1       37.73639430417
2       37.73655745833
2       37.73658299583
2       37.73660781667
4       37.73660781667
1       37.73660795417
2       37.73707589583
4       37.73707589583
1       37.73707603333
2       37.73708736667
2       37.73715376667
2       37.73721769583
2       37.73724379583
2       37.73726739167
4       37.73726740833
1       37.73726752917
2       37.73743332917
2       37.73775750833
4       37.73775752917
1       37.73775765000
2       37.73782440417
2       37.73820003333
4       37.73820005417
1       37.73820017500
2       37.73824677083
2       37.73842031250
4       37.73842032917
1       37.73842045000
2       37.73845150833
2       37.73852730833
2       37.73869991250
4       37.73869993333
1       37.73870005417
2       37.73871582500
2       37.73874722500
2       37.73877117500
2       37.73886480833
2       37.73888110833
4       37.73888112500
1       37.73888124583
2       37.73925342083
4       37.73925343750
1       37.73925355833
2       37.73944682917
4       37.73944684583
1       37.73944696667
2       37.73945350833
2       37.73957431667
2       37.73959122083
2       37.73973234167
4       37.73973235833
1       37.73973247917
2       37.73996614583
4       37.73996616667
1       37.73996628750
2       37.73999564167
2       37.74003312083
2       37.74011090000
2       37.74012546250
2       37.74019105833
4       37.74019107500
1       37.74019119583
2       37.74035434167
2       37.74062533750
4       37.74062535833
1       37.74062547917
2       37.74067064167
2       37.74081872500
4       37.74081874583
1       37.74081886667
2       37.74082636667
2       37.74097707083
2       37.74127454583
4       37.74127456667
1       37.74127468333
2       37.74136293750
2       37.74149708333
4       37.74149710417
1       37.74149722500
2       37.74150207917
2       37.74151165417
2       37.74213037917
4       37.74213040000
1       37.74213052083
2       37.74213872500
2       37.74217675417
2       37.74228578333
2       37.74236091667
4       37.74236093750
1       37.74236105833
2       37.74255000417
2       37.74269552083
4       37.74269554167
1       37.74269566250
2       37.74283757500
2       37.74308766667
4       37.74308766667
1       37.74308780417
2       37.74322773333
2       37.74330328333
4       37.74330330000
1       37.74330342083
2       37.74333144583
2       37.74341061250
2       37.74372224167
4       37.74372225833
1       37.74372237917
2       37.74400182917
4       37.74400184583
1       37.74400196667
2       37.74405654167
2       37.74407230417
2       37.74423395833
4       37.74423397500
1       37.74423409583
2       37.74440588333
4       37.74440590000
1       37.74440602083
2       37.74489015833
4       37.74489017917
1       37.74489029583
2       37.74489047917
2       37.74491170417
2       37.74501634583
2       37.74506475417
2       37.74506514583
2       37.74517829583
4       37.74517829583
1       37.74517843333
2       37.74520055000
2       37.74521576250
2       37.74529668750
2       37.74538600417
4       37.74538602500
1       37.74538614583
2       37.74549501250
2       37.74572944167
4       37.74572946250
1       37.74572958333
2       37.74578018750
2       37.74594347083
4       37.74594348750
1       37.74594360833
2       37.74594884167
2       37.74594981667
2       37.74600906250
2       37.74607365417
2       37.74607792500
2       37.74614949167
4       37.74614950833
1       37.74614962917
2       37.74641382500
4       37.74641384583
1       37.74641396250
2       37.74653307083
2       37.74662454167
4       37.74662456250
1       37.74662468333
2       37.74663695000
2       37.74666948750
2       37.74699642917
4       37.74699644583
1       37.74699656667
2       37.74699677500
2       37.74700267917
2       37.74722635000
4       37.74722636667
1       37.74722648750
2       37.74740551250
4       37.74740553333
1       37.74740565000
2       37.74741048750
2       37.74743600417
2       37.74746783333
2       37.74749332500
2       37.74777516250
4       37.74777517917
1       37.74777530000
2       37.74779333750
2       37.74780030417
2       37.74799071667
4       37.74799073750
1       37.74799085833
2       37.74812793333
2       37.74829423750
4       37.74829425417
1       37.74829437500
2       37.74829724167
2       37.74852939583
4       37.74852941667
1       37.74852953333
2       37.74855492083
2       37.74860423750
2       37.74863864167
2       37.74886591667
4       37.74886591667
1       37.74886605417
2       37.74892976667
2       37.74901170833
2       37.74908116250
4       37.74908117917
1       37.74908130000
2       37.74920504583
2       37.74926770833
2       37.74927429167
2       37.74944426667
4       37.74944428750
1       37.74944440833
2       37.74952807083
2       37.74956801250
2       37.74962806667
2       37.74970385417
4       37.74970385417
1       37.74970399167
2       37.74980560000
2       37.75016197083
4       37.75016198750
1       37.75016210833
2       37.75018415417
2       37.75024975417
2       37.75038817083
4       37.75038819167
1       37.75038831250
2       37.75063953750
4       37.75063955417
1       37.75063967500
2       37.75067770833
2       37.75074490833
2       37.75085752083
4       37.75085754167
1       37.75085766250
2       37.75088756250
2       37.75099270833
2       37.75141135417
4       37.75141137500
1       37.75141149167
2       37.75142385417
2       37.75149918333
2       37.75162703750
4       37.75162705417
1       37.75162717500
2       37.75164419167
2       37.75167765000
2       37.75171645000
2       37.75176211250
2       37.75178663333
2       37.75186441250
4       37.75186443333
1       37.75186455417
2       37.75191912083
2       37.75197346667
2       37.75201120000
2       37.75226130833
4       37.75226132917
1       37.75226145000
2       37.75244175417
4       37.75244177500
1       37.75244189583
2       37.75245605417
2       37.75264647917
4       37.75264649583
1       37.75264661667
2       37.75269089167
2       37.75377340000
4       37.75377341667
1       37.75377353750
2       37.75413142500
4       37.75413142500
1       37.75413156250
2       37.75413836667
2       37.75429168333
2       37.75444312083
4       37.75444313750
1       37.75444325833
2       37.75445700833
2       37.75446631667
2       37.75452458750
2       37.75457260417
2       37.75459273333
2       37.75473588333
4       37.75473590417
1       37.75473602500
2       37.75483425417
2       37.75493727083
2       37.75494357083
2       37.75507935417
4       37.75507935417
1       37.75507949167
2       37.75532910833
4       37.75532912500
1       37.75532924583
2       37.75536824167
2       37.75540406250
2       37.75543710833
2       37.75546193333
2       37.75556859167
4       37.75556861250
1       37.75556872917
2       37.75578452917
4       37.75578454583
1       37.75578466667
2       37.75580074583
2       37.75583488333
2       37.75604690000
4       37.75604692083
1       37.75604704167
2       37.75608430833
2       37.75610317917
2       37.75630852917
4       37.75630855000
1       37.75630867083
2       37.75632646667
2       37.75638443333
2       37.75639142083
2       37.75643475417
2       37.75651696667
4       37.75651696667
1       37.75651710417
2       37.75721782500
4       37.75721784583
1       37.75721796667
2       37.75722535000
2       37.75723862083
2       37.75729704167
2       37.75746649167
4       37.75746650833
1       37.75746662917
2       37.75748935833
2       37.75755226250
2       37.75759502500
2       37.75759634583
2       37.75777487917
4       37.75777489583
1       37.75777501667
2       37.75787126667
2       37.75805573333
4       37.75805575417
1       37.75805587500
2       37.75832008750
4       37.75832010417
1       37.75832022500
2       37.75832207083
2       37.75839957500
2       37.75854630417
4       37.75854632500
1       37.75854644167
2       37.75861857083
2       37.75884243750
4       37.75884243750
1       37.75884257500
2       37.75886433750
2       37.75887779167
2       37.75902131667
2       37.75903085417
2       37.75907960833
4       37.75907962500
1       37.75907974583
2       37.75908090833
2       37.75925157083
2       37.75925222500
4       37.75925227917
1       37.75925239583
2       37.75931779167
2       37.75966683333
4       37.75966685417
1       37.75966697083
2       37.75969642917
2       37.75984937500
4       37.75984937500
1       37.75984951250
2       37.75995601250
2       37.76001068333
2       37.76029818333
4       37.76029820417
1       37.76029832500
2       37.76039852917
2       37.76046578333
4       37.76046580417
1       37.76046592500
2       37.76050387917
2       37.76059070000
2       37.76067951667
4       37.76067953750
1       37.76067965833
2       37.76075957917
2       37.76084733750
2       37.76086002917
2       37.76120279583
4       37.76120281667
1       37.76120293750
2       37.76131806250
2       37.76140921250
4       37.76140922917
1       37.76140935000
2       37.76144916250
2       37.76145025833
2       37.76148099583
2       37.76157177083
2       37.76157927917
2       37.76177280833
4       37.76177282500
1       37.76177294583
2       37.76178474583
2       37.76180591250
2       37.76185393333
2       37.76187512917
2       37.76199542083
4       37.76199543750
1       37.76199555833
2       37.76207524583
2       37.76213424167
2       37.76220867917
2       37.76223387917
4       37.76223389583
1       37.76223401667
2       37.76225645000
2       37.76257363333
4       37.76257365000
1       37.76257377083
2       37.76277714167
4       37.76277715833
1       37.76277727917
2       37.76281879167
2       37.76299239583
4       37.76299241667
1       37.76299253750
2       37.76310266667
2       37.76316296250
2       37.76341038333
4       37.76341040000
1       37.76341052083
2       37.76349917917
2       37.76354054167
2       37.76368270000
4       37.76368271667
1       37.76368283750
2       37.76379561667
2       37.76400660000
4       37.76400661667
1       37.76400673750
2       37.76425963750
4       37.76425965833
1       37.76425977917
2       37.76446275417
4       37.76446277500
1       37.76446289167
2       37.76449739583
2       37.76450249583
2       37.76456180833
2       37.76469890833
4       37.76469892500
1       37.76469904583
2       37.76473231667
2       37.76493922917
4       37.76493925000
1       37.76493936667
2       37.76528743333
4       37.76528745000
1       37.76528757083
2       37.76534051250
2       37.76538613333
2       37.76547035417
4       37.76547035417
1       37.76547049167
2       37.76548252917
2       37.76565481250
4       37.76565482917
1       37.76565495000
2       37.76600950833
4       37.76600952500
1       37.76600964583
2       37.76608108750
2       37.76611724167
2       37.76620655000
4       37.76620656667
1       37.76620668750
2       37.76647919167
4       37.76647920833
1       37.76647932917
2       37.76664086250
2       37.76671507500
4       37.76671509583
1       37.76671521667
2       37.76693196667
4       37.76693198750
1       37.76693210833
2       37.76697381667
2       37.76720295833
4       37.76720297917
1       37.76720310000
2       37.76722614167
2       37.76724000833
2       37.76724466667
2       37.76734378333
2       37.76748142917
4       37.76748145000
1       37.76748157083
2       37.76767455833
4       37.76767457917
1       37.76767470000
2       37.76768456250
2       37.76771432500
2       37.76775607917
2       37.76776039167
2       37.76788995000
4       37.76788997083
1       37.76789009167
2       37.76791115000
2       37.76791605833
2       37.76794718750
2       37.76796947917
2       37.76798891667
2       37.76810616250
4       37.76810618333
1       37.76810630417
2       37.76814822917
2       37.76830662083
4       37.76830664167
1       37.76830676250
2       37.76836426667
2       37.76845904167
2       37.76856102083
4       37.76856104167
1       37.76856116250
2       37.76858912917
2       37.76860675000
2       37.76872524167
2       37.76890420833
4       37.76890422500
1       37.76890434583
2       37.76890644583
2       37.76918897500
4       37.76918899583
1       37.76918911667
2       37.76946587917
4       37.76946590000
1       37.76946602083
2       37.76954605833
2       37.76971099167
4       37.76971101250
1       37.76971113333
2       37.76981268333
2       37.76991665000
4       37.76991666667
1       37.76991678750
2       37.77022208750
4       37.77022210833
1       37.77022222917
2       37.77027178333
2       37.77047013333
4       37.77047015000
1       37.77047027083
2       37.77062749167
2       37.77066990417
2       37.77069903750
4       37.77069905417
1       37.77069917500
2       37.77084249583
2       37.77086336250
2       37.77095550833
4       37.77095552917
1       37.77095565000
2       37.77099445833
2       37.77104522917
2       37.77114585417
4       37.77114587083
1       37.77114599167
2       37.77126715000
2       37.77128231667
2       37.77157818750
4       37.77157820417
1       37.77157832500
2       37.77175596667
4       37.77175598750
1       37.77175610833
2       37.77178510833
2       37.77183810833
2       37.77189407917
2       37.77223427500
4       37.77223429583
1       37.77223441250
2       37.77226142083
2       37.77236246250
2       37.77247313333
4       37.77247315000
1       37.77247327083
2       37.77260755417
2       37.77261592500
2       37.77266522500
4       37.77266524583
1       37.77266536667
2       37.77269771667
2       37.77280531250
2       37.77288448750
4       37.77288450417
1       37.77288462500
2       37.77301696667
2       37.77305240833
2       37.77311135417
4       37.77311137500
1       37.77311149167
2       37.77317035000
2       37.77317162083
2       37.77334791667
4       37.77334791667
1       37.77334805417
2       37.77346311250
2       37.77363537917
4       37.77363540000
1       37.77363552083
2       37.77395695417
4       37.77395695417
1       37.77395709167
2       37.77405930000
2       37.77418822500
4       37.77418824583
1       37.77418836667
2       37.77428459583
2       37.77450057500
4       37.77450059583
1       37.77450071667
2       37.77453566667
2       37.77471755417
4       37.77471755417
1       37.77471769167
2       37.77491487917
2       37.77548530833
4       37.77548532917
1       37.77548545000
2       37.77550378750
2       37.77555586250
2       37.77559096250
2       37.77568104167
4       37.77568106250
1       37.77568117917
2       37.77579632083
2       37.77579992917
2       37.77586915833
4       37.77586917917
1       37.77586930000
2       37.77588843333
2       37.77594603750
2       37.77598020000
2       37.77600199583
2       37.77603020833
2       37.77610967917
4       37.77610969583
1       37.77610981667
2       37.77613786250
2       37.77630301250
4       37.77630302917
1       37.77630315000
2       37.77634478333
2       37.77636772500
2       37.77649380833
4       37.77649382500
1       37.77649394583
2       37.77667268333
4       37.77667270000
1       37.77667282083
2       37.77668070417
2       37.77668701250
2       37.77669720417
2       37.77675255833
2       37.77680858333
2       37.77693414583
4       37.77693414583
1       37.77693428333
2       37.77698942083
2       37.77725963333
4       37.77725965000
1       37.77725977083
2       37.77727394167
2       37.77733785000
2       37.77746274583
4       37.77746276667
1       37.77746288750
2       37.77755155417
2       37.77758923750
2       37.77762928333
2       37.77769554583
4       37.77769554583
1       37.77769568333
2       37.77776610417
2       37.77780257083
2       37.77784056667
2       37.77784301250
2       37.77784397083
2       37.77787149167
2       37.77788466250
2       37.77788505833
2       37.77800388333
4       37.77800390000
1       37.77800402083
2       37.77808943333
2       37.77809096667
2       37.77812810000
2       37.77823709583
4       37.77823709583
1       37.77823723333
2       37.77827383750
2       37.77837322083
2       37.77843450417
4       37.77843452500
1       37.77843464167
2       37.77850770417
2       37.77852263333
2       37.77852822917
2       37.77858262083
2       37.77872132083
4       37.77872134167
1       37.77872146250
2       37.77893304583
4       37.77893306667
1       37.77893318750
2       37.77895022500
2       37.77905559167
2       37.77917210833
4       37.77917212917
1       37.77917225000
2       37.77921651667
2       37.77937582083
4       37.77937584167
1       37.77937595833
2       37.77955704167
4       37.77955705833
1       37.77955717917
2       37.77958945833
2       37.77960237917
2       37.77966533333
2       37.77982035000
4       37.77982036667
1       37.77982048750
2       37.77983561250
2       37.77984982917
2       37.78002213333
4       37.78002215417
1       37.78002227500
2       37.78009294583
2       37.78037354167
4       37.78037355833
1       37.78037367917
2       37.78039302500
2       37.78046222917
2       37.78081270833
4       37.78081272917
1       37.78081285000
2       37.78093695417
2       37.78100743750
2       37.78109591250
4       37.78109593333
1       37.78109605417
2       37.78128703750
4       37.78128705417
1       37.78128717500
2       37.78133472917
2       37.78145265417
2       37.78176731667
4       37.78176731667
1       37.78176745417
2       37.78186532500
2       37.78217504167
4       37.78217506250
1       37.78217518333
2       37.78226845833
2       37.78249574167
4       37.78249576250
1       37.78249588333
2       37.78250526250
2       37.78256392083
2       37.78272125417
4       37.78272127500
1       37.78272139583
2       37.78293393333
4       37.78293395000
1       37.78293407083
2       37.78318926250
4       37.78318928333
1       37.78318940417
2       37.78323271250
2       37.78336281250
2       37.78340465833
4       37.78340467917
1       37.78340480000
2       37.78347349167
2       37.78387163333
4       37.78387165000
1       37.78387177083
2       37.78398162083
2       37.78412499167
4       37.78412501250
1       37.78412513333
2       37.78421009583
2       37.78439187500
4       37.78439189583
1       37.78439201667
2       37.78451559583
2       37.78457510000
4       37.78457512083
1       37.78457524167
2       37.78473152917
2       37.78490942083
4       37.78490944167
1       37.78490956250
2       37.78497792083
2       37.78498255000
2       37.78515395833
4       37.78515397917
1       37.78515410000
2       37.78523355833
2       37.78525947917
2       37.78541806250
4       37.78541808333
1       37.78541820000
2       37.78542900417
2       37.78547269583
2       37.78547895833
2       37.78556782500
2       37.78572710417
4       37.78572712500
1       37.78572724583
2       37.78589576667
2       37.78602524583
4       37.78602524583
1       37.78602538333
2       37.78619843750
2       37.78657044167
4       37.78657045833
1       37.78657057917
2       37.78662452083
2       37.78675698750
2       37.78698974167
4       37.78698976250
1       37.78698988333
2       37.78702448750
2       37.78709640000
2       37.78713413750
2       37.78725511250
4       37.78725513333
1       37.78725525417
2       37.78735320833
2       37.78741249167
2       37.78745154583
2       37.78747142083
4       37.78747144167
1       37.78747156250
2       37.78754657917
2       37.78767806667
4       37.78767806667
1       37.78767820417
2       37.78768995833
2       37.78775150417
2       37.78783668750
2       37.78790066250
4       37.78790067917
1       37.78790080000
2       37.78794566667
2       37.78800337500
2       37.78809274167
2       37.78842618750
4       37.78842620833
1       37.78842632917
2       37.78849887500
2       37.78850380000
2       37.78861310000
2       37.78880820833
4       37.78880822917
1       37.78880835000
2       37.78913313750
4       37.78913315417
1       37.78913327500
2       37.78940531250
4       37.78940533333
1       37.78940545000
2       37.78956577917
2       37.78961305833
2       37.78963030833
2       37.78978662500
4       37.78978662500
1       37.78978676250
2       37.78983936667
2       37.79010230000
4       37.79010231667
1       37.79010243750
2       37.79071076250
4       37.79071078333
1       37.79071090417
2       37.79087801250
2       37.79092640000
4       37.79092642083
1       37.79092654167
2       37.79093932083
2       37.79106484167
2       37.79108036667
2       37.79113245000
4       37.79113247083
1       37.79113258750
2       37.79127613750
2       37.79135470000
2       37.79143018750
4       37.79143020833
1       37.79143032917
2       37.79150572500
2       37.79162835833
4       37.79162837500
1       37.79162849583
2       37.79174485833
2       37.79175586250
2       37.79178788750
2       37.79180977500
2       37.79188030417
4       37.79188032500
1       37.79188044583
2       37.79203332083
2       37.79215751667
4       37.79215753750
1       37.79215765833
2       37.79217177083
2       37.79224402917
2       37.79251463750
4       37.79251463750
1       37.79251477500
2       37.79257230000
2       37.79296904583
4       37.79296904583
1       37.79296918333
2       37.79298437083
2       37.79299291250
2       37.79301310833
2       37.79306578333
2       37.79315357917
4       37.79315359583
1       37.79315371667
2       37.79324234167
2       37.79357396667
4       37.79357396667
1       37.79357410417
2       37.79376830000
2       37.79387967500
4       37.79387969583
1       37.79387981667
2       37.79404728750
2       37.79405223750
2       37.79425793750
4       37.79425795417
1       37.79425807500
2       37.79426422917
2       37.79437650417
2       37.79445533750
2       37.79453712500
4       37.79453714583
1       37.79453726667
2       37.79457757500
2       37.79503824167
4       37.79503826250
1       37.79503838333
2       37.79507903333
2       37.79530955000
4       37.79530956667
1       37.79530968750
2       37.79542938750
2       37.79557182083
4       37.79557183750
1       37.79557195833
2       37.79574277500
2       37.79584011250
4       37.79584013333
1       37.79584025417
2       37.79584278750
2       37.79586276250
2       37.79628401250
4       37.79628402917
1       37.79628415000
2       37.79637533750
2       37.79638342500
2       37.79638602083
2       37.79646556250
4       37.79646557917
1       37.79646570000
2       37.79670497083
4       37.79670499167
1       37.79670510833
2       37.79672782500
2       37.79681762083
2       37.79687023333
2       37.79702560000
4       37.79702561667
1       37.79702573750
2       37.79715775417
2       37.79715974167
2       37.79721970833
4       37.79721972917
1       37.79721985000
2       37.79727868333
2       37.79728231667
2       37.79736250000
2       37.79754302083
4       37.79754304167
1       37.79754316250
2       37.79759703333
2       37.79763172917
2       37.79776585833
4       37.79776587500
1       37.79776599583
2       37.79781587500
2       37.79845686250
4       37.79845688333
1       37.79845700000
2       37.79864227917
2       37.79880429583
4       37.79880431667
1       37.79880443750
2       37.79883736667
2       37.79884799583
2       37.79887712083
2       37.79899074167
2       37.79902223750
2       37.79928990000
4       37.79928992083
1       37.79929004167
2       37.79939315833
2       37.79940185417
2       37.79941234167
2       37.79941704583
2       37.79983645000
4       37.79983646667
1       37.79983658750
2       37.79984539167
2       37.80004674167
4       37.80004675833
1       37.80004687917
2       37.80006260417
2       37.80009805417
2       37.80024344583
4       37.80024346667
1       37.80024358750
2       37.80047760833
4       37.80047762500
1       37.80047774583
2       37.80052502917
2       37.80060375000
2       37.80066116667
2       37.80070020833
2       37.80071223750
4       37.80071223750
1       37.80071237500
2       37.80071311250
2       37.80071875417
2       37.80075030833
2       37.80085917917
2       37.80094305417
4       37.80094305417
1       37.80094319167
2       37.80104832083
2       37.80116764167
4       37.80116766250
1       37.80116777917
2       37.80120328750
2       37.80138292917
4       37.80138295000
1       37.80138306667
2       37.80147665833
2       37.80167266250
4       37.80167268333
1       37.80167280417
2       37.80186374167
4       37.80186375833
1       37.80186387917
2       37.80197077917
2       37.80199630833
2       37.80211751667
4       37.80211751667
1       37.80211765417
2       37.80222880833
2       37.80223381250
2       37.80252724167
4       37.80252725833
1       37.80252737917
2       37.80269425833
2       37.80283438750
4       37.80283438750
1       37.80283452500
2       37.80284557083
2       37.80287140000
2       37.80301979583
4       37.80301979583
1       37.80301993333
2       37.80304892500
2       37.80324005000
4       37.80324007083
1       37.80324019167
2       37.80335565833
2       37.80355048750
4       37.80355050417
1       37.80355062500
2       37.80360809167
2       37.80379385417
4       37.80379387083
1       37.80379399167
2       37.80392742917
2       37.80400818750
2       37.80426550000
4       37.80426552083
1       37.80426564167
2       37.80441890000
2       37.80454235833
4       37.80454237500
1       37.80454249583
2       37.80461597500
2       37.80462633750
2       37.80484313750
4       37.80484315417
1       37.80484327500
2       37.80487566250
2       37.80488191667
2       37.80525159583
4       37.80525159583
1       37.80525173333
2       37.80526885000
2       37.80552050000
4       37.80552052083
1       37.80552064167
2       37.80563617083
2       37.80564774583
2       37.80568090833
2       37.80595480833
4       37.80595482917
1       37.80595495000
2       37.80601041250
2       37.80642380417
4       37.80642382500
1       37.80642394583
2       37.80653935833
2       37.80674180417
4       37.80674180417
1       37.80674194167
2       37.80682300833
2       37.80721443750
4       37.80721445833
1       37.80721457917
2       37.80867552500
4       37.80867552500
1       37.80867566250
2       37.80868939583
2       37.80872517083
2       37.80889040833
4       37.80889042500
1       37.80889054583
2       37.80890504167
2       37.80892154583
2       37.80895767083
2       37.80897566250
2       37.80926650000
4       37.80926652083
1       37.80926664167
2       37.80928657917
2       37.80984061250
4       37.80984063333
1       37.80984075417
2       37.81016833750
4       37.81016835417
1       37.81016847500
2       37.81021468750
2       37.81025584583
2       37.81048694167
4       37.81048696250
1       37.81048708333
2       37.81070061667
4       37.81070063750
1       37.81070075833
2       37.81072740417
2       37.81088615000
4       37.81088616667
1       37.81088628750
2       37.81089766250
2       37.81091853750
2       37.81099344583
2       37.81137561250
4       37.81137563333
1       37.81137575000
2       37.81139554583
2       37.81144390833
2       37.81170356250
4       37.81170357917
1       37.81170370000
2       37.81172151667
2       37.81188645833
4       37.81188647500
1       37.81188659583
2       37.81188838750
2       37.81205462917
2       37.81213590000
4       37.81213592083
1       37.81213604167
2       37.81229445833
2       37.81233160417
4       37.81233162500
1       37.81233174583
2       37.81243624583
2       37.81254420000
4       37.81254421667
1       37.81254433750
2       37.81262834583
2       37.81283041667
4       37.81283043750
1       37.81283055833
2       37.81290525833
2       37.81291150833
2       37.81292684583
2       37.81306893333
4       37.81306895417
1       37.81306907500
2       37.81316059167
2       37.81322027083
2       37.81343552917
4       37.81343555000
1       37.81343567083
2       37.81344182083
2       37.81344810833
2       37.81348623750
2       37.81349253333
2       37.81354027500
2       37.81364095000
4       37.81364097083
1       37.81364109167
2       37.81375650833
2       37.81385355000
4       37.81385356667
1       37.81385368750
2       37.81388244583
2       37.81392051667
2       37.81396522917
2       37.81413147917
4       37.81413150000
1       37.81413162083
2       37.81415825833
2       37.81426460833
2       37.81431137917
4       37.81431140000
1       37.81431152083
2       37.81432685417
2       37.81446632083
2       37.81449316250
2       37.81450547917
2       37.81452195417
4       37.81452197500
1       37.81452209167
2       37.81478170417
4       37.81478170417
1       37.81478184167
2       37.81485117083
2       37.81505526667
4       37.81505526667
1       37.81505540417
2       37.81538610833
4       37.81538612500
1       37.81538624583
2       37.81581208750
4       37.81581210417
1       37.81581222500
2       37.81584625000
2       37.81593562500
2       37.81622972917
4       37.81622975000
1       37.81622987083
2       37.81628512500
2       37.81634802500
2       37.81663625833
4       37.81663627917
1       37.81663640000
2       37.81665900417
2       37.81679811250
2       37.81685316667
4       37.81685316667
1       37.81685330417
2       37.81698263333
2       37.81699267500
2       37.81707340417
4       37.81707340417
1       37.81707354167
2       37.81729495833
4       37.81729497500
1       37.81729509583
2       37.81732050417
2       37.81733900417
2       37.81747051250
2       37.81760768750
4       37.81760770833
1       37.81760782917
2       37.81765965833
2       37.81774344583
2       37.81778156667
2       37.81806316250
4       37.81806317917
1       37.81806330000
2       37.81817441667
2       37.81822215000
2       37.81826252500
4       37.81826252500
1       37.81826266250
2       37.81834700000
2       37.81852550833
2       37.81853607917
2       37.81854896250
2       37.81856599583
2       37.81861986667
2       37.81870399583
2       37.81873149167
2       37.81896039167
4       37.81896041250
1       37.81896053333
2       37.81897633750
2       37.82268403750
4       37.82268403750
1       37.82268417500
2       37.82292984167
4       37.82292986250
1       37.82292998333
2       37.82294737917
2       37.82302195833
2       37.82302524167
2       37.82307089583
2       37.82310668750
2       37.82326204167
4       37.82326205833
1       37.82326217917
2       37.82327894167
2       37.82337170417
2       37.82386987500
4       37.82386989583
1       37.82387001667
2       37.82388879583
2       37.82392712500
2       37.82395392917
2       37.82398314583
2       37.82411463333
4       37.82411465000
1       37.82411477083
2       37.82423257500
2       37.82424612917
2       37.82429282917
2       37.82437560833
4       37.82437562917
1       37.82437574583
2       37.82437636667
2       37.82449921250
2       37.82460149167
4       37.82460150833
1       37.82460162917
2       37.82463327500
2       37.82477935000
2       37.82505632500
4       37.82505632500
1       37.82505646250
2       37.82507416250
2       37.82509345417
2       37.82512185000
2       37.82518848750
2       37.82525201667
4       37.82525203750
1       37.82525215833
2       37.82529746250
2       37.82533649167
2       37.82533839167
2       37.82537228333
2       37.82557133333
4       37.82557135417
1       37.82557147500
2       37.82562399583
2       37.82567873333
2       37.82574289583
2       37.82585949583
4       37.82585949583
1       37.82585963333
2       37.82596092083
2       37.82603440000
4       37.82603442083
1       37.82603453750
2       37.82608109583
2       37.82608980833
2       37.82620365000
2       37.82635532083
4       37.82635534167
1       37.82635546250
2       37.82657660833
4       37.82657662500
1       37.82657674583
2       37.82663158333
2       37.82673794167
2       37.82701610000
4       37.82701612083
1       37.82701624167
2       37.82712685417
2       37.82727018333
4       37.82727020417
1       37.82727032500
2       37.82731889167
2       37.82735971250
2       37.82738519167
2       37.82738552917
2       37.82758717917
4       37.82758720000
1       37.82758732083
2       37.82763684583
2       37.82780181667
4       37.82780183750
1       37.82780195833
2       37.82792744583
2       37.82796152083
2       37.82798721250
4       37.82798723333
1       37.82798735000
2       37.82804822917
2       37.82822212917
4       37.82822215000
1       37.82822226667
2       37.82824301667
2       37.82824670417
2       37.82830230417
2       37.82843446667
4       37.82843446667
1       37.82843460417
2       37.82867793750
4       37.82867795417
1       37.82867807500
2       37.82872732083
2       37.82876471250
2       37.82909267083
4       37.82909268750
1       37.82909280833
2       37.82918700833
2       37.82950734583
4       37.82950736667
1       37.82950748750
2       37.82962391250
2       37.82965936250
2       37.82993823750
4       37.82993825833
1       37.82993837917
2       37.82995145417
2       37.83018367500
4       37.83018369583
1       37.83018381667
2       37.83030287083
2       37.83050660000
4       37.83050661667
1       37.83050673750
2       37.83102109167
4       37.83102110833
1       37.83102122917
2       37.83117182500
2       37.83134760000
4       37.83134762083
1       37.83134774167
2       37.83143536250
2       37.83144200000
2       37.83147148750
2       37.83148407083
2       37.83161593750
4       37.83161595833
1       37.83161607500
2       37.83172320417
2       37.83176727083
2       37.83181373750
4       37.83181375833
1       37.83181387917
2       37.83189349167
2       37.83213194167
4       37.83213196250
1       37.83213208333
2       37.83239830833
4       37.83239832917
1       37.83239845000
2       37.83249532083
2       37.83265662500
4       37.83265662500
1       37.83265676250
2       37.83291600417
4       37.83291602083
1       37.83291614167
2       37.83291627083
2       37.83299054167
2       37.83329785417
4       37.83329785417
1       37.83329799167
2       37.83616490417
4       37.83616492500
1       37.83616504583
2       37.83617782500
2       37.83624044583
2       37.83632029583
2       37.83668167917
4       37.83668169583
1       37.83668181667
2       37.83671255833
2       37.83671583750
2       37.83674031250
2       37.83674393333
2       37.83735712083
4       37.83735713750
1       37.83735725833
2       37.83738885833
2       37.83781912500
4       37.83781912500
1       37.83781926250
2       37.83786152083
2       37.83788138333
2       37.83794000417
2       37.83796285417
2       37.83800649583
2       37.83806960417
4       37.83806960417
1       37.83806974167
2       37.83817422083
2       37.83818208750
2       37.83858855000
4       37.83858857083
1       37.83858868750
2       37.83880616667
4       37.83880618750
1       37.83880630833
2       37.83884158750
2       37.83887709583
2       37.83894892083
2       37.83912280833
4       37.83912282917
1       37.83912295000
2       37.83916918750
2       37.83927148750
2       37.83933407500
4       37.83933407500
1       37.83933421250
2       37.83940369167
2       37.83967394583
4       37.83967396667
1       37.83967408750
2       37.83968257500
2       37.83977538750
2       37.83983827917
2       37.83995352917
4       37.83995355000
1       37.83995367083
2       37.84003010000
2       37.84028281667
4       37.84028281667
1       37.84028295417
2       37.84040472500
2       37.84065172917
4       37.84065174583
1       37.84065186667
2       37.84066399167
2       37.84075045833
2       37.84095552083
4       37.84095554167
1       37.84095566250
2       37.84110055833
2       37.84124767500
4       37.84124769583
1       37.84124781667
2       37.84125068750
2       37.84130529583
2       37.84130591250
2       37.84134072917
2       37.84140097917
2       37.84164015000
4       37.84164017083
1       37.84164029167
2       37.84172032083
2       37.84174685417
2       37.84183022083
4       37.84183023750
1       37.84183035833
2       37.84184220833
2       37.84184281667
2       37.84185773750
2       37.84186797917
2       37.84217335417
4       37.84217335417
1       37.84217349167
2       37.84232187500
2       37.84234402917
4       37.84234405000
1       37.84234416667
2       37.84244732500
2       37.84248682083
2       37.84258346667
4       37.84258346667
1       37.84258360417
2       37.84281933750
4       37.84281935833
1       37.84281947917
2       37.84286638333
2       37.84291668333
2       37.84293982083
2       37.84300546667
4       37.84300546667
1       37.84300560417
2       37.84311905417
2       37.84312627083
2       37.84330685417
4       37.84330687500
1       37.84330699583
2       37.84331347917
2       37.84345857500
2       37.84361989167
4       37.84361991250
1       37.84362002917
2       37.84374636667
2       37.84396739167
4       37.84396741250
1       37.84396752917
2       37.84403627500
2       37.84421542917
4       37.84421544583
1       37.84421556667
2       37.84424685833
2       37.84442043750
2       37.84453170833
4       37.84453172500
1       37.84453184583
2       37.84455692083
2       37.84457645000
2       37.84469105000
2       37.84483781667
4       37.84483781667
1       37.84483795417
2       37.84489908750
2       37.84558272083
4       37.84558274167
1       37.84558286250
2       37.84574900833
2       37.84575104167
2       37.84585171667
4       37.84585171667
1       37.84585185417
2       37.84585993750
2       37.84617365833
4       37.84617367917
1       37.84617379583
2       37.84975059583
2       37.85017150833
4       37.85017152500
1       37.85017164583
2       37.85023515833
2       37.85042759583
4       37.85042761667
1       37.85042773750
2       37.85045468750
2       37.85067134167
4       37.85067136250
1       37.85067148333
2       37.85088262917
4       37.85088265000
1       37.85088277083
2       37.85126025000
4       37.85126026667
1       37.85126038750
2       37.85129801250
2       37.85140062083
2       37.85158517500
4       37.85158517500
1       37.85158531250
2       37.85165077917
2       37.85175809583
2       37.85182304583
4       37.85182304583
1       37.85182318333
2       37.85238383333
4       37.85238385417
1       37.85238397500
2       37.85259977083
4       37.85259979167
1       37.85259991250
2       37.85260875417
2       37.85268878333
2       37.85269348750
2       37.85284524167
4       37.85284525833
1       37.85284537917
2       37.85286541250
2       37.85324232917
4       37.85324235000
1       37.85324246667
2       37.85333081667
2       37.85354282500
4       37.85354284583
1       37.85354296667
2       37.85374252083
2       37.85379880417
4       37.85379882500
1       37.85379894583
2       37.85383849167
2       37.85384717500
2       37.85393199583
2       37.85393725000
2       37.85406242500
4       37.85406244583
1       37.85406256667
2       37.85443992500
4       37.85443994583
1       37.85444006250
2       37.85449338750
2       37.85459142500
2       37.85459282083
2       37.85469608333
4       37.85469610000
1       37.85469622083
2       37.85477823750
2       37.85528533333
4       37.85528535417
1       37.85528547500
2       37.85530853333
2       37.85542809167
2       37.85545863750
4       37.85545865833
1       37.85545877917
2       37.85597525833
4       37.85597527500
1       37.85597539583
2       37.85634687500
4       37.85634689583
1       37.85634701667
2       37.85640123750
2       37.85660061667
4       37.85660063750
1       37.85660075833
2       37.85662050833
2       37.85704265833
4       37.85704267500
1       37.85704279583
2       37.85715779167
2       37.85727997083
4       37.85727998750
1       37.85728010833
2       37.85816967917
4       37.85816969583
1       37.85816981667
2       37.85830776250
2       37.86320094583
4       37.86320096667
1       37.86320108750
2       37.86327386250
2       37.86328381667
2       37.86366968333
4       37.86366970417
1       37.86366982500
2       37.86384461250
2       37.86397443333
4       37.86397445000
1       37.86397457083
2       37.86406280000
2       37.86412014167
2       37.86452524167
4       37.86452526250
1       37.86452538333
2       37.86459515417
2       37.86480827500
4       37.86480827500
1       37.86480841250
2       37.86482502083
2       37.86482661667
2       37.86483564583
2       37.86497763333
2       37.86506574583
4       37.86506574583
1       37.86506588333
2       37.86516448750
2       37.86525258333
2       37.86539966667
4       37.86539968750
1       37.86539980417
2       37.86548182083
2       37.86551260833
2       37.86558252917
2       37.86595348750
4       37.86595350417
1       37.86595362500
2       37.86596735417
2       37.86602870833
2       37.86636720000
4       37.86636721667
1       37.86636733750
2       37.86637245417
2       37.86660099167
4       37.86660100833
1       37.86660112917
2       37.86672289583
2       37.86696134167
4       37.86696136250
1       37.86696147917
2       37.86699385833
2       37.86713800417
2       37.86715782917
2       37.86723856667
4       37.86723856667
1       37.86723870417
2       37.86725980833
2       37.86750327500
4       37.86750329583
1       37.86750341667
2       37.86779810000
4       37.86779812083
1       37.86779824167
2       37.86784547917
2       37.86814292500
4       37.86814292500
1       37.86814306250
2       37.86826442083
2       37.86829256667
2       37.86833790833
4       37.86833792917
1       37.86833805000
2       37.86839800417
2       37.86843865000
2       37.86845088333
2       37.86847182083
2       37.86882447500
4       37.86882447500
1       37.86882461250
2       37.86889538750
2       37.86923762500
4       37.86923764583
1       37.86923776667
2       37.86924952083
2       37.86931967917
2       37.86934195417
2       37.86957740417
4       37.86957742500
1       37.86957754583
2       37.86957840417
2       37.87022958750
4       37.87022960833
1       37.87022972917
2       37.87040020417
2       37.87052373333
4       37.87052375417
1       37.87052387500
2       37.87053564167
2       37.87084396250
4       37.87084398333
1       37.87084410417
2       37.87088710000
2       37.87094668333
2       37.87103547500
2       37.87124779167
4       37.87124780833
1       37.87124792917
2       37.87126367917
2       37.87145479583
4       37.87145481667
1       37.87145493333
2       37.87163798333
2       37.87172670833
4       37.87172672917
1       37.87172685000
2       37.87208548750
4       37.87208550417
1       37.87208562500
2       37.87218255000
2       37.87223715833
2       37.87244122083
4       37.87244124167
1       37.87244136250
2       37.87256639583
2       37.87269458333
4       37.87269460000
1       37.87269472083
2       37.87276510833
2       37.87290066667
4       37.87290066667
1       37.87290080417
2       37.87290984583
2       37.87292940417
2       37.87294738333
2       37.87315133333
4       37.87315135417
1       37.87315147500
2       37.87316026667
2       37.87323451250
2       37.87325434167
2       37.87328186250
2       37.87329511250
2       37.87347164167
4       37.87347165833
1       37.87347177917
2       37.87720554167
4       37.87720556250
1       37.87720568333
2       37.87752554167
4       37.87752555833
1       37.87752567917
2       37.87757249583
2       37.87758310417
2       37.87760629167
2       37.87783994583
4       37.87783996667
1       37.87784008333
2       37.87790545000
2       37.87797366250
2       37.87801643750
2       37.87844764583
4       37.87844766667
1       37.87844778333
2       37.87854739583
2       37.87870472083
4       37.87870474167
1       37.87870485833
2       37.87884875417
2       37.87914387500
4       37.87914389583
1       37.87914401667
2       37.87916942083
2       37.87945327500
4       37.87945327500
1       37.87945341250
2       37.87963705833
4       37.87963707500
1       37.87963719583
2       37.87967023750
2       37.88007202083
4       37.88007204167
1       37.88007215833
2       37.88016409167
2       37.88018491250
2       37.88029890417
4       37.88029890417
1       37.88029904167
2       37.88032901667
2       37.88036046250
2       37.88065892083
4       37.88065894167
1       37.88065906250
2       37.88120642083
4       37.88120644167
1       37.88120656250
2       37.88160456667
4       37.88160458750
1       37.88160470417
2       37.88161213750
2       37.88188482917
4       37.88188485000
1       37.88188497083
2       37.88189998333
2       37.88191061250
2       37.88205109583
2       37.88206329167
2       37.88221269583
4       37.88221269583
1       37.88221283333
2       37.88222334583
2       37.88222690833
2       37.88227131667
2       37.88227294167
2       37.88246434583
4       37.88246434583
1       37.88246448333
2       37.88264760833
2       37.88308904583
4       37.88308904583
1       37.88308918333
2       37.88350214583
4       37.88350216667
1       37.88350228750
2       37.88357903333
2       37.88376679583
4       37.88376679583
1       37.88376693333
2       37.88390384167
2       37.88395759583
2       37.88407352917
4       37.88407355000
1       37.88407366667
2       37.88445638333
4       37.88445640000
1       37.88445652083
2       37.88477941667
4       37.88477943750
1       37.88477955833
2       37.88484795417
2       37.88495715417
2       37.88496954583
2       37.88502217500
4       37.88502217500
1       37.88502231250
2       37.88503510000
2       37.88534595833
4       37.88534597917
1       37.88534610000
2       37.88602925833
4       37.88602927500
1       37.88602939583
2       37.88614568750
2       37.88614894167
2       37.88615322917
2       37.88650242083
4       37.88650244167
1       37.88650256250
2       37.88651897917
2       37.88747060833
4       37.88747062500
1       37.88747074583
2       37.88748318333
2       37.88761296667
2       37.88761937083
2       37.88773432083
4       37.88773433750
1       37.88773445833
2       37.88778590833
2       37.88785048333
2       37.88789220833
2       37.89124845000
2       37.89126473750
2       37.89140692500
4       37.89140694583
1       37.89140706667
2       37.89140950000
2       37.89144072917
2       37.89152941667
2       37.89155596250
2       37.89160329167
4       37.89160331250
1       37.89160343333
2       37.89186496667
4       37.89186496667
1       37.89186510417
2       37.89190689583
2       37.89192320833
2       37.89216265417
4       37.89216267500
1       37.89216279583
2       37.89218334583
2       37.89232276250
2       37.89245383333
4       37.89245385000
1       37.89245397083
2       37.89247773333
2       37.89252807500
2       37.89285865417
4       37.89285867083
1       37.89285879167
2       37.89289505833
2       37.89296826250
2       37.89314877083
4       37.89314878750
1       37.89314890833
2       37.89324284167
2       37.89330612500
2       37.89333757917
4       37.89333760000
1       37.89333772083
2       37.89336637083
2       37.89341810000
2       37.89344219167
2       37.89347135833
2       37.89350117083
2       37.89361010833
4       37.89361012917
1       37.89361025000
2       37.89375729167
2       37.89394277500
4       37.89394277500
1       37.89394291250
2       37.89397558333
2       37.89399843333
2       37.89402391667
2       37.89437132917
4       37.89437134583
1       37.89437146667
2       37.89437162917
2       37.89442105000
2       37.89450947917
2       37.89463563750
4       37.89463565833
1       37.89463577917
2       37.89474891250
2       37.89480985417
2       37.89485465000
4       37.89485466667
1       37.89485478750
2       37.89492413750
2       37.89503445417
2       37.89505762917
4       37.89505764583
1       37.89505776667
2       37.89506722083
2       37.89507021667
2       37.89513779167
2       37.89517221250
2       37.89521226667
2       37.89531497500
4       37.89531497500
1       37.89531511250
2       37.89552068333
4       37.89552070000
1       37.89552082083
2       37.89561073333
2       37.89576283333
4       37.89576285000
1       37.89576297083
2       37.89589593333
2       37.89589927083
2       37.89629048750
4       37.89629050833
1       37.89629062917
2       37.89631467917
2       37.89641863750
2       37.89653787083
4       37.89653788750
1       37.89653800833
2       37.89655876667
2       37.89669222917
2       37.89671244167
2       37.89673491667
4       37.89673491667
1       37.89673505417
2       37.89677900000
2       37.89711882917
4       37.89711884583
1       37.89711896667
2       37.89719268333
2       37.89720923750
2       37.89735406250
4       37.89735408333
1       37.89735420417
2       37.89763685417
4       37.89763685417
1       37.89763699167
2       37.89765580000
2       37.89770676667
2       37.89781114583
2       37.89782173750
4       37.89782175417
1       37.89782187500
2       37.89786905000
2       37.89793538333
2       37.89797705000
2       37.89802060417
2       37.89805622500
4       37.89805624583
1       37.89805636667
2       37.89809102917
2       37.89843577500
4       37.89843579583
1       37.89843591667
2       37.89851162083
2       37.89855174583
2       37.89866966250
4       37.89866967917
1       37.89866980000
2       37.89914097083
4       37.89914099167
1       37.89914111250
2       37.89935897917
4       37.89935899583
1       37.89935911667
2       37.89958055417
4       37.89958057500
1       37.89958069583
2       37.89964177083
2       37.89969349167
2       37.89973883750
2       37.89980477083
4       37.89980479167
1       37.89980491250
2       37.89983754167
2       37.89996177500
2       37.90001110000
4       37.90001112083
1       37.90001124167
2       37.90041025833
4       37.90041027500
1       37.90041039583
2       37.90041853333
2       37.90051719167
2       37.90081460833
4       37.90081462917
1       37.90081475000
2       37.90097403333
2       37.90105213333
4       37.90105215000
1       37.90105227083
2       37.90109554167
2       37.90122311667
2       37.90129261667
4       37.90129263750
1       37.90129275833
2       37.90134993750
2       37.90397589583
2       37.90404315417
2       37.90405072083
2       37.90405408333
2       37.90406434583
2       37.90410799167
4       37.90410800833
1       37.90410812917
2       37.90416573333
2       37.90426072083
2       37.90432955833
4       37.90432957917
1       37.90432970000
2       37.90441012500
2       37.90447805000
2       37.90458277500
4       37.90458277500
1       37.90458291250
2       37.90464696250
2       37.90520838750
4       37.90520840833
1       37.90520852500
2       37.90521336250
2       37.90554195000
4       37.90554197083
1       37.90554209167
2       37.90558467917
2       37.90574399583
2       37.90579863750
4       37.90579865833
1       37.90579877917
2       37.90580493750
2       37.90582812500
2       37.90594175417
2       37.90600759167
4       37.90600760833
1       37.90600772917
2       37.90610433333
2       37.90630582500
4       37.90630584583
1       37.90630596250
2       37.90639122917
2       37.90639182917
2       37.90684271667
4       37.90684273750
1       37.90684285833
2       37.90687209583
2       37.90700789583
2       37.90701524167
2       37.90703971250
2       37.90717392083
4       37.90717393750
1       37.90717405833
2       37.90744917500
4       37.90744919583
1       37.90744931667
2       37.90760515000
2       37.90768069167
4       37.90768070833
1       37.90768082917
2       37.90780154167
2       37.90794896667
4       37.90794898750
1       37.90794910833
2       37.90807578750
2       37.90824209583
4       37.90824211667
1       37.90824223333
2       37.90829407500
2       37.90857992917
4       37.90857995000
1       37.90858007083
2       37.90859885000
2       37.90864883333
2       37.90875683333
2       37.90877072083
4       37.90877074167
1       37.90877085833
2       37.90887501667
2       37.90892705833
2       37.90894027917
2       37.90895125417
4       37.90895125417
1       37.90895139167
2       37.90926395417
4       37.90926397500
1       37.90926409583
2       37.90941037083
2       37.90957162500
4       37.90957164583
1       37.90957176667
2       37.90958222917
2       37.90972832917
2       37.90977427917
4       37.90977430000
1       37.90977441667
2       37.91008336250
4       37.91008338333
1       37.91008350417
2       37.91013273333
2       37.91046000417
4       37.91046000417
1       37.91046014167
2       37.91050897500
2       37.91060966667
2       37.91077664583
4       37.91077664583
1       37.91077678333
2       37.91081176667
2       37.91106081250
4       37.91106082917
1       37.91106095000
2       37.91126821667
4       37.91126823750
1       37.91126835833
2       37.91130658750
2       37.91135792917
2       37.91146125000
4       37.91146126667
1       37.91146138750
2       37.91148870417
2       37.91154307500
2       37.91162063750
2       37.91166256250
2       37.91183917500
4       37.91183919583
1       37.91183931667
2       37.91191075417
2       37.91203857083
4       37.91203859167
1       37.91203871250
2       37.91838950833
2       37.91842065000
4       37.91842067083
1       37.91842079167
2       37.91866805417
4       37.91866807500
1       37.91866819583
2       37.91884929583
4       37.91884929583
1       37.91884943333
2       37.91890488750
2       37.91954913750
4       37.91954915833
1       37.91954927917
2       37.91970120417
2       37.91991319583
4       37.91991321667
1       37.91991333750
2       37.91998676250
2       37.92023906250
4       37.92023908333
1       37.92023920417
2       37.92028413750
2       37.92030237500
2       37.92043288333
2       37.92050446667
4       37.92050448750
1       37.92050460833
2       37.92055577083
2       37.92065606250
2       37.92089856667
4       37.92089858750
1       37.92089870833
2       37.92098276667
2       37.92121324167
4       37.92121326250
1       37.92121338333
2       37.92127157083
2       37.92157886250
4       37.92157888333
1       37.92157900000
2       37.92163485833
2       37.92164117083
2       37.92192590417
4       37.92192592500
1       37.92192604167
2       37.92274543750
4       37.92274545833
1       37.92274557917
2       37.92287267500
2       37.92315287083
4       37.92315288750
1       37.92315300833
2       37.92324925417
2       37.92329204583
2       37.92350634167
4       37.92350636250
1       37.92350648333
2       37.92446188750
4       37.92446190833
1       37.92446202500
2       37.92494880417
4       37.92494882500
1       37.92494894583
2       37.92536313750
4       37.92536315833
1       37.92536327917
2       37.92545158750
2       37.92547149167
2       37.92578701250
4       37.92578703333
1       37.92578715417
2       37.92593182917
2       37.92599320833
4       37.92599322917
1       37.92599334583
2       37.92600045000
2       37.92613694583
2       37.92638659167
4       37.92638661250
1       37.92638673333
2       37.92647607917
2       37.92664799167
4       37.92664801250
1       37.92664813333
2       37.92668473333
2       37.92716466250
4       37.92716468333
1       37.92716480000
2       37.92721931667
2       37.92734653750
4       37.92734655833
1       37.92734667917
2       37.92749395417
2       37.92751214583
2       37.92754664583
4       37.92754666667
1       37.92754678333
2       37.92765121667
2       37.92765786667
2       37.92766285833
2       37.92775962500
4       37.92775962500
1       37.92775976250
2       37.92794339167
4       37.92794341250
1       37.92794353333
2       37.93261629583
2       37.93279554167
4       37.93279555833
1       37.93279567917
2       37.93297370833
2       37.93326460000
4       37.93326462083
1       37.93326474167
2       37.93329999583
2       37.93339631250
2       37.93370773750
4       37.93370775417
1       37.93370787500
2       37.93391575417
2       37.93412016250
4       37.93412017917
1       37.93412030000
2       37.93428240000
2       37.93428405000
2       37.93453344583
4       37.93453344583
1       37.93453358333
2       37.93470766250
2       37.93471794167
2       37.93485872083
4       37.93485873750
1       37.93485885833
2       37.93486434167
2       37.93486695000
2       37.93495744167
2       37.93499715833
2       37.93521113333
4       37.93521115000
1       37.93521127083
2       37.93528033750
2       37.93534727500
2       37.93584874583
4       37.93584876667
1       37.93584888333
2       37.93637146667
4       37.93637148750
1       37.93637160417
2       37.93687593750
4       37.93687595833
1       37.93687607917
2       37.93728629167
4       37.93728630833
1       37.93728642917
2       37.93763340000
4       37.93763341667
1       37.93763353750
2       37.93820746250
4       37.93820748333
1       37.93820760417
2       37.93825317500
2       37.93876420417
4       37.93876420417
1       37.93876434167
2       37.93898050833
4       37.93898052500
1       37.93898064583
2       37.93920474167
4       37.93920476250
1       37.93920488333
2       37.93931872083
2       37.94021331250
4       37.94021333333
1       37.94021345417
2       37.94040602083
2       37.94056365833
4       37.94056367500
1       37.94056379583
2       37.94062690833
2       37.94095201667
4       37.94095201667
1       37.94095215417
2       37.94133747917
4       37.94133750000
1       37.94133762083
2       37.94160352500
4       37.94160354583
1       37.94160366667
2       37.94221529167
4       37.94221531250
1       37.94221542917
2       37.94240302917
4       37.94240305000
1       37.94240317083
2       37.94253285833
2       37.94309961667
4       37.94309961667
1       37.94309975417
2       37.94695637917
4       37.94695640000
1       37.94695652083
2       37.94709985000
2       37.94779374583
4       37.94779374583
1       37.94779388333
2       37.94793056250
2       37.94803986250
4       37.94803988333
1       37.94804000000
2       37.94893787917
4       37.94893789583
1       37.94893801667
2       37.95002857083
4       37.95002859167
1       37.95002871250
2       37.95200990833
4       37.95200992917
1       37.95201005000
2       37.95582692500
4       37.95582694583
1       37.95582706667
2       37.95713267917
4       37.95713270000
1       37.95713282083
2       37.95835392500
4       37.95835392500
1       37.95835406250
2       37.96034953750
4       37.96034953750
1       37.96034967500
2       37.96140217083
4       37.96140219167
1       37.96140231250
2       37.96163335833
4       37.96163337917
1       37.96163349583
2       37.96215727500
4       37.96215729583
1       37.96215741667
2       37.96363025000
4       37.96363027083
1       37.96363039167
2       37.96827502917
4       37.96827505000
1       37.96827517083
2       37.96958307917
4       37.96958310000
1       37.96958321667
2       37.97125808750
4       37.97125810417
1       37.97125822500
2       37.97710726667
4       37.97710726667
1       37.97710740417
2       37.98058477083
4       37.98058479167
1       37.98058491250
2       37.98306099583
4       37.98306101667
1       37.98306113333
2       37.98428885417
4       37.98428887083
1       37.98428899167
2       37.98908997917
4       37.98908999583
1       37.98909011667
2       37.99758890000
4       37.99758892083
1       37.99758903750
2       38.01212428333
4       38.01212430417
1       38.01212442500
2       50.68984037500
4       50.68984039583
1       50.68984051667
2       50.69031115000
4       50.69031117083
1       50.69031129167
2       50.69084400417
4       50.69084402500
1       50.69084414583
2       50.69090312500
2       50.69289898333
4       50.69289900417
1       50.69289912083
2       50.69696845417
4       50.69696845417
1       50.69696859167
2       50.69751930833
4       50.69751932917
1       50.69751945000
2       50.69920191667
4       50.69920191667
1       50.69920205417
2       50.70048956667
4       50.70048958750
1       50.70048970833
2       50.70076726667
4       50.70076728750
1       50.70076740833
2       50.70145621667
4       50.70145623750
1       50.70145635417
2       50.70167080000
4       50.70167081667
1       50.70167093750
2       50.70174100833
2       50.70175660833
2       50.70192580417
4       50.70192582083
1       50.70192594167
2       50.70288210000
4       50.70288212083
1       50.70288224167
2       50.70426211667
4       50.70426211667
1       50.70426225417
2       50.70634374167
4       50.70634375833
1       50.70634387917
2       50.70810031250
4       50.70810033333
1       50.70810045417
2       50.70846387917
4       50.70846390000
1       50.70846402083
2       50.70855118750
2       50.70945176667
4       50.70945176667
1       50.70945190417
2       50.71204680417
4       50.71204680417
1       50.71204694167
2       50.71280514167
4       50.71280516250
1       50.71280528333
2       50.71372857917
4       50.71372859583
1       50.71372871667
2       50.71587096667
4       50.71587098750
1       50.71587110833
2       50.71680805833
4       50.71680807917
1       50.71680820000
2       50.72020379583
4       50.72020381667
1       50.72020393750
2       50.72045940000
4       50.72045941667
1       50.72045953750
2       50.72079532917
4       50.72079535000
1       50.72079547083
2       50.72091254167
2       50.72423010000
4       50.72423011667
1       50.72423023750
2       50.72482374167
4       50.72482376250
1       50.72482387917
2       50.72823640417
4       50.72823640417
1       50.72823654167
2       50.72846793333
4       50.72846795417
1       50.72846807083
2       50.72896761667
4       50.72896763750
1       50.72896775833
2       50.72980073750
4       50.72980075417
1       50.72980087500
2       50.72986570833
2       50.73184283333
4       50.73184285000
1       50.73184297083
2       50.73207035417
4       50.73207037500
1       50.73207049583
2       50.73298285833
4       50.73298287500
1       50.73298299583
2       50.73307993333
2       50.73332307083
4       50.73332309167
1       50.73332321250
2       50.73351814583
2       50.73392755417
4       50.73392757500
1       50.73392769583
2       50.73430314583
4       50.73430316667
1       50.73430328750
2       50.73500868750
4       50.73500870417
1       50.73500882500
2       50.73535779583
4       50.73535781667
1       50.73535793750
2       50.73551768750
2       50.73640379167
4       50.73640381250
1       50.73640393333
2       50.73657245000
2       50.73661275000
4       50.73661276667
1       50.73661288750
2       50.73715109583
4       50.73715111667
1       50.73715123750
2       50.73760948333
4       50.73760950000
1       50.73760962083
2       50.73782677500
4       50.73782677500
1       50.73782691250
2       50.73804172083
4       50.73804174167
1       50.73804186250
2       50.73804705833
2       50.73817983750
2       50.73821920417
4       50.73821922500
1       50.73821934167
2       50.73824706250
2       50.73836364583
2       50.73849015833
4       50.73849017917
1       50.73849030000
2       50.73866362500
2       50.73878902083
4       50.73878904167
1       50.73878916250
2       50.73879595417
2       50.73904103333
4       50.73904105000
1       50.73904117083
2       50.73989687500
4       50.73989689583
1       50.73989701250
2       50.74002872500
2       50.74017550000
4       50.74017552083
1       50.74017564167
2       50.74048921250
4       50.74048923333
1       50.74048935417
2       50.74077934167
4       50.74077936250
1       50.74077948333
2       50.74081377500
2       50.74084658333
2       50.74089353333
2       50.74111151250
4       50.74111153333
1       50.74111165417
2       50.74137590417
4       50.74137592500
1       50.74137604583
2       50.74139433750
2       50.74157090417
4       50.74157092500
1       50.74157104583
2       50.74165435000
2       50.74195222083
4       50.74195223750
1       50.74195235833
2       50.74218772500
4       50.74218774583
1       50.74218786667
2       50.74246496250
4       50.74246498333
1       50.74246510417
2       50.74304681250
4       50.74304682917
1       50.74304695000
2       50.74317969583
2       50.74333082500
4       50.74333084583
1       50.74333096250
2       50.74344706250
2       50.74364706667
4       50.74364708750
1       50.74364720417
2       50.74388787500
4       50.74388789583
1       50.74388801667
2       50.74404690417
2       50.74437045417
4       50.74437047500
1       50.74437059167
2       50.74437615000
2       50.74457947917
4       50.74457950000
1       50.74457961667
2       50.74468481250
2       50.74478684167
4       50.74478686250
1       50.74478698333
2       50.74489612917
2       50.74496504167
2       50.74527107500
4       50.74527109583
1       50.74527121250
2       50.74537411667
2       50.74564206667
4       50.74564208750
1       50.74564220417
2       50.74578418750
2       50.74583288750
4       50.74583290417
1       50.74583302500
2       50.74613030000
4       50.74613032083
1       50.74613044167
2       50.74643071667
4       50.74643073750
1       50.74643085833
2       50.74687193750
4       50.74687195833
1       50.74687207917
2       50.74694137917
2       50.74698019167
2       50.74698254167
2       50.74719259583
4       50.74719259583
1       50.74719273333
2       50.74719451250
2       50.74720118333
2       50.74726472083
2       50.74731409167
2       50.74736738333
2       50.74761722500
4       50.74761722500
1       50.74761736250
2       50.74779067500
2       50.74811733750
4       50.74811735833
1       50.74811747917
2       50.74816827917
2       50.74821772083
2       50.74836139167
4       50.74836141250
1       50.74836153333
2       50.74840545000
2       50.74848372083
2       50.74850777917
2       50.74863868333
4       50.74863870000
1       50.74863882083
2       50.74909946667
4       50.74909946667
1       50.74909960417
2       50.74931145000
4       50.74931147083
1       50.74931158750
2       50.74946575417
2       50.74996389167
4       50.74996390833
1       50.74996402917
2       50.75002943750
2       50.75010431250
2       50.75058026667
4       50.75058028750
1       50.75058040833
2       50.75062676250
2       50.75070917083
2       50.75073936250
2       50.75085719583
4       50.75085719583
1       50.75085733333
2       50.75094136250
2       50.75107975833
4       50.75107977500
1       50.75107989583
2       50.75109474583
2       50.75114471667
2       50.75119273750
2       50.75136000417
4       50.75136002500
1       50.75136014167
2       50.75173267500
4       50.75173267500
1       50.75173281250
2       50.75182277500
2       50.75223277083
4       50.75223279167
1       50.75223291250
2       50.75230001250
2       50.75245934167
2       50.75249081667
4       50.75249081667
1       50.75249095417
2       50.75336795417
4       50.75336795417
1       50.75336809167
2       50.75355870833
4       50.75355872500
1       50.75355884583
2       50.75369320000
2       50.75381673333
4       50.75381675417
1       50.75381687500
2       50.75396578750
2       50.75411414583
4       50.75411414583
1       50.75411428333
2       50.75414992083
2       50.75416053333
2       50.75433244583
4       50.75433244583
1       50.75433258333
2       50.75442252500
2       50.75445937500
2       50.75447718333
2       50.75454583333
4       50.75454585000
1       50.75454597083
2       50.75458627500
2       50.75461132917
2       50.75467270417
2       50.75472893333
4       50.75472895417
1       50.75472907500
2       50.75475609167
2       50.75506014167
4       50.75506015833
1       50.75506027917
2       50.75511819583
2       50.75512017917
2       50.75524655833
4       50.75524657917
1       50.75524670000
2       50.75530956250
2       50.75531582917
2       50.75539938750
2       50.75544009583
4       50.75544009583
1       50.75544023333
2       50.75546759583
2       50.75582130000
4       50.75582131667
1       50.75582143750
2       50.75590973750
2       50.75601675000
4       50.75601677083
1       50.75601689167
2       50.75602691250
2       50.75608562500
2       50.75609658333
2       50.75617175417
2       50.75624529167
4       50.75624530833
1       50.75624542917
2       50.75627441667
2       50.75634560833
2       50.75637978333
2       50.75647150000
4       50.75647151667
1       50.75647163750
2       50.75649667500
2       50.75658877500
2       50.75667360417
4       50.75667362500
1       50.75667374583
2       50.75667560833
2       50.75689087083
4       50.75689089167
1       50.75689101250
2       50.75698764583
2       50.75709759167
4       50.75709760833
1       50.75709772917
2       50.75715947083
2       50.75718332500
2       50.75724560833
2       50.75728299167
4       50.75728301250
1       50.75728313333
2       50.75734395833
2       50.75741749583
2       50.75748670417
4       50.75748670417
1       50.75748684167
2       50.75748869167
2       50.75753472500
2       50.75762087500
2       50.75777980417
4       50.75777980417
1       50.75777994167
2       50.75780805833
2       50.75787048333
2       50.75795979167
2       50.75809720417
4       50.75809720417
1       50.75809734167
2       50.75820657917
2       50.75834263750
4       50.75834265833
1       50.75834277917
2       50.75840788750
2       50.75842405417
2       50.75843668333
2       50.75849705833
2       50.75857514167
4       50.75857515833
1       50.75857527917
2       50.75863816250
2       50.75866395000
2       50.75872490000
2       50.75886662500
4       50.75886664583
1       50.75886676667
2       50.75892163333
2       50.75892398333
2       50.75927673750
4       50.75927675833
1       50.75927687917
2       50.75938571667
2       50.75942242083
2       50.75953114167
4       50.75953115833
1       50.75953127917
2       50.75953839583
2       50.75961055833
2       50.75965095417
2       50.75980003333
4       50.75980005417
1       50.75980017083
2       50.76010252917
4       50.76010255000
1       50.76010266667
2       50.76013660833
2       50.76029954583
4       50.76029956667
1       50.76029968750
2       50.76046047917
2       50.76051655000
4       50.76051656667
1       50.76051668750
2       50.76060756250
2       50.76064172083
2       50.76088412917
4       50.76088415000
1       50.76088427083
2       50.76091397083
2       50.76096129167
2       50.76098948750
2       50.76104775833
2       50.76108352083
4       50.76108353750
1       50.76108365833
2       50.76111931667
2       50.76114412083
2       50.76116335833
2       50.76125147917
2       50.76128258333
4       50.76128260417
1       50.76128272083
2       50.76136876250
2       50.76141473333
2       50.76144620000
2       50.76151914583
4       50.76151916667
1       50.76151928750
2       50.76154362500
2       50.76161844167
2       50.76165693750
2       50.76168537500
2       50.76168810833
2       50.76172617083
4       50.76172618750
1       50.76172630833
2       50.76174800833
2       50.76211236250
4       50.76211237917
1       50.76211250000
2       50.76215376250
2       50.76219081250
2       50.76222462500
2       50.76248032083
4       50.76248034167
1       50.76248045833
2       50.76254593750
2       50.76260384167
2       50.76272973333
4       50.76272975417
1       50.76272987500
2       50.76273445833
2       50.76276783333
2       50.76285952917
2       50.76287763333
2       50.76292157917
2       50.76298143750
4       50.76298145833
1       50.76298157500
2       50.76320172917
4       50.76320175000
1       50.76320187083
2       50.76324380417
2       50.76343028333
4       50.76343030000
1       50.76343042083
2       50.76353528750
2       50.76353924583
2       50.76370052083
4       50.76370054167
1       50.76370066250
2       50.76374098333
2       50.76382907917
2       50.76389704167
2       50.76395065833
4       50.76395067917
1       50.76395080000
2       50.76395461250
2       50.76397486667
2       50.76400031667
2       50.76407023750
2       50.76409446667
2       50.76417490000
2       50.76429013750
4       50.76429015417
1       50.76429027500
2       50.76432159583
2       50.76434481250
2       50.76446379167
4       50.76446381250
1       50.76446393333
2       50.76454813750
2       50.76456877917
2       50.76466343333
4       50.76466345417
1       50.76466357083
2       50.76472182917
2       50.76479568750
2       50.76482903750
2       50.76489036250
4       50.76489037917
1       50.76489050000
2       50.76501786250
2       50.76514382500
4       50.76514382500
1       50.76514396250
2       50.76531362917
2       50.76531470417
2       50.76543159167
4       50.76543161250
1       50.76543173333
2       50.76545406667
2       50.76547761250
2       50.76561445833
4       50.76561447917
1       50.76561460000
2       50.76565882083
2       50.76568899583
2       50.76569428750
2       50.76572443333
2       50.76581046250
4       50.76581048333
1       50.76581060417
2       50.76589496667
2       50.76602867917
4       50.76602870000
1       50.76602882083
2       50.76604402083
2       50.76611685833
2       50.76613610833
2       50.76619738750
2       50.76621315000
4       50.76621316667
1       50.76621328750
2       50.76622221667
2       50.76624471667
2       50.76632185417
2       50.76647164167
4       50.76647165833
1       50.76647177917
2       50.76652393750
2       50.76655303750
2       50.76666042917
4       50.76666045000
1       50.76666057083
2       50.76668197083
2       50.76670915833
2       50.76672213333
2       50.76680192083
2       50.76683419167
2       50.76690326250
4       50.76690328333
1       50.76690340000
2       50.76691612500
2       50.76691804167
2       50.76693933750
2       50.76696683333
2       50.76708803333
4       50.76708805417
1       50.76708817083
2       50.76709231667
2       50.76725401250
2       50.76729149167
4       50.76729151250
1       50.76729163333
2       50.76735703333
2       50.76738581250
2       50.76744477917
2       50.76750940417
4       50.76750942500
1       50.76750954583
2       50.76760643333
2       50.76763162083
2       50.76764149167
2       50.76781372500
4       50.76781372500
1       50.76781386250
2       50.76792047917
2       50.76796874583
2       50.76797541667
2       50.76805885000
4       50.76805887083
1       50.76805899167
2       50.76813869167
2       50.76834868750
4       50.76834870417
1       50.76834882500
2       50.76839144583
2       50.76840495417
2       50.76848317917
2       50.76849739167
2       50.76851392083
2       50.76861302917
4       50.76861304583
1       50.76861316667
2       50.76862994583
2       50.76863586250
2       50.76863981667
2       50.76864640417
2       50.76865238333
2       50.76866732500
2       50.76879356667
4       50.76879358750
1       50.76879370417
2       50.76885812500
2       50.76887661250
2       50.76887700417
2       50.76889862500
2       50.76902373333
4       50.76902375417
1       50.76902387500
2       50.76928840833
4       50.76928842917
1       50.76928855000
2       50.76938081250
2       50.76945602917
2       50.76954407917
4       50.76954410000
1       50.76954422083
2       50.76956100417
2       50.76957791250
2       50.76959015417
2       50.76962790000
2       50.76966435417
2       50.76968850417
2       50.76971367917
2       50.76981340833
4       50.76981342500
1       50.76981354583
2       50.76992999167
2       50.76996412917
2       50.76996539167
2       50.76997637083
2       50.77013964167
4       50.77013966250
1       50.77013978333
2       50.77015165000
2       50.77020429167
2       50.77021904167
2       50.77025689167
2       50.77031784583
2       50.77040001250
4       50.77040003333
1       50.77040015417
2       50.77042682083
2       50.77043775833
2       50.77056533750
4       50.77056535417
1       50.77056547500
2       50.77056993333
2       50.77057720833
2       50.77064509583
2       50.77068723333
2       50.77076863333
4       50.77076865417
1       50.77076877500
2       50.77079423750
2       50.77095943750
4       50.77095945833
1       50.77095957917
2       50.77096013333
2       50.77096441250
2       50.77097107500
2       50.77099852500
2       50.77102830000
2       50.77113597083
2       50.77118004167
4       50.77118006250
1       50.77118018333
2       50.77119694583
2       50.77129763333
2       50.77134331667
2       50.77136220417
4       50.77136222500
1       50.77136234583
2       50.77142315417
2       50.77144472083
2       50.77147590000
2       50.77150263750
2       50.77150401667
2       50.77151522083
2       50.77151758333
2       50.77151986667
2       50.77157815000
4       50.77157816667
1       50.77157828750
2       50.77160334583
2       50.77161427500
2       50.77166102500
2       50.77170200000
2       50.77170972500
2       50.77171893750
2       50.77176065833
2       50.77186139167
4       50.77186141250
1       50.77186153333
2       50.77188060417
2       50.77202500417
2       50.77208000833
4       50.77208002500
1       50.77208014583
2       50.77208931667
2       50.77213035000
2       50.77215949167
2       50.77218069167
2       50.77218430000
2       50.77223661667
2       50.77230324583
4       50.77230326667
1       50.77230338750
2       50.77243599167
2       50.77247020417
4       50.77247020417
1       50.77247034167
2       50.77250630417
2       50.77259373333
2       50.77276331250
4       50.77276333333
1       50.77276345417
2       50.77276794167
2       50.77283448333
2       50.77286363333
2       50.77286597500
2       50.77296213750
4       50.77296215833
1       50.77296227917
2       50.77298393333
2       50.77300279583
2       50.77303195000
2       50.77303787917
2       50.77305279167
2       50.77307239167
2       50.77312770000
2       50.77327409583
4       50.77327411667
1       50.77327423333
2       50.77343426250
2       50.77349105000
4       50.77349106667
1       50.77349118750
2       50.77369810417
4       50.77369812500
1       50.77369824167
2       50.77377421667
2       50.77378446250
2       50.77384146250
2       50.77387252500
2       50.77397794583
4       50.77397794583
1       50.77397808333
2       50.77402001667
2       50.77411999583
2       50.77420685000
4       50.77420686667
1       50.77420698750
2       50.77422302500
2       50.77430156667
2       50.77436545417
2       50.77448600000
4       50.77448602083
1       50.77448614167
2       50.77449439167
2       50.77450222917
2       50.77450389167
2       50.77450492917
2       50.77454399583
2       50.77463710833
2       50.77466945000
2       50.77478710417
4       50.77478710417
1       50.77478724167
2       50.77490667500
2       50.77515380000
4       50.77515381667
1       50.77515393750
2       50.77516472917
2       50.77518435417
2       50.77529251667
2       50.77532831667
4       50.77532833750
1       50.77532845833
2       50.77549627917
2       50.77555058333
4       50.77555060000
1       50.77555072083
2       50.77560092083
2       50.77560956250
2       50.77575827500
4       50.77575829583
1       50.77575841667
2       50.77593486250
4       50.77593488333
1       50.77593500417
2       50.77599706250
2       50.77606864583
2       50.77612726667
4       50.77612726667
1       50.77612740417
2       50.77621103333
2       50.77624485417
2       50.77627072083
2       50.77629287083
2       50.77636640417
4       50.77636642500
1       50.77636654583
2       50.77637267083
2       50.77637898750
2       50.77640051667
2       50.77647106250
2       50.77652807083
2       50.77664530833
4       50.77664532500
1       50.77664544583
2       50.77678176250
2       50.77678555833
2       50.77689971667
4       50.77689973750
1       50.77689985833
2       50.77690969583
2       50.77691587083
2       50.77695797917
2       50.77699876667
2       50.77703747083
2       50.77706299167
2       50.77707712500
2       50.77709607083
4       50.77709609167
1       50.77709621250
2       50.77719912083
2       50.77726402917
4       50.77726404583
1       50.77726416667
2       50.77735051250
2       50.77737300417
2       50.77743161667
2       50.77748198333
4       50.77748200417
1       50.77748212500
2       50.77749257083
2       50.77750120417
2       50.77751343750
2       50.77752512917
2       50.77754130000
2       50.77762871667
2       50.77768336667
4       50.77768336667
1       50.77768350417
2       50.77775888750
2       50.77778010000
2       50.77786155000
2       50.77787516250
4       50.77787517917
1       50.77787530000
2       50.77795307500
2       50.77801098750
2       50.77809450833
4       50.77809452500
1       50.77809464583
2       50.77828520000
2       50.77838027500
4       50.77838029583
1       50.77838041667
2       50.77853262500
2       50.77861245000
4       50.77861246667
1       50.77861258750
2       50.77869724167
2       50.77870487083
2       50.77878436250
4       50.77878438333
1       50.77878450417
2       50.77887713750
2       50.77891490417
2       50.77901917917
4       50.77901920000
1       50.77901931667
2       50.77912427083
2       50.77913981667
2       50.77918086250
2       50.77921223333
4       50.77921225000
1       50.77921237083
2       50.77925635417
2       50.77925974583
2       50.77930310833
2       50.77930905000
2       50.77943924167
4       50.77943926250
1       50.77943938333
2       50.77946743333
2       50.77951005833
2       50.77956481667
2       50.77963829583
4       50.77963831667
1       50.77963843333
2       50.77969689167
2       50.77975785000
2       50.77979994167
2       50.77985069167
4       50.77985071250
1       50.77985083333
2       50.77986351250
2       50.77993407083
2       50.77995726250
2       50.78002848333
4       50.78002850000
1       50.78002862083
2       50.78029815000
4       50.78029817083
1       50.78029829167
2       50.78032927917
2       50.78038323750
2       50.78047296667
4       50.78047296667
1       50.78047310417
2       50.78049791250
2       50.78056142083
2       50.78075223750
4       50.78075223750
1       50.78075237500
2       50.78094531667
4       50.78094533750
1       50.78094545833
2       50.78098745417
2       50.78107516667
2       50.78107912917
2       50.78111492083
4       50.78111493750
1       50.78111505833
2       50.78114405000
2       50.78119007083
2       50.78130328333
4       50.78130330417
1       50.78130342500
2       50.78139380000
2       50.78145009167
2       50.78147525833
2       50.78164321667
4       50.78164321667
1       50.78164335417
2       50.78168363750
2       50.78173560000
2       50.78184029167
4       50.78184030833
1       50.78184042917
2       50.78185555833
2       50.78187805417
2       50.78189495000
2       50.78189689583
2       50.78189889583
2       50.78202868333
4       50.78202870417
1       50.78202882083
2       50.78202904167
2       50.78210832500
2       50.78212977917
2       50.78215926667
2       50.78224177083
4       50.78224178750
1       50.78224190833
2       50.78232253750
2       50.78236923750
2       50.78242728750
4       50.78242730417
1       50.78242742500
2       50.78244779583
2       50.78252859583
2       50.78264124583
4       50.78264126667
1       50.78264138750
2       50.78267333750
2       50.78274524167
2       50.78283229167
4       50.78283231250
1       50.78283243333
2       50.78285316667
2       50.78286206667
2       50.78297076667
2       50.78298173750
2       50.78308167917
4       50.78308170000
1       50.78308182083
2       50.78309697083
2       50.78312608750
2       50.78314302083
2       50.78335342917
4       50.78335345000
1       50.78335356667
2       50.78335897083
2       50.78341527917
2       50.78341954167
2       50.78360405417
4       50.78360407500
1       50.78360419583
2       50.78369649167
2       50.78377596250
2       50.78379916250
4       50.78379917917
1       50.78379930000
2       50.78404064167
4       50.78404066250
1       50.78404077917
2       50.78410507917
2       50.78418934583
2       50.78419834167
2       50.78426880833
4       50.78426882500
1       50.78426894583
2       50.78437812083
2       50.78438478750
2       50.78439944583
2       50.78443652083
2       50.78444107500
2       50.78446195000
4       50.78446196667
1       50.78446208750
2       50.78448513333
2       50.78458148750
2       50.78460862500
2       50.78464411667
2       50.78464517083
2       50.78464878333
2       50.78466800417
4       50.78466802500
1       50.78466814583
2       50.78470541250
2       50.78481240417
2       50.78492510000
4       50.78492512083
1       50.78492524167
2       50.78498035000
2       50.78502638333
2       50.78503033750
2       50.78505690833
2       50.78507316667
2       50.78509897500
2       50.78512043750
4       50.78512045833
1       50.78512057917
2       50.78521087083
2       50.78524768333
2       50.78556096250
4       50.78556097917
1       50.78556110000
2       50.78573351667
2       50.78579616667
4       50.78579618750
1       50.78579630417
2       50.78585512917
2       50.78585916667
2       50.78586268750
2       50.78587797500
2       50.78598764167
2       50.78604322500
4       50.78604324583
1       50.78604336250
2       50.78625429167
4       50.78625431250
1       50.78625443333
2       50.78627119167
2       50.78627412500
2       50.78631817083
2       50.78632617083
2       50.78634401667
2       50.78643343333
4       50.78643345417
1       50.78643357500
2       50.78644200833
2       50.78650657500
2       50.78661164167
2       50.78672860000
4       50.78672862083
1       50.78672873750
2       50.78672921250
2       50.78675774583
2       50.78676302500
2       50.78679609167
2       50.78696171250
4       50.78696172917
1       50.78696185000
2       50.78711277500
2       50.78715051667
2       50.78716343750
4       50.78716345417
1       50.78716357500
2       50.78719061250
2       50.78723232500
2       50.78764375417
4       50.78764377500
1       50.78764389583
2       50.78771659167
2       50.78775665000
2       50.78779873750
2       50.78792730833
4       50.78792732917
1       50.78792745000
2       50.78810702917
2       50.78819521250
4       50.78819523333
1       50.78819535000
2       50.78829163333
2       50.78832576667
2       50.78841315000
4       50.78841316667
1       50.78841328750
2       50.78843400833
2       50.78846387083
2       50.78853541667
2       50.78853704167
2       50.78862354167
2       50.78908027917
4       50.78908030000
1       50.78908042083
2       50.78913458750
2       50.78919122500
2       50.78932771250
4       50.78932772917
1       50.78932785000
2       50.78991305833
4       50.78991307500
1       50.78991319583
2       50.79029452917
4       50.79029454583
1       50.79029466667
2       50.79033428750
2       50.79041647500
2       50.79050095417
2       50.79072284167
4       50.79072286250
1       50.79072298333
2       50.79078810833
2       50.79078846250
2       50.79083377083
2       50.79088809167
2       50.79089241250
2       50.79091760833
4       50.79091762917
1       50.79091775000
2       50.79096359583
2       50.79099311250
2       50.79100732917
2       50.79101071667
2       50.79104184167
2       50.79117169583
4       50.79117171667
1       50.79117183333
2       50.79121440417
2       50.79130113750
2       50.79131944167
2       50.79138295000
4       50.79138297083
1       50.79138309167
2       50.79138923750
2       50.79151944167
2       50.79159099167
4       50.79159101250
1       50.79159113333
2       50.79168039167
2       50.79168071667
2       50.79179436250
4       50.79179438333
1       50.79179450417
2       50.79192217917
2       50.79193444167
2       50.79198511250
4       50.79198513333
1       50.79198525417
2       50.79202057500
2       50.79210902083
2       50.79223453333
4       50.79223455417
1       50.79223467083
2       50.79229116250
2       50.79230016250
2       50.79244618750
4       50.79244620833
1       50.79244632917
2       50.79249059583
2       50.79250421667
2       50.79279473333
4       50.79279475000
1       50.79279487083
2       50.79280094583
2       50.79281786667
2       50.79303382917
4       50.79303384583
1       50.79303396667
2       50.79309009167
2       50.79311959583
2       50.79312191667
2       50.79317200833
2       50.79319312083
2       50.79334578750
4       50.79334580417
1       50.79334592500
2       50.79345581667
2       50.79345849167
2       50.79345944167
2       50.79349824167
2       50.79363997083
4       50.79363998750
1       50.79364010833
2       50.79364788333
2       50.79369600833
2       50.79371512500
2       50.79371745833
2       50.79383274167
4       50.79383275833
1       50.79383287917
2       50.79385032083
2       50.79389738333
2       50.79401558750
2       50.79413677500
4       50.79413677500
1       50.79413691250
2       50.79432092917
2       50.79435474167
4       50.79435475833
1       50.79435487917
2       50.79444292083
2       50.79456040417
4       50.79456042500
1       50.79456054167
2       50.79456276250
2       50.79457541250
2       50.79460447500
2       50.79468375833
2       50.79485387083
4       50.79485389167
1       50.79485401250
2       50.79489467917
2       50.79492381667
2       50.79500096250
2       50.79500132083
2       50.79509174167
4       50.79509175833
1       50.79509187917
2       50.79510563333
2       50.79521924167
2       50.79526957500
4       50.79526957500
1       50.79526971250
2       50.79535539583
2       50.79551469167
4       50.79551470833
1       50.79551482917
2       50.79563426250
2       50.79573963333
4       50.79573965417
1       50.79573977500
2       50.79586186667
2       50.79587247917
2       50.79587738750
2       50.79593636667
4       50.79593638750
1       50.79593650417
2       50.79610930000
4       50.79610931667
1       50.79610943750
2       50.79614705417
2       50.79622755000
2       50.79622818333
2       50.79624865833
2       50.79637886667
4       50.79637888750
1       50.79637900833
2       50.79654213333
2       50.79668060833
4       50.79668062500
1       50.79668074583
2       50.79671475833
2       50.79678292917
2       50.79684692083
2       50.79692709167
4       50.79692711250
1       50.79692723333
2       50.79693274583
2       50.79694917500
2       50.79703607500
2       50.79716625417
4       50.79716627500
1       50.79716639583
2       50.79721544583
2       50.79729732500
2       50.79736693750
4       50.79736695417
1       50.79736707500
2       50.79740038750
2       50.79776504167
4       50.79776506250
1       50.79776517917
2       50.79781645000
2       50.79781737083
2       50.79788695000
2       50.79789325000
2       50.79791475833
2       50.79795187500
4       50.79795187500
1       50.79795201250
2       50.79824099167
4       50.79824100833
1       50.79824112917
2       50.79838483333
2       50.79839205417
2       50.79840497917
2       50.79857654583
4       50.79857654583
1       50.79857668333
2       50.79858087500
2       50.79860599583
2       50.79863121250
2       50.79872129583
2       50.79886598750
4       50.79886600833
1       50.79886612917
2       50.79891207500
2       50.79918373750
4       50.79918375833
1       50.79918387917
2       50.79923177083
2       50.79931918750
2       50.79941357917
4       50.79941359583
1       50.79941371667
2       50.79945527500
2       50.79948283333
2       50.79957918333
2       50.79964946250
4       50.79964947917
1       50.79964960000
2       50.79974083750
2       50.79979943750
2       50.79983287500
4       50.79983287500
1       50.79983301250
2       50.79998791250
2       50.79999453750
2       50.80003102083
4       50.80003103750
1       50.80003115833
2       50.80015385417
2       50.80019360000
2       50.80027482500
4       50.80027484583
1       50.80027496250
2       50.80041031667
2       50.80044241667
2       50.80058683750
4       50.80058685833
1       50.80058697917
2       50.80060467500
2       50.80063612083
2       50.80067890833
2       50.80077960417
4       50.80077962500
1       50.80077974167
2       50.80082563750
2       50.80100309583
4       50.80100309583
1       50.80100323333
2       50.80128865417
4       50.80128865417
1       50.80128879167
2       50.80131854583
2       50.80137950833
2       50.80144305417
2       50.80177955417
4       50.80177957083
1       50.80177969167
2       50.80188456667
2       50.80188826250
2       50.80196943750
2       50.80209896250
4       50.80209897917
1       50.80209910000
2       50.80221250417
2       50.80230422500
2       50.80237673750
4       50.80237673750
1       50.80237687500
2       50.80246492500
2       50.80256582083
2       50.80263942917
4       50.80263945000
1       50.80263957083
2       50.80268741667
2       50.80275233333
2       50.80287189167
4       50.80287191250
1       50.80287203333
2       50.80292588750
2       50.80302801667
2       50.80305245417
4       50.80305247500
1       50.80305259583
2       50.80312665833
2       50.80316807500
2       50.80323366667
4       50.80323368750
1       50.80323380833
2       50.80323735000
2       50.80332504583
2       50.80336553333
2       50.80383046667
4       50.80383046667
1       50.80383060417
2       50.80389342083
2       50.80398350833
2       50.80400113333
4       50.80400115000
1       50.80400127083
2       50.80411568333
2       50.80424547500
4       50.80424549583
1       50.80424561667
2       50.80439888750
2       50.80456877917
4       50.80456879583
1       50.80456891667
2       50.80481062500
4       50.80481062500
1       50.80481076250
2       50.80483349167
2       50.80512462083
4       50.80512464167
1       50.80512476250
2       50.80516901250
2       50.80520675000
2       50.80542472083
4       50.80542473750
1       50.80542485833
2       50.80551679583
2       50.80572441250
4       50.80572443333
1       50.80572455417
2       50.80580931250
2       50.80581289167
2       50.80585030417
2       50.80589637083
2       50.80592353333
2       50.80613449583
4       50.80613449583
1       50.80613463333
2       50.80616674583
2       50.80629989583
2       50.80652341250
4       50.80652343333
1       50.80652355000
2       50.80654889583
2       50.80668735833
2       50.80670825000
4       50.80670827083
1       50.80670838750
2       50.80671684167
2       50.80678572500
2       50.80678965417
2       50.80685362083
2       50.80700168750
4       50.80700168750
1       50.80700182500
2       50.80701297917
2       50.80705598750
2       50.80717032500
2       50.80729554583
4       50.80729554583
1       50.80729568333
2       50.80736667083
2       50.80746542083
2       50.80746738750
2       50.80750489167
4       50.80750491250
1       50.80750503333
2       50.80765887500
2       50.80780759167
4       50.80780761250
1       50.80780773333
2       50.80781526250
2       50.80786421250
2       50.80793378333
2       50.80793413750
2       50.80796420417
2       50.80797089583
2       50.80817289167
4       50.80817290833
1       50.80817302917
2       50.80821793750
2       50.80833792917
2       50.80833855000
2       50.80857897500
4       50.80857899583
1       50.80857911667
2       50.80865875417
2       50.80872443333
2       50.80879927083
4       50.80879928750
1       50.80879940833
2       50.80881346667
2       50.80882280833
2       50.80902617917
4       50.80902619583
1       50.80902631667
2       50.80913049167
2       50.80917849583
2       50.80918044583
2       50.80931566667
4       50.80931568750
1       50.80931580833
2       50.80933384167
2       50.80935709167
2       50.80944748750
2       50.80951867917
4       50.80951870000
1       50.80951882083
2       50.80955575000
2       50.80957067083
2       50.80958125833
2       50.80960008333
2       50.80976740833
4       50.80976742917
1       50.80976755000
2       50.80989232500
2       50.80991882500
2       50.80998591667
4       50.80998593750
1       50.80998605833
2       50.81010433333
2       50.81013471250
2       50.81022691667
4       50.81022691667
1       50.81022705417
2       50.81045174167
4       50.81045176250
1       50.81045188333
2       50.81053985833
2       50.81062129167
2       50.81073564583
4       50.81073566667
1       50.81073578333
2       50.81077864167
2       50.81081847083
2       50.81093633333
4       50.81093635417
1       50.81093647500
2       50.81113219583
4       50.81113219583
1       50.81113233333
2       50.81115695833
2       50.81119400000
2       50.81136232083
4       50.81136234167
1       50.81136246250
2       50.81141624583
2       50.81148583333
2       50.81151893750
2       50.81170052083
4       50.81170053750
1       50.81170065833
2       50.81186310833
2       50.81203965833
4       50.81203967917
1       50.81203980000
2       50.81204566250
2       50.81212186250
2       50.81216888333
2       50.81218215417
2       50.81221947500
2       50.81228235000
4       50.81228237083
1       50.81228249167
2       50.81228905417
2       50.81238347083
2       50.81244642917
2       50.81245667083
2       50.81264142083
4       50.81264144167
1       50.81264156250
2       50.81271900417
2       50.81280745833
2       50.81293167917
4       50.81293170000
1       50.81293182083
2       50.81315521667
4       50.81315523750
1       50.81315535833
2       50.81322479583
2       50.81329243750
2       50.81335891667
4       50.81335891667
1       50.81335905417
2       50.81344110000
2       50.81346320833
2       50.81349734583
2       50.81375939167
4       50.81375940833
1       50.81375952917
2       50.81401467917
4       50.81401469583
1       50.81401481667
2       50.81424997917
4       50.81424999583
1       50.81425011667
2       50.81427147083
2       50.81431916667
2       50.81436596250
2       50.81449242083
4       50.81449244167
1       50.81449256250
2       50.81451762083
2       50.81466925000
2       50.81468381250
4       50.81468383333
1       50.81468395417
2       50.81470701250
2       50.81472155417
2       50.81476357917
2       50.81485444583
2       50.81496445833
4       50.81496447500
1       50.81496459583
2       50.81497600417
2       50.81503602500
2       50.81511409583
2       50.81530289583
4       50.81530289583
1       50.81530303333
2       50.81541885833
2       50.81544963333
2       50.81563605417
4       50.81563607500
1       50.81563619583
2       50.81565929167
2       50.81566202500
2       50.81569543333
2       50.81569705000
2       50.81570171667
2       50.81575173333
2       50.81599317083
4       50.81599319167
1       50.81599331250
2       50.81611242917
2       50.81615553750
2       50.81627906667
4       50.81627906667
1       50.81627920417
2       50.81629364167
2       50.81632441250
2       50.81648765417
4       50.81648767500
1       50.81648779583
2       50.81656362083
2       50.81676456667
4       50.81676458750
1       50.81676470833
2       50.81677162917
2       50.81685175000
2       50.81692332083
2       50.81704779167
4       50.81704780833
1       50.81704792917
2       50.81734755833
4       50.81734757917
1       50.81734769583
2       50.81744461667
2       50.81747108750
2       50.81751522917
2       50.81764376667
4       50.81764378750
1       50.81764390417
2       50.81768973333
2       50.81776059167
2       50.81777856667
2       50.81793247917
4       50.81793250000
1       50.81793262083
2       50.81808328750
2       50.81822500833
4       50.81822502917
1       50.81822515000
2       50.81827605833
2       50.81837927500
2       50.81840190000
4       50.81840192083
1       50.81840204167
2       50.81861222500
4       50.81861222500
1       50.81861236250
2       50.81862346667
2       50.81865061667
2       50.81866717917
2       50.81868210833
2       50.81870694167
2       50.81871719583
2       50.81873512083
2       50.81886227917
4       50.81886229583
1       50.81886241667
2       50.81892362500
2       50.81892754167
2       50.81898115833
2       50.81903581667
4       50.81903583750
1       50.81903595833
2       50.81922374167
4       50.81922375833
1       50.81922387917
2       50.81933359167
2       50.81961515000
4       50.81961517083
1       50.81961528750
2       50.81980124167
4       50.81980125833
1       50.81980137917
2       50.81994636667
2       50.82014381667
4       50.82014381667
1       50.82014395417
2       50.82030881250
2       50.82036374167
4       50.82036376250
1       50.82036387917
2       50.82037397500
2       50.82039484167
2       50.82048002500
2       50.82048562917
2       50.82061709167
4       50.82061711250
1       50.82061723333
2       50.82061785000
2       50.82086719167
4       50.82086720833
1       50.82086732917
2       50.82104935833
2       50.82117955000
4       50.82117957083
1       50.82117969167
2       50.82130707083
2       50.82131332917
2       50.82131799167
2       50.82136201667
2       50.82142259583
4       50.82142259583
1       50.82142273333
2       50.82156142917
2       50.82165550833
4       50.82165552500
1       50.82165564583
2       50.82180258333
2       50.82185952083
4       50.82185954167
1       50.82185966250
2       50.82188243750
2       50.82196553333
2       50.82202251250
2       50.82203718333
2       50.82211255417
4       50.82211257500
1       50.82211269583
2       50.82221129583
2       50.82224907500
2       50.82233717500
4       50.82233719583
1       50.82233731250
2       50.82234192083
2       50.82235380417
2       50.82236001250
2       50.82242295000
2       50.82243891250
2       50.82265814167
4       50.82265816250
1       50.82265828333
2       50.82267143750
2       50.82271675417
2       50.82275847083
2       50.82289694167
4       50.82289696250
1       50.82289707917
2       50.82307087083
4       50.82307089167
1       50.82307101250
2       50.82326005417
4       50.82326005417
1       50.82326019167
2       50.82330168333
2       50.82337532917
2       50.82337920000
2       50.82337953333
2       50.82354085000
4       50.82354087083
1       50.82354099167
2       50.82367172083
2       50.82407217500
4       50.82407217500
1       50.82407231250
2       50.82409233333
2       50.82412585000
2       50.82426329167
4       50.82426331250
1       50.82426343333
2       50.82446208333
4       50.82446210417
1       50.82446222500
2       50.82462727083
2       50.82464700417
4       50.82464702083
1       50.82464714167
2       50.82488340000
4       50.82488341667
1       50.82488353750
2       50.82500454583
2       50.82503399583
2       50.82504367917
2       50.82507049167
4       50.82507050833
1       50.82507062917
2       50.82508669167
2       50.82522153333
2       50.82528642917
4       50.82528644583
1       50.82528656667
2       50.82534477083
2       50.82541594583
2       50.82548745833
4       50.82548747500
1       50.82548759583
2       50.82552659167
2       50.82555403333
2       50.82555672083
2       50.82563655833
2       50.82570973750
4       50.82570975417
1       50.82570987500
2       50.82578758750
2       50.82581509583
2       50.82596277917
4       50.82596280000
1       50.82596292083
2       50.82600949167
2       50.82610424167
2       50.82611682917
2       50.82613175833
2       50.82616554167
4       50.82616556250
1       50.82616567917
2       50.82618543333
2       50.82621089583
2       50.82641195833
4       50.82641197500
1       50.82641209583
2       50.82642485000
2       50.82655899583
2       50.82657980833
2       50.82668061250
4       50.82668062917
1       50.82668075000
2       50.82670085000
2       50.82676438750
2       50.82682331667
2       50.82683986667
2       50.82697242083
4       50.82697243750
1       50.82697255833
2       50.82698134583
2       50.82708904583
2       50.82710324583
2       50.82715651667
4       50.82715653750
1       50.82715665833
2       50.82738014583
4       50.82738016667
1       50.82738028750
2       50.82770400833
4       50.82770402500
1       50.82770414583
2       50.82779522500
2       50.82794553333
4       50.82794555417
1       50.82794567083
2       50.82808425417
2       50.82816053750
4       50.82816055417
1       50.82816067500
2       50.82819061250
2       50.82819267917
2       50.82826215833
2       50.82830387500
2       50.82845995417
4       50.82845995417
1       50.82846009167
2       50.82864847500
4       50.82864847500
1       50.82864861250
2       50.82864943333
2       50.82872984167
2       50.82873787500
2       50.82888357917
4       50.82888359583
1       50.82888371667
2       50.82891828750
2       50.82903464167
2       50.82906073750
2       50.82911515000
4       50.82911516667
1       50.82911528750
2       50.82914195000
2       50.82916145417
2       50.82920980833
2       50.82928040417
2       50.82930326667
4       50.82930326667
1       50.82930340417
2       50.82934427917
2       50.82935019583
2       50.82936153750
2       50.82954243750
4       50.82954243750
1       50.82954257500
2       50.82963181250
2       50.82974975000
4       50.82974976667
1       50.82974988750
2       50.82978284583
2       50.82988319583
2       50.82991501667
2       50.83012697083
4       50.83012698750
1       50.83012710833
2       50.83014352083
2       50.83029849167
4       50.83029851250
1       50.83029863333
2       50.83055623333
4       50.83055625417
1       50.83055637083
2       50.83061590417
2       50.83061755000
2       50.83081997083
4       50.83081998750
1       50.83082010833
2       50.83083719583
2       50.83097568750
2       50.83098020833
2       50.83120445000
4       50.83120446667
1       50.83120458750
2       50.83129560417
2       50.83129886667
2       50.83133635000
2       50.83134758750
2       50.83134923750
2       50.83138069167
2       50.83150222500
4       50.83150222500
1       50.83150236250
2       50.83153766667
2       50.83162612083
2       50.83193054167
4       50.83193055833
1       50.83193067917
2       50.83206241250
2       50.83209142083
2       50.83214052083
4       50.83214054167
1       50.83214066250
2       50.83218422500
2       50.83219654583
2       50.83231908333
2       50.83236835833
4       50.83236837500
1       50.83236849583
2       50.83245519583
2       50.83259927083
4       50.83259928750
1       50.83259940833
2       50.83265620000
2       50.83270925833
2       50.83280693333
4       50.83280695000
1       50.83280707083
2       50.83304644583
4       50.83304646667
1       50.83304658750
2       50.83318184583
2       50.83320339583
2       50.83323091250
2       50.83340982083
4       50.83340984167
1       50.83340996250
2       50.83348265417
2       50.83349525000
2       50.83350550833
2       50.83355550833
2       50.83356808333
2       50.83364630000
4       50.83364632083
1       50.83364644167
2       50.83386186250
4       50.83386188333
1       50.83386200417
2       50.83388507917
2       50.83403742917
2       50.83406236250
4       50.83406238333
1       50.83406250000
2       50.83434414583
4       50.83434416667
1       50.83434428750
2       50.83438855833
2       50.83445513750
2       50.83449150833
2       50.83451210000
2       50.83453061667
4       50.83453061667
1       50.83453075417
2       50.83458761667
2       50.83468504583
2       50.83469659167
2       50.83470524167
4       50.83470526250
1       50.83470538333
2       50.83473669167
2       50.83474530000
2       50.83474725000
2       50.83475953750
2       50.83477616250
2       50.83507392917
4       50.83507394583
1       50.83507406667
2       50.83512254167
2       50.83531102083
4       50.83531104167
1       50.83531116250
2       50.83531865833
2       50.83533617083
2       50.83539516250
2       50.83545253750
2       50.83559466250
4       50.83559467917
1       50.83559480000
2       50.83559647917
2       50.83559925417
2       50.83568068750
2       50.83575622917
2       50.83577275833
2       50.83584102083
4       50.83584104167
1       50.83584115833
2       50.83584168333
2       50.83597810000
2       50.83600747917
2       50.83600760833
2       50.83658858750
4       50.83658860833
1       50.83658872917
2       50.83665582917
2       50.83680947500
4       50.83680949583
1       50.83680961667
2       50.83702082083
4       50.83702084167
1       50.83702096250
2       50.83703075000
2       50.83718013333
2       50.83721556667
4       50.83721558750
1       50.83721570833
2       50.83722818750
2       50.83746534167
4       50.83746535833
1       50.83746547917
2       50.83755309167
2       50.83761673333
2       50.83762071250
2       50.83782173333
4       50.83782175417
1       50.83782187500
2       50.83786343750
2       50.83790320833
2       50.83802709583
4       50.83802711667
1       50.83802723333
2       50.83815725000
2       50.83823382917
2       50.83824340417
4       50.83824342500
1       50.83824354583
2       50.83828279167
2       50.83845498333
4       50.83845500417
1       50.83845512500
2       50.83858553750
2       50.83860375833
2       50.83867541250
4       50.83867542917
1       50.83867555000
2       50.83876537917
2       50.83882797500
2       50.83883227500
2       50.83883832917
2       50.83898964167
4       50.83898966250
1       50.83898978333
2       50.83900887500
2       50.83915394583
2       50.83934871667
4       50.83934873750
1       50.83934885833
2       50.83939867083
2       50.83942619167
2       50.83966966667
4       50.83966968750
1       50.83966980417
2       50.83969448333
2       50.83973727500
2       50.83974088333
2       50.83986637917
2       50.83997570000
4       50.83997571667
1       50.83997583750
2       50.84005357083
2       50.84007407083
2       50.84007577917
2       50.84008571250
2       50.84036432083
4       50.84036434167
1       50.84036446250
2       50.84041156250
2       50.84052521667
2       50.84053115833
2       50.84060273333
4       50.84060275000
1       50.84060287083
2       50.84082066250
4       50.84082068333
1       50.84082080000
2       50.84108102500
4       50.84108102500
1       50.84108116250
2       50.84118567500
2       50.84128742083
2       50.84134604167
4       50.84134605833
1       50.84134617917
2       50.84150069583
2       50.84152130417
4       50.84152132500
1       50.84152144167
2       50.84156570000
2       50.84157783333
2       50.84162186667
2       50.84171234583
4       50.84171236667
1       50.84171248333
2       50.84173261250
2       50.84176897917
2       50.84192399167
4       50.84192401250
1       50.84192413333
2       50.84193891667
2       50.84212339583
4       50.84212341667
1       50.84212353750
2       50.84214263333
2       50.84223901250
2       50.84230266250
4       50.84230268333
1       50.84230280417
2       50.84239988750
2       50.84243339583
2       50.84261625833
4       50.84261627500
1       50.84261639583
2       50.84271004167
2       50.84284707083
4       50.84284709167
1       50.84284721250
2       50.84290017500
2       50.84302335417
2       50.84323897500
4       50.84323899583
1       50.84323911667
2       50.84328576250
2       50.84330946250
2       50.84339432083
2       50.84342452083
4       50.84342453750
1       50.84342465833
2       50.84346293750
2       50.84361255417
4       50.84361255417
1       50.84361269167
2       50.84379345000
2       50.84386500833
4       50.84386502917
1       50.84386515000
2       50.84399588750
2       50.84400114167
2       50.84403028750
4       50.84403030833
1       50.84403042917
2       50.84419359167
2       50.84450160417
4       50.84450160417
1       50.84450174167
2       50.84457910417
2       50.84459204583
2       50.84469506667
4       50.84469506667
1       50.84469520417
2       50.84471592083
2       50.84472582917
2       50.84476859583
2       50.84481462917
2       50.84484513750
2       50.84499352083
4       50.84499354167
1       50.84499366250
2       50.84503026250
2       50.84528397083
4       50.84528398750
1       50.84528410833
2       50.84533440833
2       50.84543696667
2       50.84549128750
4       50.84549130833
1       50.84549142917
2       50.84560067083
2       50.84583510417
4       50.84583512083
1       50.84583524167
2       50.84585900417
2       50.84589013750
2       50.84618591250
4       50.84618593333
1       50.84618605417
2       50.84630349583
2       50.84641178750
4       50.84641180417
1       50.84641192500
2       50.84650454583
2       50.84653440417
2       50.84658444583
2       50.84659533333
2       50.84662785000
4       50.84662786667
1       50.84662798750
2       50.84665325833
2       50.84668465417
2       50.84684833750
4       50.84684835833
1       50.84684847917
2       50.84700134167
2       50.84706033750
4       50.84706035417
1       50.84706047500
2       50.84707327083
2       50.84719015000
2       50.84748006667
4       50.84748006667
1       50.84748020417
2       50.84748830000
2       50.84777977917
4       50.84777979583
1       50.84777991667
2       50.84779400833
2       50.84789069583
2       50.84791827500
2       50.84801926250
4       50.84801928333
1       50.84801940417
2       50.84804838750
2       50.84817302083
2       50.84824650833
4       50.84824652500
1       50.84824664583
2       50.84845909583
4       50.84845909583
1       50.84845923333
2       50.84854163333
2       50.84855720000
2       50.84857861667
2       50.84864395000
4       50.84864397083
1       50.84864408750
2       50.84876083750
2       50.84887249167
4       50.84887251250
1       50.84887263333
2       50.84887353333
2       50.84904705000
2       50.84907654583
4       50.84907654583
1       50.84907668333
2       50.84909671250
2       50.84911559583
2       50.84921030417
2       50.84936104583
4       50.84936104583
1       50.84936118333
2       50.84947630417
2       50.84966347917
4       50.84966350000
1       50.84966362083
2       50.84971113333
2       50.84984432083
4       50.84984433750
1       50.84984445833
2       50.84992854167
2       50.85013710417
4       50.85013712500
1       50.85013724583
2       50.85025574167
2       50.85043686667
4       50.85043686667
1       50.85043700417
2       50.85054029167
2       50.85059257500
2       50.85090956667
4       50.85090956667
1       50.85090970417
2       50.85101387500
2       50.85114007083
4       50.85114009167
1       50.85114021250
2       50.85119003333
2       50.85144147500
4       50.85144149583
1       50.85144161667
2       50.85166001667
2       50.85206218750
4       50.85206220417
1       50.85206232500
2       50.85211487500
2       50.85243350000
4       50.85243351667
1       50.85243363750
2       50.85255680417
2       50.85264119167
4       50.85264120833
1       50.85264132917
2       50.85269979583
2       50.85275455833
2       50.85284457500
4       50.85284459583
1       50.85284471667
2       50.85291455000
2       50.85305223333
4       50.85305225417
1       50.85305237500
2       50.85320032083
2       50.85326620417
4       50.85326620417
1       50.85326634167
2       50.85327051667
2       50.85334242500
2       50.85334372500
2       50.85334943750
2       50.85336692083
2       50.85345572083
4       50.85345573750
1       50.85345585833
2       50.85347154167
2       50.85369515833
4       50.85369517917
1       50.85369529583
2       50.85377370000
2       50.85378389583
2       50.85380256250
2       50.85382484583
2       50.85396980000
4       50.85396981667
1       50.85396993750
2       50.85400057917
2       50.85402212083
2       50.85408865833
2       50.85422874167
4       50.85422876250
1       50.85422887917
2       50.85447023750
4       50.85447025833
1       50.85447037917
2       50.85447487917
2       50.85450135417
2       50.85459587917
2       50.85462125000
2       50.85466567917
2       50.85472392500
4       50.85472394583
1       50.85472406667
2       50.85482030417
2       50.85501339583
4       50.85501339583
1       50.85501353333
2       50.85514630833
2       50.85535561667
4       50.85535563750
1       50.85535575417
2       50.85537810417
2       50.85542843750
2       50.85552095000
2       50.85554015000
2       50.85557593333
4       50.85557595417
1       50.85557607083
2       50.85557986250
2       50.85567495833
2       50.85568880417
2       50.85581431667
4       50.85581431667
1       50.85581445417
2       50.85585210417
2       50.85588156667
2       50.85588357500
2       50.85596806250
2       50.85615755000
4       50.85615757083
1       50.85615769167
2       50.85622643750
2       50.85631920000
2       50.85632317083
2       50.85688619167
4       50.85688621250
1       50.85688633333
2       50.85701480000
2       50.85706084583
2       50.85706975000
2       50.85712078750
4       50.85712078750
1       50.85712092500
2       50.85722802083
2       50.85729898333
2       50.85737277917
4       50.85737279583
1       50.85737291667
2       50.85738372500
2       50.85739103750
2       50.85743559583
2       50.85749176250
2       50.85750690417
2       50.85761328750
4       50.85761330833
1       50.85761342917
2       50.85789979167
4       50.85789981250
1       50.85789993333
2       50.85804145000
2       50.85806607917
4       50.85806609583
1       50.85806621667
2       50.85815082500
2       50.85829988333
4       50.85829990000
1       50.85830002083
2       50.85830227500
2       50.85834590417
2       50.85835847500
2       50.85840032083
2       50.85854909167
4       50.85854911250
1       50.85854922917
2       50.85855231667
2       50.85883819167
4       50.85883821250
1       50.85883833333
2       50.85899380833
2       50.85917178750
4       50.85917180833
1       50.85917192917
2       50.85918293750
2       50.85919294167
2       50.85923957083
2       50.85926311250
2       50.85928362917
2       50.85933165417
2       50.85935916667
4       50.85935916667
1       50.85935930417
2       50.85942380417
2       50.85945226667
2       50.85953502500
2       50.85958637500
4       50.85958637500
1       50.85958651250
2       50.85965434583
2       50.86019584583
4       50.86019584583
1       50.86019598333
2       50.86020011250
2       50.86020445833
2       50.86033367083
2       50.86050653333
4       50.86050655417
1       50.86050667500
2       50.86053404583
2       50.86056749167
2       50.86059299583
2       50.86068870833
2       50.86103948750
4       50.86103950417
1       50.86103962500
2       50.86115206250
2       50.86124448750
4       50.86124450417
1       50.86124462500
2       50.86130982500
2       50.86139157083
2       50.86145318750
4       50.86145318750
1       50.86145332500
2       50.86151087083
2       50.86151941250
2       50.86171415417
4       50.86171415417
1       50.86171429167
2       50.86185295833
2       50.86233915833
4       50.86233917917
1       50.86233929583
2       50.86240751250
2       50.86245877917
2       50.86246737500
2       50.86247642083
2       50.86265351250
4       50.86265353333
1       50.86265365417
2       50.86268532083
2       50.86271479167
2       50.86279470833
2       50.86281086250
2       50.86300299583
4       50.86300299583
1       50.86300313333
2       50.86302922083
2       50.86304206250
2       50.86306662083
2       50.86306955833
2       50.86331501250
4       50.86331502917
1       50.86331515000
2       50.86360218333
4       50.86360220000
1       50.86360232083
2       50.86362070000
2       50.86369097083
2       50.86371545833
2       50.86395961250
4       50.86395962917
1       50.86395975000
2       50.86397980833
2       50.86399005417
2       50.86404006667
2       50.86414309583
4       50.86414309583
1       50.86414323333
2       50.86429805833
2       50.86460644167
4       50.86460645833
1       50.86460657917
2       50.86462100833
2       50.86462928333
2       50.86477833750
2       50.86490860833
4       50.86490862500
1       50.86490874583
2       50.86520665000
4       50.86520667083
1       50.86520679167
2       50.86526302083
2       50.86532890000
2       50.86533321250
2       50.86539150000
4       50.86539152083
1       50.86539164167
2       50.86540535417
2       50.86548746250
2       50.86582274583
4       50.86582276667
1       50.86582288750
2       50.86589662917
2       50.86601120833
2       50.86616483333
4       50.86616485417
1       50.86616497500
2       50.86617615000
2       50.86661206667
4       50.86661206667
1       50.86661220417
2       50.86668757917
2       50.86676865833
2       50.86679687500
4       50.86679687500
1       50.86679701250
2       50.86683463750
2       50.86689095000
2       50.86693861250
2       50.86702610833
4       50.86702612917
1       50.86702625000
2       50.86705614167
2       50.86711655417
2       50.86733509167
4       50.86733510833
1       50.86733522917
2       50.86734010000
2       50.86748184583
2       50.86750110417
2       50.86756992083
4       50.86756993750
1       50.86757005833
2       50.86769020417
2       50.86770442083
2       50.86773397083
2       50.86779195000
4       50.86779197083
1       50.86779208750
2       50.86779639583
2       50.86790882083
2       50.86802969167
4       50.86802970833
1       50.86802982917
2       50.86803424583
2       50.86810486667
2       50.86812371667
2       50.86814334167
2       50.86821151667
4       50.86821153750
1       50.86821165833
2       50.86822242917
2       50.86830303333
2       50.86849475000
4       50.86849477083
1       50.86849489167
2       50.86851634167
2       50.86860480000
2       50.86880977083
4       50.86880979167
1       50.86880991250
2       50.86885377083
2       50.86888955000
2       50.86904255000
4       50.86904257083
1       50.86904269167
2       50.86909131250
2       50.86916088333
2       50.86927812500
4       50.86927814583
1       50.86927826250
2       50.86933635833
2       50.86942251667
2       50.86968648333
4       50.86968650000
1       50.86968662083
2       50.86994684167
4       50.86994686250
1       50.86994698333
2       50.87035463333
4       50.87035465417
1       50.87035477500
2       50.87063249583
4       50.87063251667
1       50.87063263750
2       50.87072887917
2       50.87076862917
2       50.87088584167
4       50.87088586250
1       50.87088598333
2       50.87091099583
2       50.87105290000
2       50.87110810000
4       50.87110811667
1       50.87110823750
2       50.87111440833
2       50.87121972917
2       50.87123630000
2       50.87128664167
2       50.87128864167
2       50.87133637917
4       50.87133640000
1       50.87133652083
2       50.87137871250
2       50.87139597083
2       50.87141250417
2       50.87149707083
2       50.87150459167
2       50.87152776250
4       50.87152777917
1       50.87152790000
2       50.87159503333
2       50.87169210417
2       50.87192162500
4       50.87192164583
1       50.87192176667
2       50.87226543750
4       50.87226545417
1       50.87226557500
2       50.87241747083
2       50.87248638750
4       50.87248640833
1       50.87248652917
2       50.87248703750
2       50.87262048333
2       50.87267420417
4       50.87267420417
1       50.87267434167
2       50.87276956250
2       50.87316275833
4       50.87316277500
1       50.87316289583
2       50.87331671250
2       50.87341415000
4       50.87341417083
1       50.87341429167
2       50.87349035417
2       50.87350824583
2       50.87356655417
2       50.87357740417
2       50.87360493750
2       50.87369934167
4       50.87369935833
1       50.87369947917
2       50.87371122083
2       50.87383648333
2       50.87390898333
4       50.87390900417
1       50.87390912083
2       50.87393849583
2       50.87396063333
2       50.87403249583
2       50.87431505000
4       50.87431507083
1       50.87431519167
2       50.87434020417
2       50.87473042500
4       50.87473042500
1       50.87473056250
2       50.87473242500
2       50.87497550000
4       50.87497552083
1       50.87497564167
2       50.87550645417
4       50.87550647083
1       50.87550659167
2       50.87582415833
4       50.87582417500
1       50.87582429583
2       50.87587508750
2       50.87591130417
2       50.87604470000
4       50.87604472083
1       50.87604484167
2       50.87626168750
4       50.87626170417
1       50.87626182500
2       50.87634152083
2       50.87645868333
4       50.87645870417
1       50.87645882500
2       50.87657635000
2       50.87700339167
4       50.87700341250
1       50.87700352917
2       50.87721664167
2       50.87728923750
4       50.87728925833
1       50.87728937500
2       50.87753132500
4       50.87753134583
1       50.87753146667
2       50.87753224583
2       50.87779725000
4       50.87779727083
1       50.87779739167
2       50.87782174583
2       50.87803871667
4       50.87803871667
1       50.87803885417
2       50.87827521667
4       50.87827523750
1       50.87827535417
2       50.87849282500
4       50.87849282500
1       50.87849296250
2       50.87851506250
2       50.87900923333
4       50.87900925417
1       50.87900937500
2       50.87905758750
2       50.87907176250
2       50.87908905000
2       50.87918504167
4       50.87918506250
1       50.87918518333
2       50.87921854167
2       50.87945995833
4       50.87945997500
1       50.87946009583
2       50.87981606667
4       50.87981608750
1       50.87981620417
2       50.87986314167
2       50.87993105417
2       50.88012315417
4       50.88012317500
1       50.88012329167
2       50.88017848750
2       50.88018339583
2       50.88020065417
2       50.88020993750
2       50.88027219583
2       50.88029936250
2       50.88040465833
4       50.88040467500
1       50.88040479583
2       50.88040835000
2       50.88054410417
2       50.88082996667
4       50.88082998750
1       50.88083010833
2       50.88106214167
4       50.88106216250
1       50.88106228333
2       50.88120559583
2       50.88126619583
4       50.88126621667
1       50.88126633750
2       50.88165443333
4       50.88165445000
1       50.88165457083
2       50.88176468750
2       50.88187993750
4       50.88187995417
1       50.88188007500
2       50.88189121667
2       50.88190517917
2       50.88217142500
4       50.88217144583
1       50.88217156667
2       50.88238580417
4       50.88238582500
1       50.88238594167
2       50.88242290000
2       50.88254740417
2       50.88280075417
4       50.88280075417
1       50.88280089167
2       50.88286997917
2       50.88297903333
4       50.88297905417
1       50.88297917083
2       50.88299955417
2       50.88322310833
4       50.88322312917
1       50.88322324583
2       50.88328641250
2       50.88345502500
4       50.88345502500
1       50.88345516250
2       50.88348475833
2       50.88348868750
2       50.88351385417
2       50.88351999167
2       50.88352214583
2       50.88356131250
2       50.88356890417
2       50.88359137917
2       50.88372890833
4       50.88372892500
1       50.88372904583
2       50.88374811250
2       50.88377000000
2       50.88377259167
2       50.88381830833
2       50.88382060417
2       50.88386829167
2       50.88394121667
4       50.88394121667
1       50.88394135417
2       50.88397665833
2       50.88415347083
4       50.88415349167
1       50.88415361250
2       50.88423198333
2       50.88445987083
4       50.88445988750
1       50.88446000833
2       50.88448736250
2       50.88477882500
4       50.88477882500
1       50.88477896250
2       50.88486240000
2       50.88498290000
4       50.88498292083
1       50.88498303750
2       50.88507298333
2       50.88524851250
4       50.88524852917
1       50.88524865000
2       50.88526249167
2       50.88530749583
2       50.88538137500
2       50.88551516250
4       50.88551517917
1       50.88551530000
2       50.88581885833
4       50.88581887917
1       50.88581900000
2       50.88598685000
2       50.88609950833
4       50.88609952500
1       50.88609964583
2       50.88644195000
4       50.88644197083
1       50.88644209167
2       50.88656150000
2       50.88656918750
2       50.88677745417
4       50.88677747500
1       50.88677759583
2       50.88678936667
2       50.88683015000
2       50.88690767083
2       50.88698912917
4       50.88698914583
1       50.88698926667
2       50.88701896667
2       50.88718855833
4       50.88718857917
1       50.88718870000
2       50.88719319167
2       50.88728525417
2       50.88797986250
4       50.88797987917
1       50.88798000000
2       50.88798788750
2       50.88813018750
2       50.88832524583
4       50.88832526667
1       50.88832538750
2       50.88832830833
2       50.88841107917
2       50.88847076667
2       50.88857505000
4       50.88857507083
1       50.88857519167
2       50.88886850417
4       50.88886850417
1       50.88886864167
2       50.88892551250
2       50.88922687500
4       50.88922687500
1       50.88922701250
2       50.88940553333
2       50.88951809167
4       50.88951810833
1       50.88951822917
2       50.88952770000
2       50.88955785417
2       50.88978895833
4       50.88978897500
1       50.88978909583
2       50.88980069167
2       50.88987709583
2       50.88996752500
2       50.89015305000
4       50.89015306667
1       50.89015318750
2       50.89056976667
4       50.89056978750
1       50.89056990833
2       50.89067005417
2       50.89070153333
2       50.89105823750
4       50.89105825833
1       50.89105837917
2       50.89132331250
4       50.89132333333
1       50.89132345417
2       50.89133982083
2       50.89166743333
4       50.89166745417
1       50.89166757500
2       50.89202746667
4       50.89202748750
1       50.89202760833
2       50.89210692083
2       50.89217650000
2       50.89223475417
4       50.89223475417
1       50.89223489167
2       50.89239710833
2       50.89241529583
2       50.89246356250
4       50.89246358333
1       50.89246370417
2       50.89252030417
2       50.89253125417
2       50.89254546250
2       50.89254580417
2       50.89291274583
4       50.89291274583
1       50.89291288333
2       50.89296443333
2       50.89301815833
2       50.89309533333
2       50.89311777500
4       50.89311779583
1       50.89311791667
2       50.89358517917
4       50.89358520000
1       50.89358532083
2       50.89359087500
2       50.89366759167
2       50.89368223750
2       50.89369717500
2       50.89381946250
4       50.89381948333
1       50.89381960417
2       50.89382334167
2       50.89402405833
2       50.89410140000
4       50.89410142083
1       50.89410154167
2       50.89422314167
2       50.89442357083
4       50.89442359167
1       50.89442371250
2       50.89445365417
2       50.89472033750
4       50.89472035417
1       50.89472047500
2       50.89472960000
2       50.89481045833
2       50.89487095417
2       50.89506807917
4       50.89506809583
1       50.89506821667
2       50.89511049583
2       50.89535361667
4       50.89535363750
1       50.89535375833
2       50.89551464583
2       50.89559743750
4       50.89559745417
1       50.89559757500
2       50.89567578333
2       50.89573516250
2       50.89574618333
2       50.89599191667
4       50.89599193750
1       50.89599205833
2       50.89602269167
2       50.89621545000
4       50.89621546667
1       50.89621558750
2       50.89634332083
2       50.89638772083
2       50.89651004167
4       50.89651006250
1       50.89651018333
2       50.89656462083
2       50.89678684583
4       50.89678684583
1       50.89678698333
2       50.89696765833
4       50.89696767500
1       50.89696779583
2       50.89702264167
2       50.89704817083
2       50.89714360000
2       50.89716112083
4       50.89716114167
1       50.89716126250
2       50.89732679167
2       50.89753042500
4       50.89753044583
1       50.89753056250
2       50.89773713333
4       50.89773715000
1       50.89773727083
2       50.89780801250
2       50.89781794583
2       50.89782225417
2       50.89807931250
4       50.89807933333
1       50.89807945000
2       50.89814725000
2       50.89818958333
2       50.89823634583
2       50.89825452083
4       50.89825454167
1       50.89825465833
2       50.89827933750
2       50.89829660000
2       50.89842642500
2       50.89851882500
4       50.89851884583
1       50.89851896667
2       50.89860066667
2       50.89878310417
4       50.89878310417
1       50.89878324167
2       50.89882920000
2       50.89883908333
2       50.89922007500
4       50.89922007500
1       50.89922021250
2       50.89922927083
2       50.89942006667
4       50.89942008750
1       50.89942020417
2       50.89945291667
2       50.89959834583
2       50.89961980417
4       50.89961980417
1       50.89961994167
2       50.89981223750
4       50.89981225833
1       50.89981237917
2       50.90008457083
4       50.90008459167
1       50.90008471250
2       50.90011300000
2       50.90012492083
2       50.90022357500
2       50.90028364167
4       50.90028366250
1       50.90028378333
2       50.90043236250
2       50.90063041667
4       50.90063043750
1       50.90063055833
2       50.90071450417
2       50.90076722083
2       50.90080660000
2       50.90088910833
4       50.90088912917
1       50.90088925000
2       50.90110238750
4       50.90110240833
1       50.90110252500
2       50.90110634167
2       50.90123825833
2       50.90135158750
4       50.90135158750
1       50.90135172500
2       50.90137462917
2       50.90143170000
2       50.90152276667
2       50.90158999167
4       50.90159001250
1       50.90159012917
2       50.90159923750
2       50.90160972083
2       50.90169794167
2       50.90170094167
2       50.90197224167
4       50.90197226250
1       50.90197238333
2       50.90206433750
2       50.90239684583
4       50.90239686667
1       50.90239698750
2       50.90251608333
2       50.90254624167
2       50.90257701667
4       50.90257703750
1       50.90257715417
2       50.90258093750
2       50.90259066250
2       50.90263329167
2       50.90275560417
4       50.90275562500
1       50.90275574583
2       50.90278036667
2       50.90282120000
2       50.90310134167
4       50.90310135833
1       50.90310147917
2       50.90310376667
2       50.90339912917
4       50.90339915000
1       50.90339927083
2       50.90346370000
2       50.90349652917
2       50.90352726667
2       50.90360016667
2       50.90360915000
4       50.90360916667
1       50.90360928750
2       50.90392019167
4       50.90392021250
1       50.90392033333
2       50.90405163333
2       50.90423149583
4       50.90423149583
1       50.90423163333
2       50.90423740000
2       50.90434744583
2       50.90443555833
4       50.90443557500
1       50.90443569583
2       50.90458625000
2       50.90482306667
4       50.90482306667
1       50.90482320417
2       50.90482965833
2       50.90495522083
2       50.90496877917
2       50.90507719583
4       50.90507721667
1       50.90507733750
2       50.90519775417
2       50.90521163333
2       50.90522093333
2       50.90528902917
4       50.90528904583
1       50.90528916667
2       50.90538748333
2       50.90539583750
2       50.90548824167
4       50.90548826250
1       50.90548837917
2       50.90560379167
2       50.90567852083
4       50.90567853750
1       50.90567865833
2       50.90580880417
2       50.90584260833
2       50.90614472917
4       50.90614474583
1       50.90614486667
2       50.90621553333
2       50.90646597917
4       50.90646600000
1       50.90646612083
2       50.90659750833
2       50.90662134583
2       50.90667798333
4       50.90667800000
1       50.90667812083
2       50.90704392083
4       50.90704394167
1       50.90704406250
2       50.90709860417
2       50.90725392917
4       50.90725395000
1       50.90725407083
2       50.90727277083
2       50.90727980833
2       50.90730697083
2       50.90755206667
4       50.90755206667
1       50.90755220417
2       50.90757688333
2       50.90765635833
2       50.90784325417
4       50.90784327083
1       50.90784339167
2       50.90787070833
2       50.90795083333
2       50.90803432917
2       50.90813930000
4       50.90813931667
1       50.90813943750
2       50.90836321250
4       50.90836322917
1       50.90836335000
2       50.90837752500
2       50.90847555417
2       50.90848703750
2       50.90867828333
4       50.90867830000
1       50.90867842083
2       50.90869114583
2       50.90875446250
2       50.90892800000
4       50.90892802083
1       50.90892813750
2       50.90895649167
2       50.90903371250
2       50.90904290833
2       50.90910813750
4       50.90910815417
1       50.90910827500
2       50.90914395000
2       50.90917932500
2       50.90929895833
4       50.90929897500
1       50.90929909583
2       50.90934340000
2       50.90934739167
2       50.90937837917
2       50.90952155417
4       50.90952157500
1       50.90952169583
2       50.90957025417
2       50.90960498750
2       50.90963646250
2       50.90988750417
4       50.90988750417
1       50.90988764167
2       50.90992792917
2       50.90999915833
2       50.91000777083
2       50.91004757917
2       50.91007335000
4       50.91007337083
1       50.91007349167
2       50.91009463750
2       50.91011408333
2       50.91053070417
4       50.91053072500
1       50.91053084583
2       50.91062858750
2       50.91067686250
2       50.91109890000
4       50.91109892083
1       50.91109904167
2       50.91114057500
2       50.91132909583
4       50.91132911667
1       50.91132923750
2       50.91146227083
2       50.91167525000
4       50.91167526667
1       50.91167538750
2       50.91170417917
2       50.91171888333
2       50.91186041250
2       50.91191205833
4       50.91191207500
1       50.91191219583
2       50.91194942917
2       50.91205870833
2       50.91207561250
2       50.91208190417
2       50.91212135833
2       50.91212500833
2       50.91213655833
4       50.91213657917
1       50.91213670000
2       50.91224950000
2       50.91227071250
2       50.91235485417
2       50.91243967500
4       50.91243969583
1       50.91243981667
2       50.91259400417
2       50.91265795833
4       50.91265797917
1       50.91265810000
2       50.91277419167
2       50.91280139583
2       50.91284198333
2       50.91284643333
2       50.91296065417
4       50.91296067500
1       50.91296079167
2       50.91301902500
2       50.91303020000
2       50.91305307083
2       50.91333505000
4       50.91333506667
1       50.91333518750
2       50.91336118333
2       50.91340983750
2       50.91349464583
2       50.91360661667
4       50.91360663750
1       50.91360675833
2       50.91373151667
2       50.91383137500
4       50.91383139583
1       50.91383151667
2       50.91404312083
2       50.91404516667
2       50.91408652083
4       50.91408654167
1       50.91408665833
2       50.91412162917
2       50.91437432917
4       50.91437434583
1       50.91437446667
2       50.91443097500
2       50.91449028333
2       50.91451547083
2       50.91452178750
2       50.91456709583
4       50.91456709583
1       50.91456723333
2       50.91465300833
2       50.91468769583
2       50.91477312500
4       50.91477312500
1       50.91477326250
2       50.91487616250
2       50.91495905833
4       50.91495907917
1       50.91495919583
2       50.91533487917
4       50.91533490000
1       50.91533502083
2       50.91566985417
4       50.91566985417
1       50.91566999167
2       50.91569430417
2       50.91579857083
2       50.91582055833
2       50.91586354583
2       50.91587147917
2       50.91602715833
4       50.91602717500
1       50.91602729583
2       50.91609604167
2       50.91623495000
4       50.91623496667
1       50.91623508750
2       50.91631000417
2       50.91652438333
4       50.91652440000
1       50.91652452083
2       50.91661011250
2       50.91670984583
2       50.91683045000
4       50.91683046667
1       50.91683058750
2       50.91684763333
2       50.91687280000
2       50.91687711667
2       50.91691686667
2       50.91730807917
4       50.91730809583
1       50.91730821667
2       50.91733978750
2       50.91761343333
4       50.91761345000
1       50.91761357083
2       50.91765086667
2       50.91781412917
4       50.91781414583
1       50.91781426667
2       50.91805392500
4       50.91805394583
1       50.91805406250
2       50.91817684167
2       50.91820339583
2       50.91820399167
2       50.91820863750
2       50.91824476667
4       50.91824476667
1       50.91824490417
2       50.91832192083
2       50.91837200833
2       50.91839156250
2       50.91854416667
4       50.91854416667
1       50.91854430417
2       50.91864923333
2       50.91876912500
4       50.91876914583
1       50.91876926667
2       50.91881707917
2       50.91915461250
4       50.91915462917
1       50.91915475000
2       50.91917889167
2       50.91920697083
2       50.91922585833
2       50.91923177917
2       50.91925067083
2       50.91947332500
4       50.91947332500
1       50.91947346250
2       50.91954319583
2       50.91955040833
2       50.91962197917
2       50.91972698750
4       50.91972700833
1       50.91972712917
2       50.91973829167
2       50.91973961667
2       50.92020795417
4       50.92020797500
1       50.92020809167
2       50.92024775000
2       50.92042787500
4       50.92042787500
1       50.92042801250
2       50.92055138333
2       50.92056401250
2       50.92061671250
2       50.92084253333
4       50.92084255417
1       50.92084267500
2       50.92090650833
2       50.92118612083
4       50.92118613750
1       50.92118625833
2       50.92139824167
4       50.92139825833
1       50.92139837917
2       50.92149248750
2       50.92158084167
2       50.92203502083
4       50.92203503750
1       50.92203515833
2       50.92234292917
4       50.92234294583
1       50.92234306667
2       50.92240726250
2       50.92250397917
2       50.92257357917
4       50.92257360000
1       50.92257372083
2       50.92264351250
2       50.92266097083
2       50.92269138333
2       50.92280969167
4       50.92280971250
1       50.92280983333
2       50.92305521250
4       50.92305522917
1       50.92305535000
2       50.92313529583
2       50.92319161250
2       50.92334102083
4       50.92334103750
1       50.92334115833
2       50.92345036667
2       50.92348577083
2       50.92362326667
4       50.92362328750
1       50.92362340833
2       50.92392200000
4       50.92392202083
1       50.92392214167
2       50.92394826667
2       50.92414995417
4       50.92414995417
1       50.92415009167
2       50.92429301667
2       50.92429526250
2       50.92485270417
4       50.92485270417
1       50.92485284167
2       50.92517739167
4       50.92517740833
1       50.92517752917
2       50.92529201667
2       50.92559135000
4       50.92559137083
1       50.92559148750
2       50.92561695000
2       50.92561955000
2       50.92720177083
4       50.92720179167
1       50.92720191250
2       50.92729652500
2       50.92730445417
2       50.92735418750
2       50.92751414167
4       50.92751415833
1       50.92751427917
2       50.92752606250
2       50.92756382917
2       50.92768441250
2       50.92770919583
4       50.92770919583
1       50.92770933333
2       50.92773077500
2       50.92785032500
2       50.92792747083
4       50.92792749167
1       50.92792761250
2       50.92802129167
2       50.92812689167
4       50.92812690833
1       50.92812702917
2       50.92841407500
4       50.92841407500
1       50.92841421250
2       50.92856614583
2       50.92863664583
4       50.92863666667
1       50.92863678750
2       50.92880820833
2       50.92890894583
4       50.92890894583
1       50.92890908333
2       50.92929224167
4       50.92929225833
1       50.92929237917
2       50.92931597083
2       50.92933425417
2       50.92942730833
2       50.92966612083
4       50.92966613750
1       50.92966625833
2       50.92979197917
2       50.92985887917
2       50.93035871250
4       50.93035873333
1       50.93035885417
2       50.93042725000
2       50.93053569583
2       50.93054915833
2       50.93058956667
4       50.93058956667
1       50.93058970417
2       50.93065412917
2       50.93092512917
4       50.93092515000
1       50.93092527083
2       50.93095028333
2       50.93104306250
2       50.93113519583
2       50.93119729583
4       50.93119729583
1       50.93119743333
2       50.93124771667
2       50.93143419167
4       50.93143421250
1       50.93143433333
2       50.93154022917
2       50.93184324167
4       50.93184325833
1       50.93184337917
2       50.93186355000
2       50.93198995833
2       50.93199635833
2       50.93220073333
4       50.93220075000
1       50.93220087083
2       50.93223379583
2       50.93240929167
4       50.93240931250
1       50.93240943333
2       50.93260869583
4       50.93260871667
1       50.93260883750
2       50.93299888750
4       50.93299890417
1       50.93299902500
2       50.93313967917
2       50.93317885417
2       50.93333350000
4       50.93333351667
1       50.93333363750
2       50.93347991250
2       50.93381543333
4       50.93381545417
1       50.93381557500
2       50.93383161250
2       50.93396221250
2       50.93397876667
2       50.93399320833
2       50.93422845833
4       50.93422847917
1       50.93422860000
2       50.93433808750
2       50.93437086250
2       50.93444079583
4       50.93444079583
1       50.93444093333
2       50.93451519583
2       50.93457225417
2       50.93462887500
2       50.93468985417
4       50.93468985417
1       50.93468999167
2       50.93470402500
2       50.93494123333
4       50.93494125000
1       50.93494137083
2       50.93504365000
2       50.93523267083
4       50.93523269167
1       50.93523281250
2       50.93529960000
2       50.93539271667
2       50.93541266667
2       50.93541986667
2       50.93542546250
2       50.93546462500
4       50.93546464583
1       50.93546476667
2       50.93555136250
2       50.93568153750
4       50.93568155417
1       50.93568167500
2       50.93570447500
2       50.93573293333
2       50.93579154583
2       50.93592397917
4       50.93592400000
1       50.93592412083
2       50.93596866667
2       50.93600749167
2       50.93604799583
2       50.93623532500
4       50.93623532500
1       50.93623546250
2       50.93640492500
2       50.93642379167
4       50.93642380833
1       50.93642392917
2       50.93653707917
2       50.93658346667
2       50.93690973750
4       50.93690975833
1       50.93690987917
2       50.93694842917
2       50.93718498750
4       50.93718500833
1       50.93718512500
2       50.93731718333
2       50.93738302917
4       50.93738305000
1       50.93738316667
2       50.93748444583
2       50.93755461250
4       50.93755462917
1       50.93755475000
2       50.93758447083
2       50.93763083750
2       50.93772060417
2       50.93796706667
4       50.93796708750
1       50.93796720833
2       50.93826574583
4       50.93826574583
1       50.93826588333
2       50.93827872083
2       50.93828272083
2       50.93835621667
2       50.93841720833
2       50.93851482083
4       50.93851483750
1       50.93851495833
2       50.93864567917
2       50.93874673750
4       50.93874675833
1       50.93874687917
2       50.93878916250
2       50.93890406250
2       50.93895138333
4       50.93895140000
1       50.93895152083
2       50.93912194167
4       50.93912195833
1       50.93912207917
2       50.94204307917
4       50.94204309583
1       50.94204321667
2       50.94216073333
2       50.94226509583
4       50.94226509583
1       50.94226523333
2       50.94230248333
2       50.94253627083
4       50.94253629167
1       50.94253641250
2       50.94268661250
2       50.94270552083
2       50.94283601250
4       50.94283602917
1       50.94283615000
2       50.94309140417
4       50.94309142500
1       50.94309154583
2       50.94346072500
4       50.94346072500
1       50.94346086250
2       50.94353923750
2       50.94361140833
2       50.94368667917
4       50.94368669583
1       50.94368681667
2       50.94381752917
2       50.94382575417
2       50.94417258333
4       50.94417260000
1       50.94417272083
2       50.94424702083
2       50.94431862083
2       50.94448060000
4       50.94448062083
1       50.94448074167
2       50.94456275417
2       50.94470647083
4       50.94470648750
1       50.94470660833
2       50.94476646667
2       50.94477179583
2       50.94485749167
2       50.94493067083
4       50.94493068750
1       50.94493080833
2       50.94495162500
2       50.94497810833
2       50.94503175000
2       50.94529517917
4       50.94529519583
1       50.94529531667
2       50.94530404583
2       50.94534406250
2       50.94567363750
4       50.94567365417
1       50.94567377500
2       50.94579555000
2       50.94580617917
2       50.94592182083
4       50.94592183750
1       50.94592195833
2       50.94592272500
2       50.94604827500
2       50.94605166667
2       50.94613668750
4       50.94613670833
1       50.94613682500
2       50.94647922083
4       50.94647923750
1       50.94647935833
2       50.94652057917
2       50.94674192917
4       50.94674194583
1       50.94674206667
2       50.94687604583
2       50.94717681667
4       50.94717681667
1       50.94717695417
2       50.94718374167
2       50.94730365417
2       50.94738742500
4       50.94738742500
1       50.94738756250
2       50.94745466667
2       50.94766400000
4       50.94766402083
1       50.94766414167
2       50.94774546250
2       50.94776504583
2       50.94793431250
4       50.94793433333
1       50.94793445417
2       50.94802229583
2       50.94804817917
2       50.94819303750
4       50.94819305833
1       50.94819317917
2       50.94827644583
2       50.94844903333
4       50.94844905000
1       50.94844917083
2       50.94859704167
2       50.94865307917
2       50.94883728750
4       50.94883730833
1       50.94883742500
2       50.94899857917
2       50.94905982500
4       50.94905984583
1       50.94905996667
2       50.94911912083
2       50.94924893333
4       50.94924895000
1       50.94924907083
2       50.94936716667
2       50.94944930417
4       50.94944930417
1       50.94944944167
2       50.94945395833
2       50.94946786667
2       50.94964441250
4       50.94964443333
1       50.94964455417
2       50.94969182917
2       50.94974873333
2       50.94986432083
4       50.94986433750
1       50.94986445833
2       50.94990714167
2       50.95006570833
4       50.95006572500
1       50.95006584583
2       50.95018094167
2       50.95038041250
4       50.95038043333
1       50.95038055000
2       50.95042812500
2       50.95043039583
2       50.95093159167
4       50.95093161250
1       50.95093173333
2       50.95100212500
2       50.95103615000
2       50.95124488750
4       50.95124490833
1       50.95124502917
2       50.95125249167
2       50.95128565000
2       50.95128832083
2       50.95145194583
4       50.95145194583
1       50.95145208333
2       50.95148733750
2       50.95151353750
2       50.95153672083
2       50.95168907083
4       50.95168909167
1       50.95168921250
2       50.95175170833
2       50.95175793750
2       50.95226446250
4       50.95226448333
1       50.95226460000
2       50.95604939167
2       50.95614036667
4       50.95614038750
1       50.95614050833
2       50.95615629167
2       50.95630475000
2       50.95649190000
4       50.95649191667
1       50.95649203750
2       50.95668694583
4       50.95668694583
1       50.95668708333
2       50.95698075833
4       50.95698077917
1       50.95698090000
2       50.95699637500
2       50.95711292083
2       50.95715300417
4       50.95715300417
1       50.95715314167
2       50.95738947500
4       50.95738949583
1       50.95738961667
2       50.95756336250
4       50.95756337917
1       50.95756350000
2       50.95757792500
2       50.95789092500
4       50.95789094583
1       50.95789106667
2       50.95807182917
4       50.95807185000
1       50.95807196667
2       50.95808405417
2       50.95824570417
2       50.95837357083
4       50.95837358750
1       50.95837370833
2       50.95856305000
4       50.95856307083
1       50.95856319167
2       50.95859546250
2       50.95876546667
4       50.95876548750
1       50.95876560833
2       50.95885548333
2       50.95898303333
4       50.95898305417
1       50.95898317500
2       50.95901952917
2       50.95912877917
2       50.95924765417
4       50.95924765417
1       50.95924779167
2       50.95934871250
2       50.95946393333
4       50.95946395000
1       50.95946407083
2       50.95997406250
4       50.95997407917
1       50.95997420000
2       50.96009300000
2       50.96013307917
2       50.96023570417
4       50.96023570417
1       50.96023584167
2       50.96024699167
2       50.96030924167
2       50.96036156250
2       50.96043242083
4       50.96043244167
1       50.96043256250
2       50.96045802083
2       50.96069645417
4       50.96069647500
1       50.96069659583
2       50.96071573750
2       50.96084779167
2       50.96108141667
4       50.96108143750
1       50.96108155833
2       50.96119130417
2       50.96121591250
2       50.96126152917
2       50.96176896250
4       50.96176897917
1       50.96176910000
2       50.96179610833
2       50.96222247917
4       50.96222250000
1       50.96222261667
2       50.96224130833
2       50.96225716667
2       50.96239205000
2       50.96241890417
4       50.96241892500
1       50.96241904583
2       50.96245758333
2       50.96250491667
2       50.96255897500
2       50.96257125833
2       50.96261562500
4       50.96261564583
1       50.96261576250
2       50.96264407500
2       50.96274801667
2       50.96282351250
4       50.96282352917
1       50.96282365000
2       50.96285933750
2       50.96321613333
4       50.96321615417
1       50.96321627083
2       50.96338601250
2       50.96345387917
4       50.96345389583
1       50.96345401667
2       50.96352054167
2       50.96373719167
4       50.96373721250
1       50.96373733333
2       50.96375295833
2       50.96375534167
2       50.96398026667
4       50.96398026667
1       50.96398040417
2       50.96405052083
2       50.96405074583
2       50.96421377917
4       50.96421380000
1       50.96421392083
2       50.96424095417
2       50.96425521250
2       50.96433596250
2       50.96455890833
4       50.96455892917
1       50.96455905000
2       50.96456018750
2       50.96469895000
2       50.96479140417
4       50.96479142500
1       50.96479154583
2       50.96483577917
2       50.96490067500
2       50.96501530833
4       50.96501532500
1       50.96501544583
2       50.96511610000
2       50.96512262917
2       50.96521969583
4       50.96521969583
1       50.96521983333
2       50.96524022083
2       50.96552116667
4       50.96552116667
1       50.96552130417
2       50.96563669583
2       50.96570832083
4       50.96570833750
1       50.96570845833
2       50.96589840833
4       50.96589842917
1       50.96589854583
2       50.96599443750
2       50.96604739583
2       50.96605671250
2       50.96617625417
4       50.96617627500
1       50.96617639583
2       50.96623293750
2       50.97044846250
4       50.97044848333
1       50.97044860417
2       50.97045601667
2       50.97046204167
2       50.97047058750
2       50.97047365833
2       50.97062432083
2       50.97064747500
4       50.97064747500
1       50.97064761250
2       50.97082140833
2       50.97091942083
4       50.97091944167
1       50.97091956250
2       50.97119706667
4       50.97119708750
1       50.97119720833
2       50.97124070833
2       50.97125098333
2       50.97133951250
2       50.97138417083
4       50.97138418750
1       50.97138430833
2       50.97147857500
2       50.97154115417
2       50.97165676667
4       50.97165678750
1       50.97165690833
2       50.97194720000
4       50.97194722083
1       50.97194734167
2       50.97195357917
2       50.97202703333
2       50.97210916667
2       50.97219462083
4       50.97219464167
1       50.97219476250
2       50.97232551250
2       50.97271167083
4       50.97271168750
1       50.97271180833
2       50.97272033750
2       50.97284058750
2       50.97290083333
2       50.97297964167
4       50.97297966250
1       50.97297978333
2       50.97300317083
2       50.97319522083
4       50.97319523750
1       50.97319535833
2       50.97337147917
2       50.97344502500
4       50.97344502500
1       50.97344516250
2       50.97362857083
4       50.97362859167
1       50.97362871250
2       50.97383953750
4       50.97383955833
1       50.97383967917
2       50.97383987083
2       50.97407469583
4       50.97407471667
1       50.97407483750
2       50.97447866250
4       50.97447867917
1       50.97447880000
2       50.97457946667
2       50.97459834583
2       50.97464615833
2       50.97493819167
4       50.97493821250
1       50.97493833333
2       50.97493864167
2       50.97528540417
4       50.97528542083
1       50.97528554167
2       50.97537242083
2       50.97543313750
2       50.97560962500
4       50.97560962500
1       50.97560976250
2       50.97572520000
2       50.97606807083
4       50.97606808750
1       50.97606820833
2       50.97620512083
2       50.97625127083
2       50.97636720000
4       50.97636721667
1       50.97636733750
2       50.97645120000
2       50.97651852917
2       50.97653437917
2       50.97653840833
2       50.97679306667
4       50.97679308750
1       50.97679320833
2       50.97686395417
2       50.97689507917
2       50.97714284167
4       50.97714286250
1       50.97714298333
2       50.97733501250
2       50.97780295417
4       50.97780297500
1       50.97780309583
2       50.97786000417
2       50.97797718333
2       50.97801400000
4       50.97801401667
1       50.97801413750
2       50.97807616667
2       50.97818853750
2       50.97823036250
4       50.97823038333
1       50.97823050417
2       50.97836081250
2       50.97847447083
4       50.97847448750
1       50.97847460833
2       50.97847938750
2       50.97857273750
2       50.97863404167
2       50.97865723333
2       50.97873705417
4       50.97873705417
1       50.97873719167
2       50.97875755417
2       50.97878110000
2       50.97890862083
2       50.97896887083
4       50.97896889167
1       50.97896901250
2       50.97933423333
4       50.97933425417
1       50.97933437500
2       50.97952178750
4       50.97952180833
1       50.97952192500
2       50.97959759167
2       50.97963926250
2       50.97985658750
4       50.97985660833
1       50.97985672917
2       50.97989236667
2       50.97990327917
2       50.97992121667
2       50.98326690000
4       50.98326691667
1       50.98326703750
2       50.98327527917
2       50.98356570000
4       50.98356571667
1       50.98356583750
2       50.98359053333
2       50.98359484583
2       50.98362561250
2       50.98365775833
2       50.98397177083
4       50.98397179167
1       50.98397191250
2       50.98408239167
2       50.98415460833
2       50.98425864167
4       50.98425866250
1       50.98425878333
2       50.98447919167
4       50.98447921250
1       50.98447932917
2       50.98460739583
2       50.98463476667
2       50.98464114583
2       50.98489061250
4       50.98489062917
1       50.98489075000
2       50.98491214583
2       50.98493428333
2       50.98511093333
4       50.98511095417
1       50.98511107083
2       50.98511947083
2       50.98512946250
2       50.98513334167
2       50.98524371667
2       50.98528576250
2       50.98560336250
4       50.98560338333
1       50.98560350000
2       50.98561075000
2       50.98568087917
2       50.98568884583
2       50.98581117083
2       50.98590576250
4       50.98590577917
1       50.98590590000
2       50.98610652500
2       50.98626184583
4       50.98626184583
1       50.98626198333
2       50.98626325833
2       50.98631250000
2       50.98631452500
2       50.98642255417
2       50.98645730833
2       50.98646155833
4       50.98646157917
1       50.98646170000
2       50.98651534167
2       50.98671729167
4       50.98671731250
1       50.98671742917
2       50.98676571250
2       50.98693696250
4       50.98693698333
1       50.98693710417
2       50.98699653333
2       50.98705713750
2       50.98719757917
4       50.98719760000
1       50.98719772083
2       50.98722039167
2       50.98724932083
2       50.98736748750
4       50.98736750833
1       50.98736762917
2       50.98744497083
2       50.98767347917
4       50.98767350000
1       50.98767362083
2       50.98774505417
2       50.98802761667
4       50.98802761667
1       50.98802775417
2       50.98802793750
2       50.98802830833
2       50.98821216250
2       50.98827113333
4       50.98827115000
1       50.98827127083
2       50.98836848750
2       50.98859107917
4       50.98859110000
1       50.98859122083
2       50.98873978750
2       50.98882090833
4       50.98882092917
1       50.98882105000
2       50.98894383750
2       50.98896367083
2       50.98911739583
4       50.98911741667
1       50.98911753333
2       50.98915852083
2       50.98927609167
2       50.98927801250
2       50.98943336250
4       50.98943338333
1       50.98943350417
2       50.98955092917
2       50.98981860000
4       50.98981861667
1       50.98981873750
2       50.98985807917
2       50.98986301250
2       50.98998911667
2       50.99003119167
4       50.99003120833
1       50.99003132917
2       50.99007794167
2       50.99023227083
4       50.99023229167
1       50.99023241250
2       50.99038369167
2       50.99062674167
4       50.99062676250
1       50.99062688333
2       50.99074511667
2       50.99076483750
2       50.99077023750
2       50.99079074583
2       50.99084514167
4       50.99084516250
1       50.99084528333
2       50.99086788750
2       50.99087617083
2       50.99111804167
4       50.99111806250
1       50.99111818333
2       50.99121744583
2       50.99127496667
2       50.99142795417
4       50.99142797500
1       50.99142809583
2       50.99145393333
2       50.99150790833
2       50.99165962500
4       50.99165962500
1       50.99165976250
2       50.99189602917
4       50.99189605000
1       50.99189617083
2       50.99190997917
2       50.99194472083
2       50.99196290000
2       50.99204043333
2       50.99206268750
2       50.99209906250
4       50.99209907917
1       50.99209920000
2       50.99216431667
2       50.99238489167
4       50.99238490833
1       50.99238502917
2       50.99240648750
2       50.99243062500
2       50.99256578333
4       50.99256580417
1       50.99256592500
2       50.99274925833
4       50.99274927917
1       50.99274940000
2       50.99275123333
2       50.99276622500
2       50.99334090000
4       50.99334092083
1       50.99334104167
2       50.99824203333
4       50.99824205000
1       50.99824217083
2       50.99851328750
4       50.99851330833
1       50.99851342917
2       50.99858015417
2       50.99897607083
4       50.99897608750
1       50.99897620833
2       50.99900149167
2       50.99915289167
4       50.99915291250
1       50.99915302917
2       50.99932512917
2       50.99973781250
4       50.99973782917
1       50.99973795000
2       50.99989585417
2       50.99995581667
4       50.99995581667
1       50.99995595417
2       51.00001041250
2       51.00006182083
2       51.00010619167
2       51.00052915833
4       51.00052917917
1       51.00052930000
2       51.00080533750
4       51.00080535833
1       51.00080547917
2       51.00082026250
2       51.00084220417
2       51.00088717500
2       51.00091701250
2       51.00110177083
4       51.00110178750
1       51.00110190833
2       51.00120192917
2       51.00154364167
4       51.00154365833
1       51.00154377917
2       51.00162580833
2       51.00168871250
2       51.00221710833
4       51.00221712500
1       51.00221724583
2       51.00224127917
2       51.00239066667
2       51.00259675000
4       51.00259677083
1       51.00259689167
2       51.00262772917
2       51.00272981667
2       51.00275662500
2       51.00283551250
2       51.00288716667
4       51.00288718750
1       51.00288730833
2       51.00298785000
2       51.00314720417
4       51.00314720417
1       51.00314734167
2       51.00321769583
2       51.00324355833
2       51.00342933750
4       51.00342935833
1       51.00342947500
2       51.00345053750
2       51.00346044167
2       51.00380887500
4       51.00380889583
1       51.00380901250
2       51.00382848750
2       51.00383840000
2       51.00398677917
2       51.00405735833
4       51.00405737500
1       51.00405749583
2       51.00429974583
4       51.00429976667
1       51.00429988333
2       51.00440878333
2       51.00442170833
2       51.00444855833
2       51.00449756250
4       51.00449757917
1       51.00449770000
2       51.00462246667
2       51.00468368750
2       51.00476353333
4       51.00476355000
1       51.00476367083
2       51.00477807917
2       51.00491024583
2       51.00491628750
2       51.00500437917
4       51.00500440000
1       51.00500452083
2       51.00510927917
2       51.00529577917
4       51.00529580000
1       51.00529592083
2       51.00557702500
4       51.00557702500
1       51.00557716250
2       51.00561942500
2       51.00572842500
2       51.00573082083
2       51.00582639583
4       51.00582641667
1       51.00582653333
2       51.00612290833
4       51.00612292500
1       51.00612304583
2       51.00617789583
2       51.00618850833
2       51.00630465833
4       51.00630467917
1       51.00630480000
2       51.00634713750
2       51.00638849167
2       51.00651639167
4       51.00651641250
1       51.00651653333
2       51.00654420000
2       51.00686658333
4       51.00686660417
1       51.00686672500
2       51.00688869167
2       51.00691556250
2       51.00696952083
2       51.00699107500
2       51.00709242083
4       51.00709244167
1       51.00709256250
2       51.00713448333
2       51.00714976667
2       51.00735335833
4       51.00735337917
1       51.00735350000
2       51.00753459167
2       51.00753960833
2       51.00759030000
4       51.00759031667
1       51.00759043750
2       51.00796421667
4       51.00796423750
1       51.00796435833
2       51.00801055833
2       51.00824147500
4       51.00824149583
1       51.00824161667
2       51.00836868750
2       51.00859287917
4       51.00859290000
1       51.00859302083
2       51.00876612917
4       51.00876615000
1       51.00876627083
2       51.00887182500
2       51.01040330833
4       51.01040332500
1       51.01040344583
2       51.01046427917
2       51.01048711667
2       51.01062694583
4       51.01062696667
1       51.01062708750
2       51.01156598750
4       51.01156600417
1       51.01156612500
2       51.01187169583
4       51.01187171667
1       51.01187183333
2       51.01209400833
4       51.01209402500
1       51.01209414583
2       51.01232815833
4       51.01232817917
1       51.01232830000
2       51.01266858750
4       51.01266860417
1       51.01266872500
2       51.01270900417
2       51.01380801667
4       51.01380803750
1       51.01380815833
2       51.01393191250
2       51.01409522500
4       51.01409522500
1       51.01409536250
2       51.01410179583
2       51.01415290417
2       51.01422500000
2       51.01423333750
2       51.01425388750
2       51.01468044583
4       51.01468044583
1       51.01468058333
2       51.01502199583
4       51.01502199583
1       51.01502213333
2       51.01526810833
4       51.01526812500
1       51.01526824583
2       51.01546481667
2       51.01567642500
4       51.01567642500
1       51.01567656250
2       51.01578108333
2       51.01595775833
4       51.01595777917
1       51.01595790000
2       51.01596861250
2       51.01631406250
4       51.01631407917
1       51.01631420000
2       51.01670426250
4       51.01670428333
1       51.01670440417
2       51.01675955833
2       51.01687182083
2       51.01687720833
2       51.01691817917
2       51.01700562917
4       51.01700564583
1       51.01700576667
2       51.01720504583
4       51.01720504583
1       51.01720518333
2       51.01721564583
2       51.01745876667
4       51.01745878750
1       51.01745890833
2       51.01748238333
2       51.01758804167
2       51.01764195417
2       51.01771189167
4       51.01771191250
1       51.01771203333
2       51.01811525833
4       51.01811527500
1       51.01811539583
2       51.01842861667
4       51.01842861667
1       51.01842875417
2       51.01880783750
4       51.01880785417
1       51.01880797500
2       51.01883107083
2       51.01894270833
2       51.01899197500
4       51.01899199583
1       51.01899211667
2       51.01910796667
2       51.01927730000
4       51.01927732083
1       51.01927744167
2       51.01949091250
2       51.01959358750
4       51.01959360833
1       51.01959372917
2       51.02089856250
4       51.02089857917
1       51.02089870000
2       51.02090750417
2       51.02106846250
2       51.02162302083
4       51.02162303750
1       51.02162315833
2       51.02164218333
2       51.02173201250
2       51.02173867083
2       51.02180353333
2       51.02220521667
4       51.02220523750
1       51.02220535417
2       51.02222544583
2       51.02227123333
2       51.02235498333
2       51.02240695000
4       51.02240696667
1       51.02240708750
2       51.02246767500
2       51.02254542083
2       51.02267762500
4       51.02267764583
1       51.02267776667
2       51.02278423333
2       51.02285347083
2       51.02287499583
2       51.02309066667
4       51.02309066667
1       51.02309080417
2       51.02341552500
4       51.02341554583
1       51.02341566667
2       51.02346715833
2       51.02356733750
2       51.02357357083
2       51.02370505417
4       51.02370505417
1       51.02370519167
2       51.02384747083
2       51.02392170833
2       51.02399488333
4       51.02399490000
1       51.02399502083
2       51.02418630833
2       51.02426657917
4       51.02426659583
1       51.02426671667
2       51.02449563333
4       51.02449565417
1       51.02449577500
2       51.02476593333
4       51.02476595417
1       51.02476607500
2       51.02489986250
2       51.02510611250
4       51.02510613333
1       51.02510625417
2       51.02511045000
2       51.02527644167
2       51.02534797500
4       51.02534797500
1       51.02534811250
2       51.02536877500
2       51.02544526250
2       51.02583879167
4       51.02583880833
1       51.02583892917
2       51.02590769583
2       51.02593916250
2       51.02619488333
4       51.02619490000
1       51.02619502083
2       51.02621010417
2       51.02623437917
2       51.02632873333
2       51.02639092500
2       51.02647536250
4       51.02647538333
1       51.02647550417
2       51.02654368333
2       51.02662048750
2       51.02668109167
4       51.02668111250
1       51.02668123333
2       51.02675265833
2       51.02695172083
4       51.02695173750
1       51.02695185833
2       51.02695833750
2       51.02697280833
2       51.02699344167
2       51.02707498333
2       51.02708422500
2       51.02714316250
4       51.02714318333
1       51.02714330417
2       51.02725647917
2       51.02740153333
4       51.02740155000
1       51.02740167083
2       51.02747645000
2       51.02751911667
2       51.02757275000
2       51.02758845833
2       51.02780131250
4       51.02780133333
1       51.02780145417
2       51.02781193750
2       51.02791563333
2       51.02799907083
2       51.02805969583
4       51.02805971667
1       51.02805983333
2       51.02806960000
2       51.02807820417
2       51.02817890000
2       51.02818123750
2       51.02820354167
2       51.02847040833
4       51.02847042500
1       51.02847054583
2       51.02849597917
2       51.02869730000
4       51.02869731667
1       51.02869743750
2       51.02871226667
2       51.02873470833
2       51.02884761250
2       51.02927102917
4       51.02927104583
1       51.02927116667
2       51.02975657500
4       51.02975659583
1       51.02975671667
2       51.02988942917
2       51.03040779167
4       51.03040781250
1       51.03040793333
2       51.03047634167
2       51.03060548333
2       51.03069335417
4       51.03069337083
1       51.03069349167
2       51.03660862083
4       51.03660863750
1       51.03660875833
2       51.03686634583
4       51.03686636667
1       51.03686648750
2       51.03702768750
2       51.03708655833
4       51.03708657917
1       51.03708670000
2       51.03715156250
2       51.03715289167
2       51.03716707500
2       51.03723763750
2       51.03747320833
4       51.03747322917
1       51.03747335000
2       51.03751062917
2       51.03770762083
4       51.03770764167
1       51.03770775833
2       51.03785909583
2       51.03806772083
4       51.03806774167
1       51.03806786250
2       51.03823498750
2       51.03845621250
4       51.03845623333
1       51.03845635000
2       51.03854236667
2       51.03856353750
2       51.03863440000
4       51.03863441667
1       51.03863453750
2       51.03885068750
4       51.03885070417
1       51.03885082500
2       51.03894277917
2       51.03916305417
4       51.03916307500
1       51.03916319167
2       51.03921970000
2       51.03926482083
2       51.03947217083
4       51.03947219167
1       51.03947230833
2       51.03947942917
2       51.03954167917
2       51.03963735000
2       51.03966020833
2       51.03984900417
4       51.03984902500
1       51.03984914583
2       51.03989367917
2       51.03995703750
2       51.04003351667
2       51.04012668333
4       51.04012670000
1       51.04012682083
2       51.04024109583
2       51.04036041667
4       51.04036041667
1       51.04036055417
2       51.04036507917
2       51.04070432917
4       51.04070435000
1       51.04070446667
2       51.04085466250
2       51.04100497917
4       51.04100500000
1       51.04100511667
2       51.04116865000
2       51.04122727083
4       51.04122729167
1       51.04122740833
2       51.04127331250
2       51.04139021250
2       51.04143064167
4       51.04143065833
1       51.04143077917
2       51.04149693333
2       51.04151710000
2       51.04169426667
4       51.04169428750
1       51.04169440833
2       51.04184007500
2       51.04188875833
2       51.04222325417
4       51.04222327500
1       51.04222339583
2       51.04240806250
2       51.04254188333
4       51.04254190000
1       51.04254202083
2       51.04256507917
2       51.04267440417
2       51.04330568333
4       51.04330570417
1       51.04330582500
2       51.04335175417
2       51.04351968750
4       51.04351970417
1       51.04351982500
2       51.04363889167
2       51.04378167083
4       51.04378168750
1       51.04378180833
2       51.04379422083
2       51.04392651667
2       51.04456112500
4       51.04456114583
1       51.04456126667
2       51.04460709167
2       51.04472566250
2       51.04486622500
4       51.04486622500
1       51.04486636250
2       51.04488130417
2       51.04497082917
2       51.04502342917
2       51.04544016667
4       51.04544016667
1       51.04544030417
2       51.04558819167
2       51.04567506667
4       51.04567506667
1       51.04567520417
2       51.04568656667
2       51.04574053333
2       51.04594028750
4       51.04594030833
1       51.04594042917
2       51.04595124167
2       51.04603872917
2       51.04629207083
4       51.04629209167
1       51.04629221250
2       51.04639964583
2       51.04654621250
4       51.04654622917
1       51.04654635000
2       51.04657500833
2       51.04684780833
4       51.04684782917
1       51.04684795000
2       51.05247334583
4       51.05247334583
1       51.05247348333
2       51.05255056667
2       51.05255750833
2       51.05259367083
2       51.05261882917
2       51.05266747500
2       51.05284269583
4       51.05284271667
1       51.05284283750
2       51.05288208750
2       51.05289770833
2       51.05305272083
4       51.05305273750
1       51.05305285833
2       51.05313218333
2       51.05338858333
4       51.05338860417
1       51.05338872500
2       51.05346513333
2       51.05379471250
4       51.05379472917
1       51.05379485000
2       51.05404206667
4       51.05404208750
1       51.05404220833
2       51.05463434167
4       51.05463436250
1       51.05463448333
2       51.05484270000
4       51.05484272083
1       51.05484284167
2       51.05498415833
2       51.05503974167
4       51.05503975833
1       51.05503987917
2       51.05536529583
4       51.05536531667
1       51.05536543750
2       51.05538648333
2       51.05539617083
2       51.05543392500
2       51.05546435833
2       51.05551932917
2       51.05555452500
2       51.05585721250
4       51.05585722917
1       51.05585735000
2       51.05585879583
2       51.05587745833
2       51.05592143333
2       51.05597375417
2       51.05675984167
4       51.05675986250
1       51.05675997917
2       51.05679817917
2       51.05682803333
2       51.05733081667
4       51.05733081667
1       51.05733095417
2       51.05738973750
2       51.05741438333
2       51.05744445000
2       51.05749636667
2       51.05760372083
4       51.05760373750
1       51.05760385833
2       51.05783463333
4       51.05783465417
1       51.05783477083
2       51.05829971667
4       51.05829973750
1       51.05829985833
2       51.05832081250
2       51.05835007083
2       51.05868432500
4       51.05868432500
1       51.05868446250
2       51.05870475417
2       51.05875216250
2       51.05893900417
4       51.05893902500
1       51.05893914583
2       51.05933311667
4       51.05933311667
1       51.05933325417
2       51.05950298750
2       51.05958149167
4       51.05958151250
1       51.05958163333
2       51.05963420417
2       51.05970671250
2       51.06007539583
4       51.06007541667
1       51.06007553750
2       51.06027083333
4       51.06027085417
1       51.06027097500
2       51.06031919583
2       51.06048742500
4       51.06048744583
1       51.06048756667
2       51.06054903750
2       51.06060534583
2       51.06081137917
4       51.06081139583
1       51.06081151667
2       51.06092362083
2       51.06566383333
4       51.06566385417
1       51.06566397500
2       51.06572216667
2       51.06579001667
2       51.06583872917
4       51.06583875000
1       51.06583886667
2       51.06586355000
2       51.06615138750
4       51.06615140417
1       51.06615152500
2       51.06640549583
4       51.06640549583
1       51.06640563333
2       51.06643063333
2       51.06646012083
2       51.06665685000
4       51.06665687083
1       51.06665699167
2       51.06690400000
4       51.06690402083
1       51.06690414167
2       51.06705067917
2       51.06711127500
4       51.06711129583
1       51.06711141250
2       51.06730117083
4       51.06730119167
1       51.06730131250
2       51.06743492083
2       51.06748698333
4       51.06748700417
1       51.06748712500
2       51.06759996250
2       51.06771311250
4       51.06771312917
1       51.06771325000
2       51.06803183333
4       51.06803185417
1       51.06803197500
2       51.06824369583
4       51.06824371667
1       51.06824383333
2       51.06830533750
2       51.06853429583
4       51.06853431667
1       51.06853443750
2       51.06861079583
2       51.06866614167
2       51.06884031250
4       51.06884033333
1       51.06884045417
2       51.06895787083
2       51.06899893333
2       51.06906296667
4       51.06906298750
1       51.06906310833
2       51.06932385417
4       51.06932387500
1       51.06932399583
2       51.06936427500
2       51.06962265833
4       51.06962267917
1       51.06962280000
2       51.06982870417
4       51.06982872500
1       51.06982884167
2       51.07001251250
2       51.07009470417
4       51.07009472500
1       51.07009484583
2       51.07051966250
4       51.07051967917
1       51.07051980000
2       51.07069817917
4       51.07069819583
1       51.07069831667
2       51.07085088750
2       51.07085618333
2       51.07099225417
4       51.07099227500
1       51.07099239583
2       51.07099598750
2       51.07103759583
2       51.07107538750
2       51.07119603750
4       51.07119605833
1       51.07119617500
2       51.07128935417
2       51.07142658333
4       51.07142660417
1       51.07142672083
2       51.07145136250
2       51.07168955000
4       51.07168956667
1       51.07168968750
2       51.07169348750
2       51.07178160000
2       51.07180307083
2       51.07185146667
2       51.07189148333
4       51.07189150417
1       51.07189162500
2       51.07196319583
2       51.07196702917
2       51.07198990833
2       51.07238474583
4       51.07238476667
1       51.07238488750
2       51.07241923333
2       51.07265105833
4       51.07265107917
1       51.07265120000
2       51.07271067083
2       51.07285410417
4       51.07285410417
1       51.07285424167
2       51.07293660833
2       51.07301742917
2       51.07304320833
2       51.07314788333
4       51.07314790000
1       51.07314802083
2       51.07334866667
4       51.07334866667
1       51.07334880417
2       51.07401012500
4       51.07401014583
1       51.07401026667
2       51.07425194583
4       51.07425196667
1       51.07425208750
2       51.07470135833
4       51.07470137500
1       51.07470149583
2       51.07520920833
4       51.07520922917
1       51.07520935000
2       51.07533133333
2       51.07541314583
4       51.07541314583
1       51.07541328333
2       51.07953657917
4       51.07953659583
1       51.07953671667
2       51.07960217917
2       51.07970216667
2       51.07976979583
4       51.07976981667
1       51.07976993750
2       51.08003117083
4       51.08003118750
1       51.08003130833
2       51.08007983333
2       51.08049316250
4       51.08049317917
1       51.08049330000
2       51.08066342500
2       51.08069489583
2       51.08070821667
2       51.08085685000
4       51.08085686667
1       51.08085698750
2       51.08110559583
4       51.08110559583
1       51.08110573333
2       51.08127317500
4       51.08127317500
1       51.08127331250
2       51.08140311667
2       51.08152690417
4       51.08152690417
1       51.08152704167
2       51.08153920833
2       51.08156609167
2       51.08170508750
2       51.08172266250
4       51.08172267917
1       51.08172280000
2       51.08206845833
4       51.08206847917
1       51.08206860000
2       51.08221459167
2       51.08226593750
4       51.08226595833
1       51.08226607917
2       51.08232122917
2       51.08239776250
2       51.08247487083
4       51.08247489167
1       51.08247501250
2       51.08258528333
2       51.08274252917
4       51.08274254583
1       51.08274266667
2       51.08290312083
2       51.08291746250
2       51.08299164583
4       51.08299166667
1       51.08299178750
2       51.08300124167
2       51.08305027917
2       51.08311417917
2       51.08328143750
4       51.08328145833
1       51.08328157500
2       51.08330267500
2       51.08340658333
2       51.08367990417
4       51.08367992500
1       51.08368004583
2       51.08381076667
2       51.08392895417
4       51.08392897500
1       51.08392909167
2       51.08402208750
2       51.08413401250
4       51.08413402917
1       51.08413415000
2       51.08419430000
2       51.08420492500
2       51.08422872917
2       51.08423637083
2       51.08436682083
4       51.08436684167
1       51.08436696250
2       51.08458775833
4       51.08458777917
1       51.08458790000
2       51.08465900833
2       51.08475270833
2       51.08475708750
2       51.08492564167
4       51.08492565833
1       51.08492577917
2       51.08520850833
4       51.08520852917
1       51.08520865000
2       51.08520884583
2       51.08540986250
2       51.08541221667
4       51.08541223750
1       51.08541235833
2       51.08550426667
2       51.08561556250
4       51.08561557917
1       51.08561570000
2       51.08582094583
4       51.08582096667
1       51.08582108750
2       51.08582255833
2       51.08600180000
4       51.08600182083
1       51.08600194167
2       51.08603563750
2       51.08604550000
2       51.08605343750
2       51.08606070000
2       51.08672882083
4       51.08672883750
1       51.08672895833
2       51.08674803333
2       51.08676262083
2       51.08678289167
2       51.08680070833
2       51.08680400417
2       51.08692333333
4       51.08692335417
1       51.08692347500
2       51.08707500417
2       51.08711872500
4       51.08711872500
1       51.08711886250
2       51.08720477500
2       51.08735912500
4       51.08735912500
1       51.08735926250
2       51.08742989167
2       51.08743961667
2       51.08756220000
4       51.08756222083
1       51.08756234167
2       51.08756945417
2       51.08772890833
2       51.08783712917
4       51.08783715000
1       51.08783727083
2       51.08784868333
2       51.08797290833
2       51.08805239583
4       51.08805239583
1       51.08805253333
2       51.08808982083
2       51.08814717917
2       51.08814851250
2       51.08847745833
4       51.08847747917
1       51.08847759583
2       51.08878810000
4       51.08878812083
1       51.08878824167
2       51.08884440417
2       51.08894372500
2       51.09317944583
4       51.09317946667
1       51.09317958750
2       51.09321845000
2       51.09342030000
4       51.09342031667
1       51.09342043750
2       51.09350568333
2       51.09378889167
4       51.09378890833
1       51.09378902917
2       51.09381477083
2       51.09384694167
2       51.09393166667
2       51.09397367917
4       51.09397370000
1       51.09397382083
2       51.09404262083
2       51.09412641250
2       51.09415144583
2       51.09424432917
4       51.09424434583
1       51.09424446667
2       51.09427941667
2       51.09429106667
2       51.09430064583
2       51.09449742917
4       51.09449744583
1       51.09449756667
2       51.09452793750
2       51.09454569583
2       51.09464316250
2       51.09492737917
4       51.09492739583
1       51.09492751667
2       51.09501768333
2       51.09510617917
2       51.09518672917
4       51.09518675000
1       51.09518686667
2       51.09519432917
2       51.09541488333
4       51.09541490000
1       51.09541502083
2       51.09548642500
2       51.09555296667
2       51.09562453333
4       51.09562455000
1       51.09562467083
2       51.09572795833
2       51.09592665417
4       51.09592665417
1       51.09592679167
2       51.09614197917
4       51.09614199583
1       51.09614211667
2       51.09618965417
2       51.09628803750
2       51.09648442500
4       51.09648444583
1       51.09648456250
2       51.09713825000
4       51.09713827083
1       51.09713839167
2       51.09721799167
2       51.09725980417
2       51.09729562917
2       51.09730162083
2       51.09733602083
4       51.09733604167
1       51.09733616250
2       51.09744692083
2       51.09745557083
2       51.09762611250
4       51.09762613333
1       51.09762625417
2       51.09768650417
2       51.09787163333
4       51.09787165417
1       51.09787177083
2       51.09787757083
2       51.09791663333
2       51.09805083750
2       51.09829055833
4       51.09829057917
1       51.09829070000
2       51.09840120833
2       51.09898683750
4       51.09898685833
1       51.09898697500
2       51.09900535417
2       51.09916702083
2       51.09930647917
4       51.09930650000
1       51.09930662083
2       51.09939195000
2       51.09942045417
2       51.09944625417
2       51.09947840833
2       51.09952768333
4       51.09952770417
1       51.09952782500
2       51.09955625000
2       51.09985771667
4       51.09985773750
1       51.09985785833
2       51.10010576250
4       51.10010578333
1       51.10010590417
2       51.10011027917
2       51.10024675417
2       51.10039353333
4       51.10039355417
1       51.10039367500
2       51.10044690000
2       51.10050586250
2       51.10051983333
2       51.10065621250
4       51.10065622917
1       51.10065635000
2       51.10102089167
4       51.10102090833
1       51.10102102917
2       51.10110502500
2       51.10116597083
2       51.10122693750
4       51.10122695833
1       51.10122707917
2       51.10125339583
2       51.10125509583
2       51.10131469583
2       51.10132557083
2       51.10135839583
2       51.10157900833
4       51.10157902500
1       51.10157914583
2       51.10158102917
2       51.10159823750
2       51.10166151667
2       51.10175389583
2       51.10188675417
4       51.10188677500
1       51.10188689583
2       51.10192848333
2       51.10195658750
2       51.10199872083
2       51.10216625417
4       51.10216627500
1       51.10216639167
2       51.10218511250
2       51.10219546667
2       51.10222360417
2       51.10231062083
2       51.10243126250
4       51.10243128333
1       51.10243140417
2       51.10248557917
2       51.10254590833
2       51.10261772083
2       51.10269956667
4       51.10269958750
1       51.10269970833
2       51.10294862917
4       51.10294864583
1       51.10294876667
2       51.10312453750
4       51.10312455417
1       51.10312467500
2       51.10320000833
2       51.10323120833
2       51.10332424583
4       51.10332424583
1       51.10332438333
2       51.10336105417
2       51.10337890833
2       51.10354915417
4       51.10354915417
1       51.10354929167
2       51.10357161667
2       51.10370610833
2       51.10380412500
4       51.10380412500
1       51.10380426250
2       51.10380456250
2       51.10631753333
2       51.10634201667
2       51.10642182083
4       51.10642184167
1       51.10642196250
2       51.10653515000
2       51.10676472917
4       51.10676475000
1       51.10676486667
2       51.10687167917
2       51.10690639167
2       51.10696780000
4       51.10696781667
1       51.10696793750
2       51.10708896250
2       51.10722214167
4       51.10722216250
1       51.10722228333
2       51.10737055000
2       51.10743972083
4       51.10743974167
1       51.10743985833
2       51.10748111667
2       51.10763120000
4       51.10763121667
1       51.10763133750
2       51.10813467917
4       51.10813469583
1       51.10813481667
2       51.10826546250
2       51.10827579167
2       51.10846287500
4       51.10846287500
1       51.10846301250
2       51.10846522500
2       51.10871893333
4       51.10871895417
1       51.10871907083
2       51.10882367083
2       51.10890710417
4       51.10890712500
1       51.10890724167
2       51.10904587500
2       51.10905349583
2       51.10907263333
2       51.10958670417
4       51.10958670417
1       51.10958684167
2       51.10962875000
2       51.10973846250
2       51.10977622083
4       51.10977623750
1       51.10977635833
2       51.11013424167
4       51.11013425833
1       51.11013437917
2       51.11030450833
2       51.11036785000
4       51.11036787083
1       51.11036798750
2       51.11042205000
2       51.11043471667
2       51.11056750833
4       51.11056752917
1       51.11056765000
2       51.11106600000
4       51.11106602083
1       51.11106614167
2       51.11119781667
2       51.11131807500
4       51.11131809583
1       51.11131821250
2       51.11136510833
2       51.11137234167
2       51.11141807917
2       51.11144557500
2       51.11147065000
2       51.11155852500
4       51.11155852500
1       51.11155866250
2       51.11157643333
2       51.11165093333
2       51.11177485000
4       51.11177487083
1       51.11177498750
2       51.11183184167
2       51.11200207500
4       51.11200207500
1       51.11200221250
2       51.11204274583
2       51.11225610833
4       51.11225612500
1       51.11225624583
2       51.11245586250
4       51.11245588333
1       51.11245600417
2       51.11249297083
2       51.11267242917
4       51.11267245000
1       51.11267257083
2       51.11272510417
2       51.11274104583
2       51.11280846250
2       51.11289072083
4       51.11289074167
1       51.11289086250
2       51.11307787083
2       51.11351380833
4       51.11351382500
1       51.11351394583
2       51.11369001250
2       51.11370128333
4       51.11370130000
1       51.11370142083
2       51.11371117917
2       51.11399732500
4       51.11399732500
1       51.11399746250
2       51.11431225833
4       51.11431227917
1       51.11431240000
2       51.11446960833
2       51.11479719583
4       51.11479721667
1       51.11479733750
2       51.11485988333
2       51.11499404167
4       51.11499406250
1       51.11499417917
2       51.11507717917
2       51.11514471250
2       51.11531587917
4       51.11531590000
1       51.11531602083
2       51.11534209167
2       51.11548983750
2       51.11555052500
4       51.11555052500
1       51.11555066250
2       51.11581875000
4       51.11581876667
1       51.11581888750
2       51.11599299167
2       51.11603012500
4       51.11603014583
1       51.11603026667
2       51.11616726667
2       51.11628980833
4       51.11628982500
1       51.11628994583
2       51.11630145000
2       51.11638821250
2       51.11654409583
4       51.11654409583
1       51.11654423333
2       51.12043470833
2       51.12045857500
4       51.12045859583
1       51.12045871667
2       51.12072425833
4       51.12072427500
1       51.12072439583
2       51.12087790417
2       51.12091472083
4       51.12091474167
1       51.12091486250
2       51.12099748333
2       51.12119850000
4       51.12119852083
1       51.12119864167
2       51.12125481667
2       51.12151547917
4       51.12151549583
1       51.12151561667
2       51.12161389167
2       51.12166128750
2       51.12189938750
4       51.12189940833
1       51.12189952917
2       51.12208887083
4       51.12208888750
1       51.12208900833
2       51.12217167083
2       51.12232468333
4       51.12232470417
1       51.12232482500
2       51.12242251250
2       51.12260823750
4       51.12260823750
1       51.12260837500
2       51.12316437083
4       51.12316438750
1       51.12316450833
2       51.12326339583
2       51.12342412500
4       51.12342412500
1       51.12342426250
2       51.12399074167
4       51.12399075833
1       51.12399087917
2       51.12450382917
4       51.12450384583
1       51.12450396667
2       51.12459827917
2       51.12488245000
4       51.12488247083
1       51.12488259167
2       51.12541635417
4       51.12541637500
1       51.12541649583
2       51.12576747500
4       51.12576749583
1       51.12576761667
2       51.12606758750
4       51.12606760417
1       51.12606772500
2       51.12611329583
2       51.12639484167
4       51.12639486250
1       51.12639498333
2       51.12643854167
2       51.12659121667
2       51.12682804583
4       51.12682806667
1       51.12682818333
2       51.12690587917
2       51.12732987083
4       51.12732989167
1       51.12733001250
2       51.12752900000
2       51.12766212917
4       51.12766215000
1       51.12766227083
2       51.12778763333
2       51.12780088333
2       51.12808705000
4       51.12808707083
1       51.12808719167
2       51.12835435417
4       51.12835435417
1       51.12835449167
2       51.12851070000
2       51.12852684583
2       51.12861045833
4       51.12861047917
1       51.12861060000
2       51.12884656667
4       51.12884658750
1       51.12884670833
2       51.12897370833
2       51.12935434583
4       51.12935434583
1       51.12935448333
2       51.12947788333
2       51.12953219167
2       51.12955933750
4       51.12955933750
1       51.12955947500
2       51.13460400000
4       51.13460402083
1       51.13460414167
2       51.13536778750
4       51.13536780833
1       51.13536792917
2       51.13580929583
4       51.13580929583
1       51.13580943333
2       51.13630315000
4       51.13630316667
1       51.13630328750
2       51.13645052500
2       51.13671184167
4       51.13671185833
1       51.13671197917
2       51.13694901667
4       51.13694901667
1       51.13694915417
2       51.13715765833
4       51.13715767917
1       51.13715779583
2       51.13753989167
4       51.13753991250
1       51.13754002917
2       51.13767868750
2       51.13795287917
4       51.13795289583
1       51.13795301667
2       51.13877106250
4       51.13877108333
1       51.13877120417
2       51.13883861250
2       51.13921828750
4       51.13921830417
1       51.13921842500
2       51.13944814167
4       51.13944815833
1       51.13944827917
2       51.13949781250
2       51.14022680000
4       51.14022682083
1       51.14022694167
2       51.14045566667
4       51.14045568750
1       51.14045580417
2       51.14054181250
2       51.14078690833
4       51.14078692917
1       51.14078705000
2       51.14094622083
2       51.14191733750
4       51.14191733750
1       51.14191747500
2       51.14272750417
4       51.14272752500
1       51.14272764583
2       51.14280212500
2       51.14299552083
4       51.14299554167
1       51.14299566250
2       51.14352380417
4       51.14352382500
1       51.14352394583
2       51.14375273333
4       51.14375275417
1       51.14375287500
2       51.14488583333
4       51.14488585417
1       51.14488597500
2       51.14507332917
2       51.14649430833
4       51.14649432500
1       51.14649444583
2       51.14693245833
4       51.14693247500
1       51.14693259583
2       51.14695238750
2       51.14755419583
4       51.14755419583
1       51.14755433333
2       51.14978892917
4       51.14978894583
1       51.14978906667
2       51.15252057083
4       51.15252059167
1       51.15252071250
2       51.15636906250
4       51.15636907917
1       51.15636920000
2       51.15699511250
4       51.15699513333
1       51.15699525417
2       51.15792455000
4       51.15792457083
1       51.15792468750
2       51.15907422917
4       51.15907425000
1       51.15907437083
2       51.16113675833
4       51.16113677500
1       51.16113689583
2       51.16132355833
2       51.16204401667
4       51.16204401667
1       51.16204415417
2       51.16214732917
2       51.16284688750
4       51.16284690833
1       51.16284702500
2       51.16319862500
4       51.16319862500
1       51.16319876250
2       51.16365007083
4       51.16365008750
1       51.16365020833
2       51.16486435000
4       51.16486436667
1       51.16486448750
2       51.16598820833
4       51.16598822917
1       51.16598835000
2       51.16966652083
4       51.16966653750
1       51.16966665833
2       51.17451867083
4       51.17451869167
1       51.17451880833
2       51.17561956667
4       51.17561958750
1       51.17561970833
2       51.18778985833
4       51.18778987917
1       51.18779000000
2       51.19149817500
4       51.19149817500
1       51.19149831250
2       51.20812876667
4       51.20812878750
1       51.20812890833
2       51.21035500417
4       51.21035502083
1       51.21035514167
2       51.22452471250
4       51.22452473333
1       51.22452485417
