# Software: TrackLab 1.6.0
# Start of measurement: 24/8/2026 1:56:33.820 UTC
# Start of measurement - unix time: 1787536593.820
# Chip ID: K8-W0036
# Readout IP address: 192.168.1.49
# Event code 1: evttrgcorbofall
# Event code 2: evttrg
# Event code 4: evttrgcorbolead
# Event code 8: 
# Event code 16: 
# -----------------------------------------------------------------------------------------------------------------------------
2       1.62704414167
4       1.62704415833
1       1.62704427917
2       1.62768859167
4       1.62768861250
1       1.62768873333
2       1.62789469167
4       1.62789470833
1       1.62789482917
2       1.62832175417
4       1.62832177500
1       1.62832189583
2       1.63068607083
4       1.63068609167
1       1.63068621250
2       1.63073513750
4       1.63073515833
1       1.63073527917
2       1.63074281250
4       1.63074282917
1       1.63074295000
2       1.63232905417
4       1.63232907500
1       1.63232919583
2       1.63853367917
4       1.63853369583
1       1.63853381667
2       1.63862866250
4       1.63862868333
1       1.63862880417
2       1.63892424167
4       1.63892426250
1       1.63892437917
2       1.63933686250
4       1.63933687917
1       1.63933700000
2       1.63940180000
4       1.63940182083
1       1.63940194167
2       1.64029819167
4       1.64029820833
1       1.64029832917
2       1.64305952500
4       1.64305954583
1       1.64305966667
2       1.64366407500
4       1.64366409583
1       1.64366421667
2       1.64464589167
4       1.64464590833
1       1.64464602917
2       1.64698609583
4       1.64698611667
1       1.64698623333
2       1.64737793333
4       1.64737795417
1       1.64737807500
2       1.64795915000
4       1.64795916667
1       1.64795928750
2       1.65236995417
4       1.65236997500
1       1.65237009583
2       1.65244869583
4       1.65244871667
1       1.65244883333
2       1.65294820000
4       1.65294821667
1       1.65294833750
2       1.65295537083
4       1.65295538750
1       1.65295550833
2       1.65306975833
4       1.65306977917
1       1.65306990000
2       1.65355490417
4       1.65355490417
1       1.65355504167
2       1.65440815000
4       1.65440816667
1       1.65440828750
2       1.65500171667
4       1.65500173750
1       1.65500185833
2       1.65540755000
4       1.65540756667
1       1.65540768750
2       1.65559305833
4       1.65559307917
1       1.65559319583
2       1.65895000833
4       1.65895002500
1       1.65895014583
2       1.66013318333
4       1.66013320000
1       1.66013332083
2       1.66056135417
4       1.66056135417
1       1.66056149167
2       1.66300054167
4       1.66300055833
1       1.66300067917
2       1.66328912083
4       1.66328914167
1       1.66328926250
2       1.66333418333
4       1.66333420417
1       1.66333432500
2       1.66350465833
4       1.66350467917
1       1.66350480000
2       1.66368859167
4       1.66368861250
1       1.66368873333
2       1.66391483333
4       1.66391485417
1       1.66391497500
2       1.66515527083
4       1.66515529167
1       1.66515540833
2       1.66520590417
4       1.66520592500
1       1.66520604583
2       1.66612405833
4       1.66612407917
1       1.66612420000
2       1.66615450417
4       1.66615450417
1       1.66615464167
2       1.66696464167
4       1.66696465833
1       1.66696477917
2       1.66759366250
4       1.66759368333
1       1.66759380417
2       1.66795507083
4       1.66795509167
1       1.66795520833
2       1.66819791250
4       1.66819793333
1       1.66819805000
2       1.66840460000
4       1.66840462083
1       1.66840474167
2       1.66845664167
4       1.66845665833
1       1.66845677917
2       1.66859164583
4       1.66859166667
1       1.66859178750
2       1.66868973333
4       1.66868975417
1       1.66868987500
2       1.66888417083
4       1.66888418750
1       1.66888430833
2       1.66937477500
4       1.66937479583
1       1.66937491667
2       1.67292720417
4       1.67292720417
1       1.67292734167
2       1.67310530833
4       1.67310532917
1       1.67310545000
2       1.67472901667
4       1.67472903750
1       1.67472915417
2       1.67576880000
4       1.67576881667
1       1.67576893750
2       1.67649248333
4       1.67649250000
1       1.67649262083
2       1.67678920833
4       1.67678922500
1       1.67678934583
2       1.67690421667
4       1.67690423750
1       1.67690435833
2       1.67709534583
4       1.67709534583
1       1.67709548333
2       1.67716886667
4       1.67716886667
1       1.67716900417
2       1.67725922917
4       1.67725925000
1       1.67725936667
2       1.67750673333
4       1.67750675417
1       1.67750687500
2       1.67752397917
4       1.67752400000
1       1.67752411667
2       1.67768128750
4       1.67768130417
1       1.67768142500
2       1.67825132500
4       1.67825134583
1       1.67825146667
2       1.67842287917
4       1.67842289583
1       1.67842301667
2       1.67854219583
4       1.67854221667
1       1.67854233333
2       1.67870012500
4       1.67870014583
1       1.67870026667
2       1.67908070000
4       1.67908072083
1       1.67908083750
2       1.67983553333
4       1.67983555417
1       1.67983567500
2       1.67984020000
4       1.67984022083
1       1.67984034167
2       1.68014663333
4       1.68014665417
1       1.68014677500
2       1.68055079167
4       1.68055080833
1       1.68055092917
2       1.68117442917
4       1.68117445000
1       1.68117457083
2       1.68152418333
4       1.68152420417
1       1.68152432500
2       1.68156951667
4       1.68156953750
1       1.68156965417
2       1.68181765417
4       1.68181767500
1       1.68181779583
2       1.68207071250
4       1.68207072917
1       1.68207085000
2       1.68208266667
4       1.68208266667
1       1.68208280417
2       1.68218262083
4       1.68218263750
1       1.68218275833
2       1.68277657083
4       1.68277659167
1       1.68277671250
2       1.68285610000
4       1.68285611667
1       1.68285623750
2       1.68290838333
4       1.68290840417
1       1.68290852500
2       1.68297796250
4       1.68297798333
1       1.68297810417
2       1.68299413750
4       1.68299415833
1       1.68299427500
2       1.68302294583
4       1.68302296667
1       1.68302308750
2       1.68310416250
4       1.68310418333
1       1.68310430000
2       1.68330953333
4       1.68330955417
1       1.68330967500
2       1.68357710000
4       1.68357712083
1       1.68357724167
2       1.68391065000
4       1.68391067083
1       1.68391079167
2       1.68417334583
4       1.68417334583
1       1.68417348333
2       1.68426177083
4       1.68426179167
1       1.68426190833
2       1.68438802083
4       1.68438803750
1       1.68438815833
2       1.68448112083
4       1.68448114167
1       1.68448126250
2       1.68450819167
4       1.68450821250
1       1.68450832917
2       1.68451620833
4       1.68451622500
1       1.68451634583
2       1.68454037083
4       1.68454039167
1       1.68454051250
2       1.68455725417
4       1.68455725417
1       1.68455739167
2       1.68467647083
4       1.68467649167
1       1.68467661250
2       1.68476394583
4       1.68476396667
1       1.68476408750
2       1.68478544167
4       1.68478546250
1       1.68478558333
2       1.68494912083
4       1.68494914167
1       1.68494925833
2       1.68506004167
4       1.68506005833
1       1.68506017917
2       1.68510210833
4       1.68510212500
1       1.68510224583
2       1.68510577917
4       1.68510579583
1       1.68510591667
2       1.68518826250
4       1.68518828333
1       1.68518840000
2       1.68539788750
4       1.68539790833
1       1.68539802917
2       1.68556521667
4       1.68556523750
1       1.68556535833
2       1.68559495417
4       1.68559497083
1       1.68559509167
2       1.68607248750
4       1.68607250833
1       1.68607262917
2       1.68622628333
4       1.68622630000
1       1.68622642083
2       1.68627170833
4       1.68627172917
1       1.68627185000
2       1.68653861667
4       1.68653863750
1       1.68653875833
2       1.68677377500
4       1.68677377500
1       1.68677391250
2       1.68688217500
4       1.68688219583
1       1.68688231667
2       1.68690562500
4       1.68690564583
1       1.68690576667
2       1.68691297083
4       1.68691299167
1       1.68691311250
2       1.68702395833
4       1.68702397917
1       1.68702410000
2       1.68733559167
4       1.68733560833
1       1.68733572917
2       1.68734290000
4       1.68734291667
1       1.68734303750
2       1.68746338750
4       1.68746340417
1       1.68746352500
2       1.68751679167
4       1.68751681250
1       1.68751693333
2       1.68760420000
4       1.68760421667
1       1.68760433750
2       1.68778343333
4       1.68778345417
1       1.68778357500
2       1.68784265417
4       1.68784267500
1       1.68784279583
2       1.68807818333
4       1.68807820417
1       1.68807832083
2       1.68820534583
4       1.68820534583
1       1.68820548333
2       1.68824584167
4       1.68824585833
1       1.68824597917
2       1.68845304167
4       1.68845305833
1       1.68845317917
2       1.68848198750
4       1.68848200833
1       1.68848212917
2       1.68856006250
4       1.68856008333
1       1.68856020000
2       1.68863991667
4       1.68863991667
1       1.68864005417
2       1.68871345833
4       1.68871347500
1       1.68871359583
2       1.68905237083
4       1.68905238750
1       1.68905250833
2       1.68905925000
4       1.68905926667
1       1.68905938750
2       1.68907821667
4       1.68907823750
1       1.68907835417
2       1.68911657500
4       1.68911657500
1       1.68911671250
2       1.68912691250
4       1.68912693333
1       1.68912705000
2       1.68913085833
4       1.68913087917
1       1.68913100000
2       1.68921656667
4       1.68921658750
1       1.68921670833
2       1.68923347500
4       1.68923347500
1       1.68923361250
2       1.68936354583
4       1.68936356667
1       1.68936368750
2       1.68948920000
4       1.68948922083
1       1.68948934167
2       1.68959526667
4       1.68959528750
1       1.68959540833
2       1.68973870417
4       1.68973872500
1       1.68973884583
2       1.68977378750
4       1.68977380833
1       1.68977392917
2       1.68989428750
4       1.68989430417
1       1.68989442500
2       1.69011887917
4       1.69011889583
1       1.69011901667
2       1.69018972083
4       1.69018973750
1       1.69018985833
2       1.69021200000
4       1.69021202083
1       1.69021214167
2       1.69024275833
4       1.69024277917
1       1.69024290000
2       1.69032690417
4       1.69032690417
1       1.69032704167
2       1.69033318333
4       1.69033320417
1       1.69033332500
2       1.69048552917
4       1.69048554583
1       1.69048566667
2       1.69077141667
4       1.69077143750
1       1.69077155833
2       1.69079097917
4       1.69079099583
1       1.69079111667
2       1.69121510000
4       1.69121511667
1       1.69121523750
2       1.69128616667
4       1.69128616667
1       1.69128630417
2       1.69135796667
4       1.69135798750
1       1.69135810833
2       1.69137359167
4       1.69137360833
1       1.69137372917
2       1.69154117917
4       1.69154120000
1       1.69154132083
2       1.69161637083
4       1.69161639167
1       1.69161650833
2       1.69170446667
4       1.69170446667
1       1.69170460417
2       1.69180153333
4       1.69180155417
1       1.69180167500
2       1.69203568750
4       1.69203570833
1       1.69203582917
2       1.69211188750
4       1.69211190833
1       1.69211202917
2       1.69219367917
4       1.69219369583
1       1.69219381667
2       1.69221025000
4       1.69221027083
1       1.69221039167
2       1.69228415000
4       1.69228417083
1       1.69228429167
2       1.69238020833
4       1.69238022917
1       1.69238035000
2       1.69249475000
4       1.69249476667
1       1.69249488750
2       1.69259107500
4       1.69259109583
1       1.69259121250
2       1.69261033333
4       1.69261035417
1       1.69261047083
2       1.69264019583
4       1.69264021667
1       1.69264033750
2       1.69267833750
4       1.69267835417
1       1.69267847500
2       1.69274914167
4       1.69274915833
1       1.69274927917
2       1.69289631667
4       1.69289631667
1       1.69289645417
2       1.69307410000
4       1.69307412083
1       1.69307424167
2       1.69309427917
4       1.69309429583
1       1.69309441667
2       1.69319728750
4       1.69319730417
1       1.69319742500
2       1.69326719583
4       1.69326721667
1       1.69326733750
2       1.69345567500
4       1.69345567500
1       1.69345581250
2       1.69345764583
4       1.69345766667
1       1.69345778750
2       1.69347858333
4       1.69347860000
1       1.69347872083
2       1.69356660000
4       1.69356661667
1       1.69356673750
2       1.69363945833
4       1.69363947917
1       1.69363959583
2       1.69379585417
4       1.69379587500
1       1.69379599583
2       1.69384319583
4       1.69384319583
1       1.69384333333
2       1.69389387083
4       1.69389389167
1       1.69389401250
2       1.69410122500
4       1.69410124583
1       1.69410136250
2       1.69416017083
4       1.69416019167
1       1.69416031250
2       1.69422811250
4       1.69422813333
1       1.69422825000
2       1.69424629583
4       1.69424631667
1       1.69424643750
2       1.69442846667
4       1.69442848750
1       1.69442860833
2       1.69445991667
4       1.69445993750
1       1.69446005833
2       1.69459120833
4       1.69459122917
1       1.69459135000
2       1.69463056667
4       1.69463058750
1       1.69463070833
2       1.69467624583
4       1.69467626667
1       1.69467638333
2       1.69482701250
4       1.69482703333
1       1.69482715417
2       1.69510419167
4       1.69510421250
1       1.69510432917
2       1.69516048333
4       1.69516050000
1       1.69516062083
2       1.69519230000
4       1.69519231667
1       1.69519243750
2       1.69519501250
4       1.69519503333
1       1.69519515417
2       1.69531547500
4       1.69531547500
1       1.69531561250
2       1.69549870000
4       1.69549872083
1       1.69549884167
2       1.69573282500
4       1.69573284583
1       1.69573296667
2       1.69579216667
4       1.69579216667
1       1.69579230417
2       1.69583825417
4       1.69583827500
1       1.69583839583
2       1.69625950833
4       1.69625952500
1       1.69625964583
2       1.69634562917
4       1.69634564583
1       1.69634576667
2       1.69642917083
4       1.69642918750
1       1.69642930833
2       1.69647940833
4       1.69647942917
1       1.69647955000
2       1.69656355417
4       1.69656357083
1       1.69656369167
2       1.69660865833
4       1.69660867917
1       1.69660880000
2       1.69661123333
4       1.69661125000
1       1.69661137083
2       1.69679979583
4       1.69679981667
1       1.69679993750
2       1.69681527083
4       1.69681529167
1       1.69681541250
2       1.69681601250
4       1.69681602917
1       1.69681615000
2       1.69691869583
4       1.69691869583
1       1.69691883333
2       1.69693290000
4       1.69693291667
1       1.69693303750
2       1.69694317917
4       1.69694319583
1       1.69694331667
2       1.69699580000
4       1.69699581667
1       1.69699593750
2       1.69699687917
4       1.69699689583
1       1.69699701667
2       1.69707323750
4       1.69707325833
1       1.69707337917
2       1.69713031250
4       1.69713033333
1       1.69713045417
2       1.69716678333
4       1.69716680417
1       1.69716692083
2       1.69730941250
4       1.69730943333
1       1.69730955417
2       1.69737901250
4       1.69737902917
1       1.69737915000
2       1.69740957500
4       1.69740957500
1       1.69740971250
2       1.69754508750
4       1.69754508750
1       1.69754522500
2       1.69772223750
4       1.69772225417
1       1.69772237500
2       1.69787457083
4       1.69787459167
1       1.69787471250
2       1.69789308333
4       1.69789310000
1       1.69789322083
2       1.69791405833
4       1.69791407917
1       1.69791419583
2       1.69792725417
4       1.69792725417
1       1.69792739167
2       1.69794565000
4       1.69794566667
1       1.69794578750
2       1.69798513750
4       1.69798515417
1       1.69798527500
2       1.69798985417
4       1.69798985417
1       1.69798999167
2       1.69810342917
4       1.69810345000
1       1.69810357083
2       1.69819715417
4       1.69819717500
1       1.69819729583
2       1.69827340417
4       1.69827342083
1       1.69827354167
2       1.69829623333
4       1.69829625417
1       1.69829637500
2       1.69834994583
4       1.69834994583
1       1.69835008333
2       1.69837607917
4       1.69837610000
1       1.69837622083
2       1.69860530833
4       1.69860532500
1       1.69860544583
2       1.69871088750
4       1.69871090833
1       1.69871102917
2       1.69874936667
4       1.69874936667
1       1.69874950417
2       1.69879342500
4       1.69879342500
1       1.69879356250
2       1.69882494583
4       1.69882496667
1       1.69882508750
2       1.69902129583
4       1.69902129583
1       1.69902143333
2       1.69908651667
4       1.69908651667
1       1.69908665417
2       1.69919907500
4       1.69919907500
1       1.69919921250
2       1.69934850417
4       1.69934852500
1       1.69934864583
2       1.69935919583
4       1.69935921667
1       1.69935933750
2       1.69940550000
4       1.69940551667
1       1.69940563750
2       1.69941770000
4       1.69941772083
1       1.69941784167
2       1.69950655833
4       1.69950657917
1       1.69950670000
2       1.69952051250
4       1.69952052917
1       1.69952065000
2       1.69965687083
4       1.69965689167
1       1.69965700833
2       1.69976355833
4       1.69976357917
1       1.69976370000
2       1.69988086250
4       1.69988087917
1       1.69988100000
2       1.69990493333
4       1.69990495417
1       1.69990507500
2       1.69991131667
4       1.69991131667
1       1.69991145417
2       1.69996003750
4       1.69996005833
1       1.69996017917
2       1.69998845000
4       1.69998847083
1       1.69998859167
2       1.70001164167
4       1.70001166250
1       1.70001178333
2       1.70004275417
4       1.70004275417
1       1.70004289167
2       1.70018787083
4       1.70018789167
1       1.70018800833
2       1.70024644167
4       1.70024646250
1       1.70024657917
2       1.70042665417
4       1.70042667500
1       1.70042679583
2       1.70047333750
4       1.70047335833
1       1.70047347917
2       1.70051785000
4       1.70051787083
1       1.70051798750
2       1.70054193333
4       1.70054195417
1       1.70054207500
2       1.70054994583
4       1.70054996667
1       1.70055008333
2       1.70055955000
4       1.70055956667
1       1.70055968750
2       1.70057570417
4       1.70057572500
1       1.70057584167
2       1.70075298750
4       1.70075300417
1       1.70075312500
2       1.70077712083
4       1.70077714167
1       1.70077726250
2       1.70077940833
4       1.70077942500
1       1.70077954583
2       1.70085536667
4       1.70085538750
1       1.70085550833
2       1.70107088333
4       1.70107090417
1       1.70107102500
2       1.70107489167
4       1.70107491250
1       1.70107503333
2       1.70110832500
4       1.70110832500
1       1.70110846250
2       1.70120272083
4       1.70120274167
1       1.70120286250
2       1.70140445833
4       1.70140447500
1       1.70140459583
2       1.70146270000
4       1.70146272083
1       1.70146284167
2       1.70157510417
4       1.70157512500
1       1.70157524167
2       1.70159395833
4       1.70159397917
1       1.70159410000
2       1.70163827083
4       1.70163829167
1       1.70163841250
2       1.70167672083
4       1.70167673750
1       1.70167685833
2       1.70177943333
4       1.70177945417
1       1.70177957083
2       1.70179827917
4       1.70179829583
1       1.70179841667
2       1.70189072917
4       1.70189075000
1       1.70189087083
2       1.70189267917
4       1.70189270000
1       1.70189282083
2       1.70189931667
4       1.70189933750
1       1.70189945833
2       1.70194537500
4       1.70194537500
1       1.70194551250
2       1.70213288333
4       1.70213290417
1       1.70213302500
2       1.70220339583
4       1.70220339583
1       1.70220353333
2       1.70222105833
4       1.70222107500
1       1.70222119583
2       1.70230568333
4       1.70230570000
1       1.70230582083
2       1.70231072083
4       1.70231074167
1       1.70231086250
2       1.70231272917
4       1.70231275000
1       1.70231287083
2       1.70248693750
4       1.70248695833
1       1.70248707500
2       1.70252202917
4       1.70252205000
1       1.70252217083
2       1.70257871667
4       1.70257871667
1       1.70257885417
2       1.70264753333
4       1.70264755417
1       1.70264767083
2       1.70271513333
4       1.70271515417
1       1.70271527500
2       1.70274765833
4       1.70274767500
1       1.70274779583
2       1.70284371667
4       1.70284373750
1       1.70284385417
2       1.70304343750
4       1.70304343750
1       1.70304357500
2       1.70305998333
4       1.70306000417
1       1.70306012500
2       1.70307584583
4       1.70307584583
1       1.70307598333
2       1.70316392917
4       1.70316395000
1       1.70316407083
2       1.70318749583
4       1.70318751667
1       1.70318763333
2       1.70320906250
4       1.70320908333
1       1.70320920000
2       1.70324772917
4       1.70324775000
1       1.70324787083
2       1.70325010833
4       1.70325012917
1       1.70325025000
2       1.70327886250
4       1.70327888333
1       1.70327900000
2       1.70333775417
4       1.70333775417
1       1.70333789167
2       1.70337794167
4       1.70337795833
1       1.70337807917
2       1.70349757083
4       1.70349758750
1       1.70349770833
2       1.70360377083
4       1.70360379167
1       1.70360390833
2       1.70362769583
4       1.70362769583
1       1.70362783333
2       1.70367267083
4       1.70367268750
1       1.70367280833
2       1.70369926667
4       1.70369928750
1       1.70369940417
2       1.70378340417
4       1.70378342500
1       1.70378354583
2       1.70385352083
4       1.70385353750
1       1.70385365833
2       1.70391053750
4       1.70391055833
1       1.70391067917
2       1.70411157083
4       1.70411159167
1       1.70411171250
2       1.70414105417
4       1.70414107500
1       1.70414119583
2       1.70415666250
4       1.70415668333
1       1.70415680417
2       1.70416262083
4       1.70416263750
1       1.70416275833
2       1.70416624583
4       1.70416626667
1       1.70416638333
2       1.70420703750
4       1.70420705417
1       1.70420717500
2       1.70423939583
4       1.70423939583
1       1.70423953333
2       1.70434314583
4       1.70434314583
1       1.70434328333
2       1.70442531250
4       1.70442533333
1       1.70442545417
2       1.70446863333
4       1.70446865417
1       1.70446877083
2       1.70447857917
4       1.70447859583
1       1.70447871667
2       1.70455642500
4       1.70455644583
1       1.70455656667
2       1.70478882083
4       1.70478883750
1       1.70478895833
2       1.70483134167
4       1.70483135833
1       1.70483147917
2       1.70490063333
4       1.70490065417
1       1.70490077083
2       1.70499859583
4       1.70499861667
1       1.70499873750
2       1.70501352083
4       1.70501354167
1       1.70501365833
2       1.70508705417
4       1.70508707500
1       1.70508719583
2       1.70517747083
4       1.70517748750
1       1.70517760833
2       1.70519987917
4       1.70519990000
1       1.70520001667
2       1.70530570000
4       1.70530572083
1       1.70530584167
2       1.70535095000
4       1.70535097083
1       1.70535108750
2       1.70543914167
4       1.70543915833
1       1.70543927917
2       1.70563855833
4       1.70563857500
1       1.70563869583
2       1.70577106250
4       1.70577108333
1       1.70577120000
2       1.70577699167
4       1.70577700833
1       1.70577712917
2       1.70578095000
4       1.70578096667
1       1.70578108750
2       1.70579160417
4       1.70579162500
1       1.70579174167
2       1.70588632917
4       1.70588634583
1       1.70588646667
2       1.70592511667
4       1.70592513750
1       1.70592525417
2       1.70595283333
4       1.70595285417
1       1.70595297500
2       1.70598469167
4       1.70598470833
1       1.70598482917
2       1.70604527500
4       1.70604527500
1       1.70604541250
2       1.70608777917
4       1.70608779583
1       1.70608791667
2       1.70611685000
4       1.70611687083
1       1.70611699167
2       1.70617941667
4       1.70617943750
1       1.70617955417
2       1.70618445417
4       1.70618447500
1       1.70618459583
2       1.70630096667
4       1.70630096667
1       1.70630110417
2       1.70652556667
4       1.70652558750
1       1.70652570833
2       1.70653125833
4       1.70653127500
1       1.70653139583
2       1.70653614583
4       1.70653616667
1       1.70653628750
2       1.70658290833
4       1.70658292500
1       1.70658304583
2       1.70662333333
4       1.70662335417
1       1.70662347500
2       1.70669745833
4       1.70669747917
1       1.70669760000
2       1.70679816250
4       1.70679817917
1       1.70679830000
2       1.70698928333
4       1.70698930000
1       1.70698942083
2       1.70699523750
4       1.70699525417
1       1.70699537500
2       1.70706445833
4       1.70706447500
1       1.70706459583
2       1.70713207083
4       1.70713209167
1       1.70713221250
2       1.70719635000
4       1.70719636667
1       1.70719648750
2       1.70736222500
4       1.70736222500
1       1.70736236250
2       1.70744181250
4       1.70744183333
1       1.70744195000
2       1.70759077917
4       1.70759079583
1       1.70759091667
2       1.70761830000
4       1.70761831667
1       1.70761843750
2       1.70767302917
4       1.70767304583
1       1.70767316667
2       1.70770405833
4       1.70770407917
1       1.70770420000
2       1.70777267917
4       1.70777269583
1       1.70777281667
2       1.70779086667
4       1.70779086667
1       1.70779100417
2       1.70790778333
4       1.70790780000
1       1.70790792083
2       1.70798995417
4       1.70798995417
1       1.70799009167
2       1.70800623333
4       1.70800625417
1       1.70800637500
2       1.70807793333
4       1.70807795417
1       1.70807807500
2       1.70824797083
4       1.70824799167
1       1.70824811250
2       1.70829832917
4       1.70829835000
1       1.70829847083
2       1.70833534167
4       1.70833536250
1       1.70833548333
2       1.70834069583
4       1.70834069583
1       1.70834083333
2       1.70840656250
4       1.70840657917
1       1.70840670000
2       1.70873655000
4       1.70873657083
1       1.70873668750
2       1.70878257917
4       1.70878260000
1       1.70878272083
2       1.70881796667
4       1.70881798750
1       1.70881810417
2       1.70882003333
4       1.70882005000
1       1.70882017083
2       1.70882392083
4       1.70882393750
1       1.70882405833
2       1.70887103750
4       1.70887105833
1       1.70887117917
2       1.70889747917
4       1.70889750000
1       1.70889762083
2       1.70891903750
4       1.70891905833
1       1.70891917917
2       1.70896471667
4       1.70896471667
1       1.70896485417
2       1.70905747500
4       1.70905749583
1       1.70905761250
2       1.70917235000
4       1.70917236667
1       1.70917248750
2       1.70922707500
4       1.70922707500
1       1.70922721250
2       1.70931292083
4       1.70931294167
1       1.70931306250
2       1.70940760417
4       1.70940762500
1       1.70940774583
2       1.70942648333
4       1.70942650417
1       1.70942662500
2       1.70944104167
4       1.70944105833
1       1.70944117917
2       1.70944876250
4       1.70944878333
1       1.70944890000
2       1.70951695833
4       1.70951697917
1       1.70951710000
2       1.70952249167
4       1.70952250833
1       1.70952262917
2       1.70972460417
4       1.70972460417
1       1.70972474167
2       1.70972821250
4       1.70972823333
1       1.70972835000
2       1.70979916250
4       1.70979918333
1       1.70979930417
2       1.70999685417
4       1.70999687500
1       1.70999699583
2       1.71011603750
4       1.71011605417
1       1.71011617500
2       1.71026712083
4       1.71026714167
1       1.71026726250
2       1.71034694167
4       1.71034696250
1       1.71034708333
2       1.71037606667
4       1.71037608750
1       1.71037620417
2       1.71039497083
4       1.71039498750
1       1.71039510833
2       1.71056290833
4       1.71056292500
1       1.71056304583
2       1.71074740417
4       1.71074742500
1       1.71074754583
2       1.71098491667
4       1.71098493750
1       1.71098505833
2       1.71107232083
4       1.71107234167
1       1.71107246250
2       1.71107659167
4       1.71107661250
1       1.71107673333
2       1.71109786667
4       1.71109788750
1       1.71109800833
2       1.71116479167
4       1.71116481250
1       1.71116493333
2       1.71123769167
4       1.71123771250
1       1.71123783333
2       1.71125751667
4       1.71125751667
1       1.71125765417
2       1.71132404583
4       1.71132404583
1       1.71132418333
2       1.71132872500
4       1.71132872500
1       1.71132886250
2       1.71148140000
4       1.71148141667
1       1.71148153750
2       1.71151922500
4       1.71151924583
1       1.71151936667
2       1.71158977917
4       1.71158979583
1       1.71158991667
2       1.71164934167
4       1.71164935833
1       1.71164947917
2       1.71169967083
4       1.71169969167
1       1.71169981250
2       1.71175595417
4       1.71175595417
1       1.71175609167
2       1.71175736667
4       1.71175736667
1       1.71175750417
2       1.71180475833
4       1.71180477500
1       1.71180489583
2       1.71183191667
4       1.71183191667
1       1.71183205417
2       1.71195534583
4       1.71195534583
1       1.71195548333
2       1.71196037917
4       1.71196040000
1       1.71196052083
2       1.71198983750
4       1.71198985833
1       1.71198997500
2       1.71210012917
4       1.71210015000
1       1.71210026667
2       1.71217400000
4       1.71217401667
1       1.71217413750
2       1.71220125000
4       1.71220126667
1       1.71220138750
2       1.71227436667
4       1.71227436667
1       1.71227450417
2       1.71229321667
4       1.71229321667
1       1.71229335417
2       1.71229361250
4       1.71229362917
1       1.71229375000
2       1.71232863750
4       1.71232865417
1       1.71232877500
2       1.71233496250
4       1.71233498333
1       1.71233510417
2       1.71244391667
4       1.71244391667
1       1.71244405417
2       1.71249025000
4       1.71249027083
1       1.71249039167
2       1.71250919583
4       1.71250921667
1       1.71250933750
2       1.71253005833
4       1.71253007500
1       1.71253019583
2       1.71253546250
4       1.71253548333
1       1.71253560000
2       1.71262677083
4       1.71262679167
1       1.71262691250
2       1.71267947500
4       1.71267949583
1       1.71267961667
2       1.71268145417
4       1.71268147500
1       1.71268159583
2       1.71268345000
4       1.71268346667
1       1.71268358750
2       1.71268739167
4       1.71268741250
1       1.71268753333
2       1.71283852083
4       1.71283854167
1       1.71283865833
2       1.71284505000
4       1.71284507083
1       1.71284519167
2       1.71286595417
4       1.71286595417
1       1.71286609167
2       1.71289742917
4       1.71289744583
1       1.71289756667
2       1.71291158750
4       1.71291160833
1       1.71291172917
2       1.71291230000
4       1.71291231667
1       1.71291243750
2       1.71310043333
4       1.71310045000
1       1.71310057083
2       1.71311335833
4       1.71311337500
1       1.71311349583
2       1.71314048750
4       1.71314050417
1       1.71314062500
2       1.71314644167
4       1.71314645833
1       1.71314657917
2       1.71319321250
4       1.71319322917
1       1.71319335000
2       1.71323887500
4       1.71323889583
1       1.71323901250
2       1.71327042917
4       1.71327044583
1       1.71327056667
2       1.71328095000
4       1.71328097083
1       1.71328109167
2       1.71334587917
4       1.71334589583
1       1.71334601667
2       1.71335951667
4       1.71335953750
1       1.71335965833
2       1.71337103333
4       1.71337105417
1       1.71337117500
2       1.71341937083
4       1.71341938750
1       1.71341950833
2       1.71359761250
4       1.71359763333
1       1.71359775417
2       1.71365529167
4       1.71365531250
1       1.71365543333
2       1.71375435417
4       1.71375437083
1       1.71375449167
2       1.71384539583
4       1.71384541667
1       1.71384553333
2       1.71385366667
4       1.71385366667
1       1.71385380417
2       1.71387920000
4       1.71387922083
1       1.71387934167
2       1.71388944583
4       1.71388944583
1       1.71388958333
2       1.71398250000
4       1.71398252083
1       1.71398264167
2       1.71398286250
4       1.71398288333
1       1.71398300417
2       1.71404242500
4       1.71404244583
1       1.71404256667
2       1.71406914167
4       1.71406916250
1       1.71406928333
2       1.71413020833
4       1.71413022500
1       1.71413034583
2       1.71426469167
4       1.71426470833
1       1.71426482917
2       1.71428990000
4       1.71428991667
1       1.71429003750
2       1.71434059167
4       1.71434061250
1       1.71434073333
2       1.71434454167
4       1.71434455833
1       1.71434467917
2       1.71443238333
4       1.71443240417
1       1.71443252500
2       1.71448999583
4       1.71449001667
1       1.71449013333
2       1.71449127500
4       1.71449129583
1       1.71449141667
2       1.71451609583
4       1.71451611667
1       1.71451623750
2       1.71459000000
4       1.71459002083
1       1.71459014167
2       1.71468639583
4       1.71468641667
1       1.71468653750
2       1.71471353750
4       1.71471355833
1       1.71471367500
2       1.71483448750
4       1.71483448750
1       1.71483462500
2       1.71489368333
4       1.71489370000
1       1.71489382083
2       1.71496402917
4       1.71496405000
1       1.71496416667
2       1.71497981250
4       1.71497982917
1       1.71497995000
2       1.71517266250
4       1.71517267917
1       1.71517280000
2       1.71523984583
4       1.71523984583
1       1.71523998333
2       1.71538261250
4       1.71538263333
1       1.71538275417
2       1.71547612083
4       1.71547614167
1       1.71547626250
2       1.71564460417
4       1.71564462500
1       1.71564474583
2       1.71573897083
4       1.71573898750
1       1.71573910833
2       1.71574494167
4       1.71574495833
1       1.71574507917
2       1.71578375833
4       1.71578377917
1       1.71578390000
2       1.71581359583
4       1.71581359583
1       1.71581373333
2       1.71584993333
4       1.71584995000
1       1.71585007083
2       1.71585298333
4       1.71585300417
1       1.71585312083
2       1.71587583750
4       1.71587585833
1       1.71587597917
2       1.71591359167
4       1.71591360833
1       1.71591372917
2       1.71593084167
4       1.71593085833
1       1.71593097917
2       1.71599075000
4       1.71599076667
1       1.71599088750
2       1.71600997917
4       1.71600999583
1       1.71601011667
2       1.71603550000
4       1.71603551667
1       1.71603563750
2       1.71603817083
4       1.71603819167
1       1.71603831250
2       1.71613315417
4       1.71613317500
1       1.71613329583
2       1.71616029167
4       1.71616030833
1       1.71616042917
2       1.71616659583
4       1.71616659583
1       1.71616673333
2       1.71634911667
4       1.71634913750
1       1.71634925833
2       1.71639309583
4       1.71639311667
1       1.71639323750
2       1.71649422083
4       1.71649424167
1       1.71649436250
2       1.71673697083
4       1.71673698750
1       1.71673710833
2       1.71678999583
4       1.71679001667
1       1.71679013750
2       1.71713146667
4       1.71713146667
1       1.71713160417
2       1.71721131667
4       1.71721131667
1       1.71721145417
2       1.71725772917
4       1.71725774583
1       1.71725786667
2       1.71729078333
4       1.71729080000
1       1.71729092083
2       1.71737003750
4       1.71737005417
1       1.71737017500
2       1.71752795833
4       1.71752797917
1       1.71752810000
2       1.71754090833
4       1.71754092917
1       1.71754105000
2       1.71776710000
4       1.71776712083
1       1.71776724167
2       1.71781583333
4       1.71781585417
1       1.71781597083
2       1.71783575417
4       1.71783577083
1       1.71783589167
2       1.71790947917
4       1.71790949583
1       1.71790961667
2       1.71793373750
4       1.71793375833
1       1.71793387500
2       1.71810101667
4       1.71810101667
1       1.71810115417
2       1.71811522083
4       1.71811523750
1       1.71811535833
2       1.71813842083
4       1.71813844167
1       1.71813856250
2       1.71824378333
4       1.71824380417
1       1.71824392083
2       1.71825800833
4       1.71825802917
1       1.71825815000
2       1.71827055833
4       1.71827057500
1       1.71827069583
2       1.71831762500
4       1.71831764583
1       1.71831776250
2       1.71854945833
4       1.71854947917
1       1.71854960000
2       1.71863129167
4       1.71863131250
1       1.71863142917
2       1.71868990833
4       1.71868992917
1       1.71869005000
2       1.71880786250
4       1.71880788333
1       1.71880800000
2       1.71882600417
4       1.71882600417
1       1.71882614167
2       1.71883897917
4       1.71883899583
1       1.71883911667
2       1.71893167083
4       1.71893169167
1       1.71893181250
2       1.71893570417
4       1.71893572500
1       1.71893584167
2       1.71913236667
4       1.71913238750
1       1.71913250833
2       1.71925037500
4       1.71925039583
1       1.71925051667
2       1.71934442083
4       1.71934444167
1       1.71934455833
2       1.71961863333
4       1.71961865417
1       1.71961877500
2       1.71965281250
4       1.71965282917
1       1.71965295000
2       1.71966504583
4       1.71966504583
1       1.71966518333
2       1.71975979167
4       1.71975980833
1       1.71975992917
2       1.71977203750
4       1.71977205833
1       1.71977217917
2       1.71983692500
4       1.71983694583
1       1.71983706667
2       1.71984789167
4       1.71984791250
1       1.71984803333
2       1.71986316667
4       1.71986318750
1       1.71986330833
2       1.72001314583
4       1.72001316667
1       1.72001328750
2       1.72005325000
4       1.72005327083
1       1.72005339167
2       1.72006722917
4       1.72006725000
1       1.72006736667
2       1.72007420000
4       1.72007421667
1       1.72007433750
2       1.72014926667
4       1.72014928750
1       1.72014940417
2       1.72019599167
4       1.72019600833
1       1.72019612917
2       1.72019995417
4       1.72019997500
1       1.72020009583
2       1.72022515417
4       1.72022517500
1       1.72022529167
2       1.72044343333
4       1.72044345417
1       1.72044357500
2       1.72049970833
4       1.72049972917
1       1.72049985000
2       1.72052922083
4       1.72052924167
1       1.72052936250
2       1.72056696667
4       1.72056698750
1       1.72056710833
2       1.72056798750
4       1.72056798750
1       1.72056812500
2       1.72079317917
4       1.72079320000
1       1.72079332083
2       1.72079383333
4       1.72079385417
1       1.72079397500
2       1.72093163333
4       1.72093165417
1       1.72093177500
2       1.72115621667
4       1.72115623750
1       1.72115635833
2       1.72130202083
4       1.72130203750
1       1.72130215833
2       1.72142053333
4       1.72142055000
1       1.72142067083
2       1.72144168750
4       1.72144170833
1       1.72144182917
2       1.72153488750
4       1.72153490833
1       1.72153502917
2       1.72161762917
4       1.72161764583
1       1.72161776667
2       1.72164279583
4       1.72164281667
1       1.72164293750
2       1.72165744583
4       1.72165746667
1       1.72165758333
2       1.72176434583
4       1.72176434583
1       1.72176448333
2       1.72176705000
4       1.72176707083
1       1.72176719167
2       1.72182796667
4       1.72182798750
1       1.72182810833
2       1.72190820000
4       1.72190822083
1       1.72190834167
2       1.72191807917
4       1.72191810000
1       1.72191822083
2       1.72197635000
4       1.72197637083
1       1.72197648750
2       1.72204395000
4       1.72204397083
1       1.72204409167
2       1.72207074167
4       1.72207076250
1       1.72207087917
2       1.72213472917
4       1.72213474583
1       1.72213486667
2       1.72219698333
4       1.72219700000
1       1.72219712083
2       1.72222611250
4       1.72222612917
1       1.72222625000
2       1.72228577500
4       1.72228579583
1       1.72228591667
2       1.72231529583
4       1.72231531667
1       1.72231543333
2       1.72233516250
4       1.72233517917
1       1.72233530000
2       1.72237324583
4       1.72237324583
1       1.72237338333
2       1.72238180000
4       1.72238182083
1       1.72238194167
2       1.72244707917
4       1.72244710000
1       1.72244722083
2       1.72258447500
4       1.72258449583
1       1.72258461667
2       1.72259274583
4       1.72259276667
1       1.72259288750
2       1.72265139167
4       1.72265140833
1       1.72265152917
2       1.72267654583
4       1.72267656667
1       1.72267668750
2       1.72268750417
4       1.72268750417
1       1.72268764167
2       1.72272526250
4       1.72272527917
1       1.72272540000
2       1.72272830000
4       1.72272832083
1       1.72272843750
2       1.72274250833
4       1.72274252917
1       1.72274265000
2       1.72298053750
4       1.72298055833
1       1.72298067917
2       1.72298490000
4       1.72298491667
1       1.72298503750
2       1.72312544583
4       1.72312544583
1       1.72312558333
2       1.72359104583
4       1.72359104583
1       1.72359118333
2       1.72359969167
4       1.72359971250
1       1.72359983333
2       1.72361264167
4       1.72361265833
1       1.72361277917
2       1.72370002500
4       1.72370002500
1       1.72370016250
2       1.72381337500
4       1.72381339583
1       1.72381351250
2       1.72399817500
4       1.72399817500
1       1.72399831250
2       1.72427472917
4       1.72427474583
1       1.72427486667
2       1.72428772917
4       1.72428775000
1       1.72428787083
2       1.72435327500
4       1.72435327500
1       1.72435341250
2       1.72436948750
4       1.72436950417
1       1.72436962500
2       1.72439862917
4       1.72439864583
1       1.72439876667
2       1.72449535833
4       1.72449537500
1       1.72449549583
2       1.72475140000
4       1.72475142083
1       1.72475153750
2       1.72480570833
4       1.72480572917
1       1.72480585000
2       1.72481070417
4       1.72481070417
1       1.72481084167
2       1.72492923750
4       1.72492925833
1       1.72492937917
2       1.72493316250
4       1.72493318333
1       1.72493330417
2       1.72513887917
4       1.72513890000
1       1.72513902083
2       1.72518098333
4       1.72518100417
1       1.72518112500
2       1.72519062500
4       1.72519062500
1       1.72519076250
2       1.72532339167
4       1.72532340833
1       1.72532352917
2       1.72535854583
4       1.72535856667
1       1.72535868750
2       1.72558140833
4       1.72558142500
1       1.72558154583
2       1.72565096667
4       1.72565098750
1       1.72565110833
2       1.72569901667
4       1.72569901667
1       1.72569915417
2       1.72576428333
4       1.72576430417
1       1.72576442500
2       1.72580835000
4       1.72580836667
1       1.72580848750
2       1.72583058750
4       1.72583060417
1       1.72583072500
2       1.72583945833
4       1.72583947500
1       1.72583959583
2       1.72591833750
4       1.72591835833
1       1.72591847917
2       1.72594015417
4       1.72594015417
1       1.72594029167
2       1.72602228333
4       1.72602230417
1       1.72602242500
2       1.72610017500
4       1.72610017500
1       1.72610031250
2       1.72619025417
4       1.72619025417
1       1.72619039167
2       1.72625249167
4       1.72625251250
1       1.72625263333
2       1.72635786667
4       1.72635786667
1       1.72635800417
2       1.72644791667
4       1.72644791667
1       1.72644805417
2       1.72651318750
4       1.72651320417
1       1.72651332500
2       1.72657542500
4       1.72657544583
1       1.72657556667
2       1.72657775000
4       1.72657776667
1       1.72657788750
2       1.72669536667
4       1.72669536667
1       1.72669550417
2       1.72669774583
4       1.72669776667
1       1.72669788750
2       1.72674279167
4       1.72674280833
1       1.72674292917
2       1.72676402917
4       1.72676405000
1       1.72676417083
2       1.72682391667
4       1.72682391667
1       1.72682405417
2       1.72682518750
4       1.72682520417
1       1.72682532500
2       1.72684406250
4       1.72684408333
1       1.72684420000
2       1.72692785833
4       1.72692787500
1       1.72692799583
2       1.72698711667
4       1.72698713750
1       1.72698725833
2       1.72701470417
4       1.72701472500
1       1.72701484583
2       1.72701597083
4       1.72701598750
1       1.72701610833
2       1.72701899167
4       1.72701900833
1       1.72701912917
2       1.72721105417
4       1.72721107500
1       1.72721119583
2       1.72733256667
4       1.72733256667
1       1.72733270417
2       1.72738539167
4       1.72738541250
1       1.72738553333
2       1.72748273333
4       1.72748275000
1       1.72748287083
2       1.72750486667
4       1.72750488750
1       1.72750500833
2       1.72754660000
4       1.72754662083
1       1.72754674167
2       1.72757411667
4       1.72757411667
1       1.72757425417
2       1.72757550417
4       1.72757552083
1       1.72757564167
2       1.72767119583
4       1.72767119583
1       1.72767133333
2       1.72768347083
4       1.72768349167
1       1.72768361250
2       1.72802884583
4       1.72802886667
1       1.72802898333
2       1.72806267083
4       1.72806269167
1       1.72806280833
2       1.72808818750
4       1.72808818750
1       1.72808832500
2       1.72821133750
4       1.72821135833
1       1.72821147500
2       1.72827607917
4       1.72827610000
1       1.72827622083
2       1.72831240417
4       1.72831242500
1       1.72831254583
2       1.72834149167
4       1.72834150833
1       1.72834162917
2       1.72838165417
4       1.72838167500
1       1.72838179583
2       1.72839225000
4       1.72839226667
1       1.72839238750
2       1.72845121250
4       1.72845122917
1       1.72845135000
2       1.72848862083
4       1.72848864167
1       1.72848876250
2       1.72851147083
4       1.72851148750
1       1.72851160833
2       1.72863498750
4       1.72863500417
1       1.72863512500
2       1.72865818750
4       1.72865820833
1       1.72865832917
2       1.72879665833
4       1.72879667917
1       1.72879680000
2       1.72882373333
4       1.72882375417
1       1.72882387083
2       1.72882414583
4       1.72882416667
1       1.72882428333
2       1.72897719167
4       1.72897720833
1       1.72897732917
2       1.72905666250
4       1.72905667917
1       1.72905680000
2       1.72911795417
4       1.72911797500
1       1.72911809583
2       1.72922094167
4       1.72922096250
1       1.72922107917
2       1.72929379583
4       1.72929381667
1       1.72929393333
2       1.72931348333
4       1.72931350417
1       1.72931362500
2       1.72932298333
4       1.72932300417
1       1.72932312500
2       1.72934020833
4       1.72934022917
1       1.72934035000
2       1.72943822917
4       1.72943824583
1       1.72943836667
2       1.72948659583
4       1.72948661667
1       1.72948673750
2       1.72961311667
4       1.72961311667
1       1.72961325417
2       1.72964587083
4       1.72964589167
1       1.72964601250
2       1.72990586250
4       1.72990588333
1       1.72990600417
2       1.72999276667
4       1.72999278750
1       1.72999290417
2       1.73003180417
4       1.73003182500
1       1.73003194167
2       1.73028352500
4       1.73028354583
1       1.73028366667
2       1.73059388750
4       1.73059390833
1       1.73059402500
2       1.73065124583
4       1.73065124583
1       1.73065138333
2       1.73076379167
4       1.73076380833
1       1.73076392917
2       1.73076814167
4       1.73076815833
1       1.73076827917
2       1.73079592083
4       1.73079594167
1       1.73079606250
2       1.73080360417
4       1.73080360417
1       1.73080374167
2       1.73082982500
4       1.73082982500
1       1.73082996250
2       1.73083580417
4       1.73083580417
1       1.73083594167
2       1.73087589583
4       1.73087589583
1       1.73087603333
2       1.73090624583
4       1.73090624583
1       1.73090638333
2       1.73098408333
4       1.73098410000
1       1.73098422083
2       1.73099935000
4       1.73099936667
1       1.73099948750
2       1.73117474167
4       1.73117476250
1       1.73117488333
2       1.73122988750
4       1.73122990833
1       1.73123002500
2       1.73128490000
4       1.73128491667
1       1.73128503750
2       1.73133417500
4       1.73133419583
1       1.73133431667
2       1.73136437917
4       1.73136439583
1       1.73136451667
2       1.73137427917
4       1.73137430000
1       1.73137442083
2       1.73139963333
4       1.73139965000
1       1.73139977083
2       1.73146438333
4       1.73146440000
1       1.73146452083
2       1.73151082083
4       1.73151084167
1       1.73151095833
2       1.73179591667
4       1.73179593750
1       1.73179605833
2       1.73185887917
4       1.73185889583
1       1.73185901667
2       1.73186479167
4       1.73186481250
1       1.73186493333
2       1.73187818333
4       1.73187820417
1       1.73187832500
2       1.73201593750
4       1.73201593750
1       1.73201607500
2       1.73201854583
4       1.73201856667
1       1.73201868750
2       1.73202618750
4       1.73202620833
1       1.73202632917
2       1.73204966250
4       1.73204968333
1       1.73204980417
2       1.73206925833
4       1.73206927917
1       1.73206940000
2       1.73217554167
4       1.73217555833
1       1.73217567917
2       1.73220269167
4       1.73220271250
1       1.73220283333
2       1.73238517500
4       1.73238519583
1       1.73238531667
2       1.73240802083
4       1.73240803750
1       1.73240815833
2       1.73244217500
4       1.73244217500
1       1.73244231250
2       1.73245009167
4       1.73245010833
1       1.73245022917
2       1.73245045417
4       1.73245047500
1       1.73245059583
2       1.73252657500
4       1.73252657500
1       1.73252671250
2       1.73256408750
4       1.73256410417
1       1.73256422500
2       1.73256572500
4       1.73256572500
1       1.73256586250
2       1.73262235417
4       1.73262235417
1       1.73262249167
2       1.73262862500
4       1.73262864583
1       1.73262876667
2       1.73288667083
4       1.73288669167
1       1.73288681250
2       1.73294921667
4       1.73294923750
1       1.73294935833
2       1.73304595417
4       1.73304597083
1       1.73304609167
2       1.73314270417
4       1.73314270417
1       1.73314284167
2       1.73323047917
4       1.73323049583
1       1.73323061667
2       1.73337788750
4       1.73337790417
1       1.73337802500
2       1.73349048333
4       1.73349050417
1       1.73349062083
2       1.73353886667
4       1.73353888750
1       1.73353900833
2       1.73368557500
4       1.73368559583
1       1.73368571250
2       1.73382599167
4       1.73382601250
1       1.73382613333
2       1.73386519167
4       1.73386520833
1       1.73386532917
2       1.73389326667
4       1.73389328750
1       1.73389340417
2       1.73392274583
4       1.73392274583
1       1.73392288333
2       1.73392505833
4       1.73392507500
1       1.73392519583
2       1.73392868333
4       1.73392870000
1       1.73392882083
2       1.73394956667
4       1.73394956667
1       1.73394970417
2       1.73399633333
4       1.73399635417
1       1.73399647500
2       1.73402541667
4       1.73402543750
1       1.73402555417
2       1.73402938750
4       1.73402940833
1       1.73402952500
2       1.73412449583
4       1.73412451667
1       1.73412463750
2       1.73413815000
4       1.73413816667
1       1.73413828750
2       1.73432517500
4       1.73432519583
1       1.73432531250
2       1.73436925000
4       1.73436926667
1       1.73436938750
2       1.73448020833
4       1.73448022917
1       1.73448035000
2       1.73448294583
4       1.73448294583
1       1.73448308333
2       1.73455882083
4       1.73455884167
1       1.73455895833
2       1.73464815000
4       1.73464817083
1       1.73464829167
2       1.73469254583
4       1.73469256667
1       1.73469268750
2       1.73471732500
4       1.73471732500
1       1.73471746250
2       1.73504031250
4       1.73504032917
1       1.73504045000
2       1.73504135000
4       1.73504136667
1       1.73504148750
2       1.73504858750
4       1.73504858750
1       1.73504872500
2       1.73518107917
4       1.73518109583
1       1.73518121667
2       1.73539773333
4       1.73539775000
1       1.73539787083
2       1.73545135417
4       1.73545137500
1       1.73545149583
2       1.73547850417
4       1.73547850417
1       1.73547864167
2       1.73561697500
4       1.73561697500
1       1.73561711250
2       1.73564842500
4       1.73564844583
1       1.73564856250
2       1.73565080833
4       1.73565082500
1       1.73565094583
2       1.73572107500
4       1.73572109583
1       1.73572121667
2       1.73578525417
4       1.73578527500
1       1.73578539583
2       1.73592935833
4       1.73592937500
1       1.73592949583
2       1.73600322083
4       1.73600323750
1       1.73600335833
2       1.73603141667
4       1.73603143750
1       1.73603155417
2       1.73604960833
4       1.73604962917
1       1.73604974583
2       1.73605750000
4       1.73605752083
1       1.73605764167
2       1.73607615833
4       1.73607617500
1       1.73607629583
2       1.73614635000
4       1.73614637083
1       1.73614649167
2       1.73671598333
4       1.73671600417
1       1.73671612500
2       1.73677693750
4       1.73677695833
1       1.73677707917
2       1.73678322500
4       1.73678322500
1       1.73678336250
2       1.73678361250
4       1.73678362917
1       1.73678375000
2       1.73685876250
4       1.73685877917
1       1.73685890000
2       1.73686739167
4       1.73686741250
1       1.73686753333
2       1.73686972083
4       1.73686974167
1       1.73686986250
2       1.73698659583
4       1.73698659583
1       1.73698673333
2       1.73705583750
4       1.73705585417
1       1.73705597500
2       1.73710185417
4       1.73710187500
1       1.73710199167
2       1.73710359167
4       1.73710360833
1       1.73710372917
2       1.73715013333
4       1.73715015417
1       1.73715027500
2       1.73719135833
4       1.73719137500
1       1.73719149583
2       1.73727609583
4       1.73727609583
1       1.73727623333
2       1.73737156250
4       1.73737157917
1       1.73737170000
2       1.73737444167
4       1.73737445833
1       1.73737457917
2       1.73755498333
4       1.73755500000
1       1.73755512083
2       1.73755834167
4       1.73755836250
1       1.73755847917
2       1.73756756250
4       1.73756757917
1       1.73756770000
2       1.73759902917
4       1.73759905000
1       1.73759916667
2       1.73760042917
4       1.73760045000
1       1.73760057083
2       1.73765172500
4       1.73765174583
1       1.73765186667
2       1.73778890417
4       1.73778892500
1       1.73778904583
2       1.73799826667
4       1.73799828750
1       1.73799840833
2       1.73802840000
4       1.73802841667
1       1.73802853750
2       1.73804353750
4       1.73804355833
1       1.73804367500
2       1.73820891250
4       1.73820892917
1       1.73820905000
2       1.73831550000
4       1.73831551667
1       1.73831563750
2       1.73834735417
4       1.73834737500
1       1.73834749167
2       1.73836253333
4       1.73836255000
1       1.73836267083
2       1.73841289167
4       1.73841291250
1       1.73841302917
2       1.73855537083
4       1.73855538750
1       1.73855550833
2       1.73871599167
4       1.73871600833
1       1.73871612917
2       1.73877962500
4       1.73877962500
1       1.73877976250
2       1.73878651667
4       1.73878653750
1       1.73878665833
2       1.73880935417
4       1.73880935417
1       1.73880949167
2       1.73881963333
4       1.73881965417
1       1.73881977500
2       1.73889316250
4       1.73889318333
1       1.73889330417
2       1.73890342917
4       1.73890344583
1       1.73890356667
2       1.73895996667
4       1.73895996667
1       1.73896010417
2       1.73914684583
4       1.73914684583
1       1.73914698333
2       1.73917735833
4       1.73917737500
1       1.73917749583
2       1.73930455833
4       1.73930457917
1       1.73930469583
2       1.73933369167
4       1.73933371250
1       1.73933383333
2       1.73935491667
4       1.73935493750
1       1.73935505833
2       1.73937715417
4       1.73937715417
1       1.73937729167
2       1.73942379167
4       1.73942381250
1       1.73942393333
2       1.73944336667
4       1.73944336667
1       1.73944350417
2       1.73953578750
4       1.73953580833
1       1.73953592500
2       1.73966725833
4       1.73966727500
1       1.73966739583
2       1.73971723333
4       1.73971725000
1       1.73971737083
2       1.73985570000
4       1.73985572083
1       1.73985584167
2       1.73986177917
4       1.73986180000
1       1.73986192083
2       1.74004055417
4       1.74004057500
1       1.74004069583
2       1.74014518333
4       1.74014520000
1       1.74014532083
2       1.74015780417
4       1.74015782500
1       1.74015794583
2       1.74027933750
4       1.74027935833
1       1.74027947917
2       1.74036745833
4       1.74036747500
1       1.74036759583
2       1.74042845833
4       1.74042847917
1       1.74042860000
2       1.74052045417
4       1.74052047500
1       1.74052059583
2       1.74065101250
4       1.74065103333
1       1.74065115417
2       1.74066720000
4       1.74066721667
1       1.74066733750
2       1.74069374583
4       1.74069376667
1       1.74069388750
2       1.74070962083
4       1.74070964167
1       1.74070976250
2       1.74072012917
4       1.74072015000
1       1.74072027083
2       1.74080371250
4       1.74080373333
1       1.74080385417
2       1.74084181250
4       1.74084182917
1       1.74084195000
2       1.74086032083
4       1.74086033750
1       1.74086045833
2       1.74086265417
4       1.74086265417
1       1.74086279167
2       1.74114385000
4       1.74114387083
1       1.74114399167
2       1.74133424583
4       1.74133424583
1       1.74133438333
2       1.74145460833
4       1.74145462917
1       1.74145474583
2       1.74150656250
4       1.74150658333
1       1.74150670417
2       1.74150820417
4       1.74150822500
1       1.74150834583
2       1.74176854583
4       1.74176854583
1       1.74176868333
2       1.74181496667
4       1.74181498750
1       1.74181510833
2       1.74181765000
4       1.74181766667
1       1.74181778750
2       1.74186524167
4       1.74186526250
1       1.74186537917
2       1.74190665417
4       1.74190665417
1       1.74190679167
2       1.74202422083
4       1.74202424167
1       1.74202436250
2       1.74222563750
4       1.74222565833
1       1.74222577917
2       1.74228226667
4       1.74228228750
1       1.74228240833
2       1.74237644167
4       1.74237645833
1       1.74237657917
2       1.74242636667
4       1.74242636667
1       1.74242650417
2       1.74244629167
4       1.74244630833
1       1.74244642917
2       1.74254697500
4       1.74254697500
1       1.74254711250
2       1.74255722083
4       1.74255724167
1       1.74255736250
2       1.74258867083
4       1.74258869167
1       1.74258881250
2       1.74263237917
4       1.74263239583
1       1.74263251667
2       1.74270160000
4       1.74270161667
1       1.74270173750
2       1.74278342500
4       1.74278342500
1       1.74278356250
2       1.74278540000
4       1.74278541667
1       1.74278553750
2       1.74278945833
4       1.74278947500
1       1.74278959583
2       1.74283448750
4       1.74283450833
1       1.74283462917
2       1.74284006667
4       1.74284006667
1       1.74284020417
2       1.74297994583
4       1.74297996667
1       1.74298008750
2       1.74305205417
4       1.74305207500
1       1.74305219583
2       1.74307163750
4       1.74307165417
1       1.74307177500
2       1.74309013750
4       1.74309015833
1       1.74309027500
2       1.74310238750
4       1.74310240833
1       1.74310252917
2       1.74316403333
4       1.74316405417
1       1.74316417500
2       1.74316696250
4       1.74316697917
1       1.74316710000
2       1.74317664583
4       1.74317664583
1       1.74317678333
2       1.74345051667
4       1.74345051667
1       1.74345065417
2       1.74349884583
4       1.74349886667
1       1.74349898750
2       1.74358340000
4       1.74358341667
1       1.74358353750
2       1.74365191250
4       1.74365193333
1       1.74365205417
2       1.74372936250
4       1.74372938333
1       1.74372950417
2       1.74380060000
4       1.74380061667
1       1.74380073750
2       1.74381193750
4       1.74381195417
1       1.74381207500
2       1.74400237083
4       1.74400239167
1       1.74400250833
2       1.74402089583
4       1.74402091667
1       1.74402103750
2       1.74415933750
4       1.74415935417
1       1.74415947500
2       1.74428790833
4       1.74428792500
1       1.74428804583
2       1.74438763333
4       1.74438765000
1       1.74438777083
2       1.74447204583
4       1.74447204583
1       1.74447218333
2       1.74461711667
4       1.74461713750
1       1.74461725833
2       1.74464592917
4       1.74464594583
1       1.74464606667
2       1.74469202917
4       1.74469205000
1       1.74469217083
2       1.74483480417
4       1.74483480417
1       1.74483494167
2       1.74487653750
4       1.74487655417
1       1.74487667500
2       1.74492480833
4       1.74492482500
1       1.74492494583
2       1.74504870000
4       1.74504871667
1       1.74504883750
2       1.74530907083
4       1.74530909167
1       1.74530921250
2       1.74531070000
4       1.74531071667
1       1.74531083750
2       1.74533617917
4       1.74533620000
1       1.74533632083
2       1.74591681667
4       1.74591681667
1       1.74591695417
2       1.74597779583
4       1.74597781667
1       1.74597793750
2       1.74600062917
4       1.74600064583
1       1.74600076667
2       1.74612122500
4       1.74612124583
1       1.74612136667
2       1.74615107917
4       1.74615110000
1       1.74615121667
2       1.74634677917
4       1.74634679583
1       1.74634691667
2       1.74635107500
4       1.74635109583
1       1.74635121667
2       1.74646410833
4       1.74646412500
1       1.74646424583
2       1.74659990000
4       1.74659991667
1       1.74660003750
2       1.74672868750
4       1.74672870833
1       1.74672882500
2       1.74679200417
4       1.74679200417
1       1.74679214167
2       1.74680030833
4       1.74680032500
1       1.74680044583
2       1.74684267917
4       1.74684269583
1       1.74684281667
2       1.74684392917
4       1.74684394583
1       1.74684406667
2       1.74699405833
4       1.74699407917
1       1.74699420000
2       1.74704497500
4       1.74704499583
1       1.74704511250
2       1.74723123333
4       1.74723125417
1       1.74723137500
2       1.74724240417
4       1.74724242500
1       1.74724254583
2       1.74732656250
4       1.74732658333
1       1.74732670417
2       1.74733447083
4       1.74733449167
1       1.74733461250
2       1.74745612917
4       1.74745615000
1       1.74745627083
2       1.74745675417
4       1.74745675417
1       1.74745689167
2       1.74750511250
4       1.74750512917
1       1.74750525000
2       1.74755941667
4       1.74755943750
1       1.74755955833
2       1.74761908333
4       1.74761910000
1       1.74761922083
2       1.74770019167
4       1.74770021250
1       1.74770033333
2       1.74789728333
4       1.74789730417
1       1.74789742500
2       1.74802070833
4       1.74802072917
1       1.74802085000
2       1.74805852917
4       1.74805854583
1       1.74805866667
2       1.74815564583
4       1.74815566667
1       1.74815578750
2       1.74817780000
4       1.74817781667
1       1.74817793750
2       1.74828046250
4       1.74828048333
1       1.74828060000
2       1.74836461667
4       1.74836463750
1       1.74836475833
2       1.74836695417
4       1.74836697500
1       1.74836709583
2       1.74838151667
4       1.74838151667
1       1.74838165417
2       1.74844876667
4       1.74844878750
1       1.74844890833
2       1.74845502917
4       1.74845505000
1       1.74845516667
2       1.74847160833
4       1.74847162500
1       1.74847174583
2       1.74851203750
4       1.74851205833
1       1.74851217917
2       1.74856346250
4       1.74856347917
1       1.74856360000
2       1.74864582500
4       1.74864582500
1       1.74864596250
2       1.74879022500
4       1.74879024583
1       1.74879036250
2       1.74888267083
4       1.74888269167
1       1.74888281250
2       1.74889289167
4       1.74889290833
1       1.74889302917
2       1.74905690000
4       1.74905692083
1       1.74905704167
2       1.74918612083
4       1.74918613750
1       1.74918625833
2       1.74923777917
4       1.74923780000
1       1.74923792083
2       1.74928777083
4       1.74928779167
1       1.74928791250
2       1.74938812500
4       1.74938812500
1       1.74938826250
2       1.74941131250
4       1.74941132917
1       1.74941145000
2       1.74954347500
4       1.74954349583
1       1.74954361667
2       1.74962292917
4       1.74962294583
1       1.74962306667
2       1.74971209167
4       1.74971211250
1       1.74971223333
2       1.74972436667
4       1.74972436667
1       1.74972450417
2       1.74975280000
4       1.74975281667
1       1.74975293750
2       1.74980320417
4       1.74980320417
1       1.74980334167
2       1.74996082083
4       1.74996083750
1       1.74996095833
2       1.75010555417
4       1.75010557500
1       1.75010569583
2       1.75013469583
4       1.75013471667
1       1.75013483333
2       1.75017440417
4       1.75017442500
1       1.75017454583
2       1.75035793750
4       1.75035795417
1       1.75035807500
2       1.75038152083
4       1.75038154167
1       1.75038166250
2       1.75046198750
4       1.75046200833
1       1.75046212917
2       1.75046592500
4       1.75046592500
1       1.75046606250
2       1.75050365833
4       1.75050367917
1       1.75050379583
2       1.75052884167
4       1.75052885833
1       1.75052897917
2       1.75055438750
4       1.75055440833
1       1.75055452917
2       1.75084550417
4       1.75084552500
1       1.75084564167
2       1.75114594583
4       1.75114594583
1       1.75114608333
2       1.75116214167
4       1.75116216250
1       1.75116228333
2       1.75119164583
4       1.75119166667
1       1.75119178750
2       1.75122346250
4       1.75122347917
1       1.75122360000
2       1.75128406250
4       1.75128408333
1       1.75128420000
2       1.75134896250
4       1.75134897917
1       1.75134910000
2       1.75146190833
4       1.75146192500
1       1.75146204583
2       1.75147879583
4       1.75147879583
1       1.75147893333
2       1.75182302083
4       1.75182303750
1       1.75182315833
2       1.75222339583
4       1.75222341667
1       1.75222353750
2       1.75229867500
4       1.75229867500
1       1.75229881250
2       1.75243842083
4       1.75243843750
1       1.75243855833
2       1.75273619167
4       1.75273621250
1       1.75273633333
2       1.75282135000
4       1.75282137083
1       1.75282149167
2       1.75286371667
4       1.75286373750
1       1.75286385417
2       1.75289248750
4       1.75289250417
1       1.75289262500
2       1.75299354167
4       1.75299356250
1       1.75299368333
2       1.75310552917
4       1.75310555000
1       1.75310567083
2       1.75315053750
4       1.75315055417
1       1.75315067500
2       1.75327898750
4       1.75327900833
1       1.75327912917
2       1.75331284583
4       1.75331284583
1       1.75331298333
2       1.75335958333
4       1.75335960417
1       1.75335972083
2       1.75343175000
4       1.75343177083
1       1.75343189167
2       1.75353610417
4       1.75353612500
1       1.75353624583
2       1.75378848333
4       1.75378850417
1       1.75378862500
2       1.75382460417
4       1.75382462500
1       1.75382474167
2       1.75384082083
4       1.75384083750
1       1.75384095833
2       1.75385137917
4       1.75385140000
1       1.75385152083
2       1.75385535417
4       1.75385537500
1       1.75385549583
2       1.75402168750
4       1.75402168750
1       1.75402182500
2       1.75408391667
4       1.75408391667
1       1.75408405417
2       1.75411104167
4       1.75411106250
1       1.75411117917
2       1.75432070000
4       1.75432072083
1       1.75432084167
2       1.75447374583
4       1.75447376667
1       1.75447388750
2       1.75447418750
4       1.75447420417
1       1.75447432500
2       1.75461027500
4       1.75461027500
1       1.75461041250
2       1.75473807083
4       1.75473809167
1       1.75473821250
2       1.75475340833
4       1.75475342917
1       1.75475355000
2       1.75483880000
4       1.75483882083
1       1.75483893750
2       1.75486499167
4       1.75486501250
1       1.75486513333
2       1.75490581667
4       1.75490583750
1       1.75490595833
2       1.75491826667
4       1.75491828750
1       1.75491840833
2       1.75506571250
4       1.75506572917
1       1.75506585000
2       1.75522927917
4       1.75522929583
1       1.75522941667
2       1.75525053333
4       1.75525055000
1       1.75525067083
2       1.75530555417
4       1.75530555417
1       1.75530569167
2       1.75556457083
4       1.75556459167
1       1.75556471250
2       1.75562115000
4       1.75562116667
1       1.75562128750
2       1.75582057500
4       1.75582057500
1       1.75582071250
2       1.75610538750
4       1.75610540417
1       1.75610552500
2       1.75632600833
4       1.75632602917
1       1.75632615000
2       1.75634052917
4       1.75634055000
1       1.75634067083
2       1.75676387500
4       1.75676387500
1       1.75676401250
2       1.75681060000
4       1.75681061667
1       1.75681073750
2       1.75694317917
4       1.75694319583
1       1.75694331667
2       1.75700731667
4       1.75700733750
1       1.75700745833
2       1.75708689583
4       1.75708691667
1       1.75708703750
2       1.75716070000
4       1.75716072083
1       1.75716084167
2       1.75728422083
4       1.75728424167
1       1.75728436250
2       1.75729285000
4       1.75729287083
1       1.75729299167
2       1.75750443333
4       1.75750445417
1       1.75750457500
2       1.75751277083
4       1.75751279167
1       1.75751291250
2       1.75759295000
4       1.75759296667
1       1.75759308750
2       1.75759760417
4       1.75759762500
1       1.75759774583
2       1.75773770833
4       1.75773772917
1       1.75773785000
2       1.75779071667
4       1.75779073750
1       1.75779085833
2       1.75826073333
4       1.75826075000
1       1.75826087083
2       1.75851972500
4       1.75851972500
1       1.75851986250
2       1.75863766667
4       1.75863768750
1       1.75863780833
2       1.75870585000
4       1.75870586667
1       1.75870598750
2       1.75873007083
4       1.75873008750
1       1.75873020833
2       1.75882177917
4       1.75882179583
1       1.75882191667
2       1.75897043333
4       1.75897045000
1       1.75897057083
2       1.75900198333
4       1.75900200000
1       1.75900212083
2       1.75909440833
4       1.75909442500
1       1.75909454583
2       1.75941959583
4       1.75941959583
1       1.75941973333
2       1.75951571250
4       1.75951573333
1       1.75951585000
2       1.75975718333
4       1.75975720000
1       1.75975732083
2       1.75982602500
4       1.75982602500
1       1.75982616250
2       1.75986418333
4       1.75986420000
1       1.75986432083
2       1.75989224583
4       1.75989226667
1       1.75989238750
2       1.76002978333
4       1.76002980417
1       1.76002992500
2       1.76003606667
4       1.76003606667
1       1.76003620417
2       1.76006952917
4       1.76006955000
1       1.76006967083
2       1.76031912917
4       1.76031915000
1       1.76031927083
2       1.76064617083
4       1.76064618750
1       1.76064630833
2       1.76065475833
4       1.76065477917
1       1.76065490000
2       1.76067008333
4       1.76067010000
1       1.76067022083
2       1.76076454167
4       1.76076456250
1       1.76076468333
2       1.76093603333
4       1.76093605417
1       1.76093617083
2       1.76095952500
4       1.76095954583
1       1.76095966667
2       1.76106191667
4       1.76106191667
1       1.76106205417
2       1.76107448333
4       1.76107450417
1       1.76107462500
2       1.76120799167
4       1.76120800833
1       1.76120812917
2       1.76125035833
4       1.76125037917
1       1.76125050000
2       1.76136855417
4       1.76136857500
1       1.76136869583
2       1.76139276250
4       1.76139277917
1       1.76139290000
2       1.76143922917
4       1.76143925000
1       1.76143937083
2       1.76174125000
4       1.76174126667
1       1.76174138750
2       1.76178503333
4       1.76178505000
1       1.76178517083
2       1.76181011250
4       1.76181013333
1       1.76181025417
2       1.76190820833
4       1.76190822917
1       1.76190834583
2       1.76210865417
4       1.76210867500
1       1.76210879583
2       1.76211250833
4       1.76211252500
1       1.76211264583
2       1.76217151250
4       1.76217152917
1       1.76217165000
2       1.76226124167
4       1.76226126250
1       1.76226137917
2       1.76238783333
4       1.76238785000
1       1.76238797083
2       1.76246066667
4       1.76246068750
1       1.76246080833
2       1.76247520417
4       1.76247520417
1       1.76247534167
2       1.76256231250
4       1.76256232917
1       1.76256245000
2       1.76259479167
4       1.76259481250
1       1.76259493333
2       1.76265969583
4       1.76265969583
1       1.76265983333
2       1.76283197083
4       1.76283198750
1       1.76283210833
2       1.76299942500
4       1.76299944583
1       1.76299956667
2       1.76305621250
4       1.76305622917
1       1.76305635000
2       1.76310222917
4       1.76310225000
1       1.76310237083
2       1.76318874167
4       1.76318875833
1       1.76318887917
2       1.76330564167
4       1.76330565833
1       1.76330577917
2       1.76332447917
4       1.76332449583
1       1.76332461667
2       1.76334442083
4       1.76334444167
1       1.76334456250
2       1.76356000833
4       1.76356002917
1       1.76356014583
2       1.76370012500
4       1.76370014583
1       1.76370026667
2       1.76370640833
4       1.76370642917
1       1.76370654583
2       1.76373358333
4       1.76373360000
1       1.76373372083
2       1.76378587083
4       1.76378589167
1       1.76378600833
2       1.76391910000
4       1.76391912083
1       1.76391923750
2       1.76407088333
4       1.76407090000
1       1.76407102083
2       1.76411710000
4       1.76411711667
1       1.76411723750
2       1.76413238750
4       1.76413240833
1       1.76413252500
2       1.76422978333
4       1.76422980417
1       1.76422992083
2       1.76429140833
4       1.76429142917
1       1.76429154583
2       1.76430067917
4       1.76430069583
1       1.76430081667
2       1.76433737083
4       1.76433739167
1       1.76433751250
2       1.76436059167
4       1.76436060833
1       1.76436072917
2       1.76442149583
4       1.76442149583
1       1.76442163333
2       1.76448482500
4       1.76448484583
1       1.76448496667
2       1.76449315417
4       1.76449317500
1       1.76449329583
2       1.76453622083
4       1.76453624167
1       1.76453635833
2       1.76463615833
4       1.76463617917
1       1.76463629583
2       1.76478852917
4       1.76478854583
1       1.76478866667
2       1.76511771250
4       1.76511772917
1       1.76511785000
2       1.76560574583
4       1.76560574583
1       1.76560588333
2       1.76576599167
4       1.76576601250
1       1.76576612917
2       1.76578288750
4       1.76578290833
1       1.76578302917
2       1.76585662500
4       1.76585662500
1       1.76585676250
2       1.76587133333
4       1.76587135417
1       1.76587147500
2       1.76589582083
4       1.76589583750
1       1.76589595833
2       1.76599356250
4       1.76599358333
1       1.76599370000
2       1.76603563333
4       1.76603565000
1       1.76603577083
2       1.76630715417
4       1.76630715417
1       1.76630729167
2       1.76642248333
4       1.76642250417
1       1.76642262500
2       1.76658950417
4       1.76658952500
1       1.76658964583
2       1.76694447083
4       1.76694448750
1       1.76694460833
2       1.76695706250
4       1.76695708333
1       1.76695720417
2       1.76704121667
4       1.76704121667
1       1.76704135417
2       1.76719012083
4       1.76719013750
1       1.76719025833
2       1.76722208333
4       1.76722210417
1       1.76722222500
2       1.76730752083
4       1.76730754167
1       1.76730765833
2       1.76735321250
4       1.76735322917
1       1.76735335000
2       1.76735354167
4       1.76735356250
1       1.76735368333
2       1.76741719583
4       1.76741719583
1       1.76741733333
2       1.76744631667
4       1.76744631667
1       1.76744645417
2       1.76748804167
4       1.76748806250
1       1.76748818333
2       1.76751750000
4       1.76751752083
1       1.76751764167
2       1.76760503750
4       1.76760505833
1       1.76760517917
2       1.76762520000
4       1.76762522083
1       1.76762534167
2       1.76765130833
4       1.76765132500
1       1.76765144583
2       1.76768476250
4       1.76768478333
1       1.76768490417
2       1.76768581667
4       1.76768583750
1       1.76768595417
2       1.76773115000
4       1.76773117083
1       1.76773129167
2       1.76776063750
4       1.76776065417
1       1.76776077500
2       1.76787553333
4       1.76787555000
1       1.76787567083
2       1.76798056667
4       1.76798056667
1       1.76798070417
2       1.76835683750
4       1.76835685833
1       1.76835697500
2       1.76837471250
4       1.76837472917
1       1.76837485000
2       1.76837574167
4       1.76837576250
1       1.76837588333
2       1.76858040833
4       1.76858042917
1       1.76858055000
2       1.76858437917
4       1.76858440000
1       1.76858452083
2       1.76870428333
4       1.76870430417
1       1.76870442083
2       1.76877386667
4       1.76877388750
1       1.76877400833
2       1.76885137083
4       1.76885139167
1       1.76885151250
2       1.76900478750
4       1.76900480833
1       1.76900492917
2       1.76901035000
4       1.76901036667
1       1.76901048750
2       1.76903361250
4       1.76903363333
1       1.76903375000
2       1.76922638333
4       1.76922640000
1       1.76922652083
2       1.76925618333
4       1.76925620417
1       1.76925632500
2       1.76950387083
4       1.76950388750
1       1.76950400833
2       1.76950518333
4       1.76950520000
1       1.76950532083
2       1.76955427500
4       1.76955427500
1       1.76955441250
2       1.76956121250
4       1.76956122917
1       1.76956135000
2       1.76967850417
4       1.76967850417
1       1.76967864167
2       1.76977772083
4       1.76977773750
1       1.76977785833
2       1.76977854167
4       1.76977856250
1       1.76977868333
2       1.76981267917
4       1.76981269583
1       1.76981281667
2       1.77002462083
4       1.77002463750
1       1.77002475833
2       1.77004903750
4       1.77004905417
1       1.77004917500
2       1.77011564167
4       1.77011565833
1       1.77011577917
2       1.77014279583
4       1.77014281667
1       1.77014293750
2       1.77017998750
4       1.77018000417
1       1.77018012500
2       1.77020968750
4       1.77020970417
1       1.77020982500
2       1.77041970417
4       1.77041972083
1       1.77041984167
2       1.77045744583
4       1.77045744583
1       1.77045758333
2       1.77047240000
4       1.77047242083
1       1.77047254167
2       1.77047272917
4       1.77047274583
1       1.77047286667
2       1.77060254167
4       1.77060255833
1       1.77060267917
2       1.77061154583
4       1.77061154583
1       1.77061168333
2       1.77065454583
4       1.77065454583
1       1.77065468333
2       1.77067145417
4       1.77067145417
1       1.77067159167
2       1.77068507083
4       1.77068509167
1       1.77068521250
2       1.77072516250
4       1.77072517917
1       1.77072530000
2       1.77075594583
4       1.77075596667
1       1.77075608333
2       1.77077052083
4       1.77077054167
1       1.77077066250
2       1.77086257917
4       1.77086259583
1       1.77086271667
2       1.77115172500
4       1.77115172500
1       1.77115186250
2       1.77121102083
4       1.77121103750
1       1.77121115833
2       1.77126494167
4       1.77126495833
1       1.77126507917
2       1.77139085833
4       1.77139087917
1       1.77139100000
2       1.77146744167
4       1.77146746250
1       1.77146758333
2       1.77148266667
4       1.77148268750
1       1.77148280833
2       1.77155682500
4       1.77155682500
1       1.77155696250
2       1.77158594167
4       1.77158596250
1       1.77158608333
2       1.77159855833
4       1.77159857500
1       1.77159869583
2       1.77177245833
4       1.77177247917
1       1.77177260000
2       1.77178300417
4       1.77178300417
1       1.77178314167
2       1.77180358750
4       1.77180360833
1       1.77180372917
2       1.77184597500
4       1.77184597500
1       1.77184611250
2       1.77188842083
4       1.77188843750
1       1.77188855833
2       1.77189810000
4       1.77189811667
1       1.77189823750
2       1.77200793333
4       1.77200795417
1       1.77200807083
2       1.77203245000
4       1.77203246667
1       1.77203258750
2       1.77209142917
4       1.77209145000
1       1.77209157083
2       1.77230967917
4       1.77230969583
1       1.77230981667
2       1.77235441250
4       1.77235443333
1       1.77235455417
2       1.77250051667
4       1.77250053750
1       1.77250065833
2       1.77259290833
4       1.77259292500
1       1.77259304583
2       1.77278275000
4       1.77278277083
1       1.77278288750
2       1.77304999167
4       1.77305000833
1       1.77305012917
2       1.77309228333
4       1.77309230417
1       1.77309242500
2       1.77320302500
4       1.77320302500
1       1.77320316250
2       1.77335171667
4       1.77335173750
1       1.77335185833
2       1.77348863333
4       1.77348865417
1       1.77348877500
2       1.77349250000
4       1.77349251667
1       1.77349263750
2       1.77354054167
4       1.77354055833
1       1.77354067917
2       1.77358294167
4       1.77358295833
1       1.77358307917
2       1.77367115000
4       1.77367116667
1       1.77367128750
2       1.77382414583
4       1.77382414583
1       1.77382428333
2       1.77385710000
4       1.77385712083
1       1.77385723750
2       1.77394762917
4       1.77394765000
1       1.77394776667
2       1.77412978750
4       1.77412980417
1       1.77412992500
2       1.77423714167
4       1.77423716250
1       1.77423728333
2       1.77433350833
4       1.77433352917
1       1.77433365000
2       1.77438781667
4       1.77438783750
1       1.77438795833
2       1.77444912083
4       1.77444913750
1       1.77444925833
2       1.77451565000
4       1.77451567083
1       1.77451578750
2       1.77463956667
4       1.77463956667
1       1.77463970417
2       1.77465346667
4       1.77465346667
1       1.77465360417
2       1.77466147500
4       1.77466147500
1       1.77466161250
2       1.77471972500
4       1.77471974583
1       1.77471986667
2       1.77482777083
4       1.77482779167
1       1.77482791250
2       1.77507412083
4       1.77507413750
1       1.77507425833
2       1.77526495417
4       1.77526497500
1       1.77526509583
2       1.77527618333
4       1.77527620417
1       1.77527632500
2       1.77534617083
4       1.77534619167
1       1.77534631250
2       1.77559555417
4       1.77559555417
1       1.77559569167
2       1.77566502917
4       1.77566505000
1       1.77566517083
2       1.77576348750
4       1.77576348750
1       1.77576362500
2       1.77588530833
4       1.77588532917
1       1.77588544583
2       1.77588997083
4       1.77588998750
1       1.77589010833
2       1.77601220833
4       1.77601222917
1       1.77601234583
2       1.77603075833
4       1.77603077500
1       1.77603089583
2       1.77605117917
4       1.77605119583
1       1.77605131667
2       1.77612382083
4       1.77612384167
1       1.77612396250
2       1.77616525000
4       1.77616526667
1       1.77616538750
2       1.77654610000
4       1.77654612083
1       1.77654624167
2       1.77658187083
4       1.77658189167
1       1.77658201250
2       1.77662990417
4       1.77662992500
1       1.77663004583
2       1.77664983750
4       1.77664985417
1       1.77664997500
2       1.77667000417
4       1.77667002500
1       1.77667014167
2       1.77698768333
4       1.77698770417
1       1.77698782500
2       1.77702182917
4       1.77702184583
1       1.77702196667
2       1.77718767500
4       1.77718769583
1       1.77718781667
2       1.77719398333
4       1.77719400417
1       1.77719412500
2       1.77733278333
4       1.77733280000
1       1.77733292083
2       1.77738315000
4       1.77738317083
1       1.77738328750
2       1.77740071250
4       1.77740073333
1       1.77740085417
2       1.77811082917
4       1.77811085000
1       1.77811097083
2       1.77812734583
4       1.77812736667
1       1.77812748750
2       1.77847547917
4       1.77847549583
1       1.77847561667
2       1.77847858333
4       1.77847860000
1       1.77847872083
2       1.77889285833
4       1.77889287500
1       1.77889299583
2       1.77897663333
4       1.77897665000
1       1.77897677083
2       1.77905222917
4       1.77905225000
1       1.77905237083
2       1.77914652917
4       1.77914654583
1       1.77914666667
2       1.77920352917
4       1.77920355000
1       1.77920367083
2       1.77922675000
4       1.77922676667
1       1.77922688750
2       1.77929029167
4       1.77929030833
1       1.77929042917
2       1.77946626667
4       1.77946628750
1       1.77946640833
2       1.77949898333
4       1.77949900000
1       1.77949912083
2       1.77953675417
4       1.77953677500
1       1.77953689167
2       1.77956261250
4       1.77956262917
1       1.77956275000
2       1.77962091250
4       1.77962093333
1       1.77962105417
2       1.77963738750
4       1.77963740833
1       1.77963752917
2       1.77974675417
4       1.77974677500
1       1.77974689583
2       1.77999485417
4       1.77999487500
1       1.77999499583
2       1.78007903750
4       1.78007905417
1       1.78007917500
2       1.78008067917
4       1.78008069583
1       1.78008081667
2       1.78011340000
4       1.78011342083
1       1.78011353750
2       1.78028334167
4       1.78028336250
1       1.78028347917
2       1.78032738750
4       1.78032740833
1       1.78032752500
2       1.78035464583
4       1.78035464583
1       1.78035478333
2       1.78048717500
4       1.78048719583
1       1.78048731667
2       1.78053307917
4       1.78053310000
1       1.78053322083
2       1.78056452083
4       1.78056453750
1       1.78056465833
2       1.78074077917
4       1.78074079583
1       1.78074091667
2       1.78075733750
4       1.78075735417
1       1.78075747500
2       1.78080837500
4       1.78080837500
1       1.78080851250
2       1.78094411667
4       1.78094411667
1       1.78094425417
2       1.78105311250
4       1.78105312917
1       1.78105325000
2       1.78113399167
4       1.78113400833
1       1.78113412917
2       1.78117372500
4       1.78117372500
1       1.78117386250
2       1.78122305417
4       1.78122307500
1       1.78122319583
2       1.78132999583
4       1.78133001667
1       1.78133013333
2       1.78135716667
4       1.78135716667
1       1.78135730417
2       1.78144526250
4       1.78144527917
1       1.78144540000
2       1.78147474167
4       1.78147475833
1       1.78147487917
2       1.78164775833
4       1.78164777500
1       1.78164789583
2       1.78169098750
4       1.78169100417
1       1.78169112500
2       1.78169899167
4       1.78169900833
1       1.78169912917
2       1.78182755000
4       1.78182756667
1       1.78182768750
2       1.78186564583
4       1.78186566667
1       1.78186578750
2       1.78196835000
4       1.78196836667
1       1.78196848750
2       1.78207462500
4       1.78207464583
1       1.78207476667
2       1.78215710833
4       1.78215712500
1       1.78215724583
2       1.78217074583
4       1.78217074583
1       1.78217088333
2       1.78239358333
4       1.78239360000
1       1.78239372083
2       1.78242343333
4       1.78242345417
1       1.78242357500
2       1.78248703750
4       1.78248705417
1       1.78248717500
2       1.78253802083
4       1.78253804167
1       1.78253816250
2       1.78261955833
4       1.78261957917
1       1.78261970000
2       1.78261985000
4       1.78261986667
1       1.78261998750
2       1.78264834167
4       1.78264835833
1       1.78264847917
2       1.78267318750
4       1.78267320833
1       1.78267332917
2       1.78270558333
4       1.78270560000
1       1.78270572083
2       1.78281689167
4       1.78281690833
1       1.78281702917
2       1.78283377500
4       1.78283379583
1       1.78283391250
2       1.78295569167
4       1.78295570833
1       1.78295582917
2       1.78311247917
4       1.78311249583
1       1.78311261667
2       1.78345952917
4       1.78345954583
1       1.78345966667
2       1.78346977917
4       1.78346980000
1       1.78346992083
2       1.78350925417
4       1.78350927500
1       1.78350939583
2       1.78354728333
4       1.78354730417
1       1.78354742083
2       1.78365260417
4       1.78365262500
1       1.78365274583
2       1.78367043750
4       1.78367045833
1       1.78367057500
2       1.78385995417
4       1.78385997500
1       1.78386009583
2       1.78388752083
4       1.78388754167
1       1.78388766250
2       1.78403546667
4       1.78403546667
1       1.78403560417
2       1.78410695417
4       1.78410697500
1       1.78410709583
2       1.78419153750
4       1.78419155833
1       1.78419167917
2       1.78455817500
4       1.78455819583
1       1.78455831250
2       1.78473636667
4       1.78473638750
1       1.78473650417
2       1.78477913750
4       1.78477915833
1       1.78477927917
2       1.78482411667
4       1.78482413750
1       1.78482425833
2       1.78486225417
4       1.78486225417
1       1.78486239167
2       1.78488903750
4       1.78488905417
1       1.78488917500
2       1.78498217917
4       1.78498219583
1       1.78498231667
2       1.78519778333
4       1.78519780000
1       1.78519792083
2       1.78529182500
4       1.78529182500
1       1.78529196250
2       1.78529410000
4       1.78529411667
1       1.78529423750
2       1.78561347083
4       1.78561349167
1       1.78561361250
2       1.78565094583
4       1.78565094583
1       1.78565108333
2       1.78568432917
4       1.78568434583
1       1.78568446667
2       1.78573735833
4       1.78573737500
1       1.78573749583
2       1.78581125000
4       1.78581126667
1       1.78581138750
2       1.78585925833
4       1.78585927500
1       1.78585939583
2       1.78593976667
4       1.78593978750
1       1.78593990833
2       1.78617255417
4       1.78617255417
1       1.78617269167
2       1.78632394583
4       1.78632396667
1       1.78632408750
2       1.78644349583
4       1.78644351667
1       1.78644363333
2       1.78644649583
4       1.78644651667
1       1.78644663750
2       1.78651539583
4       1.78651541667
1       1.78651553750
2       1.78660912917
4       1.78660914583
1       1.78660926667
2       1.78668533750
4       1.78668535833
1       1.78668547917
2       1.78673498750
4       1.78673500417
1       1.78673512500
2       1.78702247083
4       1.78702249167
1       1.78702261250
2       1.78705560833
4       1.78705562500
1       1.78705574583
2       1.78716491667
4       1.78716493750
1       1.78716505417
2       1.78730142083
4       1.78730143750
1       1.78730155833
2       1.78731364167
4       1.78731366250
1       1.78731378333
2       1.78750710417
4       1.78750712500
1       1.78750724167
2       1.78756137083
4       1.78756139167
1       1.78756150833
2       1.78759585833
4       1.78759587917
1       1.78759600000
2       1.78764392917
4       1.78764395000
1       1.78764407083
2       1.78765913750
4       1.78765915417
1       1.78765927500
2       1.78783662083
4       1.78783663750
1       1.78783675833
2       1.78783795833
4       1.78783797917
1       1.78783810000
2       1.78792711250
4       1.78792712917
1       1.78792725000
2       1.78796321250
4       1.78796323333
1       1.78796335417
2       1.78796350833
4       1.78796352917
1       1.78796365000
2       1.78807646250
4       1.78807648333
1       1.78807660417
2       1.78808492500
4       1.78808494583
1       1.78808506667
2       1.78815962500
4       1.78815964583
1       1.78815976667
2       1.78816952083
4       1.78816954167
1       1.78816965833
2       1.78820766667
4       1.78820766667
1       1.78820780417
2       1.78833152917
4       1.78833154583
1       1.78833166667
2       1.78833280000
4       1.78833281667
1       1.78833293750
2       1.78843187500
4       1.78843189583
1       1.78843201667
2       1.78856602083
4       1.78856604167
1       1.78856616250
2       1.78861633750
4       1.78861635833
1       1.78861647917
2       1.78876076667
4       1.78876076667
1       1.78876090417
2       1.78886449583
4       1.78886449583
1       1.78886463333
2       1.78891647083
4       1.78891648750
1       1.78891660833
2       1.78892904167
4       1.78892905833
1       1.78892917917
2       1.78896482083
4       1.78896483750
1       1.78896495833
2       1.78909807500
4       1.78909809583
1       1.78909821667
2       1.78916622917
4       1.78916625000
1       1.78916637083
2       1.78927683333
4       1.78927685000
1       1.78927697083
2       1.78934172917
4       1.78934175000
1       1.78934187083
2       1.78941097917
4       1.78941099583
1       1.78941111667
2       1.78966897500
4       1.78966899583
1       1.78966911667
2       1.78973360000
4       1.78973362083
1       1.78973374167
2       1.78980650000
4       1.78980652083
1       1.78980664167
2       1.78982237917
4       1.78982239583
1       1.78982251667
2       1.78983693750
4       1.78983695417
1       1.78983707500
2       1.78994159167
4       1.78994160833
1       1.78994172917
2       1.78999961667
4       1.78999961667
1       1.78999975417
2       1.79003400833
4       1.79003402500
1       1.79003414583
2       1.79013072500
4       1.79013072500
1       1.79013086250
2       1.79017446667
4       1.79017446667
1       1.79017460417
2       1.79028019167
4       1.79028020833
1       1.79028032917
2       1.79045796250
4       1.79045797917
1       1.79045810000
2       1.79068290833
4       1.79068292500
1       1.79068304583
2       1.79080345000
4       1.79080347083
1       1.79080359167
2       1.79081635833
4       1.79081637500
1       1.79081649583
2       1.79094688333
4       1.79094690417
1       1.79094702500
2       1.79116440417
4       1.79116440417
1       1.79116454167
2       1.79117116250
4       1.79117118333
1       1.79117130417
2       1.79125885417
4       1.79125887500
1       1.79125899583
2       1.79133905833
4       1.79133907917
1       1.79133920000
2       1.79140204167
4       1.79140205833
1       1.79140217917
2       1.79158813750
4       1.79158815417
1       1.79158827500
2       1.79166073333
4       1.79166075417
1       1.79166087500
2       1.79166562500
4       1.79166564583
1       1.79166576667
2       1.79167098333
4       1.79167100000
1       1.79167112083
2       1.79211708750
4       1.79211710833
1       1.79211722917
2       1.79216513333
4       1.79216515000
1       1.79216527083
2       1.79229927917
4       1.79229929583
1       1.79229941667
2       1.79235796250
4       1.79235797917
1       1.79235810000
2       1.79237712500
4       1.79237714583
1       1.79237726667
2       1.79253841250
4       1.79253843333
1       1.79253855000
2       1.79254437917
4       1.79254440000
1       1.79254451667
2       1.79277331667
4       1.79277331667
1       1.79277345417
2       1.79315287500
4       1.79315287500
1       1.79315301250
2       1.79342114583
4       1.79342116667
1       1.79342128750
2       1.79360869583
4       1.79360869583
1       1.79360883333
2       1.79382892917
4       1.79382895000
1       1.79382907083
2       1.79384511667
4       1.79384511667
1       1.79384525417
2       1.79386830833
4       1.79386832500
1       1.79386844583
2       1.79406344167
4       1.79406345833
1       1.79406357917
2       1.79418868333
4       1.79418870417
1       1.79418882500
2       1.79422637917
4       1.79422639583
1       1.79422651667
2       1.79429557083
4       1.79429558750
1       1.79429570833
2       1.79437316667
4       1.79437318750
1       1.79437330417
2       1.79447681250
4       1.79447683333
1       1.79447695417
2       1.79469108750
4       1.79469110417
1       1.79469122500
2       1.79469405417
4       1.79469407083
1       1.79469419167
2       1.79475370000
4       1.79475372083
1       1.79475384167
2       1.79499217083
4       1.79499219167
1       1.79499231250
2       1.79502561667
4       1.79502563750
1       1.79502575833
2       1.79508692500
4       1.79508692500
1       1.79508706250
2       1.79510105417
4       1.79510105417
1       1.79510119167
2       1.79526873333
4       1.79526875000
1       1.79526887083
2       1.79562383750
4       1.79562385417
1       1.79562397500
2       1.79576030000
4       1.79576032083
1       1.79576044167
2       1.79584970417
4       1.79584970417
1       1.79584984167
2       1.79588219167
4       1.79588220833
1       1.79588232917
2       1.79601166250
4       1.79601167917
1       1.79601180000
2       1.79602858750
4       1.79602860417
1       1.79602872500
2       1.79610417083
4       1.79610418750
1       1.79610430833
2       1.79620317500
4       1.79620319583
1       1.79620331667
2       1.79624859583
4       1.79624861667
1       1.79624873750
2       1.79631016250
4       1.79631018333
1       1.79631030417
2       1.79634031667
4       1.79634033750
1       1.79634045833
2       1.79639428750
4       1.79639430833
1       1.79639442917
2       1.79647910417
4       1.79647912500
1       1.79647924583
2       1.79665961250
4       1.79665962917
1       1.79665975000
2       1.79666819167
4       1.79666821250
1       1.79666833333
2       1.79679996250
4       1.79679997917
1       1.79680010000
2       1.79683148333
4       1.79683150000
1       1.79683162083
2       1.79707690833
4       1.79707692917
1       1.79707705000
2       1.79719248750
4       1.79719250833
1       1.79719262500
2       1.79736116667
4       1.79736118750
1       1.79736130833
2       1.79737935417
4       1.79737935417
1       1.79737949167
2       1.79742474583
4       1.79742474583
1       1.79742488333
2       1.79750352917
4       1.79750355000
1       1.79750367083
2       1.79766185000
4       1.79766187083
1       1.79766199167
2       1.79766418750
4       1.79766420833
1       1.79766432917
2       1.79770263750
4       1.79770265833
1       1.79770277917
2       1.79771415417
4       1.79771415417
1       1.79771429167
2       1.79781054583
4       1.79781056667
1       1.79781068333
2       1.79784272083
4       1.79784273750
1       1.79784285833
2       1.79784310000
4       1.79784311667
1       1.79784323750
2       1.79787182500
4       1.79787184583
1       1.79787196667
2       1.79787453333
4       1.79787455000
1       1.79787467083
2       1.79795162917
4       1.79795164583
1       1.79795176667
2       1.79811395000
4       1.79811397083
1       1.79811409167
2       1.79813816250
4       1.79813817917
1       1.79813830000
2       1.79819049583
4       1.79819049583
1       1.79819063333
2       1.79829513750
4       1.79829515833
1       1.79829527500
2       1.79829712917
4       1.79829714583
1       1.79829726667
2       1.79839186250
4       1.79839188333
1       1.79839200417
2       1.79878550000
4       1.79878552083
1       1.79878564167
2       1.79893285000
4       1.79893287083
1       1.79893298750
2       1.79915307917
4       1.79915310000
1       1.79915322083
2       1.79923484167
4       1.79923485833
1       1.79923497917
2       1.79931890000
4       1.79931891667
1       1.79931903750
2       1.79932727917
4       1.79932729583
1       1.79932741667
2       1.79957536250
4       1.79957538333
1       1.79957550000
2       1.79987677917
4       1.79987679583
1       1.79987691667
2       1.79992117083
4       1.79992118750
1       1.79992130833
2       1.80015869167
4       1.80015871250
1       1.80015882917
2       1.80038022917
4       1.80038024583
1       1.80038036667
2       1.80053947500
4       1.80053949583
1       1.80053961250
2       1.80062939167
4       1.80062941250
1       1.80062953333
2       1.80072680417
4       1.80072682500
1       1.80072694583
2       1.80085185833
4       1.80085187917
1       1.80085200000
2       1.80095037083
4       1.80095039167
1       1.80095050833
2       1.80129479167
4       1.80129480833
1       1.80129492917
2       1.80132658333
4       1.80132660000
1       1.80132672083
2       1.80140599583
4       1.80140601667
1       1.80140613750
2       1.80154521250
4       1.80154523333
1       1.80154535000
2       1.80156735000
4       1.80156736667
1       1.80156748750
2       1.80172237500
4       1.80172239583
1       1.80172251667
2       1.80176980417
4       1.80176982500
1       1.80176994167
2       1.80179139583
4       1.80179141667
1       1.80179153333
2       1.80201685833
4       1.80201687917
1       1.80201700000
2       1.80224275417
4       1.80224277500
1       1.80224289167
2       1.80244211250
4       1.80244213333
1       1.80244225417
2       1.80270379583
4       1.80270381667
1       1.80270393750
2       1.80284128333
4       1.80284130000
1       1.80284142083
2       1.80295586667
4       1.80295588750
1       1.80295600833
2       1.80295862083
4       1.80295864167
1       1.80295875833
2       1.80310495000
4       1.80310496667
1       1.80310508750
2       1.80318152083
4       1.80318154167
1       1.80318165833
2       1.80323408750
4       1.80323410417
1       1.80323422500
2       1.80329707917
4       1.80329709583
1       1.80329721667
2       1.80339403333
4       1.80339405000
1       1.80339417083
2       1.80341404583
4       1.80341404583
1       1.80341418333
2       1.80345036250
4       1.80345038333
1       1.80345050000
2       1.80357263750
4       1.80357265833
1       1.80357277917
2       1.80360140833
4       1.80360142917
1       1.80360155000
2       1.80360676250
4       1.80360678333
1       1.80360690417
2       1.80361003333
4       1.80361005000
1       1.80361017083
2       1.80367728333
4       1.80367730000
1       1.80367742083
2       1.80378927500
4       1.80378927500
1       1.80378941250
2       1.80419688750
4       1.80419690833
1       1.80419702917
2       1.80435032083
4       1.80435033750
1       1.80435045833
2       1.80446164167
4       1.80446166250
1       1.80446178333
2       1.80466104583
4       1.80466104583
1       1.80466118333
2       1.80474558333
4       1.80474560000
1       1.80474572083
2       1.80508141667
4       1.80508143750
1       1.80508155417
2       1.80510948333
4       1.80510950417
1       1.80510962083
2       1.80517020000
4       1.80517022083
1       1.80517033750
2       1.80518577917
4       1.80518580000
1       1.80518592083
2       1.80522707500
4       1.80522707500
1       1.80522721250
2       1.80530865833
4       1.80530867500
1       1.80530879583
2       1.80545410000
4       1.80545411667
1       1.80545423750
2       1.80552131250
4       1.80552133333
1       1.80552145417
2       1.80585641250
4       1.80585643333
1       1.80585655417
2       1.80597204583
4       1.80597204583
1       1.80597218333
2       1.80610582500
4       1.80610582500
1       1.80610596250
2       1.80625491667
4       1.80625491667
1       1.80625505417
2       1.80636887083
4       1.80636889167
1       1.80636900833
2       1.80652659167
4       1.80652660833
1       1.80652672917
2       1.80675048750
4       1.80675048750
1       1.80675062500
2       1.80676866667
4       1.80676868750
1       1.80676880833
2       1.80683224167
4       1.80683225833
1       1.80683237917
2       1.80692434583
4       1.80692434583
1       1.80692448333
2       1.80699123333
4       1.80699125000
1       1.80699137083
2       1.80704752083
4       1.80704754167
1       1.80704766250
2       1.80716511250
4       1.80716513333
1       1.80716525417
2       1.80721976667
4       1.80721976667
1       1.80721990417
2       1.80722407917
4       1.80722409583
1       1.80722421667
2       1.80728269583
4       1.80728269583
1       1.80728283333
2       1.80774279167
4       1.80774281250
1       1.80774293333
2       1.80792824167
4       1.80792825833
1       1.80792837917
2       1.80823661667
4       1.80823663750
1       1.80823675833
2       1.80828931667
4       1.80828931667
1       1.80828945417
2       1.80849459583
4       1.80849459583
1       1.80849473333
2       1.80849837083
4       1.80849839167
1       1.80849851250
2       1.80865864167
4       1.80865866250
1       1.80865877917
2       1.80877553333
4       1.80877555000
1       1.80877567083
2       1.80883483333
4       1.80883485417
1       1.80883497083
2       1.80892458750
4       1.80892460417
1       1.80892472500
2       1.80893714167
4       1.80893716250
1       1.80893727917
2       1.80893912500
4       1.80893914583
1       1.80893926250
2       1.80909752917
4       1.80909755000
1       1.80909767083
2       1.80910148333
4       1.80910150417
1       1.80910162500
2       1.80910943333
4       1.80910945417
1       1.80910957500
2       1.80915515833
4       1.80915517500
1       1.80915529583
2       1.80916012500
4       1.80916012500
1       1.80916026250
2       1.80921011667
4       1.80921011667
1       1.80921025417
2       1.80925814583
4       1.80925814583
1       1.80925828333
2       1.80936080833
4       1.80936082917
1       1.80936095000
2       1.80946146667
4       1.80946148750
1       1.80946160833
2       1.80951015833
4       1.80951017500
1       1.80951029583
2       1.80959797917
4       1.80959799583
1       1.80959811667
2       1.80969899167
4       1.80969900833
1       1.80969912917
2       1.80977454167
4       1.80977456250
1       1.80977468333
2       1.81007300000
4       1.81007301667
1       1.81007313750
2       1.81008989583
4       1.81008989583
1       1.81009003333
2       1.81012300000
4       1.81012302083
1       1.81012314167
2       1.81012855000
4       1.81012856667
1       1.81012868750
2       1.81015245833
4       1.81015247917
1       1.81015260000
2       1.81027964583
4       1.81027966667
1       1.81027978750
2       1.81028732917
4       1.81028735000
1       1.81028746667
2       1.81036415000
4       1.81036417083
1       1.81036428750
2       1.81043699583
4       1.81043699583
1       1.81043713333
2       1.81050887500
4       1.81050889583
1       1.81050901667
2       1.81051286250
4       1.81051287917
1       1.81051300000
2       1.81072845833
4       1.81072847917
1       1.81072859583
2       1.81084569167
4       1.81084570833
1       1.81084582917
2       1.81085831667
4       1.81085831667
1       1.81085845417
2       1.81115582917
4       1.81115585000
1       1.81115597083
2       1.81116431667
4       1.81116433750
1       1.81116445833
2       1.81149356667
4       1.81149358750
1       1.81149370417
2       1.81170950833
4       1.81170952500
1       1.81170964583
2       1.81183647500
4       1.81183647500
1       1.81183661250
2       1.81183743750
4       1.81183745417
1       1.81183757500
2       1.81197552083
4       1.81197553750
1       1.81197565833
2       1.81223420417
4       1.81223422500
1       1.81223434167
2       1.81223881667
4       1.81223881667
1       1.81223895417
2       1.81228921250
4       1.81228922917
1       1.81228935000
2       1.81238563333
4       1.81238565417
1       1.81238577500
2       1.81240917917
4       1.81240919583
1       1.81240931667
2       1.81243158333
4       1.81243160000
1       1.81243172083
2       1.81245410417
4       1.81245410417
1       1.81245424167
2       1.81259293750
4       1.81259295417
1       1.81259307500
2       1.81264359583
4       1.81264361667
1       1.81264373333
2       1.81280493333
4       1.81280495417
1       1.81280507500
2       1.81304605000
4       1.81304607083
1       1.81304619167
2       1.81329348333
4       1.81329350417
1       1.81329362500
2       1.81330408750
4       1.81330410833
1       1.81330422917
2       1.81343495000
4       1.81343496667
1       1.81343508750
2       1.81348891250
4       1.81348892917
1       1.81348905000
2       1.81363332917
4       1.81363335000
1       1.81363347083
2       1.81366715833
4       1.81366717500
1       1.81366729583
2       1.81370525000
4       1.81370527083
1       1.81370538750
2       1.81384333750
4       1.81384335833
1       1.81384347917
2       1.81393017500
4       1.81393019583
1       1.81393031667
2       1.81395391667
4       1.81395391667
1       1.81395405417
2       1.81396022500
4       1.81396022500
1       1.81396036250
2       1.81407547083
4       1.81407549167
1       1.81407561250
2       1.81415335000
4       1.81415336667
1       1.81415348750
2       1.81444556667
4       1.81444556667
1       1.81444570417
2       1.81463362500
4       1.81463364583
1       1.81463376667
2       1.81472872500
4       1.81472872500
1       1.81472886250
2       1.81492378750
4       1.81492380417
1       1.81492392500
2       1.81518314583
4       1.81518314583
1       1.81518328333
2       1.81534582083
4       1.81534583750
1       1.81534595833
2       1.81537188750
4       1.81537190833
1       1.81537202917
2       1.81538790833
4       1.81538792917
1       1.81538805000
2       1.81551003333
4       1.81551005417
1       1.81551017500
2       1.81559253333
4       1.81559255000
1       1.81559267083
2       1.81566143750
4       1.81566145417
1       1.81566157500
2       1.81578692083
4       1.81578694167
1       1.81578706250
2       1.81579927083
4       1.81579928750
1       1.81579940833
2       1.81597409583
4       1.81597411667
1       1.81597423750
2       1.81614764583
4       1.81614764583
1       1.81614778333
2       1.81636430417
4       1.81636430417
1       1.81636444167
2       1.81655042500
4       1.81655044583
1       1.81655056667
2       1.81656569583
4       1.81656569583
1       1.81656583333
2       1.81660811250
4       1.81660813333
1       1.81660825417
2       1.81666369583
4       1.81666371667
1       1.81666383750
2       1.81667102917
4       1.81667104583
1       1.81667116667
2       1.81675447500
4       1.81675447500
1       1.81675461250
2       1.81682103333
4       1.81682105000
1       1.81682117083
2       1.81692575000
4       1.81692577083
1       1.81692589167
2       1.81693432917
4       1.81693434583
1       1.81693446667
2       1.81696219167
4       1.81696221250
1       1.81696233333
2       1.81698113750
4       1.81698115417
1       1.81698127500
2       1.81708141250
4       1.81708142917
1       1.81708155000
2       1.81710226250
4       1.81710227917
1       1.81710240000
2       1.81776437917
4       1.81776440000
1       1.81776452083
2       1.81782567083
4       1.81782568750
1       1.81782580833
2       1.81787402917
4       1.81787404583
1       1.81787416667
2       1.81788899583
4       1.81788901667
1       1.81788913750
2       1.81803671250
4       1.81803673333
1       1.81803685417
2       1.81826815417
4       1.81826817500
1       1.81826829167
2       1.81829464167
4       1.81829466250
1       1.81829478333
2       1.81841627083
4       1.81841628750
1       1.81841640833
2       1.81864577500
4       1.81864579583
1       1.81864591667
2       1.81867330417
4       1.81867332500
1       1.81867344583
2       1.81882036250
4       1.81882038333
1       1.81882050417
2       1.81899192500
4       1.81899192500
1       1.81899206250
2       1.81901281250
4       1.81901282917
1       1.81901295000
2       1.81902103333
4       1.81902105417
1       1.81902117500
2       1.81916180833
4       1.81916182500
1       1.81916194583
2       1.81917214583
4       1.81917214583
1       1.81917228333
2       1.81931787500
4       1.81931789583
1       1.81931801667
2       1.81934868750
4       1.81934870833
1       1.81934882917
2       1.81949734167
4       1.81949735833
1       1.81949747917
2       1.81950419167
4       1.81950420833
1       1.81950432917
2       1.81951819167
4       1.81951820833
1       1.81951832917
2       1.81959349167
4       1.81959350833
1       1.81959362917
2       1.81961437083
4       1.81961438750
1       1.81961450833
2       1.81970710833
4       1.81970712500
1       1.81970724583
2       1.81980280833
4       1.81980282500
1       1.81980294583
2       1.82032015000
4       1.82032016667
1       1.82032028750
2       1.82042080417
4       1.82042082500
1       1.82042094583
2       1.82059146250
4       1.82059148333
1       1.82059160417
2       1.82059413333
4       1.82059415417
1       1.82059427083
2       1.82062457500
4       1.82062459583
1       1.82062471667
2       1.82063413750
4       1.82063415833
1       1.82063427917
2       1.82076395833
4       1.82076397917
1       1.82076409583
2       1.82087090417
4       1.82087092500
1       1.82087104167
2       1.82097735000
4       1.82097736667
1       1.82097748750
2       1.82107035000
4       1.82107037083
1       1.82107048750
2       1.82113900000
4       1.82113901667
1       1.82113913750
2       1.82115180000
4       1.82115182083
1       1.82115194167
2       1.82120917500
4       1.82120919583
1       1.82120931667
2       1.82126115000
4       1.82126116667
1       1.82126128750
2       1.82135985833
4       1.82135987917
1       1.82136000000
2       1.82136621250
4       1.82136623333
1       1.82136635417
2       1.82172858333
4       1.82172860000
1       1.82172872083
2       1.82182827083
4       1.82182828750
1       1.82182840833
2       1.82184980417
4       1.82184982500
1       1.82184994583
2       1.82197662083
4       1.82197663750
1       1.82197675833
2       1.82198195417
4       1.82198197500
1       1.82198209167
2       1.82215188750
4       1.82215190417
1       1.82215202500
2       1.82219059167
4       1.82219061250
1       1.82219073333
2       1.82239990833
4       1.82239992917
1       1.82240005000
2       1.82259102083
4       1.82259103750
1       1.82259115833
2       1.82264740833
4       1.82264742500
1       1.82264754583
2       1.82270268333
4       1.82270270417
1       1.82270282500
2       1.82288215417
4       1.82288217500
1       1.82288229583
2       1.82312329583
4       1.82312331667
1       1.82312343333
2       1.82325610000
4       1.82325611667
1       1.82325623750
2       1.82336469583
4       1.82336471667
1       1.82336483750
2       1.82339105833
4       1.82339107917
1       1.82339119583
2       1.82343167083
4       1.82343168750
1       1.82343180833
2       1.82347606667
4       1.82347606667
1       1.82347620417
2       1.82356350417
4       1.82356352500
1       1.82356364583
2       1.82379466250
4       1.82379467917
1       1.82379480000
2       1.82389412500
4       1.82389412500
1       1.82389426250
2       1.82390797917
4       1.82390799583
1       1.82390811667
2       1.82400841667
4       1.82400843750
1       1.82400855833
2       1.82415645417
4       1.82415647500
1       1.82415659583
2       1.82419316667
4       1.82419318750
1       1.82419330833
2       1.82422930000
4       1.82422931667
1       1.82422943750
2       1.82432763333
4       1.82432765417
1       1.82432777500
2       1.82439451667
4       1.82439451667
1       1.82439465417
2       1.82448732500
4       1.82448734583
1       1.82448746667
2       1.82454235000
4       1.82454236667
1       1.82454248750
2       1.82498422917
4       1.82498425000
1       1.82498437083
2       1.82503156250
4       1.82503158333
1       1.82503170417
2       1.82520011250
4       1.82520012917
1       1.82520025000
2       1.82537597917
4       1.82537600000
1       1.82537612083
2       1.82564200000
4       1.82564201667
1       1.82564213750
2       1.82601031250
4       1.82601033333
1       1.82601045417
2       1.82602686250
4       1.82602688333
1       1.82602700417
2       1.82609445000
4       1.82609446667
1       1.82609458750
2       1.82614916667
4       1.82614918750
1       1.82614930417
2       1.82618552083
4       1.82618554167
1       1.82618566250
2       1.82618927500
4       1.82618929583
1       1.82618941667
2       1.82621099583
4       1.82621101667
1       1.82621113750
2       1.82639024583
4       1.82639026667
1       1.82639038750
2       1.82641110833
4       1.82641112917
1       1.82641125000
2       1.82642101667
4       1.82642103750
1       1.82642115417
2       1.82643160000
4       1.82643162083
1       1.82643174167
2       1.82650246250
4       1.82650247917
1       1.82650260000
2       1.82652563333
4       1.82652565000
1       1.82652577083
2       1.82655075833
4       1.82655077500
1       1.82655089583
2       1.82656741250
4       1.82656743333
1       1.82656755417
2       1.82664095417
4       1.82664095417
1       1.82664109167
2       1.82672216667
4       1.82672216667
1       1.82672230417
2       1.82676711250
4       1.82676712917
1       1.82676725000
2       1.82682181667
4       1.82682181667
1       1.82682195417
2       1.82689402917
4       1.82689405000
1       1.82689417083
2       1.82714042500
4       1.82714044583
1       1.82714056667
2       1.82716491667
4       1.82716491667
1       1.82716505417
2       1.82725805417
4       1.82725807500
1       1.82725819583
2       1.82734147500
4       1.82734147500
1       1.82734161250
2       1.82756606667
4       1.82756608750
1       1.82756620833
2       1.82757073333
4       1.82757075417
1       1.82757087500
2       1.82757777083
4       1.82757779167
1       1.82757790833
2       1.82759165000
4       1.82759166667
1       1.82759178750
2       1.82769462083
4       1.82769463750
1       1.82769475833
2       1.82770219167
4       1.82770221250
1       1.82770233333
2       1.82771451250
4       1.82771453333
1       1.82771465417
2       1.82818479167
4       1.82818481250
1       1.82818493333
2       1.82820598333
4       1.82820600417
1       1.82820612500
2       1.82841272917
4       1.82841275000
1       1.82841287083
2       1.82859150417
4       1.82859152500
1       1.82859164167
2       1.82860590000
4       1.82860592083
1       1.82860603750
2       1.82868865000
4       1.82868866667
1       1.82868878750
2       1.82872309583
4       1.82872309583
1       1.82872323333
2       1.82891210833
4       1.82891212500
1       1.82891224583
2       1.82892679583
4       1.82892679583
1       1.82892693333
2       1.82895422500
4       1.82895424583
1       1.82895436667
2       1.82899030833
4       1.82899032917
1       1.82899045000
2       1.82902017917
4       1.82902019583
1       1.82902031667
2       1.82920631667
4       1.82920633750
1       1.82920645833
2       1.82952558750
4       1.82952560417
1       1.82952572500
2       1.82955013750
4       1.82955015417
1       1.82955027500
2       1.82973961250
4       1.82973962917
1       1.82973975000
2       1.82996779583
4       1.82996779583
1       1.82996793333
2       1.83007946667
4       1.83007946667
1       1.83007960417
2       1.83031318333
4       1.83031320000
1       1.83031332083
2       1.83034272083
4       1.83034273750
1       1.83034285833
2       1.83035868750
4       1.83035870833
1       1.83035882917
2       1.83057565417
4       1.83057567500
1       1.83057579167
2       1.83063895000
4       1.83063896667
1       1.83063908750
2       1.83065272917
4       1.83065275000
1       1.83065286667
2       1.83070534583
4       1.83070536667
1       1.83070548750
2       1.83080285000
4       1.83080286667
1       1.83080298750
2       1.83081855417
4       1.83081857500
1       1.83081869167
2       1.83104127917
4       1.83104130000
1       1.83104142083
2       1.83122182083
4       1.83122184167
1       1.83122196250
2       1.83122912083
4       1.83122914167
1       1.83122925833
2       1.83127577500
4       1.83127577500
1       1.83127591250
2       1.83130172500
4       1.83130174583
1       1.83130186667
2       1.83146929583
4       1.83146931667
1       1.83146943333
2       1.83152888750
4       1.83152890833
1       1.83152902917
2       1.83171338333
4       1.83171340417
1       1.83171352500
2       1.83182132917
4       1.83182135000
1       1.83182147083
2       1.83194685417
4       1.83194687500
1       1.83194699167
2       1.83208999167
4       1.83209000833
1       1.83209012917
2       1.83224725833
4       1.83224727917
1       1.83224740000
2       1.83227247500
4       1.83227247500
1       1.83227261250
2       1.83248480833
4       1.83248482500
1       1.83248494583
2       1.83252823750
4       1.83252825417
1       1.83252837500
2       1.83272091667
4       1.83272093750
1       1.83272105833
2       1.83285554583
4       1.83285556667
1       1.83285568333
2       1.83292427083
4       1.83292429167
1       1.83292441250
2       1.83309422917
4       1.83309425000
1       1.83309437083
2       1.83310717917
4       1.83310719583
1       1.83310731667
2       1.83311604583
4       1.83311604583
1       1.83311618333
2       1.83314294167
4       1.83314296250
1       1.83314308333
2       1.83315456250
4       1.83315458333
1       1.83315470417
2       1.83321718333
4       1.83321720417
1       1.83321732500
2       1.83321980417
4       1.83321982500
1       1.83321994583
2       1.83330185417
4       1.83330187500
1       1.83330199167
2       1.83333006250
4       1.83333007917
1       1.83333020000
2       1.83424586667
4       1.83424586667
1       1.83424600417
2       1.83440991667
4       1.83440993750
1       1.83441005833
2       1.83497164167
4       1.83497166250
1       1.83497178333
2       1.83531880417
4       1.83531880417
1       1.83531894167
2       1.83534255833
4       1.83534257500
1       1.83534269583
2       1.83585275417
4       1.83585277083
1       1.83585289167
2       1.83616505417
4       1.83616505417
1       1.83616519167
2       1.83626341667
4       1.83626343750
1       1.83626355833
2       1.83648562083
4       1.83648564167
1       1.83648576250
2       1.83681090417
4       1.83681092083
1       1.83681104167
2       1.83681162917
4       1.83681164583
1       1.83681176667
2       1.83703919583
4       1.83703919583
1       1.83703933333
2       1.83705008750
4       1.83705010417
1       1.83705022500
2       1.83715716667
4       1.83715716667
1       1.83715730417
2       1.83720704167
4       1.83720706250
1       1.83720718333
2       1.83728492917
4       1.83728494583
1       1.83728506667
2       1.83744855417
4       1.83744857500
1       1.83744869583
2       1.83747811667
4       1.83747813750
1       1.83747825833
2       1.83752836250
4       1.83752837917
1       1.83752850000
2       1.83766445000
4       1.83766447083
1       1.83766458750
2       1.83789729167
4       1.83789730833
1       1.83789742917
2       1.83793949583
4       1.83793949583
1       1.83793963333
2       1.83799771250
4       1.83799772917
1       1.83799785000
2       1.83802627500
4       1.83802629583
1       1.83802641250
2       1.83802952500
4       1.83802954583
1       1.83802966667
2       1.83815301667
4       1.83815301667
1       1.83815315417
2       1.83817797500
4       1.83817797500
1       1.83817811250
2       1.83824355833
4       1.83824357917
1       1.83824370000
2       1.83835247083
4       1.83835248750
1       1.83835260833
2       1.83865454583
4       1.83865456667
1       1.83865468750
2       1.83871312917
4       1.83871315000
1       1.83871327083
2       1.83891024167
4       1.83891025833
1       1.83891037917
2       1.83896758750
4       1.83896760833
1       1.83896772917
2       1.83899206250
4       1.83899208333
1       1.83899220000
2       1.83901137500
4       1.83901137500
1       1.83901151250
2       1.83905444583
4       1.83905444583
1       1.83905458333
2       1.83926267917
4       1.83926269583
1       1.83926281667
2       1.83929122917
4       1.83929124583
1       1.83929136667
2       1.83936576667
4       1.83936576667
1       1.83936590417
2       1.83948294167
4       1.83948296250
1       1.83948307917
2       1.83950054167
4       1.83950056250
1       1.83950068333
2       1.83964655833
4       1.83964657917
1       1.83964670000
2       1.83967117500
4       1.83967117500
1       1.83967131250
2       1.83975550000
4       1.83975552083
1       1.83975564167
2       1.83984795833
4       1.83984797917
1       1.83984810000
2       1.83992616667
4       1.83992618750
1       1.83992630833
2       1.83998512500
4       1.83998512500
1       1.83998526250
2       1.84000726667
4       1.84000726667
1       1.84000740417
2       1.84007610000
4       1.84007612083
1       1.84007624167
2       1.84010435000
4       1.84010437083
1       1.84010449167
2       1.84014540833
4       1.84014542917
1       1.84014555000
2       1.84018611667
4       1.84018611667
1       1.84018625417
2       1.84019712500
4       1.84019712500
1       1.84019726250
2       1.84048392500
4       1.84048392500
1       1.84048406250
2       1.84049617500
4       1.84049617500
1       1.84049631250
2       1.84057741250
4       1.84057743333
1       1.84057755000
2       1.84060186250
4       1.84060187917
1       1.84060200000
2       1.84068532917
4       1.84068534583
1       1.84068546667
2       1.84071412500
4       1.84071412500
1       1.84071426250
2       1.84084963333
4       1.84084965417
1       1.84084977500
2       1.84102879583
4       1.84102881667
1       1.84102893333
2       1.84110396250
4       1.84110397917
1       1.84110410000
2       1.84114007917
4       1.84114010000
1       1.84114022083
2       1.84119634583
4       1.84119634583
1       1.84119648333
2       1.84124078333
4       1.84124080417
1       1.84124092500
2       1.84125568333
4       1.84125570417
1       1.84125582500
2       1.84140241667
4       1.84140243750
1       1.84140255417
2       1.84146370833
4       1.84146372917
1       1.84146385000
2       1.84149026667
4       1.84149028750
1       1.84149040833
2       1.84154682083
4       1.84154683750
1       1.84154695833
2       1.84170711250
4       1.84170712917
1       1.84170725000
2       1.84174594583
4       1.84174596667
1       1.84174608750
2       1.84190258333
4       1.84190260000
1       1.84190272083
2       1.84226686667
4       1.84226686667
1       1.84226700417
2       1.84238816667
4       1.84238816667
1       1.84238830417
2       1.84246365833
4       1.84246367917
1       1.84246380000
2       1.84249045833
4       1.84249047917
1       1.84249060000
2       1.84262142500
4       1.84262144583
1       1.84262156250
2       1.84277134167
4       1.84277135833
1       1.84277147917
2       1.84282473333
4       1.84282475417
1       1.84282487083
2       1.84283731250
4       1.84283732917
1       1.84283745000
2       1.84306516250
4       1.84306518333
1       1.84306530000
2       1.84317155000
4       1.84317157083
1       1.84317168750
2       1.84323019583
4       1.84323021667
1       1.84323033750
2       1.84325930417
4       1.84325932500
1       1.84325944583
2       1.84332421667
4       1.84332421667
1       1.84332435417
2       1.84335069583
4       1.84335069583
1       1.84335083333
2       1.84344346667
4       1.84344348750
1       1.84344360833
2       1.84360862917
4       1.84360864583
1       1.84360876667
2       1.84365475417
4       1.84365477083
1       1.84365489167
2       1.84371964167
4       1.84371966250
1       1.84371978333
2       1.84388800417
4       1.84388802500
1       1.84388814583
2       1.84400088333
4       1.84400090000
1       1.84400102083
2       1.84401778333
4       1.84401780000
1       1.84401792083
2       1.84428047917
4       1.84428050000
1       1.84428062083
2       1.84449179167
4       1.84449180833
1       1.84449192917
2       1.84498261250
4       1.84498263333
1       1.84498275417
2       1.84502678333
4       1.84502680417
1       1.84502692500
2       1.84507245833
4       1.84507247917
1       1.84507260000
2       1.84527575833
4       1.84527577500
1       1.84527589583
2       1.84549205833
4       1.84549207917
1       1.84549220000
2       1.84590543333
4       1.84590545000
1       1.84590557083
2       1.84603958333
4       1.84603960000
1       1.84603972083
2       1.84608405417
4       1.84608407500
1       1.84608419583
2       1.84626658750
4       1.84626660417
1       1.84626672500
2       1.84645336667
4       1.84645336667
1       1.84645350417
2       1.84648546250
4       1.84648548333
1       1.84648560417
2       1.84672558750
4       1.84672560833
1       1.84672572917
2       1.84674805417
4       1.84674807500
1       1.84674819583
2       1.84676695833
4       1.84676697500
1       1.84676709583
2       1.84695212917
4       1.84695215000
1       1.84695227083
2       1.84700809167
4       1.84700810833
1       1.84700822917
2       1.84708992083
4       1.84708994167
1       1.84709006250
2       1.84719956250
4       1.84719958333
1       1.84719970417
2       1.84720587083
4       1.84720589167
1       1.84720601250
2       1.84732905833
4       1.84732907500
1       1.84732919583
2       1.84745370417
4       1.84745372500
1       1.84745384583
2       1.84755830000
4       1.84755832083
1       1.84755844167
2       1.84767278750
4       1.84767280417
1       1.84767292500
2       1.84777595000
4       1.84777596667
1       1.84777608750
2       1.84783985417
4       1.84783985417
1       1.84783999167
2       1.84785891667
4       1.84785893750
1       1.84785905833
2       1.84815313333
4       1.84815315000
1       1.84815327083
2       1.84819493333
4       1.84819495417
1       1.84819507500
2       1.84837340417
4       1.84837340417
1       1.84837354167
2       1.84837538333
4       1.84837540417
1       1.84837552500
2       1.84861160000
4       1.84861161667
1       1.84861173750
2       1.84872488333
4       1.84872490000
1       1.84872502083
2       1.84887688333
4       1.84887690000
1       1.84887702083
2       1.84914387500
4       1.84914387500
1       1.84914401250
2       1.84958137917
4       1.84958140000
1       1.84958151667
2       1.84959530000
4       1.84959531667
1       1.84959543750
2       1.84967481667
4       1.84967481667
1       1.84967495417
2       1.84971782083
4       1.84971784167
1       1.84971796250
2       1.84973043333
4       1.84973045417
1       1.84973057500
2       1.84974672083
4       1.84974673750
1       1.84974685833
2       1.84988052917
4       1.84988054583
1       1.84988066667
2       1.85009345833
4       1.85009347500
1       1.85009359583
2       1.85016840000
4       1.85016842083
1       1.85016854167
2       1.85017957500
4       1.85017957500
1       1.85017971250
2       1.85019190417
4       1.85019190417
1       1.85019204167
2       1.85019683333
4       1.85019685000
1       1.85019697083
2       1.85026673750
4       1.85026673750
1       1.85026687500
2       1.85032207917
4       1.85032210000
1       1.85032222083
2       1.85041713333
4       1.85041715000
1       1.85041727083
2       1.85048959167
4       1.85048960833
1       1.85048972917
2       1.85051477917
4       1.85051479583
1       1.85051491667
2       1.85053662917
4       1.85053665000
1       1.85053676667
2       1.85055880833
4       1.85055882917
1       1.85055895000
2       1.85077118750
4       1.85077120417
1       1.85077132500
2       1.85092414167
4       1.85092416250
1       1.85092428333
2       1.85094665417
4       1.85094665417
1       1.85094679167
2       1.85096394167
4       1.85096396250
1       1.85096407917
2       1.85102959167
4       1.85102960833
1       1.85102972917
2       1.85106498333
4       1.85106500000
1       1.85106512083
2       1.85108982083
4       1.85108983750
1       1.85108995833
2       1.85122789583
4       1.85122791667
1       1.85122803750
2       1.85133563333
4       1.85133565417
1       1.85133577500
2       1.85135448750
4       1.85135450833
1       1.85135462917
2       1.85137076667
4       1.85137076667
1       1.85137090417
2       1.85138721250
4       1.85138722917
1       1.85138735000
2       1.85142730000
4       1.85142731667
1       1.85142743750
2       1.85151937500
4       1.85151937500
1       1.85151951250
2       1.85168443333
4       1.85168445417
1       1.85168457500
2       1.85172182500
4       1.85172182500
1       1.85172196250
2       1.85208408333
4       1.85208410417
1       1.85208422083
2       1.85210405000
4       1.85210406667
1       1.85210418750
2       1.85227365833
4       1.85227367500
1       1.85227379583
2       1.85229818333
4       1.85229820417
1       1.85229832083
2       1.85231234583
4       1.85231236667
1       1.85231248333
2       1.85241732917
4       1.85241734583
1       1.85241746667
2       1.85248528333
4       1.85248530417
1       1.85248542500
2       1.85274623333
4       1.85274625000
1       1.85274637083
2       1.85275719583
4       1.85275721667
1       1.85275733750
2       1.85276681250
4       1.85276683333
1       1.85276695417
2       1.85287244583
4       1.85287246667
1       1.85287258750
2       1.85289011250
4       1.85289012917
1       1.85289025000
2       1.85296289583
4       1.85296291667
1       1.85296303750
2       1.85297382500
4       1.85297384583
1       1.85297396667
2       1.85311338750
4       1.85311340833
1       1.85311352917
2       1.85313245833
4       1.85313247917
1       1.85313259583
2       1.85329808333
4       1.85329810000
1       1.85329822083
2       1.85332523333
4       1.85332525000
1       1.85332537083
2       1.85337429583
4       1.85337431667
1       1.85337443333
2       1.85340049167
4       1.85340051250
1       1.85340063333
2       1.85341834583
4       1.85341836667
1       1.85341848750
2       1.85350144167
4       1.85350146250
1       1.85350158333
2       1.85354983333
4       1.85354985000
1       1.85354997083
2       1.85361707083
4       1.85361709167
1       1.85361721250
2       1.85431237083
4       1.85431238750
1       1.85431250833
2       1.85436760417
4       1.85436760417
1       1.85436774167
2       1.85458390000
4       1.85458391667
1       1.85458403750
2       1.85465512083
4       1.85465514167
1       1.85465526250
2       1.85466572917
4       1.85466575000
1       1.85466587083
2       1.85470782083
4       1.85470784167
1       1.85470796250
2       1.85475888750
4       1.85475890417
1       1.85475902500
2       1.85483407917
4       1.85483409583
1       1.85483421667
2       1.85492480833
4       1.85492482500
1       1.85492494583
2       1.85502636667
4       1.85502638750
1       1.85502650417
2       1.85503702500
4       1.85503704583
1       1.85503716667
2       1.85517190000
4       1.85517192083
1       1.85517203750
2       1.85526160833
4       1.85526162500
1       1.85526174583
2       1.85536533750
4       1.85536533750
1       1.85536547500
2       1.85583789167
4       1.85583790833
1       1.85583802917
2       1.85590489583
4       1.85590491667
1       1.85590503750
2       1.85591775417
4       1.85591777500
1       1.85591789583
2       1.85614234583
4       1.85614234583
1       1.85614248333
2       1.85636400417
4       1.85636402500
1       1.85636414167
2       1.85639640417
4       1.85639642500
1       1.85639654167
2       1.85647127500
4       1.85647129583
1       1.85647141667
2       1.85669383333
4       1.85669385000
1       1.85669397083
2       1.85675342083
4       1.85675344167
1       1.85675355833
2       1.85693337917
4       1.85693339583
1       1.85693351667
2       1.85698367083
4       1.85698368750
1       1.85698380833
2       1.85707183333
4       1.85707185000
1       1.85707197083
2       1.85711020833
4       1.85711022917
1       1.85711035000
2       1.85738315417
4       1.85738317500
1       1.85738329583
2       1.85739007917
4       1.85739009583
1       1.85739021667
2       1.85739900833
4       1.85739902500
1       1.85739914583
2       1.85753687500
4       1.85753689583
1       1.85753701667
2       1.85754414167
4       1.85754415833
1       1.85754427917
2       1.85756264167
4       1.85756265833
1       1.85756277917
2       1.85760845000
4       1.85760846667
1       1.85760858750
2       1.85778251250
4       1.85778252917
1       1.85778265000
2       1.85782231667
4       1.85782233750
1       1.85782245417
2       1.85787032500
4       1.85787032500
1       1.85787046250
2       1.85813268750
4       1.85813268750
1       1.85813282500
2       1.85819127917
4       1.85819130000
1       1.85819142083
2       1.85830326667
4       1.85830326667
1       1.85830340417
2       1.85843742917
4       1.85843744583
1       1.85843756667
2       1.85849043333
4       1.85849045417
1       1.85849057500
2       1.85855270417
4       1.85855270417
1       1.85855284167
2       1.85858789583
4       1.85858789583
1       1.85858803333
2       1.85865269167
4       1.85865271250
1       1.85865282917
2       1.85872022917
4       1.85872024583
1       1.85872036667
2       1.85893067500
4       1.85893067500
1       1.85893081250
2       1.85921875000
4       1.85921877083
1       1.85921889167
2       1.85927861250
4       1.85927862917
1       1.85927875000
2       1.85930953333
4       1.85930955417
1       1.85930967500
2       1.85932410417
4       1.85932410417
1       1.85932424167
2       1.85975404583
4       1.85975406667
1       1.85975418750
2       1.85978943333
4       1.85978945000
1       1.85978957083
2       1.86005948750
4       1.86005950833
1       1.86005962917
2       1.86019195417
4       1.86019197500
1       1.86019209583
2       1.86023863333
4       1.86023865000
1       1.86023877083
2       1.86085537917
4       1.86085540000
1       1.86085552083
2       1.86085572500
4       1.86085572500
1       1.86085586250
2       1.86092967917
4       1.86092969583
1       1.86092981667
2       1.86099185000
4       1.86099187083
1       1.86099199167
2       1.86114290000
4       1.86114292083
1       1.86114304167
2       1.86119452083
4       1.86119453750
1       1.86119465833
2       1.86128833333
4       1.86128835000
1       1.86128847083
2       1.86154526250
4       1.86154527917
1       1.86154540000
2       1.86154763333
4       1.86154765417
1       1.86154777083
2       1.86172688333
4       1.86172690000
1       1.86172702083
2       1.86172947917
4       1.86172950000
1       1.86172961667
2       1.86196931667
4       1.86196933750
1       1.86196945417
2       1.86205609167
4       1.86205610833
1       1.86205622917
2       1.86222697500
4       1.86222697500
1       1.86222711250
2       1.86238931667
4       1.86238933750
1       1.86238945833
2       1.86240786667
4       1.86240786667
1       1.86240800417
2       1.86242208750
4       1.86242210417
1       1.86242222500
2       1.86248533750
4       1.86248535833
1       1.86248547500
2       1.86272580833
4       1.86272582500
1       1.86272594583
2       1.86335948750
4       1.86335950833
1       1.86335962917
2       1.86336341667
4       1.86336341667
1       1.86336355417
2       1.86345618750
4       1.86345620833
1       1.86345632917
2       1.86355454583
4       1.86355456667
1       1.86355468750
2       1.86390660833
4       1.86390662917
1       1.86390674583
2       1.86399112500
4       1.86399112500
1       1.86399126250
2       1.86412527083
4       1.86412528750
1       1.86412540833
2       1.86436370417
4       1.86436370417
1       1.86436384167
2       1.86473932917
4       1.86473935000
1       1.86473947083
2       1.86484900833
4       1.86484902917
1       1.86484915000
2       1.86488804583
4       1.86488804583
1       1.86488818333
2       1.86492218333
4       1.86492220000
1       1.86492232083
2       1.86502150417
4       1.86502152500
1       1.86502164167
2       1.86550945833
4       1.86550947500
1       1.86550959583
2       1.86557433333
4       1.86557435000
1       1.86557447083
2       1.86582775000
4       1.86582777083
1       1.86582789167
2       1.86587814167
4       1.86587816250
1       1.86587828333
2       1.86589894583
4       1.86589896667
1       1.86589908333
2       1.86592215000
4       1.86592217083
1       1.86592229167
2       1.86593669583
4       1.86593671667
1       1.86593683750
2       1.86603577500
4       1.86603579583
1       1.86603591667
2       1.86604636667
4       1.86604636667
1       1.86604650417
2       1.86613447083
4       1.86613449167
1       1.86613461250
2       1.86614866667
4       1.86614866667
1       1.86614880417
2       1.86622024583
4       1.86622024583
1       1.86622038333
2       1.86622616667
4       1.86622618750
1       1.86622630833
2       1.86624017500
4       1.86624017500
1       1.86624031250
2       1.86632524167
4       1.86632526250
1       1.86632538333
2       1.86640906250
4       1.86640908333
1       1.86640920417
2       1.86645940417
4       1.86645942500
1       1.86645954583
2       1.86654160000
4       1.86654162083
1       1.86654174167
2       1.86670248750
4       1.86670250833
1       1.86670262917
2       1.86687078333
4       1.86687080417
1       1.86687092083
2       1.86691055000
4       1.86691057083
1       1.86691068750
2       1.86712785417
4       1.86712787500
1       1.86712799167
2       1.86726030833
4       1.86726032500
1       1.86726044583
2       1.86757732917
4       1.86757735000
1       1.86757746667
2       1.86758788750
4       1.86758790833
1       1.86758802500
2       1.86764285000
4       1.86764287083
1       1.86764299167
2       1.86797540417
4       1.86797540417
1       1.86797554167
2       1.86822325417
4       1.86822325417
1       1.86822339167
2       1.86837887500
4       1.86837887500
1       1.86837901250
2       1.86861836667
4       1.86861838750
1       1.86861850833
2       1.86862235417
4       1.86862235417
1       1.86862249167
2       1.86874717917
4       1.86874720000
1       1.86874731667
2       1.86874751250
4       1.86874752917
1       1.86874765000
2       1.86889732083
4       1.86889733750
1       1.86889745833
2       1.86892537500
4       1.86892539583
1       1.86892551250
2       1.86904296250
4       1.86904298333
1       1.86904310417
2       1.86917047917
4       1.86917049583
1       1.86917061667
2       1.86922146667
4       1.86922148750
1       1.86922160833
2       1.86950436250
4       1.86950437917
1       1.86950450000
2       1.86951100833
4       1.86951102500
1       1.86951114583
2       1.86953324167
4       1.86953326250
1       1.86953338333
2       1.86965642917
4       1.86965645000
1       1.86965657083
2       1.86965875417
4       1.86965877500
1       1.86965889583
2       1.86974850000
4       1.86974852083
1       1.86974864167
2       1.86989882500
4       1.86989882500
1       1.86989896250
2       1.86995311667
4       1.86995313750
1       1.86995325833
2       1.87005024583
4       1.87005026667
1       1.87005038333
2       1.87018404583
4       1.87018404583
1       1.87018418333
2       1.87033506667
4       1.87033506667
1       1.87033520417
2       1.87064479583
4       1.87064479583
1       1.87064493333
2       1.87070637917
4       1.87070640000
1       1.87070652083
2       1.87077035000
4       1.87077036667
1       1.87077048750
2       1.87077593333
4       1.87077595000
1       1.87077607083
2       1.87079121250
4       1.87079122917
1       1.87079135000
2       1.87083417083
4       1.87083419167
1       1.87083430833
2       1.87125333333
4       1.87125335417
1       1.87125347083
2       1.87128407500
4       1.87128407500
1       1.87128421250
2       1.87129365417
4       1.87129365417
1       1.87129379167
2       1.87130022500
4       1.87130022500
1       1.87130036250
2       1.87144071667
4       1.87144073750
1       1.87144085833
2       1.87151762917
4       1.87151764583
1       1.87151776667
2       1.87158800000
4       1.87158801667
1       1.87158813750
2       1.87183590833
4       1.87183592917
1       1.87183605000
2       1.87206108750
4       1.87206110417
1       1.87206122500
2       1.87215025417
4       1.87215027500
1       1.87215039583
2       1.87220581250
4       1.87220583333
1       1.87220595417
2       1.87223112917
4       1.87223115000
1       1.87223127083
2       1.87223930000
4       1.87223931667
1       1.87223943750
2       1.87234697917
4       1.87234700000
1       1.87234712083
2       1.87251882083
4       1.87251883750
1       1.87251895833
2       1.87253214167
4       1.87253216250
1       1.87253228333
2       1.87257189583
4       1.87257189583
1       1.87257203333
2       1.87259997083
4       1.87259998750
1       1.87260010833
2       1.87260341667
4       1.87260343750
1       1.87260355833
2       1.87274077500
4       1.87274079583
1       1.87274091667
2       1.87294882083
4       1.87294883750
1       1.87294895833
2       1.87319101250
4       1.87319103333
1       1.87319115000
2       1.87336783750
4       1.87336785833
1       1.87336797917
2       1.87350855417
4       1.87350857500
1       1.87350869583
2       1.87369153750
4       1.87369155417
1       1.87369167500
2       1.87373047083
4       1.87373049167
1       1.87373061250
2       1.87390706250
4       1.87390708333
1       1.87390720417
2       1.87401212500
4       1.87401214583
1       1.87401226250
2       1.87405576250
4       1.87405577917
1       1.87405590000
2       1.87406835000
4       1.87406837083
1       1.87406849167
2       1.87441453750
4       1.87441455833
1       1.87441467917
2       1.87444866667
4       1.87444866667
1       1.87444880417
2       1.87474138750
4       1.87474140833
1       1.87474152917
2       1.87480041667
4       1.87480043750
1       1.87480055833
2       1.87481564583
4       1.87481566667
1       1.87481578750
2       1.87483025417
4       1.87483027500
1       1.87483039167
2       1.87490102083
4       1.87490103750
1       1.87490115833
2       1.87492658333
4       1.87492660000
1       1.87492672083
2       1.87514553333
4       1.87514555417
1       1.87514567500
2       1.87519923750
4       1.87519925833
1       1.87519937917
2       1.87539424167
4       1.87539425833
1       1.87539437917
2       1.87546512083
4       1.87546513750
1       1.87546525833
2       1.87553662917
4       1.87553664583
1       1.87553676667
2       1.87561290833
4       1.87561292917
1       1.87561305000
2       1.87570426667
4       1.87570426667
1       1.87570440417
2       1.87577357500
4       1.87577357500
1       1.87577371250
2       1.87578444167
4       1.87578445833
1       1.87578457917
2       1.87584274167
4       1.87584275833
1       1.87584287917
2       1.87592652500
4       1.87592654583
1       1.87592666250
2       1.87595170417
4       1.87595172500
1       1.87595184583
2       1.87597290417
4       1.87597292500
1       1.87597304583
2       1.87603414167
4       1.87603415833
1       1.87603427917
2       1.87617332917
4       1.87617335000
1       1.87617347083
2       1.87618915000
4       1.87618916667
1       1.87618928750
2       1.87624780833
4       1.87624782500
1       1.87624794583
2       1.87626599583
4       1.87626601667
1       1.87626613750
2       1.87642470833
4       1.87642472500
1       1.87642484583
2       1.87650097083
4       1.87650099167
1       1.87650111250
2       1.87657011250
4       1.87657012917
1       1.87657025000
2       1.87657936667
4       1.87657936667
1       1.87657950417
2       1.87664000000
4       1.87664002083
1       1.87664014167
2       1.87664626667
4       1.87664628750
1       1.87664640833
2       1.87665886667
4       1.87665886667
1       1.87665900417
2       1.87692715000
4       1.87692716667
1       1.87692728750
2       1.87694674167
4       1.87694676250
1       1.87694688333
2       1.87701290833
4       1.87701292917
1       1.87701304583
2       1.87708485000
4       1.87708487083
1       1.87708499167
2       1.87721792083
4       1.87721794167
1       1.87721805833
2       1.87736906250
4       1.87736908333
1       1.87736920417
2       1.87745345000
4       1.87745346667
1       1.87745358750
2       1.87749951250
4       1.87749953333
1       1.87749965417
2       1.87755616250
4       1.87755618333
1       1.87755630417
2       1.87760685417
4       1.87760687500
1       1.87760699583
2       1.87772045833
4       1.87772047500
1       1.87772059583
2       1.87783182500
4       1.87783184583
1       1.87783196250
2       1.87800937083
4       1.87800939167
1       1.87800951250
2       1.87809341250
4       1.87809343333
1       1.87809355417
2       1.87816139583
4       1.87816141667
1       1.87816153750
2       1.87816670417
4       1.87816670417
1       1.87816684167
2       1.87839778750
4       1.87839780833
1       1.87839792500
2       1.87839851250
4       1.87839852917
1       1.87839865000
2       1.87850410833
4       1.87850412917
1       1.87850425000
2       1.87854687083
4       1.87854689167
1       1.87854701250
2       1.87865190000
4       1.87865191667
1       1.87865203750
2       1.87877311250
4       1.87877313333
1       1.87877325417
2       1.87902753333
4       1.87902755417
1       1.87902767083
2       1.87902845833
4       1.87902847917
1       1.87902860000
2       1.87906128750
4       1.87906130833
1       1.87906142500
2       1.87936201667
4       1.87936201667
1       1.87936215417
2       1.87942163333
4       1.87942165417
1       1.87942177500
2       1.87948087917
4       1.87948090000
1       1.87948102083
2       1.87963004583
4       1.87963004583
1       1.87963018333
2       1.87970554583
4       1.87970556667
1       1.87970568750
2       1.87990160417
4       1.87990162083
1       1.87990174167
2       1.88006825000
4       1.88006827083
1       1.88006839167
2       1.88017816667
4       1.88017816667
1       1.88017830417
2       1.88060482500
4       1.88060482500
1       1.88060496250
2       1.88067172500
4       1.88067172500
1       1.88067186250
2       1.88070850417
4       1.88070850417
1       1.88070864167
2       1.88072739167
4       1.88072741250
1       1.88072752917
2       1.88075052500
4       1.88075052500
1       1.88075066250
2       1.88089092500
4       1.88089094583
1       1.88089106250
2       1.88093725000
4       1.88093727083
1       1.88093739167
2       1.88106749583
4       1.88106751667
1       1.88106763333
2       1.88119139167
4       1.88119141250
1       1.88119152917
2       1.88119180833
4       1.88119182917
1       1.88119195000
2       1.88126293750
4       1.88126295833
1       1.88126307917
2       1.88146562083
4       1.88146563750
1       1.88146575833
2       1.88149708333
4       1.88149710417
1       1.88149722500
2       1.88154852917
4       1.88154854583
1       1.88154866667
2       1.88155580417
4       1.88155582500
1       1.88155594583
2       1.88164092500
4       1.88164092500
1       1.88164106250
2       1.88169486667
4       1.88169488750
1       1.88169500833
2       1.88202998750
4       1.88203000417
1       1.88203012500
2       1.88206945000
4       1.88206946667
1       1.88206958750
2       1.88216091250
4       1.88216092917
1       1.88216105000
2       1.88220302500
4       1.88220304583
1       1.88220316667
2       1.88221446667
4       1.88221446667
1       1.88221460417
2       1.88223981667
4       1.88223981667
1       1.88223995417
2       1.88230867083
4       1.88230868750
1       1.88230880833
2       1.88236326250
4       1.88236327917
1       1.88236340000
2       1.88250671250
4       1.88250672917
1       1.88250685000
2       1.88263658333
4       1.88263660417
1       1.88263672500
2       1.88264887083
4       1.88264888750
1       1.88264900833
2       1.88265575417
4       1.88265575417
1       1.88265589167
2       1.88275321250
4       1.88275323333
1       1.88275335000
2       1.88278001667
4       1.88278001667
1       1.88278015417
2       1.88281473750
4       1.88281475833
1       1.88281487917
2       1.88296544167
4       1.88296545833
1       1.88296557917
2       1.88309992917
4       1.88309995000
1       1.88310006667
2       1.88317742500
4       1.88317742500
1       1.88317756250
2       1.88341663750
4       1.88341665417
1       1.88341677500
2       1.88343504583
4       1.88343506667
1       1.88343518333
2       1.88354604583
4       1.88354606667
1       1.88354618750
2       1.88357860417
4       1.88357862500
1       1.88357874167
2       1.88364647083
4       1.88364649167
1       1.88364660833
2       1.88366967500
4       1.88366969583
1       1.88366981667
2       1.88377367083
4       1.88377368750
1       1.88377380833
2       1.88391538750
4       1.88391540417
1       1.88391552500
2       1.88395260000
4       1.88395261667
1       1.88395273750
2       1.88415555417
4       1.88415557500
1       1.88415569583
2       1.88421950833
4       1.88421952917
1       1.88421965000
2       1.88422480417
4       1.88422482500
1       1.88422494167
2       1.88434135000
4       1.88434136667
1       1.88434148750
2       1.88439670000
4       1.88439672083
1       1.88439684167
2       1.88467887083
4       1.88467888750
1       1.88467900833
2       1.88485537500
4       1.88485537500
1       1.88485551250
2       1.88493493333
4       1.88493495000
1       1.88493507083
2       1.88500017500
4       1.88500019583
1       1.88500031250
2       1.88525032500
4       1.88525034583
1       1.88525046667
2       1.88530062083
4       1.88530064167
1       1.88530076250
2       1.88569978333
4       1.88569980417
1       1.88569992500
2       1.88586041667
4       1.88586041667
1       1.88586055417
2       1.88602792917
4       1.88602794583
1       1.88602806667
2       1.88619467917
4       1.88619470000
1       1.88619482083
2       1.88624586667
4       1.88624586667
1       1.88624600417
2       1.88626472083
4       1.88626474167
1       1.88626486250
2       1.88629763750
4       1.88629765833
1       1.88629777917
2       1.88633598333
4       1.88633600000
1       1.88633612083
2       1.88636783750
4       1.88636785833
1       1.88636797917
2       1.88649470417
4       1.88649470417
1       1.88649484167
2       1.88654402917
4       1.88654405000
1       1.88654417083
2       1.88670929583
4       1.88670931667
1       1.88670943750
2       1.88683782917
4       1.88683785000
1       1.88683797083
2       1.88689855833
4       1.88689857917
1       1.88689870000
2       1.88695513333
4       1.88695515000
1       1.88695527083
2       1.88710319167
4       1.88710320833
1       1.88710332917
2       1.88732408750
4       1.88732410833
1       1.88732422917
2       1.88750067917
4       1.88750070000
1       1.88750081667
2       1.88769770000
4       1.88769772083
1       1.88769783750
2       1.88774735417
4       1.88774735417
1       1.88774749167
2       1.88779379167
4       1.88779381250
1       1.88779393333
2       1.88779537500
4       1.88779539583
1       1.88779551667
2       1.88793417500
4       1.88793417500
1       1.88793431250
2       1.88801796667
4       1.88801798750
1       1.88801810833
2       1.88838172917
4       1.88838175000
1       1.88838186667
2       1.88842367917
4       1.88842369583
1       1.88842381667
2       1.88845056667
4       1.88845058750
1       1.88845070833
2       1.88846474167
4       1.88846476250
1       1.88846488333
2       1.88857213750
4       1.88857215417
1       1.88857227500
2       1.88863342500
4       1.88863344583
1       1.88863356667
2       1.88865432917
4       1.88865435000
1       1.88865447083
2       1.88867445417
4       1.88867447500
1       1.88867459583
2       1.88885134167
4       1.88885135833
1       1.88885147917
2       1.88897227083
4       1.88897229167
1       1.88897241250
2       1.88913463750
4       1.88913465417
1       1.88913477500
2       1.88925815833
4       1.88925817500
1       1.88925829583
2       1.88947140417
4       1.88947142500
1       1.88947154583
2       1.88951181667
4       1.88951183750
1       1.88951195833
2       1.88954491667
4       1.88954493750
1       1.88954505417
2       1.88959724583
4       1.88959724583
1       1.88959738333
2       1.88961889167
4       1.88961891250
1       1.88961903333
2       1.88964427500
4       1.88964427500
1       1.88964441250
2       1.88968767917
4       1.88968769583
1       1.88968781667
2       1.88969795417
4       1.88969795417
1       1.88969809167
2       1.88990105417
4       1.88990105417
1       1.88990119167
2       1.88991097083
4       1.88991099167
1       1.88991111250
2       1.89005071250
4       1.89005072917
1       1.89005085000
2       1.89014312917
4       1.89014315000
1       1.89014327083
2       1.89066909583
4       1.89066909583
1       1.89066923333
2       1.89118912083
4       1.89118914167
1       1.89118926250
2       1.89122921667
4       1.89122921667
1       1.89122935417
2       1.89142697917
4       1.89142699583
1       1.89142711667
2       1.89146307917
4       1.89146309583
1       1.89146321667
2       1.89156634167
4       1.89156636250
1       1.89156648333
2       1.89168000417
4       1.89168002083
1       1.89168014167
2       1.89172113750
4       1.89172115833
1       1.89172127917
2       1.89198017500
4       1.89198019583
1       1.89198031667
2       1.89201784167
4       1.89201785833
1       1.89201797917
2       1.89221860417
4       1.89221862083
1       1.89221874167
2       1.89221886667
4       1.89221888750
1       1.89221900833
2       1.89240141250
4       1.89240142917
1       1.89240155000
2       1.89264951667
4       1.89264953750
1       1.89264965833
2       1.89324903750
4       1.89324905417
1       1.89324917500
2       1.89365811667
4       1.89365811667
1       1.89365825417
2       1.89373197917
4       1.89373200000
1       1.89373212083
2       1.89390190000
4       1.89390191667
1       1.89390203750
2       1.89406717500
4       1.89406719583
1       1.89406731667
2       1.89433346667
4       1.89433346667
1       1.89433360417
2       1.89434013750
4       1.89434015417
1       1.89434027500
2       1.89462658750
4       1.89462660417
1       1.89462672500
2       1.89462891250
4       1.89462893333
1       1.89462905417
2       1.89495359583
4       1.89495359583
1       1.89495373333
2       1.89506315833
4       1.89506317500
1       1.89506329583
2       1.89540565833
4       1.89540567917
1       1.89540579583
2       1.89545736667
4       1.89545738750
1       1.89545750417
2       1.89548515833
4       1.89548517917
1       1.89548530000
2       1.89555007917
4       1.89555009583
1       1.89555021667
2       1.89565042917
4       1.89565044583
1       1.89565056667
2       1.89567395833
4       1.89567397500
1       1.89567409583
2       1.89569647083
4       1.89569649167
1       1.89569661250
2       1.89570275417
4       1.89570277500
1       1.89570289583
2       1.89582700417
4       1.89582702500
1       1.89582714583
2       1.89582896667
4       1.89582896667
1       1.89582910417
2       1.89590252500
4       1.89590252500
1       1.89590266250
2       1.89594854583
4       1.89594854583
1       1.89594868333
2       1.89598398750
4       1.89598400417
1       1.89598412500
2       1.89600192917
4       1.89600194583
1       1.89600206667
2       1.89615527083
4       1.89615528750
1       1.89615540833
2       1.89637185000
4       1.89637186667
1       1.89637198750
2       1.89646658333
4       1.89646660417
1       1.89646672500
2       1.89685746250
4       1.89685748333
1       1.89685760417
2       1.89723730417
4       1.89723730417
1       1.89723744167
2       1.89724696667
4       1.89724696667
1       1.89724710417
2       1.89733643333
4       1.89733645000
1       1.89733657083
2       1.89739364583
4       1.89739364583
1       1.89739378333
2       1.89763058333
4       1.89763060000
1       1.89763072083
2       1.89765531667
4       1.89765533750
1       1.89765545833
2       1.89781404583
4       1.89781404583
1       1.89781418333
2       1.89783556667
4       1.89783558750
1       1.89783570833
2       1.89788619167
4       1.89788620833
1       1.89788632917
2       1.89792035833
4       1.89792037917
1       1.89792050000
2       1.89807042917
4       1.89807044583
1       1.89807056667
2       1.89827577917
4       1.89827580000
1       1.89827592083
2       1.89845690833
4       1.89845692917
1       1.89845705000
2       1.89850520417
4       1.89850522500
1       1.89850534583
2       1.89851360000
4       1.89851362083
1       1.89851374167
2       1.89876257500
4       1.89876259583
1       1.89876271667
2       1.89916211667
4       1.89916213750
1       1.89916225833
2       1.89928560417
4       1.89928562500
1       1.89928574583
2       1.89933339583
4       1.89933339583
1       1.89933353333
2       1.89952783333
4       1.89952785000
1       1.89952797083
2       1.89958933333
4       1.89958935417
1       1.89958947083
2       1.89964006250
4       1.89964007917
1       1.89964020000
2       1.89980101667
4       1.89980103750
1       1.89980115833
2       1.89983749583
4       1.89983751667
1       1.89983763750
2       1.89996464167
4       1.89996466250
1       1.89996478333
2       1.90013323750
4       1.90013325417
1       1.90013337500
2       1.90041380417
4       1.90041380417
1       1.90041394167
2       1.90069665417
4       1.90069667500
1       1.90069679583
2       1.90093076250
4       1.90093077917
1       1.90093090000
2       1.90093337917
4       1.90093339583
1       1.90093351667
2       1.90107426667
4       1.90107428750
1       1.90107440417
2       1.90121665833
4       1.90121667500
1       1.90121679583
2       1.90123150417
4       1.90123150417
1       1.90123164167
2       1.90170563333
4       1.90170565417
1       1.90170577500
2       1.90194670833
4       1.90194672500
1       1.90194684583
2       1.90223386250
4       1.90223388333
1       1.90223400417
2       1.90226999167
4       1.90227001250
1       1.90227013333
2       1.90239153333
4       1.90239155000
1       1.90239167083
2       1.90241040000
4       1.90241042083
1       1.90241054167
2       1.90247137917
4       1.90247140000
1       1.90247152083
2       1.90251120417
4       1.90251120417
1       1.90251134167
2       1.90264292917
4       1.90264294583
1       1.90264306667
2       1.90268509167
4       1.90268511250
1       1.90268523333
2       1.90273337500
4       1.90273339583
1       1.90273351667
2       1.90298080000
4       1.90298082083
1       1.90298094167
2       1.90306458750
4       1.90306460833
1       1.90306472917
2       1.90310071250
4       1.90310073333
1       1.90310085417
2       1.90314382500
4       1.90314382500
1       1.90314396250
2       1.90340383333
4       1.90340385417
1       1.90340397083
2       1.90357110417
4       1.90357110417
1       1.90357124167
2       1.90369593333
4       1.90369595417
1       1.90369607500
2       1.90395390417
4       1.90395390417
1       1.90395404167
2       1.90463560417
4       1.90463560417
1       1.90463574167
2       1.90485690833
4       1.90485692917
1       1.90485705000
2       1.90499104167
4       1.90499106250
1       1.90499118333
2       1.90508512083
4       1.90508514167
1       1.90508526250
2       1.90526797083
4       1.90526799167
1       1.90526811250
2       1.90534386667
4       1.90534386667
1       1.90534400417
2       1.90535502917
4       1.90535505000
1       1.90535517083
2       1.90537426667
4       1.90537428750
1       1.90537440417
2       1.90551001250
4       1.90551002917
1       1.90551015000
2       1.90567266667
4       1.90567268750
1       1.90567280833
2       1.90573867083
4       1.90573869167
1       1.90573880833
2       1.90575655833
4       1.90575657917
1       1.90575669583
2       1.90576608750
4       1.90576610833
1       1.90576622917
2       1.90605357500
4       1.90605357500
1       1.90605371250
2       1.90618573750
4       1.90618575417
1       1.90618587500
2       1.90626397500
4       1.90626399583
1       1.90626411667
2       1.90631593750
4       1.90631595833
1       1.90631607917
2       1.90635805000
4       1.90635807083
1       1.90635818750
2       1.90657861250
4       1.90657862917
1       1.90657875000
2       1.90665367083
4       1.90665368750
1       1.90665380833
2       1.90673527083
4       1.90673528750
1       1.90673540833
2       1.90680317917
4       1.90680320000
1       1.90680332083
2       1.90684254167
4       1.90684255833
1       1.90684267917
2       1.90689361667
4       1.90689363750
1       1.90689375833
2       1.90693197917
4       1.90693199583
1       1.90693211667
2       1.90694163333
4       1.90694165417
1       1.90694177500
2       1.90697706667
4       1.90697708750
1       1.90697720833
2       1.90721123333
4       1.90721125417
1       1.90721137500
2       1.90763715833
4       1.90763717917
1       1.90763730000
2       1.90767097917
4       1.90767100000
1       1.90767112083
2       1.90772105417
4       1.90772107500
1       1.90772119583
2       1.90774487500
4       1.90774487500
1       1.90774501250
2       1.90784061250
4       1.90784063333
1       1.90784075417
2       1.90796444583
4       1.90796446667
1       1.90796458333
2       1.90799196250
4       1.90799198333
1       1.90799210417
2       1.90807149583
4       1.90807151667
1       1.90807163333
2       1.90822445833
4       1.90822447500
1       1.90822459583
2       1.90822747917
4       1.90822750000
1       1.90822762083
2       1.90823015417
4       1.90823015417
1       1.90823029167
2       1.90824702917
4       1.90824705000
1       1.90824717083
2       1.90852092917
4       1.90852094583
1       1.90852106667
2       1.90855066667
4       1.90855068750
1       1.90855080833
2       1.90868627083
4       1.90868628750
1       1.90868640833
2       1.90884888750
4       1.90884890417
1       1.90884902500
2       1.90891007917
4       1.90891009583
1       1.90891021667
2       1.90895249583
4       1.90895249583
1       1.90895263333
2       1.90909963333
4       1.90909965417
1       1.90909977500
2       1.90958948333
4       1.90958950417
1       1.90958962083
2       1.90961027917
4       1.90961030000
1       1.90961042083
2       1.90975737500
4       1.90975739583
1       1.90975751667
2       1.90984977917
4       1.90984979583
1       1.90984991667
2       1.90998730000
4       1.90998732083
1       1.90998744167
2       1.91013899583
4       1.91013899583
1       1.91013913333
2       1.91022779583
4       1.91022779583
1       1.91022793333
2       1.91024228750
4       1.91024230833
1       1.91024242917
2       1.91031594167
4       1.91031595833
1       1.91031607917
2       1.91033669167
4       1.91033670833
1       1.91033682917
2       1.91036547500
4       1.91036549583
1       1.91036561667
2       1.91045235417
4       1.91045235417
1       1.91045249167
2       1.91062583333
4       1.91062585000
1       1.91062597083
2       1.91081102917
4       1.91081105000
1       1.91081117083
2       1.91093395833
4       1.91093397500
1       1.91093409583
2       1.91103497917
4       1.91103499583
1       1.91103511667
2       1.91112696250
4       1.91112697917
1       1.91112710000
2       1.91128071667
4       1.91128073750
1       1.91128085833
2       1.91133899167
4       1.91133900833
1       1.91133912917
2       1.91137112917
4       1.91137114583
1       1.91137126667
2       1.91143769167
4       1.91143771250
1       1.91143783333
2       1.91145664583
4       1.91145666667
1       1.91145678333
2       1.91155788750
4       1.91155790833
1       1.91155802917
2       1.91162847083
4       1.91162848750
1       1.91162860833
2       1.91190480833
4       1.91190482500
1       1.91190494583
2       1.91207496250
4       1.91207497917
1       1.91207510000
2       1.91242610833
4       1.91242612500
1       1.91242624583
2       1.91243600833
4       1.91243602917
1       1.91243614583
2       1.91248865000
4       1.91248867083
1       1.91248879167
2       1.91259100833
4       1.91259102500
1       1.91259114583
2       1.91259467500
4       1.91259467500
1       1.91259481250
2       1.91293887917
4       1.91293890000
1       1.91293902083
2       1.91295795417
4       1.91295795417
1       1.91295809167
2       1.91307989583
4       1.91307991667
1       1.91308003750
2       1.91315912500
4       1.91315914583
1       1.91315926667
2       1.91353267083
4       1.91353268750
1       1.91353280833
2       1.91362275417
4       1.91362277500
1       1.91362289583
2       1.91363405833
4       1.91363407917
1       1.91363420000
2       1.91364042083
4       1.91364043750
1       1.91364055833
2       1.91366914167
4       1.91366916250
1       1.91366928333
2       1.91372353750
4       1.91372355417
1       1.91372367500
2       1.91375761250
4       1.91375762917
1       1.91375775000
2       1.91379872083
4       1.91379874167
1       1.91379886250
2       1.91380392917
4       1.91380395000
1       1.91380407083
2       1.91417460000
4       1.91417461667
1       1.91417473750
2       1.91424417500
4       1.91424419583
1       1.91424431667
2       1.91428099167
4       1.91428101250
1       1.91428113333
2       1.91439855417
4       1.91439857500
1       1.91439869583
2       1.91449583750
4       1.91449585833
1       1.91449597917
2       1.91456451667
4       1.91456451667
1       1.91456465417
2       1.91483507083
4       1.91483509167
1       1.91483520833
2       1.91497819583
4       1.91497819583
1       1.91497833333
2       1.91498410417
4       1.91498412083
1       1.91498424167
2       1.91516861667
4       1.91516861667
1       1.91516875417
2       1.91520008333
4       1.91520010417
1       1.91520022500
2       1.91536377083
4       1.91536379167
1       1.91536391250
2       1.91538126250
4       1.91538128333
1       1.91538140417
2       1.91549190833
4       1.91549192917
1       1.91549205000
2       1.91559862500
4       1.91559862500
1       1.91559876250
2       1.91568474583
4       1.91568476667
1       1.91568488333
2       1.91574955000
4       1.91574957083
1       1.91574968750
2       1.91598670000
4       1.91598672083
1       1.91598684167
2       1.91613885000
4       1.91613886667
1       1.91613898750
2       1.91617152500
4       1.91617152500
1       1.91617166250
2       1.91637762917
4       1.91637765000
1       1.91637777083
2       1.91651246667
4       1.91651246667
1       1.91651260417
2       1.91668298750
4       1.91668300417
1       1.91668312500
2       1.91668470833
4       1.91668472917
1       1.91668485000
2       1.91669995000
4       1.91669996667
1       1.91670008750
2       1.91671047917
4       1.91671049583
1       1.91671061667
2       1.91671440000
4       1.91671441667
1       1.91671453750
2       1.91674660417
4       1.91674660417
1       1.91674674167
2       1.91675335000
4       1.91675337083
1       1.91675349167
2       1.91700230833
4       1.91700232500
1       1.91700244583
2       1.91708337083
4       1.91708339167
1       1.91708351250
2       1.91737106250
4       1.91737108333
1       1.91737120417
2       1.91738749583
4       1.91738751667
1       1.91738763333
2       1.91741374583
4       1.91741376667
1       1.91741388750
2       1.91767570417
4       1.91767570417
1       1.91767584167
2       1.91836202500
4       1.91836204583
1       1.91836216250
2       1.91856703333
4       1.91856705000
1       1.91856717083
2       1.91889791667
4       1.91889791667
1       1.91889805417
2       1.91890021667
4       1.91890021667
1       1.91890035417
2       1.91904463333
4       1.91904465000
1       1.91904477083
2       1.91942655417
4       1.91942657500
1       1.91942669583
2       1.91977301667
4       1.91977301667
1       1.91977315417
2       1.91992334583
4       1.91992336667
1       1.91992348750
2       1.92036692500
4       1.92036694583
1       1.92036706250
2       1.92040567917
4       1.92040569583
1       1.92040581667
2       1.92077039583
4       1.92077039583
1       1.92077053333
2       1.92126261667
4       1.92126261667
1       1.92126275417
2       1.92134368333
4       1.92134370000
1       1.92134382083
2       1.92141757500
4       1.92141757500
1       1.92141771250
2       1.92154471250
4       1.92154473333
1       1.92154485417
2       1.92157022083
4       1.92157024167
1       1.92157036250
2       1.92163313750
4       1.92163315833
1       1.92163327917
2       1.92176695417
4       1.92176697500
1       1.92176709583
2       1.92199457500
4       1.92199457500
1       1.92199471250
2       1.92202309583
4       1.92202311667
1       1.92202323750
2       1.92202801250
4       1.92202803333
1       1.92202815417
2       1.92210983750
4       1.92210985833
1       1.92210997917
2       1.92211321667
4       1.92211321667
1       1.92211335417
2       1.92215518333
4       1.92215520417
1       1.92215532500
2       1.92221776250
4       1.92221777917
1       1.92221790000
2       1.92228639583
4       1.92228639583
1       1.92228653333
2       1.92236284583
4       1.92236284583
1       1.92236298333
2       1.92244964167
4       1.92244965833
1       1.92244977917
2       1.92248837083
4       1.92248839167
1       1.92248851250
2       1.92275606250
4       1.92275608333
1       1.92275620417
2       1.92277358333
4       1.92277360000
1       1.92277372083
2       1.92279076667
4       1.92279078750
1       1.92279090417
2       1.92285080417
4       1.92285082500
1       1.92285094167
2       1.92286598333
4       1.92286600000
1       1.92286612083
2       1.92295879167
4       1.92295880833
1       1.92295892917
2       1.92304591250
4       1.92304593333
1       1.92304605417
2       1.92312400000
4       1.92312402083
1       1.92312414167
2       1.92318531250
4       1.92318532917
1       1.92318545000
2       1.92331747917
4       1.92331749583
1       1.92331761667
2       1.92333397917
4       1.92333399583
1       1.92333411667
2       1.92344798750
4       1.92344800833
1       1.92344812500
2       1.92364677083
4       1.92364679167
1       1.92364691250
2       1.92365032083
4       1.92365033750
1       1.92365045833
2       1.92377887083
4       1.92377889167
1       1.92377901250
2       1.92411842500
4       1.92411844583
1       1.92411856667
2       1.92418397500
4       1.92418399583
1       1.92418411667
2       1.92436142500
4       1.92436142500
1       1.92436156250
2       1.92443638750
4       1.92443640417
1       1.92443652500
2       1.92443931667
4       1.92443931667
1       1.92443945417
2       1.92444597917
4       1.92444599583
1       1.92444611667
2       1.92470823750
4       1.92470823750
1       1.92470837500
2       1.92473115417
4       1.92473117500
1       1.92473129167
2       1.92473409167
4       1.92473411250
1       1.92473422917
2       1.92475270417
4       1.92475272500
1       1.92475284583
2       1.92501164583
4       1.92501166667
1       1.92501178333
2       1.92505845833
4       1.92505847917
1       1.92505860000
2       1.92519214167
4       1.92519215833
1       1.92519227917
2       1.92529130000
4       1.92529132083
1       1.92529144167
2       1.92532433750
4       1.92532435833
1       1.92532447917
2       1.92543130417
4       1.92543130417
1       1.92543144167
2       1.92543530000
4       1.92543532083
1       1.92543543750
2       1.92565559167
4       1.92565561250
1       1.92565572917
2       1.92604120417
4       1.92604122500
1       1.92604134167
2       1.92609647083
4       1.92609649167
1       1.92609660833
2       1.92610348750
4       1.92610350417
1       1.92610362500
2       1.92619947917
4       1.92619950000
1       1.92619962083
2       1.92641052083
4       1.92641053750
1       1.92641065833
2       1.92643931667
4       1.92643931667
1       1.92643945417
2       1.92675092917
4       1.92675095000
1       1.92675107083
2       1.92675258333
4       1.92675260000
1       1.92675272083
2       1.92687020000
4       1.92687021667
1       1.92687033750
2       1.92691697500
4       1.92691699583
1       1.92691711667
2       1.92704707500
4       1.92704709583
1       1.92704721667
2       1.92719812083
4       1.92719813750
1       1.92719825833
2       1.92747038750
4       1.92747038750
1       1.92747052500
2       1.92754136250
4       1.92754137917
1       1.92754150000
2       1.92764621250
4       1.92764622917
1       1.92764635000
2       1.92772443333
4       1.92772445000
1       1.92772457083
2       1.92776525417
4       1.92776527500
1       1.92776539583
2       1.92787383750
4       1.92787385417
1       1.92787397500
2       1.92789539167
4       1.92789540833
1       1.92789552917
2       1.92790660833
4       1.92790662917
1       1.92790674583
2       1.92791885833
4       1.92791887917
1       1.92791900000
2       1.92802115417
4       1.92802115417
1       1.92802129167
2       1.92814340000
4       1.92814342083
1       1.92814354167
2       1.92838057917
4       1.92838060000
1       1.92838072083
2       1.92871378750
4       1.92871380417
1       1.92871392500
2       1.92882907083
4       1.92882908750
1       1.92882920833
2       1.92900919583
4       1.92900921667
1       1.92900933750
2       1.92901061667
4       1.92901061667
1       1.92901075417
2       1.92908309583
4       1.92908311667
1       1.92908323333
2       1.92909605000
4       1.92909607083
1       1.92909618750
2       1.92927725417
4       1.92927725417
1       1.92927739167
2       1.92935208750
4       1.92935210833
1       1.92935222917
2       1.92948360000
4       1.92948362083
1       1.92948374167
2       1.92966639167
4       1.92966640833
1       1.92966652917
2       1.92972278333
4       1.92972280417
1       1.92972292083
2       1.92978995000
4       1.92978997083
1       1.92979009167
2       1.93002010833
4       1.93002012500
1       1.93002024583
2       1.93005796250
4       1.93005797917
1       1.93005810000
2       1.93010622500
4       1.93010622500
1       1.93010636250
2       1.93056334583
4       1.93056334583
1       1.93056348333
2       1.93059521250
4       1.93059523333
1       1.93059535000
2       1.93069387917
4       1.93069390000
1       1.93069402083
2       1.93079920000
4       1.93079921667
1       1.93079933750
2       1.93096912083
4       1.93096914167
1       1.93096926250
2       1.93101448750
4       1.93101448750
1       1.93101462500
2       1.93115724583
4       1.93115724583
1       1.93115738333
2       1.93131259583
4       1.93131261667
1       1.93131273750
2       1.93149380000
4       1.93149381667
1       1.93149393750
2       1.93166537917
4       1.93166539583
1       1.93166551667
2       1.93169812917
4       1.93169815000
1       1.93169827083
2       1.93255244167
4       1.93255246250
1       1.93255258333
2       1.93271764167
4       1.93271766250
1       1.93271777917
2       1.93275905000
4       1.93275906667
1       1.93275918750
2       1.93284653750
4       1.93284655833
1       1.93284667917
2       1.93290705000
4       1.93290706667
1       1.93290718750
2       1.93302836667
4       1.93302836667
1       1.93302850417
2       1.93317310000
4       1.93317312083
1       1.93317324167
2       1.93321250000
4       1.93321251667
1       1.93321263750
2       1.93327414167
4       1.93327415833
1       1.93327427917
2       1.93339725833
4       1.93339727500
1       1.93339739583
2       1.93357354167
4       1.93357356250
1       1.93357368333
2       1.93368950000
4       1.93368952083
1       1.93368964167
2       1.93369749167
4       1.93369751250
1       1.93369763333
2       1.93373196250
4       1.93373198333
1       1.93373210417
2       1.93376037500
4       1.93376037500
1       1.93376051250
2       1.93398460417
4       1.93398460417
1       1.93398474167
2       1.93405380833
4       1.93405382500
1       1.93405394583
2       1.93421447500
4       1.93421447500
1       1.93421461250
2       1.93444664583
4       1.93444666667
1       1.93444678750
2       1.93447855417
4       1.93447855417
1       1.93447869167
2       1.93464901250
4       1.93464903333
1       1.93464915417
2       1.93472452500
4       1.93472454583
1       1.93472466667
2       1.93488782917
4       1.93488784583
1       1.93488796667
2       1.93493687917
4       1.93493689583
1       1.93493701667
2       1.93494422917
4       1.93494425000
1       1.93494437083
2       1.93534164583
4       1.93534166667
1       1.93534178750
2       1.93552449167
4       1.93552451250
1       1.93552462917
2       1.93606071250
4       1.93606073333
1       1.93606085417
2       1.93609288333
4       1.93609290000
1       1.93609302083
2       1.93636152083
4       1.93636154167
1       1.93636166250
2       1.93647176250
4       1.93647178333
1       1.93647190417
2       1.93657480417
4       1.93657480417
1       1.93657494167
2       1.93673645417
4       1.93673645417
1       1.93673659167
2       1.93686496667
4       1.93686498750
1       1.93686510833
2       1.93696668750
4       1.93696670833
1       1.93696682917
2       1.93723101667
4       1.93723103750
1       1.93723115833
2       1.93736180417
4       1.93736182500
1       1.93736194583
2       1.93750189583
4       1.93750189583
1       1.93750203333
2       1.93759931667
4       1.93759933750
1       1.93759945833
2       1.93768940417
4       1.93768942500
1       1.93768954583
2       1.93771926667
4       1.93771926667
1       1.93771940417
2       1.93775203333
4       1.93775205417
1       1.93775217500
2       1.93810606667
4       1.93810608750
1       1.93810620833
2       1.93819813750
4       1.93819815417
1       1.93819827500
2       1.93820814167
4       1.93820815833
1       1.93820827917
2       1.93842668750
4       1.93842670833
1       1.93842682917
2       1.93848564167
4       1.93848566250
1       1.93848578333
2       1.93897187500
4       1.93897189583
1       1.93897201250
2       1.93909782083
4       1.93909783750
1       1.93909795833
2       1.93918826250
4       1.93918828333
1       1.93918840417
2       1.93929785000
4       1.93929786667
1       1.93929798750
2       1.93950885000
4       1.93950886667
1       1.93950898750
2       1.93969932083
4       1.93969934167
1       1.93969945833
2       1.93972483750
4       1.93972485417
1       1.93972497500
2       1.94000965417
4       1.94000967500
1       1.94000979167
2       1.94010337500
4       1.94010339583
1       1.94010351250
2       1.94011272500
4       1.94011272500
1       1.94011286250
2       1.94016603750
4       1.94016605833
1       1.94016617917
2       1.94024447083
4       1.94024449167
1       1.94024461250
2       1.94041674167
4       1.94041676250
1       1.94041688333
2       1.94064823750
4       1.94064825833
1       1.94064837917
2       1.94075955833
4       1.94075957500
1       1.94075969583
2       1.94087481667
4       1.94087483750
1       1.94087495833
2       1.94093479167
4       1.94093481250
1       1.94093493333
2       1.94097682917
4       1.94097684583
1       1.94097696667
2       1.94097711250
4       1.94097712917
1       1.94097725000
2       1.94097744167
4       1.94097746250
1       1.94097757917
2       1.94110167500
4       1.94110167500
1       1.94110181250
2       1.94123910833
4       1.94123912917
1       1.94123925000
2       1.94132895000
4       1.94132897083
1       1.94132909167
2       1.94142265417
4       1.94142265417
1       1.94142279167
2       1.94148058750
4       1.94148060417
1       1.94148072500
2       1.94150575000
4       1.94150577083
1       1.94150588750
2       1.94191025833
4       1.94191027917
1       1.94191040000
2       1.94195680000
4       1.94195681667
1       1.94195693750
2       1.94205760833
4       1.94205762500
1       1.94205774583
2       1.94214105000
4       1.94214107083
1       1.94214119167
2       1.94224435000
4       1.94224437083
1       1.94224449167
2       1.94233721250
4       1.94233722917
1       1.94233735000
2       1.94241896667
4       1.94241896667
1       1.94241910417
2       1.94254122500
4       1.94254124583
1       1.94254136250
2       1.94262363333
4       1.94262365417
1       1.94262377500
2       1.94268094167
4       1.94268096250
1       1.94268108333
2       1.94275182917
4       1.94275185000
1       1.94275197083
2       1.94321093750
4       1.94321095833
1       1.94321107500
2       1.94321693750
4       1.94321695833
1       1.94321707917
2       1.94334804167
4       1.94334805833
1       1.94334817917
2       1.94338423750
4       1.94338425833
1       1.94338437500
2       1.94342756250
4       1.94342758333
1       1.94342770417
2       1.94379097083
4       1.94379099167
1       1.94379110833
2       1.94407508333
4       1.94407510000
1       1.94407522083
2       1.94415094167
4       1.94415095833
1       1.94415107917
2       1.94419241667
4       1.94419241667
1       1.94419255417
2       1.94460142083
4       1.94460143750
1       1.94460155833
2       1.94464345417
4       1.94464345417
1       1.94464359167
2       1.94486010417
4       1.94486012500
1       1.94486024583
2       1.94487038333
4       1.94487040000
1       1.94487052083
2       1.94502912917
4       1.94502915000
1       1.94502927083
2       1.94541235000
4       1.94541236667
1       1.94541248750
2       1.94543636667
4       1.94543636667
1       1.94543650417
2       1.94573418333
4       1.94573420000
1       1.94573432083
2       1.94577929583
4       1.94577931667
1       1.94577943750
2       1.94585917083
4       1.94585918750
1       1.94585930833
2       1.94601237917
4       1.94601240000
1       1.94601252083
2       1.94627148333
4       1.94627150417
1       1.94627162500
2       1.94646458333
4       1.94646460417
1       1.94646472083
2       1.94648121667
4       1.94648123750
1       1.94648135833
2       1.94660235833
4       1.94660237917
1       1.94660249583
2       1.94692697917
4       1.94692699583
1       1.94692711667
2       1.94708889167
4       1.94708891250
1       1.94708903333
2       1.94716977917
4       1.94716980000
1       1.94716992083
2       1.94721479167
4       1.94721481250
1       1.94721493333
2       1.94730858333
4       1.94730860417
1       1.94730872500
2       1.94733310417
4       1.94733312500
1       1.94733324583
2       1.94747945833
4       1.94747947500
1       1.94747959583
2       1.94752513333
4       1.94752515417
1       1.94752527083
2       1.94756992083
4       1.94756994167
1       1.94757006250
2       1.94767164583
4       1.94767164583
1       1.94767178333
2       1.94767917917
4       1.94767919583
1       1.94767931667
2       1.94786031250
4       1.94786033333
1       1.94786045417
2       1.94789079167
4       1.94789080833
1       1.94789092917
2       1.94833069167
4       1.94833070833
1       1.94833082917
2       1.94856066667
4       1.94856066667
1       1.94856080417
2       1.94860730000
4       1.94860731667
1       1.94860743750
2       1.94861399167
4       1.94861401250
1       1.94861413333
2       1.94872427500
4       1.94872429583
1       1.94872441667
2       1.94872750000
4       1.94872752083
1       1.94872764167
2       1.94874835833
4       1.94874837917
1       1.94874850000
2       1.94877522500
4       1.94877524583
1       1.94877536250
2       1.94883290417
4       1.94883290417
1       1.94883304167
2       1.94888950417
4       1.94888950417
1       1.94888964167
2       1.94895173750
4       1.94895175417
1       1.94895187500
2       1.94897060417
4       1.94897060417
1       1.94897074167
2       1.94897399583
4       1.94897401667
1       1.94897413750
2       1.94924987083
4       1.94924989167
1       1.94925001250
2       1.94938767500
4       1.94938769583
1       1.94938781667
2       1.94957677917
4       1.94957680000
1       1.94957692083
2       1.94974631250
4       1.94974633333
1       1.94974645417
2       1.94988220417
4       1.94988222500
1       1.94988234167
2       1.95004211667
4       1.95004211667
1       1.95004225417
2       1.95011370833
4       1.95011372500
1       1.95011384583
2       1.95029893333
4       1.95029895417
1       1.95029907500
2       1.95040320000
4       1.95040322083
1       1.95040334167
2       1.95042078750
4       1.95042080833
1       1.95042092500
2       1.95042507917
4       1.95042510000
1       1.95042521667
2       1.95055036667
4       1.95055036667
1       1.95055050417
2       1.95076194167
4       1.95076195833
1       1.95076207917
2       1.95086292917
4       1.95086295000
1       1.95086307083
2       1.95088710417
4       1.95088710417
1       1.95088724167
2       1.95103456667
4       1.95103458750
1       1.95103470833
2       1.95108458333
4       1.95108460417
1       1.95108472500
2       1.95109941667
4       1.95109943750
1       1.95109955417
2       1.95117369167
4       1.95117371250
1       1.95117383333
2       1.95128194583
4       1.95128196667
1       1.95128208333
2       1.95140521250
4       1.95140522917
1       1.95140535000
2       1.95160157500
4       1.95160157500
1       1.95160171250
2       1.95160720833
4       1.95160722917
1       1.95160734583
2       1.95169496667
4       1.95169498750
1       1.95169510833
2       1.95171386667
4       1.95171386667
1       1.95171400417
2       1.95181657083
4       1.95181659167
1       1.95181670833
2       1.95189437917
4       1.95189439583
1       1.95189451667
2       1.95190434583
4       1.95190436667
1       1.95190448750
2       1.95192881250
4       1.95192883333
1       1.95192895000
2       1.95204145417
4       1.95204145417
1       1.95204159167
2       1.95205763750
4       1.95205765833
1       1.95205777917
2       1.95218157500
4       1.95218157500
1       1.95218171250
2       1.95220978750
4       1.95220980417
1       1.95220992500
2       1.95242342917
4       1.95242345000
1       1.95242357083
2       1.95263932083
4       1.95263933750
1       1.95263945833
2       1.95271353333
4       1.95271355417
1       1.95271367500
2       1.95316200417
4       1.95316202500
1       1.95316214583
2       1.95326802917
4       1.95326805000
1       1.95326816667
2       1.95338752500
4       1.95338752500
1       1.95338766250
2       1.95361281667
4       1.95361281667
1       1.95361295417
2       1.95370650000
4       1.95370652083
1       1.95370664167
2       1.95378697083
4       1.95378699167
1       1.95378710833
2       1.95381649583
4       1.95381649583
1       1.95381663333
2       1.95400433333
4       1.95400435417
1       1.95400447500
2       1.95414709583
4       1.95414709583
1       1.95414723333
2       1.95448885417
4       1.95448887500
1       1.95448899167
2       1.95461210833
4       1.95461212500
1       1.95461224583
2       1.95463233333
4       1.95463235000
1       1.95463247083
2       1.95469418333
4       1.95469420000
1       1.95469432083
2       1.95475515417
4       1.95475515417
1       1.95475529167
2       1.95481414167
4       1.95481416250
1       1.95481427917
2       1.95487645833
4       1.95487647917
1       1.95487660000
2       1.95496680417
4       1.95496682500
1       1.95496694583
2       1.95498802083
4       1.95498803750
1       1.95498815833
2       1.95500327917
4       1.95500330000
1       1.95500341667
2       1.95501752083
4       1.95501754167
1       1.95501766250
2       1.95509967083
4       1.95509969167
1       1.95509981250
2       1.95513218750
4       1.95513220417
1       1.95513232500
2       1.95516423333
4       1.95516425417
1       1.95516437500
2       1.95518846667
4       1.95518846667
1       1.95518860417
2       1.95518939583
4       1.95518939583
1       1.95518953333
2       1.95526295833
4       1.95526297917
1       1.95526310000
2       1.95529639583
4       1.95529641667
1       1.95529653750
2       1.95536594583
4       1.95536596667
1       1.95536608750
2       1.95539744167
4       1.95539745833
1       1.95539757917
2       1.95545641667
4       1.95545641667
1       1.95545655417
2       1.95557398750
4       1.95557400417
1       1.95557412500
2       1.95563788750
4       1.95563790417
1       1.95563802500
2       1.95564757083
4       1.95564759167
1       1.95564771250
2       1.95595487500
4       1.95595489583
1       1.95595501667
2       1.95595590417
4       1.95595590417
1       1.95595604167
2       1.95600091667
4       1.95600091667
1       1.95600105417
2       1.95683865000
4       1.95683867083
1       1.95683879167
2       1.95687401667
4       1.95687403750
1       1.95687415833
2       1.95690448750
4       1.95690450417
1       1.95690462500
2       1.95714398333
4       1.95714400417
1       1.95714412500
2       1.95715985000
4       1.95715987083
1       1.95715999167
2       1.95732684167
4       1.95732686250
1       1.95732697917
2       1.95742095000
4       1.95742096667
1       1.95742108750
2       1.95749916250
4       1.95749917917
1       1.95749930000
2       1.95752692083
4       1.95752693750
1       1.95752705833
2       1.95753852500
4       1.95753852500
1       1.95753866250
2       1.95754511250
4       1.95754512917
1       1.95754525000
2       1.95766400833
4       1.95766402500
1       1.95766414583
2       1.95770080417
4       1.95770082500
1       1.95770094583
2       1.95778693333
4       1.95778695000
1       1.95778707083
2       1.95788495000
4       1.95788497083
1       1.95788509167
2       1.95795849167
4       1.95795851250
1       1.95795863333
2       1.95820986667
4       1.95820988750
1       1.95821000833
2       1.95824530000
4       1.95824532083
1       1.95824544167
2       1.95831651250
4       1.95831652917
1       1.95831665000
2       1.95832779583
4       1.95832781667
1       1.95832793333
2       1.95847809583
4       1.95847809583
1       1.95847823333
2       1.95885014583
4       1.95885016667
1       1.95885028333
2       1.95887170417
4       1.95887172500
1       1.95887184167
2       1.95929232917
4       1.95929235000
1       1.95929247083
2       1.95943707917
4       1.95943710000
1       1.95943722083
2       1.95953381250
4       1.95953382917
1       1.95953395000
2       1.95978385000
4       1.95978387083
1       1.95978399167
2       1.95983362500
4       1.95983364583
1       1.95983376667
2       1.95990914167
4       1.95990915833
1       1.95990927917
2       1.96000277500
4       1.96000279583
1       1.96000291667
2       1.96002838333
4       1.96002840417
1       1.96002852500
2       1.96020493333
4       1.96020495000
1       1.96020507083
2       1.96025085417
4       1.96025087500
1       1.96025099167
2       1.96034401667
4       1.96034401667
1       1.96034415417
2       1.96038901667
4       1.96038903750
1       1.96038915833
2       1.96041851250
4       1.96041852917
1       1.96041865000
2       1.96043308750
4       1.96043308750
1       1.96043322500
2       1.96060265000
4       1.96060266667
1       1.96060278750
2       1.96069502917
4       1.96069505000
1       1.96069517083
2       1.96071428750
4       1.96071430417
1       1.96071442500
2       1.96071790833
4       1.96071792500
1       1.96071804583
2       1.96077088750
4       1.96077090833
1       1.96077102917
2       1.96080039583
4       1.96080041667
1       1.96080053333
2       1.96080598333
4       1.96080600000
1       1.96080612083
2       1.96087097917
4       1.96087100000
1       1.96087112083
2       1.96101567500
4       1.96101567500
1       1.96101581250
2       1.96112068333
4       1.96112070000
1       1.96112082083
2       1.96135854167
4       1.96135855833
1       1.96135867917
2       1.96165625833
4       1.96165627500
1       1.96165639583
2       1.96196037500
4       1.96196039583
1       1.96196051667
2       1.96203655833
4       1.96203657917
1       1.96203669583
2       1.96207494167
4       1.96207495833
1       1.96207507917
2       1.96207526667
4       1.96207528750
1       1.96207540833
2       1.96209521667
4       1.96209521667
1       1.96209535417
2       1.96214019583
4       1.96214019583
1       1.96214033333
2       1.96215581250
4       1.96215583333
1       1.96215595000
2       1.96223795833
4       1.96223797500
1       1.96223809583
2       1.96225185417
4       1.96225187500
1       1.96225199583
2       1.96233004583
4       1.96233006667
1       1.96233018333
2       1.96253737500
4       1.96253739583
1       1.96253751667
2       1.96259562917
4       1.96259565000
1       1.96259576667
2       1.96265134583
4       1.96265136667
1       1.96265148750
2       1.96277888750
4       1.96277890417
1       1.96277902500
2       1.96308125833
4       1.96308127917
1       1.96308140000
2       1.96312401250
4       1.96312402917
1       1.96312415000
2       1.96367050000
4       1.96367051667
1       1.96367063750
2       1.96370491250
4       1.96370492917
1       1.96370505000
2       1.96379275833
4       1.96379277500
1       1.96379289583
2       1.96380035417
4       1.96380035417
1       1.96380049167
2       1.96391035833
4       1.96391037500
1       1.96391049583
2       1.96393777917
4       1.96393780000
1       1.96393791667
2       1.96399115417
4       1.96399117500
1       1.96399129583
2       1.96414212917
4       1.96414215000
1       1.96414226667
2       1.96423718750
4       1.96423720417
1       1.96423732500
2       1.96470125833
4       1.96470127500
1       1.96470139583
2       1.96477717500
4       1.96477717500
1       1.96477731250
2       1.96485269167
4       1.96485271250
1       1.96485283333
2       1.96493712083
4       1.96493713750
1       1.96493725833
2       1.96496360417
4       1.96496362500
1       1.96496374583
2       1.96530073750
4       1.96530075833
1       1.96530087917
2       1.96533481667
4       1.96533483750
1       1.96533495833
2       1.96552964583
4       1.96552964583
1       1.96552978333
2       1.96579568333
4       1.96579570417
1       1.96579582500
2       1.96580690000
4       1.96580692083
1       1.96580704167
2       1.96583405000
4       1.96583406667
1       1.96583418750
2       1.96599371250
4       1.96599373333
1       1.96599385417
2       1.96606362083
4       1.96606364167
1       1.96606376250
2       1.96607320000
4       1.96607321667
1       1.96607333750
2       1.96617552083
4       1.96617553750
1       1.96617565833
2       1.96630570833
4       1.96630572917
1       1.96630585000
2       1.96639579583
4       1.96639581667
1       1.96639593333
2       1.96648821667
4       1.96648821667
1       1.96648835417
2       1.96652273750
4       1.96652273750
1       1.96652287500
2       1.96660914583
4       1.96660916667
1       1.96660928333
2       1.96664749583
4       1.96664751667
1       1.96664763750
2       1.96714667917
4       1.96714669583
1       1.96714681667
2       1.96745935833
4       1.96745937917
1       1.96745949583
2       1.96749718333
4       1.96749720417
1       1.96749732500
2       1.96760378333
4       1.96760380417
1       1.96760392500
2       1.96800690833
4       1.96800692500
1       1.96800704583
2       1.96807379167
4       1.96807381250
1       1.96807393333
2       1.96821892500
4       1.96821894583
1       1.96821906667
2       1.96827785000
4       1.96827787083
1       1.96827799167
2       1.96834207500
4       1.96834209583
1       1.96834221667
2       1.96839904167
4       1.96839906250
1       1.96839918333
2       1.96869882500
4       1.96869882500
1       1.96869896250
2       1.96873001250
4       1.96873002917
1       1.96873015000
2       1.96881484583
4       1.96881486667
1       1.96881498750
2       1.96889431667
4       1.96889431667
1       1.96889445417
2       1.96937650833
4       1.96937652917
1       1.96937665000
2       1.96957322083
4       1.96957323750
1       1.96957335833
2       1.96978035833
4       1.96978037500
1       1.96978049583
2       1.96987972500
4       1.96987974583
1       1.96987986250
2       1.96997637500
4       1.96997639583
1       1.96997651250
2       1.97002836667
4       1.97002838750
1       1.97002850417
2       1.97010521667
4       1.97010521667
1       1.97010535417
2       1.97029307500
4       1.97029307500
1       1.97029321250
2       1.97046759583
4       1.97046759583
1       1.97046773333
2       1.97048146250
4       1.97048148333
1       1.97048160417
2       1.97096607500
4       1.97096609583
1       1.97096621250
2       1.97107502500
4       1.97107504583
1       1.97107516250
2       1.97114597500
4       1.97114599583
1       1.97114611667
2       1.97118340000
4       1.97118341667
1       1.97118353750
2       1.97118604167
4       1.97118606250
1       1.97118618333
2       1.97132386250
4       1.97132388333
1       1.97132400417
2       1.97147283333
4       1.97147285000
1       1.97147297083
2       1.97177791250
4       1.97177792917
1       1.97177805000
2       1.97182785833
4       1.97182787917
1       1.97182800000
2       1.97188885000
4       1.97188887083
1       1.97188898750
2       1.97391167083
4       1.97391168750
1       1.97391180833
2       1.97401272083
4       1.97401273750
1       1.97401285833
2       1.97411670417
4       1.97411672500
1       1.97411684583
2       1.97412935000
4       1.97412936667
1       1.97412948750
2       1.97415190417
4       1.97415190417
1       1.97415204167
2       1.97416347500
4       1.97416347500
1       1.97416361250
2       1.97417996250
4       1.97417998333
1       1.97418010417
2       1.97433657917
4       1.97433660000
1       1.97433672083
2       1.97450592917
4       1.97450594583
1       1.97450606667
2       1.97456073750
4       1.97456075833
1       1.97456087917
2       1.97476557917
4       1.97476560000
1       1.97476572083
2       1.97479171667
4       1.97479171667
1       1.97479185417
2       1.97511268333
4       1.97511270417
1       1.97511282083
2       1.97523256250
4       1.97523258333
1       1.97523270417
2       1.97564760000
4       1.97564762083
1       1.97564774167
2       1.97568440417
4       1.97568442500
1       1.97568454583
2       1.97593835000
4       1.97593837083
1       1.97593849167
2       1.97603187917
4       1.97603189583
1       1.97603201667
2       1.97609277917
4       1.97609280000
1       1.97609291667
2       1.97633060417
4       1.97633062500
1       1.97633074583
2       1.97638890000
4       1.97638891667
1       1.97638903750
2       1.97645952917
4       1.97645954583
1       1.97645966667
2       1.97651616667
4       1.97651616667
1       1.97651630417
2       1.97656419167
4       1.97656420833
1       1.97656432917
2       1.97679860833
4       1.97679862500
1       1.97679874583
2       1.97680358333
4       1.97680360000
1       1.97680372083
2       1.97683539167
4       1.97683541250
1       1.97683553333
2       1.97688741667
4       1.97688743750
1       1.97688755833
2       1.97692284167
4       1.97692286250
1       1.97692298333
2       1.97697288750
4       1.97697288750
1       1.97697302500
2       1.97700104167
4       1.97700105833
1       1.97700117917
2       1.97704474583
4       1.97704476667
1       1.97704488750
2       1.97725869167
4       1.97725870833
1       1.97725882917
2       1.97734557917
4       1.97734560000
1       1.97734572083
2       1.97739554583
4       1.97739554583
1       1.97739568333
2       1.97759493750
4       1.97759495833
1       1.97759507917
2       1.97785657083
4       1.97785659167
1       1.97785671250
2       1.97801193333
4       1.97801195417
1       1.97801207083
2       1.97816995417
4       1.97816997500
1       1.97817009583
2       1.97833220833
4       1.97833222917
1       1.97833234583
2       1.97833485833
4       1.97833487500
1       1.97833499583
2       1.97838194583
4       1.97838194583
1       1.97838208333
2       1.97859113750
4       1.97859115417
1       1.97859127500
2       1.97859416667
4       1.97859416667
1       1.97859430417
2       1.97881283333
4       1.97881285417
1       1.97881297500
2       1.97904409167
4       1.97904410833
1       1.97904422917
2       1.97906921667
4       1.97906921667
1       1.97906935417
2       1.97907782917
4       1.97907785000
1       1.97907797083
2       1.97912750833
4       1.97912752500
1       1.97912764583
2       1.97913111667
4       1.97913111667
1       1.97913125417
2       1.97928722500
4       1.97928724583
1       1.97928736667
2       1.97940870000
4       1.97940871667
1       1.97940883750
2       1.97947401250
4       1.97947403333
1       1.97947415417
2       1.97951708333
4       1.97951710000
1       1.97951722083
2       1.97964751667
4       1.97964751667
1       1.97964765417
2       1.97989922083
4       1.97989923750
1       1.97989935833
2       1.98017344167
4       1.98017345833
1       1.98017357917
2       1.98024078750
4       1.98024080833
1       1.98024092917
2       1.98025956667
4       1.98025958750
1       1.98025970833
2       1.98053719583
4       1.98053721667
1       1.98053733333
2       1.98083858333
4       1.98083860000
1       1.98083872083
2       1.98097410417
4       1.98097410417
1       1.98097424167
2       1.98141892917
4       1.98141894583
1       1.98141906667
2       1.98144411250
4       1.98144413333
1       1.98144425417
2       1.98164914167
4       1.98164916250
1       1.98164928333
2       1.98214725000
4       1.98214726667
1       1.98214738750
2       1.98246567500
4       1.98246567500
1       1.98246581250
2       1.98262295417
4       1.98262297500
1       1.98262309583
2       1.98302435000
4       1.98302437083
1       1.98302449167
2       1.98304195417
4       1.98304195417
1       1.98304209167
2       1.98319625833
4       1.98319627500
1       1.98319639583
2       1.98354505833
4       1.98354507917
1       1.98354520000
2       1.98390317917
4       1.98390320000
1       1.98390331667
2       1.98392735000
4       1.98392737083
1       1.98392749167
2       1.98528530833
4       1.98528532500
1       1.98528544583
2       1.98533635417
4       1.98533635417
1       1.98533649167
2       1.98563915000
4       1.98563916667
1       1.98563928750
2       1.98577520833
4       1.98577522917
1       1.98577535000
2       1.98617437500
4       1.98617439583
1       1.98617451667
2       1.98621638333
4       1.98621640417
1       1.98621652083
2       1.98625016667
4       1.98625018750
1       1.98625030833
2       1.98627868750
4       1.98627870417
1       1.98627882500
2       1.98640746250
4       1.98640748333
1       1.98640760417
2       1.98647040417
4       1.98647040417
1       1.98647054167
2       1.98655656667
4       1.98655658750
1       1.98655670833
2       1.98684110000
4       1.98684112083
1       1.98684123750
2       1.98687685417
4       1.98687687500
1       1.98687699167
2       1.98696132917
4       1.98696134583
1       1.98696146667
2       1.98698052500
4       1.98698052500
1       1.98698066250
2       1.98700046250
4       1.98700047917
1       1.98700060000
2       1.98722328750
4       1.98722330833
1       1.98722342917
2       1.98724283750
4       1.98724285833
1       1.98724297917
2       1.98736306667
4       1.98736306667
1       1.98736320417
2       1.98784772917
4       1.98784775000
1       1.98784787083
2       1.98792755417
4       1.98792757500
1       1.98792769583
2       1.98794773750
4       1.98794773750
1       1.98794787500
2       1.98802258333
4       1.98802260000
1       1.98802272083
2       1.98802956250
4       1.98802957917
1       1.98802970000
2       1.98827460833
4       1.98827462917
1       1.98827475000
2       1.98831607500
4       1.98831609583
1       1.98831621667
2       1.98835141667
4       1.98835143750
1       1.98835155833
2       1.98844655833
4       1.98844657500
1       1.98844669583
2       1.98846473333
4       1.98846475417
1       1.98846487500
2       1.98861914583
4       1.98861916667
1       1.98861928750
2       1.98905207500
4       1.98905209583
1       1.98905221667
2       1.98907057083
4       1.98907058750
1       1.98907070833
2       1.98915336250
4       1.98915338333
1       1.98915350417
2       1.98915942500
4       1.98915944583
1       1.98915956250
2       1.98933657083
4       1.98933659167
1       1.98933671250
2       1.98939750833
4       1.98939752500
1       1.98939764583
2       1.98951140833
4       1.98951142500
1       1.98951154583
2       1.98967215000
4       1.98967216667
1       1.98967228750
2       1.98974192917
4       1.98974195000
1       1.98974207083
2       1.98985322917
4       1.98985324583
1       1.98985336667
2       1.99018910833
4       1.99018912917
1       1.99018925000
2       1.99043853750
4       1.99043855833
1       1.99043867917
2       1.99052101250
4       1.99052103333
1       1.99052115417
2       1.99057070000
4       1.99057071667
1       1.99057083750
2       1.99072016667
4       1.99072018750
1       1.99072030833
2       1.99119802083
4       1.99119803750
1       1.99119815833
2       1.99131123750
4       1.99131125417
1       1.99131137500
2       1.99132292917
4       1.99132295000
1       1.99132307083
2       1.99134904167
4       1.99134906250
1       1.99134918333
2       1.99135275833
4       1.99135277500
1       1.99135289583
2       1.99141000417
4       1.99141002500
1       1.99141014583
2       1.99187215000
4       1.99187217083
1       1.99187229167
2       1.99199405417
4       1.99199407500
1       1.99199419583
2       1.99211455833
4       1.99211457917
1       1.99211470000
2       1.99275255417
4       1.99275255417
1       1.99275269167
2       1.99302466667
4       1.99302466667
1       1.99302480417
2       1.99313137500
4       1.99313139583
1       1.99313151667
2       1.99349549583
4       1.99349549583
1       1.99349563333
2       1.99377429167
4       1.99377431250
1       1.99377443333
2       1.99400613333
4       1.99400615417
1       1.99400627500
2       1.99420194583
4       1.99420196667
1       1.99420208333
2       1.99431090000
4       1.99431091667
1       1.99431103750
2       1.99451099167
4       1.99451100833
1       1.99451112917
2       1.99476704167
4       1.99476705833
1       1.99476717917
2       1.99972020000
4       1.99972021667
1       1.99972033750
2       1.99974504583
4       1.99974504583
1       1.99974518333
2       1.99989369167
4       1.99989370833
1       1.99989382917
2       1.99992425833
4       1.99992427917
1       1.99992439583
2       2.00003495833
4       2.00003497500
1       2.00003509583
2       2.00005168750
4       2.00005170833
1       2.00005182917
2       2.00019017500
4       2.00019019583
1       2.00019031667
2       2.00034089167
4       2.00034091250
1       2.00034103333
2       2.00038457083
4       2.00038458750
1       2.00038470833
2       2.00065852500
4       2.00065854583
1       2.00065866667
2       2.00069069583
4       2.00069071667
1       2.00069083750
2       2.00094735833
4       2.00094737917
1       2.00094750000
2       2.00097085000
4       2.00097086667
1       2.00097098750
2       2.00101990833
4       2.00101992917
1       2.00102005000
2       2.00124486667
4       2.00124488750
1       2.00124500833
2       2.00139849583
4       2.00139851667
1       2.00139863750
2       2.00156841250
4       2.00156843333
1       2.00156855417
2       2.00173934583
4       2.00173934583
1       2.00173948333
2       2.00175255833
4       2.00175257500
1       2.00175269583
2       2.00186087083
4       2.00186088750
1       2.00186100833
2       2.00294992917
4       2.00294995000
1       2.00295007083
2       2.00306977500
4       2.00306979583
1       2.00306991667
2       2.00316424167
4       2.00316426250
1       2.00316438333
2       2.00406815417
4       2.00406815417
1       2.00406829167
2       2.00407049167
4       2.00407050833
1       2.00407062917
2       2.00410553750
4       2.00410555417
1       2.00410567500
2       2.00419075000
4       2.00419076667
1       2.00419088750
2       2.00422150000
4       2.00422152083
1       2.00422164167
2       2.00442290833
4       2.00442292500
1       2.00442304583
2       2.00472893333
4       2.00472895417
1       2.00472907083
2       2.00514396667
4       2.00514396667
1       2.00514410417
2       2.00546924583
4       2.00546926667
1       2.00546938333
2       2.00557157083
4       2.00557158750
1       2.00557170833
2       2.00557587500
4       2.00557589583
1       2.00557601667
2       2.00564750417
4       2.00564750417
1       2.00564764167
2       2.00578787500
4       2.00578789583
1       2.00578801667
2       2.00589840833
4       2.00589842917
1       2.00589855000
2       2.00601208750
4       2.00601210417
1       2.00601222500
2       2.00617346250
4       2.00617348333
1       2.00617360417
2       2.00624066250
4       2.00624067917
1       2.00624080000
2       2.00626978333
4       2.00626980000
1       2.00626992083
2       2.00650504583
4       2.00650504583
1       2.00650518333
2       2.00695219583
4       2.00695221667
1       2.00695233750
2       2.00709223333
4       2.00709225417
1       2.00709237500
2       2.00717008333
4       2.00717010417
1       2.00717022500
2       2.00730188333
4       2.00730190417
1       2.00730202083
2       2.00735266667
4       2.00735266667
1       2.00735280417
2       2.00743513750
4       2.00743515417
1       2.00743527500
2       2.00747680000
4       2.00747681667
1       2.00747693750
2       2.00755931250
4       2.00755933333
1       2.00755945000
2       2.00762913333
4       2.00762915417
1       2.00762927500
2       2.00864707917
4       2.00864709583
1       2.00864721667
2       2.00864902500
4       2.00864902500
1       2.00864916250
2       2.01043131250
4       2.01043133333
1       2.01043145417
2       2.01045089167
4       2.01045090833
1       2.01045102917
2       2.01052374583
4       2.01052374583
1       2.01052388333
2       2.01061779583
4       2.01061779583
1       2.01061793333
2       2.01074168333
4       2.01074170417
1       2.01074182083
2       2.01087024167
4       2.01087025833
1       2.01087037917
2       2.01100941667
4       2.01100943750
1       2.01100955833
2       2.01107287083
4       2.01107289167
1       2.01107300833
2       2.01129115000
4       2.01129116667
1       2.01129128750
2       2.01142868333
4       2.01142870417
1       2.01142882500
2       2.01176852083
4       2.01176853750
1       2.01176865833
2       2.01192533750
4       2.01192535833
1       2.01192547500
2       2.01193112500
4       2.01193114583
1       2.01193126250
2       2.01194740833
4       2.01194742500
1       2.01194754583
2       2.01201632917
4       2.01201635000
1       2.01201647083
2       2.01222233750
4       2.01222235833
1       2.01222247917
2       2.01236375417
4       2.01236377500
1       2.01236389583
2       2.01252698333
4       2.01252700417
1       2.01252712500
2       2.01258001667
4       2.01258003750
1       2.01258015833
2       2.01271905833
4       2.01271907917
1       2.01271920000
2       2.01289467083
4       2.01289469167
1       2.01289481250
2       2.01298442917
4       2.01298445000
1       2.01298457083
2       2.01306262083
4       2.01306263750
1       2.01306275833
2       2.01324246667
4       2.01324246667
1       2.01324260417
2       2.01325514167
4       2.01325515833
1       2.01325527917
2       2.01335934583
4       2.01335934583
1       2.01335948333
2       2.01342029583
4       2.01342029583
1       2.01342043333
2       2.01372677500
4       2.01372677500
1       2.01372691250
2       2.01374325417
4       2.01374325417
1       2.01374339167
2       2.01384392500
4       2.01384392500
1       2.01384406250
2       2.01384462917
4       2.01384464583
1       2.01384476667
2       2.01397078750
4       2.01397080833
1       2.01397092917
2       2.01398017500
4       2.01398017500
1       2.01398031250
2       2.01411093750
4       2.01411095833
1       2.01411107917
2       2.01424740833
4       2.01424742917
1       2.01424755000
2       2.01435766250
4       2.01435768333
1       2.01435780417
2       2.01438749167
4       2.01438751250
1       2.01438762917
2       2.01444283750
4       2.01444285833
1       2.01444297917
2       2.01498966250
4       2.01498967917
1       2.01498980000
2       2.01511123333
4       2.01511125000
1       2.01511137083
2       2.01517849583
4       2.01517851667
1       2.01517863750
2       2.01518477500
4       2.01518477500
1       2.01518491250
2       2.01520330833
4       2.01520332917
1       2.01520345000
2       2.01527588333
4       2.01527590417
1       2.01527602083
2       2.01543650000
4       2.01543651667
1       2.01543663750
2       2.01544347917
4       2.01544349583
1       2.01544361667
2       2.01545891667
4       2.01545893750
1       2.01545905833
2       2.01552030000
4       2.01552032083
1       2.01552044167
2       2.01559287917
4       2.01559290000
1       2.01559301667
2       2.01573689583
4       2.01573689583
1       2.01573703333
2       2.01599102083
4       2.01599103750
1       2.01599115833
2       2.01639303333
4       2.01639305417
1       2.01639317500
2       2.01642783333
4       2.01642785417
1       2.01642797500
2       2.01646367500
4       2.01646367500
1       2.01646381250
2       2.01653120833
4       2.01653122917
1       2.01653135000
2       2.01695889583
4       2.01695891667
1       2.01695903750
2       2.01738675000
4       2.01738676667
1       2.01738688750
2       2.01739701667
4       2.01739703750
1       2.01739715833
2       2.01747289167
4       2.01747291250
1       2.01747303333
2       2.01754641667
4       2.01754643750
1       2.01754655417
2       2.01769286250
4       2.01769287917
1       2.01769300000
2       2.01787491250
4       2.01787493333
1       2.01787505417
2       2.01794846667
4       2.01794848750
1       2.01794860833
2       2.01811117500
4       2.01811119583
1       2.01811131667
2       2.01831886667
4       2.01831888750
1       2.01831900417
2       2.01832547917
4       2.01832549583
1       2.01832561667
2       2.01833012083
4       2.01833013750
1       2.01833025833
2       2.01839533750
4       2.01839535417
1       2.01839547500
2       2.01845032083
4       2.01845034167
1       2.01845046250
2       2.01852817500
4       2.01852817500
1       2.01852831250
2       2.01937312917
4       2.01937315000
1       2.01937327083
2       2.01942843333
4       2.01942845417
1       2.01942857500
2       2.01946485417
4       2.01946485417
1       2.01946499167
2       2.01948372500
4       2.01948374583
1       2.01948386667
2       2.01951390417
4       2.01951392500
1       2.01951404167
2       2.01967226667
4       2.01967228750
1       2.01967240833
2       2.01973184583
4       2.01973184583
1       2.01973198333
2       2.01974280000
4       2.01974282083
1       2.01974294167
2       2.01976471250
4       2.01976473333
1       2.01976485417
2       2.01983088333
4       2.01983090000
1       2.01983102083
2       2.01985080833
4       2.01985082500
1       2.01985094583
2       2.02004454167
4       2.02004456250
1       2.02004468333
2       2.02009087083
4       2.02009089167
1       2.02009100833
2       2.02282918750
4       2.02282920833
1       2.02282932917
2       2.02293251250
4       2.02293253333
1       2.02293265417
2       2.02298878333
4       2.02298880417
1       2.02298892500
2       2.02302357917
4       2.02302359583
1       2.02302371667
2       2.02327101667
4       2.02327103750
1       2.02327115833
2       2.02356147917
4       2.02356150000
1       2.02356161667
2       2.02362576250
4       2.02362577917
1       2.02362590000
2       2.02363043750
4       2.02363043750
1       2.02363057500
2       2.02378343333
4       2.02378345417
1       2.02378357500
2       2.02378507083
4       2.02378508750
1       2.02378520833
2       2.02384232917
4       2.02384234583
1       2.02384246667
2       2.02385889583
4       2.02385889583
1       2.02385903333
2       2.02388346250
4       2.02388347917
1       2.02388360000
2       2.02451973333
4       2.02451975000
1       2.02451987083
2       2.02493375417
4       2.02493377083
1       2.02493389167
2       2.02502549167
4       2.02502551250
1       2.02502563333
2       2.02521624167
4       2.02521626250
1       2.02521638333
2       2.02539085833
4       2.02539087500
1       2.02539099583
2       2.02563532917
4       2.02563535000
1       2.02563547083
2       2.02604268750
4       2.02604270833
1       2.02604282917
2       2.02607282500
4       2.02607282500
1       2.02607296250
2       2.02610868750
4       2.02610870417
1       2.02610882500
2       2.02637101667
4       2.02637103750
1       2.02637115833
2       2.02644751250
4       2.02644753333
1       2.02644765000
2       2.02646825417
4       2.02646827500
1       2.02646839583
2       2.02670585833
4       2.02670587500
1       2.02670599583
2       2.02690450417
4       2.02690452500
1       2.02690464583
2       2.02711624167
4       2.02711625833
1       2.02711637917
2       2.02725140000
4       2.02725141667
1       2.02725153750
2       2.02738815417
4       2.02738817500
1       2.02738829583
2       2.02743060417
4       2.02743062500
1       2.02743074167
2       2.02744872917
4       2.02744874583
1       2.02744886667
2       2.02753523333
4       2.02753525000
1       2.02753537083
2       2.02769194167
4       2.02769195833
1       2.02769207917
2       2.02778070000
4       2.02778071667
1       2.02778083750
2       2.02790224167
4       2.02790225833
1       2.02790237917
2       2.02790290833
4       2.02790292500
1       2.02790304583
2       2.02793730417
4       2.02793730417
1       2.02793744167
2       2.02805419583
4       2.02805421667
1       2.02805433333
2       2.02821695417
4       2.02821695417
1       2.02821709167
2       2.02841061250
4       2.02841063333
1       2.02841075417
2       2.02843812083
4       2.02843814167
1       2.02843826250
2       2.02871106250
4       2.02871108333
1       2.02871120417
2       2.02887430000
4       2.02887431667
1       2.02887443750
2       2.02905049583
4       2.02905051667
1       2.02905063750
2       2.02914699583
4       2.02914701667
1       2.02914713750
2       2.02919798333
4       2.02919800417
1       2.02919812500
2       2.02920034583
4       2.02920036667
1       2.02920048750
2       2.02933573750
4       2.02933575833
1       2.02933587917
2       2.02942090417
4       2.02942092500
1       2.02942104583
2       2.02961132917
4       2.02961135000
1       2.02961147083
2       2.02963781250
4       2.02963783333
1       2.02963795417
2       2.02968886667
4       2.02968886667
1       2.02968900417
2       2.02990843333
4       2.02990845000
1       2.02990857083
2       2.03004855000
4       2.03004857083
1       2.03004868750
2       2.03009031667
4       2.03009031667
1       2.03009045417
2       2.03019395417
4       2.03019397500
1       2.03019409583
2       2.03027050833
4       2.03027052500
1       2.03027064583
2       2.03032550000
4       2.03032552083
1       2.03032564167
2       2.03039965000
4       2.03039967083
1       2.03039979167
2       2.03040560000
4       2.03040561667
1       2.03040573750
2       2.03073910417
4       2.03073912500
1       2.03073924583
2       2.03082196250
4       2.03082197917
1       2.03082210000
2       2.03106975833
4       2.03106977500
1       2.03106989583
2       2.03160666667
4       2.03160668750
1       2.03160680833
2       2.03161754583
4       2.03161756667
1       2.03161768750
2       2.03185413333
4       2.03185415417
1       2.03185427500
2       2.03212097917
4       2.03212100000
1       2.03212112083
2       2.03224198333
4       2.03224200000
1       2.03224212083
2       2.03228067917
4       2.03228069583
1       2.03228081667
2       2.03231051250
4       2.03231052917
1       2.03231065000
2       2.03237538750
4       2.03237538750
1       2.03237552500
2       2.03241282917
4       2.03241285000
1       2.03241297083
2       2.03242082500
4       2.03242084583
1       2.03242096667
2       2.03249894167
4       2.03249895833
1       2.03249907917
2       2.03251988750
4       2.03251990833
1       2.03252002500
2       2.03280567917
4       2.03280570000
1       2.03280582083
2       2.03287328750
4       2.03287330833
1       2.03287342500
2       2.03293982917
4       2.03293985000
1       2.03293997083
2       2.03904100417
4       2.03904102500
1       2.03904114583
2       2.03908637083
4       2.03908639167
1       2.03908651250
2       2.03911761250
4       2.03911762917
1       2.03911775000
2       2.03915133333
4       2.03915135000
1       2.03915147083
2       2.03919525000
4       2.03919527083
1       2.03919539167
2       2.03922549167
4       2.03922550833
1       2.03922562917
2       2.03930532500
4       2.03930532500
1       2.03930546250
2       2.03935298750
4       2.03935300417
1       2.03935312500
2       2.03954317083
4       2.03954318750
1       2.03954330833
2       2.03961993333
4       2.03961995417
1       2.03962007500
2       2.03982533750
4       2.03982535833
1       2.03982547500
2       2.04003897500
4       2.04003899583
1       2.04003911667
2       2.04007670000
4       2.04007671667
1       2.04007683750
2       2.04015592500
4       2.04015592500
1       2.04015606250
2       2.04019206667
4       2.04019208750
1       2.04019220833
2       2.04021095000
4       2.04021097083
1       2.04021109167
2       2.04026388750
4       2.04026390417
1       2.04026402500
2       2.04027175417
4       2.04027175417
1       2.04027189167
2       2.04029304167
4       2.04029306250
1       2.04029318333
2       2.04051901250
4       2.04051903333
1       2.04051915417
2       2.04053415000
4       2.04053416667
1       2.04053428750
2       2.04056062083
4       2.04056064167
1       2.04056076250
2       2.04062492083
4       2.04062494167
1       2.04062506250
2       2.04062962917
4       2.04062965000
1       2.04062977083
2       2.04079092500
4       2.04079092500
1       2.04079106250
2       2.04110955000
4       2.04110957083
1       2.04110969167
2       2.04124242500
4       2.04124244583
1       2.04124256667
2       2.04133108333
4       2.04133110000
1       2.04133122083
2       2.04201737500
4       2.04201739583
1       2.04201751667
2       2.04241456250
4       2.04241457917
1       2.04241470000
2       2.04250895000
4       2.04250897083
1       2.04250909167
2       2.04258746667
4       2.04258748750
1       2.04258760833
2       2.04265172500
4       2.04265174583
1       2.04265186250
2       2.04273881667
4       2.04273883750
1       2.04273895417
2       2.04294380833
4       2.04294382500
1       2.04294394583
2       2.04357752500
4       2.04357752500
1       2.04357766250
2       2.04358171250
4       2.04358172917
1       2.04358185000
2       2.04368245833
4       2.04368247917
1       2.04368260000
2       2.04371392500
4       2.04371392500
1       2.04371406250
2       2.04373348750
4       2.04373350417
1       2.04373362500
2       2.04403295833
4       2.04403297917
1       2.04403310000
2       2.04466222917
4       2.04466224583
1       2.04466236667
2       2.04516933333
4       2.04516935000
1       2.04516947083
2       2.04517035417
4       2.04517037500
1       2.04517049583
2       2.04543815417
4       2.04543817500
1       2.04543829167
2       2.04553175000
4       2.04553177083
1       2.04553189167
2       2.04556548333
4       2.04556550417
1       2.04556562500
2       2.04563337500
4       2.04563337500
1       2.04563351250
2       2.04569598333
4       2.04569600417
1       2.04569612500
2       2.04578579583
4       2.04578579583
1       2.04578593333
2       2.04587555417
4       2.04587557500
1       2.04587569583
2       2.04589770000
4       2.04589771667
1       2.04589783750
2       2.04597159167
4       2.04597160833
1       2.04597172917
2       2.04597556667
4       2.04597556667
1       2.04597570417
2       2.04598852083
4       2.04598854167
1       2.04598865833
2       2.04605006250
4       2.04605007917
1       2.04605020000
2       2.04629418333
4       2.04629420000
1       2.04629432083
2       2.04640184583
4       2.04640186667
1       2.04640198750
2       2.04642832917
4       2.04642835000
1       2.04642846667
2       2.04643892500
4       2.04643894583
1       2.04643906667
2       2.04662076667
4       2.04662076667
1       2.04662090417
2       2.04663007083
4       2.04663008750
1       2.04663020833
2       2.04677249583
4       2.04677251667
1       2.04677263750
2       2.04684567083
4       2.04684568750
1       2.04684580833
2       2.04705697917
4       2.04705700000
1       2.04705711667
2       2.04719353333
4       2.04719355000
1       2.04719367083
2       2.04724380417
4       2.04724382500
1       2.04724394583
2       2.04747433333
4       2.04747435417
1       2.04747447500
2       2.04752501667
4       2.04752501667
1       2.04752515417
2       2.04818382083
4       2.04818383750
1       2.04818395833
2       2.04820435000
4       2.04820436667
1       2.04820448750
2       2.04825270000
4       2.04825272083
1       2.04825284167
2       2.04833525000
4       2.04833527083
1       2.04833539167
2       2.04836632500
4       2.04836634583
1       2.04836646667
2       2.04841232500
4       2.04841234583
1       2.04841246250
2       2.04846042500
4       2.04846044583
1       2.04846056667
2       2.04846869167
4       2.04846871250
1       2.04846883333
2       2.04860982083
4       2.04860984167
1       2.04860996250
2       2.04867828750
4       2.04867830833
1       2.04867842917
2       2.04868098750
4       2.04868100417
1       2.04868112500
2       2.04884195000
4       2.04884197083
1       2.04884209167
2       2.04886547917
4       2.04886549583
1       2.04886561667
2       2.05274281667
4       2.05274283750
1       2.05274295833
2       2.05277795833
4       2.05277797917
1       2.05277810000
2       2.05292594583
4       2.05292594583
1       2.05292608333
2       2.05326349583
4       2.05326351667
1       2.05326363750
2       2.05335765417
4       2.05335767500
1       2.05335779167
2       2.05338871667
4       2.05338871667
1       2.05338885417
2       2.05352782083
4       2.05352784167
1       2.05352796250
2       2.05371963333
4       2.05371965417
1       2.05371977083
2       2.05455332500
4       2.05455332500
1       2.05455346250
2       2.05455662917
4       2.05455665000
1       2.05455677083
2       2.05462514167
4       2.05462516250
1       2.05462528333
2       2.05499812083
4       2.05499813750
1       2.05499825833
2       2.05520678750
4       2.05520680833
1       2.05520692917
2       2.05522699583
4       2.05522701667
1       2.05522713750
2       2.05530026250
4       2.05530028333
1       2.05530040417
2       2.05539460000
4       2.05539462083
1       2.05539474167
2       2.05608129583
4       2.05608131667
1       2.05608143750
2       2.05621969583
4       2.05621969583
1       2.05621983333
2       2.05630253750
4       2.05630255833
1       2.05630267917
2       2.05637772917
4       2.05637774583
1       2.05637786667
2       2.05711663333
4       2.05711665000
1       2.05711677083
2       2.05740120833
4       2.05740122917
1       2.05740134583
2       2.05751779583
4       2.05751779583
1       2.05751793333
2       2.05754692083
4       2.05754693750
1       2.05754705833
2       2.05758147083
4       2.05758148750
1       2.05758160833
2       2.05779027500
4       2.05779027500
1       2.05779041250
2       2.05786195000
4       2.05786197083
1       2.05786208750
2       2.05820737917
4       2.05820739583
1       2.05820751667
2       2.05851771667
4       2.05851771667
1       2.05851785417
2       2.05856212083
4       2.05856214167
1       2.05856226250
2       2.05876585417
4       2.05876585417
1       2.05876599167
2       2.05930438750
4       2.05930440833
1       2.05930452917
2       2.05958595833
4       2.05958597917
1       2.05958610000
2       2.05967770417
4       2.05967772500
1       2.05967784583
2       2.05978697500
4       2.05978697500
1       2.05978711250
2       2.05979333750
4       2.05979335417
1       2.05979347500
2       2.06004730833
4       2.06004732500
1       2.06004744583
2       2.06030038750
4       2.06030040833
1       2.06030052917
2       2.06032630417
4       2.06032632500
1       2.06032644583
2       2.06040347083
4       2.06040348750
1       2.06040360833
2       2.06048091667
4       2.06048091667
1       2.06048105417
2       2.06065082083
4       2.06065083750
1       2.06065095833
2       2.06083405000
4       2.06083407083
1       2.06083419167
2       2.06087642083
4       2.06087644167
1       2.06087656250
2       2.06093040833
4       2.06093042500
1       2.06093054583
2       2.06159877083
4       2.06159879167
1       2.06159891250
2       2.06173067500
4       2.06173069583
1       2.06173081667
2       2.06177737500
4       2.06177739583
1       2.06177751667
2       2.06188827917
4       2.06188829583
1       2.06188841667
2       2.06189060833
4       2.06189062917
1       2.06189075000
2       2.06192507917
4       2.06192509583
1       2.06192521667
2       2.06697690417
4       2.06697692500
1       2.06697704583
2       2.06700275833
4       2.06700277917
1       2.06700290000
2       2.06702759167
4       2.06702761250
1       2.06702773333
2       2.06731517500
4       2.06731519583
1       2.06731531667
2       2.06740637917
4       2.06740639583
1       2.06740651667
2       2.06774106667
4       2.06774108750
1       2.06774120833
2       2.06777251250
4       2.06777253333
1       2.06777265417
2       2.06780330833
4       2.06780332917
1       2.06780345000
2       2.06780736250
4       2.06780737917
1       2.06780750000
2       2.06813056250
4       2.06813058333
1       2.06813070417
2       2.06816634583
4       2.06816636667
1       2.06816648750
2       2.06855874167
4       2.06855876250
1       2.06855888333
2       2.06906097917
4       2.06906100000
1       2.06906112083
2       2.06911962917
4       2.06911964583
1       2.06911976667
2       2.06938887917
4       2.06938890000
1       2.06938902083
2       2.06991752083
4       2.06991754167
1       2.06991766250
2       2.07013752083
4       2.07013753750
1       2.07013765833
2       2.07026201250
4       2.07026202917
1       2.07026215000
2       2.07072537917
4       2.07072539583
1       2.07072551667
2       2.07087842500
4       2.07087842500
1       2.07087856250
2       2.07108480833
4       2.07108482917
1       2.07108494583
2       2.07124479167
4       2.07124481250
1       2.07124493333
2       2.07132295417
4       2.07132297500
1       2.07132309167
2       2.07136571667
4       2.07136573750
1       2.07136585417
2       2.07138816250
4       2.07138818333
1       2.07138830417
2       2.07140397500
4       2.07140399583
1       2.07140411667
2       2.07168430000
4       2.07168432083
1       2.07168444167
2       2.07191449167
4       2.07191451250
1       2.07191463333
2       2.07191613333
4       2.07191615000
1       2.07191627083
2       2.07196050833
4       2.07196052917
1       2.07196065000
2       2.07198040000
4       2.07198042083
1       2.07198054167
2       2.07212414583
4       2.07212416667
1       2.07212428750
2       2.07250175833
4       2.07250177500
1       2.07250189583
2       2.07251736250
4       2.07251738333
1       2.07251750417
2       2.07297538750
4       2.07297540417
1       2.07297552500
2       2.07309297917
4       2.07309300000
1       2.07309312083
2       2.07347791667
4       2.07347791667
1       2.07347805417
2       2.07348583333
4       2.07348585417
1       2.07348597500
2       2.07371206667
4       2.07371206667
1       2.07371220417
2       2.07400748750
4       2.07400750417
1       2.07400762500
2       2.07435006250
4       2.07435008333
1       2.07435020417
2       2.07436819583
4       2.07436821667
1       2.07436833333
2       2.07446295000
4       2.07446297083
1       2.07446309167
2       2.07506243750
4       2.07506245417
1       2.07506257500
2       2.07511745000
4       2.07511746667
1       2.07511758750
2       2.07526918333
4       2.07526920417
1       2.07526932500
2       2.07528071250
4       2.07528072917
1       2.07528085000
2       2.07558780417
4       2.07558782500
1       2.07558794583
2       2.07672586667
4       2.07672588750
1       2.07672600833
2       2.07676757083
4       2.07676758750
1       2.07676770833
2       2.07685905000
4       2.07685907083
1       2.07685919167
2       2.07771422083
4       2.07771424167
1       2.07771436250
2       2.08027297500
4       2.08027299583
1       2.08027311667
2       2.08089368333
4       2.08089370000
1       2.08089382083
2       2.08112053750
4       2.08112055833
1       2.08112067917
2       2.08180552917
4       2.08180555000
1       2.08180567083
2       2.08240012917
4       2.08240014583
1       2.08240026667
2       2.08260382917
4       2.08260385000
1       2.08260397083
2       2.08292410000
4       2.08292412083
1       2.08292424167
2       2.08433517083
4       2.08433519167
1       2.08433531250
2       2.08456300000
4       2.08456302083
1       2.08456314167
2       2.08551659167
4       2.08551661250
1       2.08551673333
2       2.08553221250
4       2.08553222917
1       2.08553235000
2       2.08696873750
4       2.08696875833
1       2.08696887500
2       2.08723304167
4       2.08723306250
1       2.08723317917
2       2.08852448333
4       2.08852450000
1       2.08852462083
2       2.08902561667
4       2.08902563750
1       2.08902575833
2       2.09077810417
4       2.09077812500
1       2.09077824583
2       2.09176287083
4       2.09176289167
1       2.09176301250
2       2.09255152083
4       2.09255154167
1       2.09255166250
2       2.09310729167
4       2.09310731250
1       2.09310743333
2       2.09562192917
4       2.09562194583
1       2.09562206667
2       2.09730029583
4       2.09730029583
1       2.09730043333
2       2.09768254167
4       2.09768256250
1       2.09768268333
2       2.09808224583
4       2.09808226667
1       2.09808238750
2       2.10456872917
4       2.10456875000
1       2.10456887083
2       2.10517685417
4       2.10517687500
1       2.10517699583
2       2.10569623750
4       2.10569625833
1       2.10569637917
2       2.10825752917
4       2.10825755000
1       2.10825767083
2       2.11601817083
4       2.11601819167
1       2.11601831250
2       2.11723382500
4       2.11723382500
1       2.11723396250
2       2.12342505000
4       2.12342507083
1       2.12342519167
2       2.12370499167
4       2.12370501250
1       2.12370512917
2       2.12497517917
4       2.12497519583
1       2.12497531667
2       2.12558696250
4       2.12558698333
1       2.12558710417
2       2.12964013750
4       2.12964015417
1       2.12964027500
2       2.14343934167
4       2.14343936250
1       2.14343948333
2       6.42737391250
4       6.42737393333
1       6.42737405417
2       6.42784184167
4       6.42784185833
1       6.42784197917
2       6.43117045417
4       6.43117047500
1       6.43117059583
2       6.43405028750
4       6.43405030833
1       6.43405042917
2       6.43411060000
2       6.43414972917
2       6.43702033333
4       6.43702035417
1       6.43702047500
2       6.43871987083
4       6.43871988750
1       6.43872000833
2       6.43880975833
2       6.43883401667
2       6.43897632917
4       6.43897635000
1       6.43897647083
2       6.44060899167
4       6.44060900833
1       6.44060912917
2       6.44110467917
4       6.44110469583
1       6.44110481667
2       6.44155491667
4       6.44155491667
1       6.44155505417
2       6.44262497917
4       6.44262499583
1       6.44262511667
2       6.44391305000
4       6.44391306667
1       6.44391318750
2       6.44617863750
4       6.44617865417
1       6.44617877500
2       6.44799263333
4       6.44799265000
1       6.44799277083
2       6.45018438750
4       6.45018440833
1       6.45018452500
2       6.45055703750
4       6.45055705417
1       6.45055717500
2       6.45206036250
4       6.45206037917
1       6.45206050000
2       6.45578881667
4       6.45578881667
1       6.45578895417
2       6.45694338333
4       6.45694340000
1       6.45694352083
2       6.45703192083
2       6.45773836250
4       6.45773838333
1       6.45773850417
2       6.45864069167
4       6.45864070833
1       6.45864082917
2       6.45961470833
4       6.45961472917
1       6.45961485000
2       6.46246537083
4       6.46246539167
1       6.46246551250
2       6.46247566250
2       6.46275124583
4       6.46275126667
1       6.46275138750
2       6.46424468333
4       6.46424470417
1       6.46424482083
2       6.46517383750
4       6.46517385833
1       6.46517397917
2       6.46623012917
4       6.46623015000
1       6.46623027083
2       6.46669610000
4       6.46669612083
1       6.46669624167
2       6.46809809167
4       6.46809810833
1       6.46809822917
2       6.46897725000
4       6.46897726667
1       6.46897738750
2       6.46899482500
2       6.47006003750
4       6.47006005833
1       6.47006017917
2       6.47009885000
2       6.47017772083
2       6.47106464583
4       6.47106466667
1       6.47106478750
2       6.47109743333
2       6.47180501250
4       6.47180502917
1       6.47180515000
2       6.47274796250
4       6.47274798333
1       6.47274810417
2       6.47329354583
4       6.47329356667
1       6.47329368333
2       6.47404444167
4       6.47404445833
1       6.47404457917
2       6.47434190833
4       6.47434192917
1       6.47434205000
2       6.47441172083
2       6.47447705417
2       6.47456115833
4       6.47456117500
1       6.47456129583
2       6.47536570417
4       6.47536572500
1       6.47536584583
2       6.47606880833
4       6.47606882500
1       6.47606894583
2       6.47640999167
4       6.47641000833
1       6.47641012917
2       6.47643817917
2       6.47712882500
4       6.47712882500
1       6.47712896250
2       6.47739345000
4       6.47739346667
1       6.47739358750
2       6.47757265000
2       6.47759710000
4       6.47759711667
1       6.47759723750
2       6.47785325417
4       6.47785325417
1       6.47785339167
2       6.47847725833
4       6.47847727917
1       6.47847740000
2       6.47856235000
2       6.47876441667
4       6.47876443750
1       6.47876455417
2       6.47905454167
4       6.47905455833
1       6.47905467917
2       6.47906509583
2       6.47922615417
2       6.47934237083
4       6.47934238750
1       6.47934250833
2       6.47946120833
2       6.47953357917
2       6.48030628750
4       6.48030630833
1       6.48030642500
2       6.48072654167
4       6.48072655833
1       6.48072667917
2       6.48101907500
4       6.48101907500
1       6.48101921250
2       6.48114191250
2       6.48170905417
4       6.48170907500
1       6.48170919583
2       6.48173619583
2       6.48173704583
2       6.48198758750
4       6.48198760833
1       6.48198772500
2       6.48241715000
4       6.48241717083
1       6.48241729167
2       6.48243544583
2       6.48251260417
2       6.48256660417
2       6.48259475833
2       6.48269448333
4       6.48269450417
1       6.48269462500
2       6.48277517917
2       6.48289512083
4       6.48289513750
1       6.48289525833
2       6.48299885000
2       6.48357318750
4       6.48357320833
1       6.48357332917
2       6.48377982500
4       6.48377982500
1       6.48377996250
2       6.48412628333
4       6.48412630417
1       6.48412642500
2       6.48460727500
4       6.48460729583
1       6.48460741667
2       6.48465666667
2       6.48509420417
4       6.48509422083
1       6.48509434167
2       6.48510141667
2       6.48519623333
2       6.48529229167
4       6.48529230833
1       6.48529242917
2       6.48561155417
4       6.48561157500
1       6.48561169583
2       6.48575098333
2       6.48600700417
4       6.48600702083
1       6.48600714167
2       6.48607067083
2       6.48614802500
2       6.48635342500
4       6.48635342500
1       6.48635356250
2       6.48637857083
2       6.48638691250
2       6.48650060417
2       6.48689475000
4       6.48689476667
1       6.48689488750
2       6.48691529583
2       6.48692850833
2       6.48699278750
2       6.48725503333
4       6.48725505417
1       6.48725517500
2       6.48735711667
2       6.48760755833
4       6.48760757917
1       6.48760770000
2       6.48779662917
2       6.48780652917
4       6.48780654583
1       6.48780666667
2       6.48785135000
2       6.48785200833
2       6.48787547500
2       6.48790036667
2       6.48796168333
2       6.48820539167
4       6.48820540833
1       6.48820552917
2       6.48825331667
2       6.48851374167
4       6.48851375833
1       6.48851387917
2       6.48882049583
4       6.48882049583
1       6.48882063333
2       6.48882481250
2       6.48882610833
2       6.48884931250
2       6.48903714167
4       6.48903715833
1       6.48903727917
2       6.48921160000
2       6.48929412500
4       6.48929412500
1       6.48929426250
2       6.48952501250
4       6.48952502917
1       6.48952515000
2       6.48967182083
2       6.48974025833
4       6.48974027917
1       6.48974040000
2       6.48975158750
2       6.48982905833
2       6.48984165000
2       6.48988140000
2       6.48997218333
4       6.48997220000
1       6.48997232083
2       6.48999569167
2       6.49001261250
2       6.49011630417
2       6.49041236250
4       6.49041238333
1       6.49041250417
2       6.49041735417
2       6.49046832083
2       6.49049218750
2       6.49057433333
2       6.49063625000
4       6.49063626667
1       6.49063638750
2       6.49064788750
2       6.49077471667
2       6.49079323333
2       6.49087477500
4       6.49087477500
1       6.49087491250
2       6.49096942083
2       6.49106747083
4       6.49106749167
1       6.49106760833
2       6.49111255417
2       6.49130137500
4       6.49130139583
1       6.49130151667
2       6.49148087917
2       6.49149572917
2       6.49170577917
4       6.49170579583
1       6.49170591667
2       6.49177009167
2       6.49183104167
2       6.49210197917
4       6.49210199583
1       6.49210211667
2       6.49241138750
4       6.49241140833
1       6.49241152500
2       6.49251371667
2       6.49255072500
2       6.49256134167
2       6.49263519167
4       6.49263520833
1       6.49263532917
2       6.49274023333
2       6.49281644583
2       6.49289695000
4       6.49289697083
1       6.49289709167
2       6.49292705000
2       6.49308331250
2       6.49317216250
4       6.49317218333
1       6.49317230417
2       6.49325465417
2       6.49359812500
4       6.49359814583
1       6.49359826250
2       6.49368192083
2       6.49374286667
2       6.49380716667
4       6.49380718750
1       6.49380730833
2       6.49394552917
2       6.49397967500
2       6.49420459167
4       6.49420461250
1       6.49420472917
2       6.49439003750
4       6.49439005417
1       6.49439017500
2       6.49468325000
4       6.49468327083
1       6.49468339167
2       6.49468975417
2       6.49469254583
2       6.49501308750
4       6.49501310833
1       6.49501322500
2       6.49502607917
2       6.49514625833
2       6.49521482500
4       6.49521484583
1       6.49521496667
2       6.49525025417
2       6.49539267500
4       6.49539269583
1       6.49539281250
2       6.49542215417
2       6.49547842917
2       6.49549277500
2       6.49557784583
2       6.49569406667
4       6.49569408750
1       6.49569420833
2       6.49586399583
2       6.49588483750
4       6.49588485417
1       6.49588497500
2       6.49610123333
4       6.49610125417
1       6.49610137083
2       6.49615556667
2       6.49616082500
2       6.49628470417
2       6.49638574167
4       6.49638576250
1       6.49638588333
2       6.49650100000
2       6.49666523750
4       6.49666525417
1       6.49666537500
2       6.49677195833
2       6.49677255833
2       6.49685247500
4       6.49685247500
1       6.49685261250
2       6.49688325000
2       6.49691296667
2       6.49693381667
2       6.49695937917
2       6.49697368750
2       6.49703920417
2       6.49705770417
4       6.49705772083
1       6.49705784167
2       6.49710782083
2       6.49711046250
2       6.49719821250
2       6.49724496667
2       6.49733732917
4       6.49733734583
1       6.49733746667
2       6.49736387917
2       6.49740265000
2       6.49744199167
2       6.49750887500
2       6.49770236250
4       6.49770237917
1       6.49770250000
2       6.49771295417
2       6.49771889583
2       6.49775799167
2       6.49789348333
4       6.49789350000
1       6.49789362083
2       6.49790303333
2       6.49791363750
2       6.49792232917
2       6.49797492500
2       6.49807492500
2       6.49808320000
4       6.49808322083
1       6.49808334167
2       6.49809577917
2       6.49819359583
2       6.49819647917
2       6.49820755833
2       6.49827607917
2       6.49830616667
4       6.49830618750
1       6.49830630833
2       6.49832673750
2       6.49837933750
2       6.49845592917
2       6.49846582500
2       6.49859770417
4       6.49859770417
1       6.49859784167
2       6.49866824167
2       6.49875929583
2       6.49885101250
4       6.49885103333
1       6.49885115417
2       6.49900274167
2       6.49910277500
4       6.49910279583
1       6.49910291250
2       6.49913758333
2       6.49930086250
4       6.49930088333
1       6.49930100000
2       6.49930914167
2       6.49941705000
2       6.49944861667
2       6.49960852917
4       6.49960855000
1       6.49960866667
2       6.49975496667
2       6.49981156250
4       6.49981158333
1       6.49981170417
2       6.49982055417
2       6.49986560833
2       6.49989545417
2       6.49991099583
2       6.50011755833
4       6.50011757917
1       6.50011770000
2       6.50017797083
2       6.50028428333
2       6.50031867500
4       6.50031867500
1       6.50031881250
2       6.50040221250
2       6.50054430417
4       6.50054432500
1       6.50054444583
2       6.50055684167
2       6.50056511250
2       6.50064305000
2       6.50069662083
2       6.50073634583
4       6.50073634583
1       6.50073648333
2       6.50074100417
2       6.50075921667
2       6.50078900833
2       6.50081814583
2       6.50092154167
2       6.50094402083
4       6.50094404167
1       6.50094416250
2       6.50096526667
2       6.50104904583
2       6.50115175833
4       6.50115177500
1       6.50115189583
2       6.50125240833
2       6.50127092083
2       6.50133620833
4       6.50133622917
1       6.50133635000
2       6.50139717083
2       6.50147069583
2       6.50150613333
2       6.50168862917
4       6.50168865000
1       6.50168877083
2       6.50171381250
2       6.50175584583
2       6.50177615833
2       6.50187511667
4       6.50187513750
1       6.50187525833
2       6.50195098333
2       6.50204302083
2       6.50214212083
4       6.50214214167
1       6.50214226250
2       6.50216929167
2       6.50217359167
2       6.50217522083
2       6.50241739583
4       6.50241741667
1       6.50241753333
2       6.50243722500
2       6.50250013333
2       6.50256220000
2       6.50267832917
4       6.50267834583
1       6.50267846667
2       6.50271410417
2       6.50274628750
2       6.50276286250
2       6.50277272917
2       6.50317190833
4       6.50317192500
1       6.50317204583
2       6.50318177083
2       6.50326001250
2       6.50326398333
2       6.50326594583
2       6.50340871250
4       6.50340873333
1       6.50340885417
2       6.50349607917
2       6.50351528333
2       6.50357935000
2       6.50362935417
4       6.50362935417
1       6.50362949167
2       6.50371278750
2       6.50373166667
2       6.50396882917
4       6.50396885000
1       6.50396897083
2       6.50401555833
2       6.50413213333
2       6.50413609167
2       6.50434180000
4       6.50434181667
1       6.50434193750
2       6.50436567917
2       6.50438754167
2       6.50443825417
2       6.50466104167
4       6.50466105833
1       6.50466117917
2       6.50473820417
2       6.50484953333
4       6.50484955000
1       6.50484967083
2       6.50489363333
2       6.50489794583
2       6.50490386250
2       6.50496643750
2       6.50504895833
4       6.50504897917
1       6.50504910000
2       6.50506787917
2       6.50517749583
2       6.50531234583
4       6.50531236667
1       6.50531248750
2       6.50542425000
2       6.50549975833
2       6.50556502083
4       6.50556504167
1       6.50556516250
2       6.50557797500
2       6.50588236667
4       6.50588236667
1       6.50588250417
2       6.50589547083
2       6.50590523333
2       6.50596118333
2       6.50604064583
2       6.50608899167
4       6.50608900833
1       6.50608912917
2       6.50617475417
2       6.50618971250
2       6.50623117917
2       6.50626092917
2       6.50635601667
4       6.50635601667
1       6.50635615417
2       6.50638877500
2       6.50657035000
4       6.50657037083
1       6.50657049167
2       6.50660507500
2       6.50661336250
2       6.50667603333
2       6.50669283333
2       6.50671206667
2       6.50681630833
4       6.50681632917
1       6.50681645000
2       6.50681813750
2       6.50684783750
2       6.50687212500
2       6.50701088750
4       6.50701090417
1       6.50701102500
2       6.50701852083
2       6.50706645417
2       6.50709205417
2       6.50709327083
2       6.50709525833
2       6.50710492917
2       6.50714365417
2       6.50714601250
2       6.50716492083
2       6.50719595000
4       6.50719596667
1       6.50719608750
2       6.50722115000
2       6.50728442083
2       6.50732411250
2       6.50734269583
2       6.50749769583
4       6.50749771667
1       6.50749783750
2       6.50752165417
2       6.50752947917
2       6.50759637083
2       6.50767190833
2       6.50771200000
4       6.50771202083
1       6.50771214167
2       6.50775247083
2       6.50777062917
2       6.50794300000
4       6.50794301667
1       6.50794313750
2       6.50796087917
2       6.50798461667
2       6.50799056250
2       6.50799323333
2       6.50805952500
2       6.50811910833
2       6.50814195000
4       6.50814197083
1       6.50814209167
2       6.50814694583
2       6.50818040000
2       6.50820092083
2       6.50822214167
2       6.50824071250
2       6.50828902500
2       6.50830765000
2       6.50834837917
4       6.50834839583
1       6.50834851667
2       6.50846290417
2       6.50846487500
2       6.50853215833
4       6.50853217917
1       6.50853230000
2       6.50858483750
2       6.50863479583
2       6.50867128750
2       6.50867723750
2       6.50869379583
2       6.50877886250
4       6.50877888333
1       6.50877900417
2       6.50886339167
2       6.50887394583
2       6.50890741667
2       6.50903360417
4       6.50903362500
1       6.50903374583
2       6.50907174583
2       6.50907607083
2       6.50921253750
4       6.50921255417
1       6.50921267500
2       6.50923895000
2       6.50933540000
2       6.50968255833
4       6.50968257917
1       6.50968270000
2       6.50975933750
2       6.50977553750
2       6.50984077500
2       6.50988486667
2       6.50994151667
4       6.50994151667
1       6.50994165417
2       6.50999381667
2       6.51009021667
2       6.51011809167
2       6.51011979167
4       6.51011981250
1       6.51011993333
2       6.51015981667
2       6.51029472083
2       6.51038742083
4       6.51038743750
1       6.51038755833
2       6.51042578750
2       6.51050127500
2       6.51056095833
2       6.51058974583
4       6.51058974583
1       6.51058988333
2       6.51061330000
2       6.51068180417
2       6.51072583750
2       6.51073845417
2       6.51076560417
2       6.51089775833
4       6.51089777917
1       6.51089790000
2       6.51104990833
2       6.51107003333
2       6.51113529167
4       6.51113531250
1       6.51113543333
2       6.51115145417
2       6.51123564167
2       6.51124224167
2       6.51127347083
2       6.51136975833
4       6.51136977500
1       6.51136989583
2       6.51137174167
2       6.51148737917
2       6.51150661250
2       6.51162851250
4       6.51162853333
1       6.51162865417
2       6.51169542083
2       6.51173090833
2       6.51173910833
2       6.51176498333
2       6.51181764583
4       6.51181764583
1       6.51181778333
2       6.51191691667
2       6.51199750417
4       6.51199752500
1       6.51199764167
2       6.51206839583
2       6.51209115417
2       6.51220247917
4       6.51220249583
1       6.51220261667
2       6.51221310417
2       6.51241017083
4       6.51241018750
1       6.51241030833
2       6.51250852500
2       6.51255922083
2       6.51268240417
4       6.51268242500
1       6.51268254583
2       6.51273504167
2       6.51274964167
2       6.51280827917
2       6.51286724167
4       6.51286726250
1       6.51286738333
2       6.51294279167
2       6.51295267917
2       6.51313551250
4       6.51313553333
1       6.51313565417
2       6.51314380000
2       6.51320614583
2       6.51324054167
2       6.51328891667
2       6.51333261250
4       6.51333263333
1       6.51333275417
2       6.51336675833
2       6.51339361667
2       6.51341866250
2       6.51352144167
2       6.51352339583
4       6.51352341667
1       6.51352353750
2       6.51361149583
2       6.51367912917
2       6.51385300000
4       6.51385302083
1       6.51385314167
2       6.51395172917
2       6.51398317500
2       6.51403719167
2       6.51411672917
4       6.51411675000
1       6.51411687083
2       6.51421135417
2       6.51432265417
4       6.51432267500
1       6.51432279583
2       6.51435319167
2       6.51437839167
2       6.51438129583
2       6.51448396250
2       6.51456769167
4       6.51456770833
1       6.51456782917
2       6.51459760417
2       6.51462312500
2       6.51478340833
4       6.51478342500
1       6.51478354583
2       6.51482611667
2       6.51487648750
2       6.51488475417
2       6.51494975417
2       6.51501062083
4       6.51501064167
1       6.51501076250
2       6.51506368333
2       6.51507926250
2       6.51523084167
4       6.51523085833
1       6.51523097917
2       6.51523790000
2       6.51531969583
2       6.51537201250
2       6.51546176250
4       6.51546177917
1       6.51546190000
2       6.51547433750
2       6.51555148333
2       6.51556013750
2       6.51568894583
4       6.51568896667
1       6.51568908750
2       6.51582643333
2       6.51585533750
2       6.51597889583
4       6.51597889583
1       6.51597903333
2       6.51599402917
2       6.51600499583
2       6.51609111250
2       6.51615171667
2       6.51620042500
4       6.51620044583
1       6.51620056667
2       6.51624519167
2       6.51626929583
2       6.51627788750
2       6.51632527083
2       6.51634954583
2       6.51641807917
4       6.51641810000
1       6.51641822083
2       6.51650577500
2       6.51651873333
2       6.51654892500
2       6.51661902917
4       6.51661904583
1       6.51661916667
2       6.51684597083
4       6.51684599167
1       6.51684611250
2       6.51695763333
2       6.51709149167
4       6.51709151250
1       6.51709163333
2       6.51713555833
2       6.51718980833
2       6.51726332083
2       6.51730377500
4       6.51730377500
1       6.51730391250
2       6.51732696250
2       6.51735970833
2       6.51758588750
4       6.51758590833
1       6.51758602917
2       6.51760283750
2       6.51760882083
2       6.51761246250
2       6.51765820417
2       6.51767599167
2       6.51768253750
2       6.51788996667
4       6.51788998750
1       6.51789010833
2       6.51801421250
2       6.51806455417
2       6.51843554583
4       6.51843556667
1       6.51843568750
2       6.51862860000
2       6.51877080417
4       6.51877080417
1       6.51877094167
2       6.51883310000
2       6.51884224583
2       6.51892547500
2       6.51903537917
4       6.51903540000
1       6.51903552083
2       6.51906055833
2       6.51918209167
2       6.51924071667
4       6.51924073750
1       6.51924085833
2       6.51930544583
2       6.51936204583
2       6.51936697083
2       6.51941929583
2       6.51946963333
4       6.51946965000
1       6.51946977083
2       6.51958256667
2       6.51973099167
4       6.51973101250
1       6.51973113333
2       6.51975318750
2       6.51978963750
2       6.51984921667
2       6.51991101250
4       6.51991103333
1       6.51991115000
2       6.51999360833
2       6.52009230417
4       6.52009232500
1       6.52009244583
2       6.52031494583
4       6.52031494583
1       6.52031508333
2       6.52034878333
2       6.52036068750
2       6.52036396667
2       6.52042226667
2       6.52045110000
2       6.52064813750
4       6.52064815417
1       6.52064827500
2       6.52073851667
2       6.52076572500
2       6.52094624583
4       6.52094624583
1       6.52094638333
2       6.52112349167
2       6.52118072917
4       6.52118075000
1       6.52118087083
2       6.52131954167
2       6.52154809167
4       6.52154811250
1       6.52154823333
2       6.52163225417
2       6.52176079167
4       6.52176081250
1       6.52176093333
2       6.52194459167
4       6.52194460833
1       6.52194472917
2       6.52198197917
2       6.52203862083
2       6.52214990417
4       6.52214990417
1       6.52215004167
2       6.52216450000
2       6.52252087917
4       6.52252089583
1       6.52252101667
2       6.52252951250
2       6.52305518750
4       6.52305520833
1       6.52305532917
2       6.52308297917
2       6.52330755833
4       6.52330757917
1       6.52330770000
2       6.52334099583
2       6.52344041250
2       6.52347953750
2       6.52351492500
4       6.52351492500
1       6.52351506250
2       6.52351559583
2       6.52359075417
2       6.52360101250
2       6.52369740417
2       6.52377631250
4       6.52377632917
1       6.52377645000
2       6.52399517083
4       6.52399518750
1       6.52399530833
2       6.52425789167
4       6.52425790833
1       6.52425802917
2       6.52429893750
2       6.52430423333
2       6.52441393333
2       6.52446322500
4       6.52446322500
1       6.52446336250
2       6.52462392083
2       6.52462924583
2       6.52466258333
4       6.52466260000
1       6.52466272083
2       6.52468974167
2       6.52470040000
2       6.52474116250
2       6.52474839167
2       6.52478459583
2       6.52486364167
4       6.52486366250
1       6.52486378333
2       6.52509057500
4       6.52509057500
1       6.52509071250
2       6.52513216667
2       6.52515387083
2       6.52534137083
4       6.52534138750
1       6.52534150833
2       6.52540067500
2       6.52544230000
2       6.52545196667
2       6.52563215417
4       6.52563217500
1       6.52563229583
2       6.52566255833
2       6.52573610417
2       6.52575112500
2       6.52581664583
2       6.52584506667
4       6.52584508750
1       6.52584520833
2       6.52588750000
2       6.52596700833
2       6.52599354167
2       6.52606536667
4       6.52606536667
1       6.52606550417
2       6.52630016667
4       6.52630016667
1       6.52630030417
2       6.52630883750
2       6.52642372083
2       6.52649569583
4       6.52649569583
1       6.52649583333
2       6.52651220833
2       6.52667186667
4       6.52667188750
1       6.52667200833
2       6.52667815417
2       6.52669433333
2       6.52680996250
2       6.52682488333
2       6.52684908333
2       6.52689802083
4       6.52689803750
1       6.52689815833
2       6.52691832083
2       6.52694048333
2       6.52700968750
2       6.52704677917
2       6.52706594167
2       6.52713663333
4       6.52713665000
1       6.52713677083
2       6.52729462500
2       6.52732595000
4       6.52732596667
1       6.52732608750
2       6.52757345000
4       6.52757346667
1       6.52757358750
2       6.52761155833
2       6.52771190417
2       6.52786060417
4       6.52786062500
1       6.52786074583
2       6.52786130833
2       6.52790604167
2       6.52793718750
2       6.52799905417
2       6.52802026667
2       6.52810207500
4       6.52810209583
1       6.52810221667
2       6.52811707917
2       6.52815837083
2       6.52820582500
2       6.52830980000
4       6.52830982083
1       6.52830994167
2       6.52834392083
2       6.52837036667
2       6.52853400833
4       6.52853402917
1       6.52853415000
2       6.52856124583
2       6.52862745833
2       6.52878773333
4       6.52878775000
1       6.52878787083
2       6.52879597083
2       6.52880756667
2       6.52895538750
2       6.52906032083
4       6.52906034167
1       6.52906046250
2       6.52930412500
4       6.52930414583
1       6.52930426667
2       6.52948355833
4       6.52948357500
1       6.52948369583
2       6.52954885417
2       6.52958032500
2       6.52960661667
2       6.52967942083
4       6.52967944167
1       6.52967956250
2       6.53009411667
4       6.53009411667
1       6.53009425417
2       6.53023754583
2       6.53026631250
2       6.53027332500
2       6.53028089167
4       6.53028091250
1       6.53028103333
2       6.53030809167
2       6.53040315833
2       6.53069119167
4       6.53069121250
1       6.53069133333
2       6.53076153750
2       6.53080234583
2       6.53081720000
2       6.53084762500
2       6.53087249167
4       6.53087250833
1       6.53087262917
2       6.53100100417
2       6.53101719583
2       6.53107153333
4       6.53107155000
1       6.53107167083
2       6.53108121250
2       6.53112845833
2       6.53124915000
2       6.53126897083
4       6.53126899167
1       6.53126911250
2       6.53151403750
4       6.53151405417
1       6.53151417500
2       6.53159492500
2       6.53162967917
2       6.53190587917
4       6.53190589583
1       6.53190601667
2       6.53195262083
2       6.53204142500
2       6.53230902083
4       6.53230903750
1       6.53230915833
2       6.53240807500
2       6.53243055000
2       6.53256736667
4       6.53256736667
1       6.53256750417
2       6.53257563333
2       6.53259014583
2       6.53262805417
2       6.53265910833
2       6.53269325000
2       6.53300533750
4       6.53300533750
1       6.53300547500
2       6.53307283750
2       6.53308050000
2       6.53315375000
2       6.53323285417
4       6.53323285417
1       6.53323299167
2       6.53326795000
2       6.53354682917
4       6.53354685000
1       6.53354697083
2       6.53357989167
2       6.53363258333
2       6.53363657917
2       6.53369553750
2       6.53372665833
2       6.53380451250
4       6.53380452917
1       6.53380465000
2       6.53392682083
2       6.53400985833
4       6.53400987917
1       6.53401000000
2       6.53422182917
4       6.53422185000
1       6.53422197083
2       6.53426861667
2       6.53432188333
2       6.53435074583
2       6.53435437917
2       6.53439970833
4       6.53439972500
1       6.53439984583
2       6.53441697083
2       6.53449117083
2       6.53451529583
2       6.53454045417
2       6.53457174583
2       6.53457825417
2       6.53460540000
4       6.53460541667
1       6.53460553750
2       6.53461637083
2       6.53462702083
2       6.53469582917
2       6.53480048333
4       6.53480050000
1       6.53480062083
2       6.53483827083
2       6.53502543333
4       6.53502545000
1       6.53502557083
2       6.53517182083
2       6.53524970833
4       6.53524972917
1       6.53524985000
2       6.53537085833
2       6.53543216667
4       6.53543218750
1       6.53543230833
2       6.53545305000
2       6.53549474583
2       6.53550770833
2       6.53554706667
2       6.53560282083
2       6.53569188333
4       6.53569190417
1       6.53569202083
2       6.53580510417
2       6.53584718750
2       6.53587901250
2       6.53599264583
4       6.53599266667
1       6.53599278750
2       6.53602142500
2       6.53610720417
2       6.53612445417
2       6.53612607500
2       6.53613540417
2       6.53632747917
4       6.53632749583
1       6.53632761667
2       6.53633317083
2       6.53635533333
2       6.53649541250
2       6.53649934167
2       6.53651402917
2       6.53651565417
2       6.53652851250
4       6.53652852917
1       6.53652865000
2       6.53657686250
2       6.53660007083
2       6.53666928333
2       6.53669447500
2       6.53684316667
4       6.53684318750
1       6.53684330833
2       6.53684983750
2       6.53717078750
4       6.53717080417
1       6.53717092500
2       6.53723566250
2       6.53746424167
4       6.53746426250
1       6.53746438333
2       6.53757122500
2       6.53758380000
2       6.53760108333
2       6.53771238333
4       6.53771240417
1       6.53771252083
2       6.53806013750
4       6.53806015417
1       6.53806027500
2       6.53820058750
2       6.53827771250
4       6.53827773333
1       6.53827785417
2       6.53845193750
2       6.53858447917
4       6.53858449583
1       6.53858461667
2       6.53859063750
2       6.53867762917
2       6.53877396667
4       6.53877396667
1       6.53877410417
2       6.53881074583
2       6.53882130000
2       6.53884586250
2       6.53889780833
2       6.53901549167
4       6.53901551250
1       6.53901563333
2       6.53904789167
2       6.53913438333
2       6.53923536667
4       6.53923536667
1       6.53923550417
2       6.53923629167
2       6.53925554167
2       6.53935030000
2       6.53964340000
4       6.53964342083
1       6.53964354167
2       6.53997066250
4       6.53997067917
1       6.53997080000
2       6.54008626250
2       6.54013393750
2       6.54023402917
4       6.54023405000
1       6.54023417083
2       6.54024523333
2       6.54034157917
2       6.54048868333
4       6.54048870417
1       6.54048882083
2       6.54061223333
2       6.54065433333
2       6.54065669583
2       6.54066724167
2       6.54070769583
4       6.54070769583
1       6.54070783333
2       6.54073677500
2       6.54082656667
2       6.54112200833
4       6.54112202917
1       6.54112214583
2       6.54193547917
4       6.54193550000
1       6.54193562083
2       6.54195863750
2       6.54197090417
2       6.54217063333
4       6.54217065417
1       6.54217077083
2       6.54217133333
2       6.54237205000
4       6.54237207083
1       6.54237219167
2       6.54242203750
2       6.54248925000
2       6.54251480417
2       6.54271990833
4       6.54271992500
1       6.54272004583
2       6.54292157500
4       6.54292159583
1       6.54292171667
2       6.54295304167
2       6.54313861250
4       6.54313863333
1       6.54313875417
2       6.54323696667
2       6.54331175833
2       6.54341209583
4       6.54341209583
1       6.54341223333
2       6.54345255000
2       6.54353902083
2       6.54374997500
4       6.54374997500
1       6.54375011250
2       6.54387975000
2       6.54397220417
4       6.54397222083
1       6.54397234167
2       6.54400267500
2       6.54414448333
2       6.54414842500
2       6.54421539583
4       6.54421539583
1       6.54421553333
2       6.54424049583
2       6.54436075000
2       6.54458897917
4       6.54458900000
1       6.54458911667
2       6.54469361250
2       6.54477550833
2       6.54487412500
4       6.54487414583
1       6.54487426667
2       6.54492587083
2       6.54500863333
2       6.54508450833
4       6.54508452500
1       6.54508464583
2       6.54516130833
2       6.54522425000
2       6.54535017083
4       6.54535019167
1       6.54535030833
2       6.54559951667
4       6.54559953750
1       6.54559965833
2       6.54570849583
2       6.54582946250
4       6.54582948333
1       6.54582960417
2       6.54597513750
2       6.54602314583
4       6.54602316667
1       6.54602328750
2       6.54604645000
2       6.54605658333
2       6.54630827500
4       6.54630829583
1       6.54630841667
2       6.54662767917
4       6.54662770000
1       6.54662782083
2       6.54664387917
2       6.54665015000
2       6.54666050833
2       6.54671447083
2       6.54677181250
2       6.54681053750
2       6.54690460000
4       6.54690461667
1       6.54690473750
2       6.54691890000
2       6.54694139583
2       6.54695760000
2       6.54695994583
2       6.54702180417
2       6.54712215833
4       6.54712217917
1       6.54712230000
2       6.54716226667
2       6.54718055000
2       6.54724841667
2       6.54729443750
2       6.54730234167
4       6.54730235833
1       6.54730247917
2       6.54738414583
2       6.54768895000
4       6.54768896667
1       6.54768908750
2       6.54784986667
2       6.54785817083
2       6.54786044583
2       6.54811885000
4       6.54811887083
1       6.54811899167
2       6.54830966250
4       6.54830968333
1       6.54830980417
2       6.54847526250
4       6.54847532083
1       6.54847544167
2       6.54891380417
4       6.54891382500
1       6.54891394583
2       6.54901060417
2       6.54910820000
4       6.54910821667
1       6.54910833750
2       6.54913303750
2       6.54938776250
4       6.54938778333
1       6.54938790417
2       6.54946889167
2       6.54961668750
4       6.54961670833
1       6.54961682917
2       6.54978229167
2       6.54978394167
4       6.54978395833
1       6.54978407917
2       6.54979460000
2       6.54984020417
2       6.55001321667
4       6.55001323750
1       6.55001335833
2       6.55010427500
2       6.55018870833
2       6.55058516667
4       6.55058518750
1       6.55058530833
2       6.55062697083
2       6.55072955000
2       6.55100448333
4       6.55100450417
1       6.55100462083
2       6.55107139583
2       6.55113597500
2       6.55131051667
4       6.55131051667
1       6.55131065417
2       6.55133374583
2       6.55150538333
2       6.55152453750
4       6.55152455833
1       6.55152467500
2       6.55164678333
2       6.55215585417
4       6.55215587500
1       6.55215599583
2       6.55254171667
4       6.55254173750
1       6.55254185833
2       6.55258342083
2       6.55261958333
2       6.55265000833
2       6.55272818750
2       6.55275838750
2       6.55276200000
2       6.55281007917
4       6.55281009583
1       6.55281021667
2       6.55284337917
2       6.55309822917
4       6.55309825000
1       6.55309837083
2       6.55333851667
4       6.55333851667
1       6.55333865417
2       6.55339831667
2       6.55353807083
4       6.55353808750
1       6.55353820833
2       6.55368814583
2       6.55371894167
2       6.55374972083
4       6.55374974167
1       6.55374986250
2       6.55381764167
2       6.55403687083
4       6.55403689167
1       6.55403700833
2       6.55405179167
2       6.55413430417
2       6.55417567083
2       6.55418591667
2       6.55421217500
2       6.55446285833
4       6.55446287917
1       6.55446300000
2       6.55459304167
2       6.55471162917
4       6.55471164583
1       6.55471176667
2       6.55519362500
4       6.55519364583
1       6.55519376250
2       6.55534588750
2       6.55541477083
4       6.55541478750
1       6.55541490833
2       6.55552045000
2       6.55555797083
2       6.55556420000
2       6.55580100833
4       6.55580102917
1       6.55580115000
2       6.55585042500
2       6.55588784167
2       6.55600038750
4       6.55600040417
1       6.55600052500
2       6.55606335000
2       6.55606930000
2       6.55616565000
2       6.55621800000
4       6.55621802083
1       6.55621814167
2       6.55622265833
2       6.55625845000
2       6.55628164583
2       6.55652585000
4       6.55652587083
1       6.55652598750
2       6.55654232917
2       6.55675520833
4       6.55675522917
1       6.55675535000
2       6.55675767083
2       6.55687718750
2       6.55692264167
2       6.55699205000
4       6.55699206667
1       6.55699218750
2       6.55723125417
4       6.55723127083
1       6.55723139167
2       6.55733660833
2       6.55735615000
2       6.55775953750
4       6.55775955833
1       6.55775967917
2       6.55778247500
2       6.55792550000
2       6.55798244167
4       6.55798246250
1       6.55798258333
2       6.55813119583
2       6.55834949167
4       6.55834951250
1       6.55834962917
2       6.55842599167
2       6.55856751667
4       6.55856753750
1       6.55856765833
2       6.55856880417
2       6.55859795000
2       6.55860319583
2       6.55865157917
2       6.55870155833
2       6.55871513333
2       6.55875228333
2       6.55876054583
2       6.55890070833
4       6.55890072917
1       6.55890085000
2       6.55892153750
2       6.55895295000
2       6.55896985417
2       6.55908310417
2       6.55911257083
4       6.55911259167
1       6.55911271250
2       6.55914840833
2       6.55917125417
2       6.55931596667
4       6.55931596667
1       6.55931610417
2       6.55936936667
2       6.55950120417
2       6.55957797917
4       6.55957799583
1       6.55957811667
2       6.55958274167
2       6.55966385000
2       6.55970187500
2       6.55972146667
2       6.55980255000
4       6.55980257083
1       6.55980269167
2       6.55987190417
2       6.55992352917
2       6.55999333333
2       6.56008345833
4       6.56008347500
1       6.56008359583
2       6.56034974167
4       6.56034975833
1       6.56034987917
2       6.56044410833
2       6.56047107083
2       6.56059516667
4       6.56059516667
1       6.56059530417
2       6.56065018750
2       6.56066243333
2       6.56071682917
2       6.56090984167
4       6.56090985833
1       6.56090997917
2       6.56101486250
2       6.56108477917
2       6.56126532500
4       6.56126532500
1       6.56126546250
2       6.56128151250
2       6.56140643333
2       6.56142329167
2       6.56147824583
4       6.56147824583
1       6.56147838333
2       6.56151598333
2       6.56155175833
2       6.56159976667
2       6.56164098750
2       6.56181449167
4       6.56181451250
1       6.56181462917
2       6.56190225000
2       6.56190620833
2       6.56193170000
2       6.56220500000
4       6.56220501667
1       6.56220513750
2       6.56221764167
2       6.56234241250
2       6.56241631667
4       6.56241633750
1       6.56241645417
2       6.56250709167
2       6.56253949167
2       6.56262538333
4       6.56262540000
1       6.56262552083
2       6.56264881250
2       6.56281839583
2       6.56313304583
4       6.56313304583
1       6.56313318333
2       6.56322315417
2       6.56322883750
2       6.56332383750
4       6.56332385833
1       6.56332397500
2       6.56344343750
2       6.56344780833
2       6.56385446667
4       6.56385446667
1       6.56385460417
2       6.56391306667
2       6.56391914583
2       6.56393825833
2       6.56406021667
2       6.56417739583
4       6.56417739583
1       6.56417753333
2       6.56433815833
2       6.56435862917
2       6.56437060000
2       6.56452621667
4       6.56452623750
1       6.56452635833
2       6.56457365000
2       6.56458450417
2       6.56468087917
2       6.56472965833
4       6.56472967917
1       6.56472980000
2       6.56482797917
2       6.56483227917
2       6.56485348333
2       6.56503168750
4       6.56503170833
1       6.56503182917
2       6.56504822917
2       6.56510650417
2       6.56525552500
4       6.56525554583
1       6.56525566667
2       6.56537509583
2       6.56538140833
2       6.56540030833
2       6.56548514167
4       6.56548516250
1       6.56548527917
2       6.56565178333
2       6.56568386667
4       6.56568388750
1       6.56568400833
2       6.56579480417
2       6.56591402500
4       6.56591404583
1       6.56591416250
2       6.56599197083
2       6.56606579167
2       6.56607412083
2       6.56613232917
4       6.56613235000
1       6.56613246667
2       6.56622672083
2       6.56643976667
4       6.56643976667
1       6.56643990417
2       6.56654408750
2       6.56674347083
4       6.56674349167
1       6.56674360833
2       6.56678195833
2       6.56683090417
2       6.56697556667
4       6.56697558750
1       6.56697570833
2       6.56702995000
2       6.56708270833
2       6.56714562500
2       6.56719194167
4       6.56719196250
1       6.56719208333
2       6.56733804167
2       6.56783514583
4       6.56783514583
1       6.56783528333
2       6.56835750000
4       6.56835751667
1       6.56835763750
2       6.56846791667
2       6.56880398750
4       6.56880400833
1       6.56880412917
2       6.56887750000
2       6.56953403750
4       6.56953405417
1       6.56953417500
2       6.56954031250
2       6.56962008750
2       6.56968215000
2       6.56986758333
4       6.56986760417
1       6.56986772083
2       6.57001302917
2       6.57008786250
4       6.57008787917
1       6.57008800000
2       6.57014870000
2       6.57044329583
4       6.57044329583
1       6.57044343333
2       6.57045053750
2       6.57049459583
2       6.57053233333
2       6.57060595833
2       6.57060996250
2       6.57076591667
4       6.57076591667
1       6.57076605417
2       6.57082447083
2       6.57088243750
2       6.57091625417
2       6.57094970417
2       6.57110410833
4       6.57110412500
1       6.57110424583
2       6.57139910000
4       6.57139912083
1       6.57139924167
2       6.57154323750
2       6.57167108750
4       6.57167110417
1       6.57167122500
2       6.57180161667
2       6.57194544167
4       6.57194546250
1       6.57194557917
2       6.57201392917
2       6.57217889167
4       6.57217890833
1       6.57217902917
2       6.57235276250
2       6.57235742917
4       6.57235744583
1       6.57235756667
2       6.57257736250
4       6.57257737917
1       6.57257750000
2       6.57276086667
4       6.57276086667
1       6.57276100417
2       6.57283536667
2       6.57301462500
4       6.57301464583
1       6.57301476667
2       6.57301749583
2       6.57302848750
2       6.57303909583
2       6.57310437500
2       6.57322132917
4       6.57322135000
1       6.57322147083
2       6.57353126667
4       6.57353126667
1       6.57353140417
2       6.57354021250
2       6.57355488333
2       6.57357970000
2       6.57378567500
4       6.57378569583
1       6.57378581667
2       6.57382775000
2       6.57383962083
2       6.57397521250
4       6.57397523333
1       6.57397535417
2       6.57416689583
4       6.57416691667
1       6.57416703750
2       6.57416725000
2       6.57419212917
2       6.57434777500
2       6.57445278750
4       6.57445280417
1       6.57445292500
2       6.57488666250
4       6.57488668333
1       6.57488680000
2       6.57493270833
2       6.57494865833
2       6.57503970417
2       6.57508340417
4       6.57508342500
1       6.57508354583
2       6.57519399583
2       6.57524076250
2       6.57540081250
4       6.57540082917
1       6.57540095000
2       6.57553257917
2       6.57576309167
4       6.57576310833
1       6.57576322917
2       6.57581540833
2       6.57601716667
4       6.57601716667
1       6.57601730417
2       6.57606989583
2       6.57607879583
2       6.57619773333
2       6.57621053750
4       6.57621055417
1       6.57621067500
2       6.57637924583
2       6.57638377917
2       6.57639645417
4       6.57639645417
1       6.57639659167
2       6.57639872500
2       6.57642063333
2       6.57644670000
2       6.57663116250
4       6.57663117917
1       6.57663130000
2       6.57667830000
2       6.57677707083
2       6.57701345000
4       6.57701346667
1       6.57701358750
2       6.57714968333
2       6.57719272083
2       6.57738118333
4       6.57738120000
1       6.57738132083
2       6.57767987083
4       6.57767988750
1       6.57768000833
2       6.57787534583
4       6.57787536667
1       6.57787548333
2       6.57788302083
2       6.57790215000
2       6.57790639583
2       6.57799886667
2       6.57808731250
4       6.57808732917
1       6.57808745000
2       6.57825137500
2       6.57842224583
4       6.57842226667
1       6.57842238333
2       6.57846657917
2       6.57849170000
2       6.57859348750
2       6.57859438333
2       6.57860511250
4       6.57860513333
1       6.57860525000
2       6.57867263750
2       6.57875480417
2       6.57876405417
2       6.57878987083
2       6.57887435000
4       6.57887437083
1       6.57887449167
2       6.57912538750
4       6.57912540833
1       6.57912552917
2       6.57918600833
2       6.57926781250
2       6.57940590417
4       6.57940590417
1       6.57940604167
2       6.57969376250
4       6.57969377917
1       6.57969390000
2       6.57980704583
2       6.57987162917
2       6.58005683750
4       6.58005685833
1       6.58005697917
2       6.58014889167
2       6.58024271250
4       6.58024273333
1       6.58024285417
2       6.58024827083
2       6.58034825417
2       6.58041086667
2       6.58043210417
4       6.58043212500
1       6.58043224583
2       6.58047578333
2       6.58049572500
2       6.58055132083
2       6.58084079583
4       6.58084081667
1       6.58084093750
2       6.58104850000
4       6.58104852083
1       6.58104864167
2       6.58117633750
2       6.58141350000
4       6.58141351667
1       6.58141363750
2       6.58146816250
2       6.58149567083
2       6.58156058750
2       6.58167458333
4       6.58167460000
1       6.58167472083
2       6.58170271667
2       6.58206569583
4       6.58206571667
1       6.58206583750
2       6.58219355417
2       6.58228200417
4       6.58228202500
1       6.58228214583
2       6.58240986667
2       6.58251253333
4       6.58251255000
1       6.58251267083
2       6.58257314583
2       6.58264607083
2       6.58272682917
4       6.58272684583
1       6.58272696667
2       6.58278115833
2       6.58286132917
2       6.58290074583
4       6.58290074583
1       6.58290088333
2       6.58315118333
4       6.58315120000
1       6.58315132083
2       6.58342212500
4       6.58342214583
1       6.58342226250
2       6.58344162083
2       6.58346058750
2       6.58375594167
4       6.58375596250
1       6.58375608333
2       6.58387769167
2       6.58388982500
2       6.58397622083
4       6.58397624167
1       6.58397635833
2       6.58400245417
2       6.58409249167
2       6.58422592917
4       6.58422595000
1       6.58422607083
2       6.58428694583
2       6.58453164583
4       6.58453166667
1       6.58453178750
2       6.58453828750
2       6.58459334167
2       6.58486787083
4       6.58486789167
1       6.58486801250
2       6.58505435833
4       6.58505437500
1       6.58505449583
2       6.58514044167
2       6.58518652083
2       6.58531177500
4       6.58531177500
1       6.58531191250
2       6.58533790000
2       6.58540875000
2       6.58542332500
2       6.58542370000
2       6.58544525000
2       6.58573405833
4       6.58573407500
1       6.58573419583
2       6.58576223750
2       6.58598181667
4       6.58598183750
1       6.58598195833
2       6.58604079167
2       6.58613214583
2       6.58613877917
2       6.58621169583
4       6.58621171667
1       6.58621183750
2       6.58631605000
2       6.58649521250
4       6.58649522917
1       6.58649535000
2       6.58651371250
2       6.58652522500
2       6.58656649167
2       6.58659657917
2       6.58666943750
4       6.58666945833
1       6.58666957500
2       6.58676847083
2       6.58687941667
4       6.58687943750
1       6.58687955833
2       6.58692116250
2       6.58730013750
4       6.58730015417
1       6.58730027500
2       6.58742205417
2       6.58744515000
2       6.58757926250
4       6.58757927917
1       6.58757940000
2       6.58758826250
2       6.58767438333
2       6.58773066250
2       6.58780152083
4       6.58780153750
1       6.58780165833
2       6.58793043333
2       6.58807647500
4       6.58807647500
1       6.58807661250
2       6.58821492500
2       6.58824200417
4       6.58824200417
1       6.58824214167
2       6.58874590833
4       6.58874592500
1       6.58874604583
2       6.58876409167
2       6.58889928333
2       6.58893270833
2       6.58907479167
4       6.58907481250
1       6.58907493333
2       6.58918712500
2       6.58923403333
2       6.58934807917
4       6.58934810000
1       6.58934822083
2       6.58980087083
4       6.58980088750
1       6.58980100833
2       6.58986016667
2       6.59003097917
4       6.59003100000
1       6.59003112083
2       6.59016657917
2       6.59027457917
4       6.59027459583
1       6.59027471667
2       6.59040078750
2       6.59065115833
4       6.59065117917
1       6.59065130000
2       6.59065605833
2       6.59069615000
2       6.59074649583
2       6.59082667083
2       6.59088495000
4       6.59088496667
1       6.59088508750
2       6.59095451250
2       6.59095848333
2       6.59118047500
4       6.59118047500
1       6.59118061250
2       6.59118110000
2       6.59126268750
2       6.59128479583
2       6.59144671667
4       6.59144671667
1       6.59144685417
2       6.59147291250
2       6.59169907917
4       6.59169910000
1       6.59169921667
2       6.59171438333
2       6.59193864583
4       6.59193866667
1       6.59193878750
2       6.59199897500
2       6.59200353333
2       6.59205748750
2       6.59221122917
4       6.59221125000
1       6.59221136667
2       6.59236553333
2       6.59256099167
4       6.59256100833
1       6.59256112917
2       6.59273719583
2       6.59291009583
4       6.59291009583
1       6.59291023333
2       6.59304267083
2       6.59311643333
4       6.59311645417
1       6.59311657500
2       6.59357382917
4       6.59357385000
1       6.59357397083
2       6.59361699167
2       6.59403096667
4       6.59403096667
1       6.59403110417
2       6.59405609583
2       6.59418200000
2       6.59424288750
4       6.59424290417
1       6.59424302500
2       6.59428036667
2       6.59442740833
2       6.59452580000
4       6.59452581667
1       6.59452593750
2       6.59453839167
2       6.59460134583
2       6.59466660417
2       6.59473544583
4       6.59473546667
1       6.59473558750
2       6.59484047917
2       6.59486209583
2       6.59494384583
4       6.59494386667
1       6.59494398750
2       6.59507437083
2       6.59516046250
4       6.59516048333
1       6.59516060417
2       6.59520420000
2       6.59532471667
2       6.59594323333
4       6.59594325000
1       6.59594337083
2       6.59636880417
4       6.59636882500
1       6.59636894583
2       6.59643734167
2       6.59643929583
2       6.59653105000
2       6.59653375000
2       6.59656882917
4       6.59656885000
1       6.59656897083
2       6.59665926250
2       6.59676426250
4       6.59676427917
1       6.59676440000
2       6.59679578333
2       6.59680130000
2       6.59680321250
2       6.59694117500
2       6.59698648333
4       6.59698650000
1       6.59698662083
2       6.59712165417
2       6.59736771667
4       6.59736771667
1       6.59736785417
2       6.59739989167
2       6.59741213750
2       6.59749595000
2       6.59749963333
2       6.59755019167
2       6.59758371667
4       6.59758373750
1       6.59758385417
2       6.59767374583
2       6.59773214583
2       6.59778974583
4       6.59778974583
1       6.59778988333
2       6.59780465000
2       6.59804975833
4       6.59804977917
1       6.59804990000
2       6.59809542917
2       6.59818026250
2       6.59830584583
4       6.59830586667
1       6.59830598333
2       6.59858828333
4       6.59858830000
1       6.59858842083
2       6.59870389167
2       6.59883444167
4       6.59883445833
1       6.59883457917
2       6.59888185417
2       6.59889736667
2       6.59896587917
2       6.59901897917
2       6.59909115000
4       6.59909116667
1       6.59909128750
2       6.59931834167
4       6.59931836250
1       6.59931847917
2       6.59941641250
2       6.59978801250
4       6.59978803333
1       6.59978815000
2       6.59984767083
2       6.59991851667
2       6.59992255000
2       6.59997924583
4       6.59997924583
1       6.59997938333
2       6.60009544167
2       6.60010738750
2       6.60014347500
2       6.60015473333
2       6.60041011667
4       6.60041013750
1       6.60041025833
2       6.60043490000
2       6.60068806250
4       6.60068808333
1       6.60068820417
2       6.60077411250
2       6.60117220417
4       6.60117220417
1       6.60117234167
2       6.60123980000
2       6.60154120000
4       6.60154121667
1       6.60154133750
2       6.60154550417
2       6.60159193750
2       6.60166274167
2       6.60196622083
4       6.60196624167
1       6.60196636250
2       6.60201121667
2       6.60208577500
2       6.60225301667
4       6.60225303750
1       6.60225315417
2       6.60228813750
2       6.60229640000
2       6.60247064167
4       6.60247065833
1       6.60247077917
2       6.60248363333
2       6.60251036667
2       6.60251538333
2       6.60252602083
2       6.60255476250
2       6.60257767917
2       6.60288571667
4       6.60288571667
1       6.60288585417
2       6.60299672917
2       6.60307677500
2       6.60310756667
4       6.60310758750
1       6.60310770833
2       6.60316589167
2       6.60322153333
2       6.60333784583
4       6.60333784583
1       6.60333798333
2       6.60393602917
4       6.60393604583
1       6.60393616667
2       6.60396020000
2       6.60412684167
4       6.60412686250
1       6.60412698333
2       6.60419576667
2       6.60421787917
2       6.60456366667
4       6.60456368750
1       6.60456380833
2       6.60481342917
4       6.60481345000
1       6.60481357083
2       6.60499988333
4       6.60499990000
1       6.60500002083
2       6.60530266250
4       6.60530268333
1       6.60530280417
2       6.60535337500
2       6.60539140833
2       6.60540464583
2       6.60542782083
2       6.60546321667
2       6.60549974583
4       6.60549976667
1       6.60549988750
2       6.60573919583
4       6.60573919583
1       6.60573933333
2       6.60598790417
4       6.60598792500
1       6.60598804583
2       6.60603864583
2       6.60624363333
4       6.60624365417
1       6.60624377083
2       6.60624564583
2       6.60629866667
2       6.60636718333
2       6.60655200833
4       6.60655202917
1       6.60655215000
2       6.60672365000
2       6.60679549583
4       6.60679551667
1       6.60679563750
2       6.60699289167
2       6.60707204167
4       6.60707206250
1       6.60707218333
2       6.60709955417
2       6.60715852917
2       6.60725327500
4       6.60725329583
1       6.60725341667
2       6.60741130000
2       6.60752257083
4       6.60752259167
1       6.60752271250
2       6.60758942917
2       6.60768017917
2       6.60775609583
4       6.60775609583
1       6.60775623333
2       6.60789614583
2       6.60808925417
4       6.60808927083
1       6.60808939167
2       6.60819655000
2       6.60820123333
2       6.60820655833
2       6.60821507083
2       6.60826740000
2       6.60829496667
2       6.60831617083
4       6.60831618750
1       6.60831630833
2       6.60844305417
2       6.60846952083
2       6.60848107083
2       6.60864210833
4       6.60864212500
1       6.60864224583
2       6.60865537917
2       6.60868116250
2       6.60905405000
4       6.60905406667
1       6.60905418750
2       6.60906634167
2       6.60946657917
4       6.60946660000
1       6.60946672083
2       6.60968649167
4       6.60968651250
1       6.60968663333
2       6.60993286250
4       6.60993287917
1       6.60993300000
2       6.61018027917
4       6.61018029583
1       6.61018041667
2       6.61037968750
2       6.61056850000
4       6.61056851667
1       6.61056863750
2       6.61062813750
2       6.61070899167
2       6.61118722500
4       6.61118722500
1       6.61118736250
2       6.61123594583
2       6.61123722917
2       6.61139689167
4       6.61139690833
1       6.61139702917
2       6.61145290833
2       6.61146215417
2       6.61148500000
2       6.61150154583
2       6.61162380833
4       6.61162382500
1       6.61162394583
2       6.61174080000
2       6.61175526250
2       6.61181690417
4       6.61181692500
1       6.61181704583
2       6.61182880417
2       6.61190503333
2       6.61192622917
2       6.61193250000
2       6.61199871667
4       6.61199873750
1       6.61199885833
2       6.61207428750
2       6.61212691667
2       6.61213916250
2       6.61214742083
2       6.61224650417
4       6.61224650417
1       6.61224664167
2       6.61234287500
2       6.61240115000
2       6.61247738333
4       6.61247740000
1       6.61247752083
2       6.61252737500
2       6.61264138750
2       6.61270554167
4       6.61270556250
1       6.61270568333
2       6.61274473333
2       6.61286959583
2       6.61331577917
4       6.61331580000
1       6.61331592083
2       6.61341042500
2       6.61357044167
4       6.61357045833
1       6.61357057917
2       6.61360255417
2       6.61388836667
4       6.61388838750
1       6.61388850417
2       6.61389441250
2       6.61406062500
2       6.61440809167
4       6.61440810833
1       6.61440822917
2       6.61457431250
2       6.61476548750
4       6.61476550833
1       6.61476562500
2       6.61479858750
2       6.61488710417
2       6.61495894167
2       6.61502653333
4       6.61502655417
1       6.61502667500
2       6.61504007083
2       6.61513608333
2       6.61521359583
2       6.61560552917
4       6.61560555000
1       6.61560567083
2       6.61577208750
2       6.61583664583
4       6.61583664583
1       6.61583678333
2       6.61606192500
2       6.61623813750
4       6.61623815417
1       6.61623827500
2       6.61646867500
4       6.61646867500
1       6.61646881250
2       6.61647060833
2       6.61673866250
4       6.61673867917
1       6.61673880000
2       6.61677775000
2       6.61689597500
2       6.61694727917
2       6.61697081250
2       6.61698600833
4       6.61698602917
1       6.61698614583
2       6.61711172500
2       6.61714013750
2       6.61726524583
4       6.61726524583
1       6.61726538333
2       6.61730336250
2       6.61738221250
2       6.61748514167
4       6.61748515833
1       6.61748527917
2       6.61756566250
2       6.61774785833
4       6.61774787917
1       6.61774800000
2       6.61786775833
2       6.61789619583
2       6.61789922917
2       6.61795715417
4       6.61795717500
1       6.61795729583
2       6.61796382083
2       6.61796615417
2       6.61801184167
2       6.61807238750
2       6.61824071250
4       6.61824072917
1       6.61824085000
2       6.61840820417
2       6.61861966667
4       6.61861968750
1       6.61861980833
2       6.61870445833
2       6.61871435000
2       6.61877539583
2       6.61880228333
4       6.61880230000
1       6.61880242083
2       6.61898832917
4       6.61898834583
1       6.61898846667
2       6.61919301250
4       6.61919303333
1       6.61919315417
2       6.61923215000
2       6.61932720417
2       6.61937749583
4       6.61937751667
1       6.61937763333
2       6.61939210833
2       6.61953246667
2       6.61965835000
4       6.61965837083
1       6.61965849167
2       6.61975707500
2       6.61979877500
2       6.61986802083
4       6.61986804167
1       6.61986816250
2       6.61996905833
2       6.62014458333
4       6.62014460000
1       6.62014472083
2       6.62020552083
2       6.62020948333
2       6.62027977083
2       6.62034933750
4       6.62034935833
1       6.62034947917
2       6.62037012083
2       6.62038136667
2       6.62041984583
2       6.62056264583
4       6.62056266667
1       6.62056278750
2       6.62080014167
4       6.62080016250
1       6.62080027917
2       6.62086425417
2       6.62088092083
2       6.62115256250
4       6.62115258333
1       6.62115270417
2       6.62132518333
4       6.62132520417
1       6.62132532500
2       6.62143412083
2       6.62165300417
4       6.62165302083
1       6.62165314167
2       6.62196935833
4       6.62196937500
1       6.62196949583
2       6.62200503750
2       6.62206804167
2       6.62221648333
4       6.62221650000
1       6.62221662083
2       6.62226707500
2       6.62226941667
2       6.62229397500
2       6.62234061667
2       6.62235950417
2       6.62237706667
2       6.62245695000
4       6.62245696667
1       6.62245708750
2       6.62263280417
2       6.62267881667
4       6.62267883750
1       6.62267895833
2       6.62273307500
2       6.62282285833
2       6.62282358750
2       6.62290268333
4       6.62290270000
1       6.62290282083
2       6.62296171250
2       6.62297167917
2       6.62329594167
4       6.62329596250
1       6.62329608333
2       6.62397879583
4       6.62397881667
1       6.62397893750
2       6.62417734583
4       6.62417736667
1       6.62417748333
2       6.62419882500
2       6.62421970833
2       6.62437579583
4       6.62437579583
1       6.62437593333
2       6.62438800417
2       6.62452382917
2       6.62461916250
4       6.62461917917
1       6.62461930000
2       6.62464035833
2       6.62479312083
4       6.62479313750
1       6.62479325833
2       6.62517824167
4       6.62517826250
1       6.62517838333
2       6.62524747917
2       6.62528592500
2       6.62528627917
2       6.62573507500
4       6.62573509583
1       6.62573521667
2       6.62578309583
2       6.62583041667
2       6.62600603750
4       6.62600605417
1       6.62600617500
2       6.62603842500
2       6.62611001250
2       6.62616235000
2       6.62618786250
4       6.62618787917
1       6.62618800000
2       6.62623093750
2       6.62625678750
2       6.62667215000
4       6.62667216667
1       6.62667228750
2       6.62674597917
2       6.62678072500
2       6.62689004583
4       6.62689006667
1       6.62689018333
2       6.62692255833
2       6.62699041667
2       6.62707357500
2       6.62711560000
4       6.62711561667
1       6.62711573750
2       6.62719143333
2       6.62719445833
2       6.62721890417
2       6.62733254167
4       6.62733256250
1       6.62733268333
2       6.62744352083
2       6.62750720833
2       6.62764325417
4       6.62764325417
1       6.62764339167
2       6.62813345833
4       6.62813347500
1       6.62813359583
2       6.62816293333
2       6.62827822083
2       6.62835605000
4       6.62835607083
1       6.62835619167
2       6.62849520417
2       6.62854087500
2       6.62900787500
4       6.62900787500
1       6.62900801250
2       6.62923910833
4       6.62923912500
1       6.62923924583
2       6.62943360000
4       6.62943362083
1       6.62943374167
2       6.62945875833
2       6.62954853333
2       6.62963326250
2       6.62967108333
4       6.62967110417
1       6.62967122500
2       6.62969980833
2       6.62978394167
2       6.62981147500
2       6.62982548750
2       6.63040501667
4       6.63040503750
1       6.63040515833
2       6.63062866250
4       6.63062868333
1       6.63062880417
2       6.63063032917
2       6.63065279167
2       6.63067921250
2       6.63083566667
2       6.63092071250
4       6.63092073333
1       6.63092085417
2       6.63096686250
2       6.63103401250
2       6.63122945417
4       6.63122945417
1       6.63122959167
2       6.63125022500
2       6.63129472083
2       6.63174387500
4       6.63174389583
1       6.63174401667
2       6.63180879167
2       6.63188396250
2       6.63190685833
2       6.63208894583
4       6.63208896667
1       6.63208908750
2       6.63212450833
2       6.63227416250
2       6.63241860417
4       6.63241862500
1       6.63241874583
2       6.63257982917
2       6.63263818750
4       6.63263820417
1       6.63263832500
2       6.63265140000
2       6.63265546250
2       6.63278753333
2       6.63308565417
4       6.63308567500
1       6.63308579583
2       6.63331652500
4       6.63331652500
1       6.63331666250
2       6.63351126250
4       6.63351128333
1       6.63351140000
2       6.63352222917
2       6.63378158750
4       6.63378160833
1       6.63378172917
2       6.63382791667
2       6.63384677500
2       6.63391280833
2       6.63414656250
4       6.63414657917
1       6.63414670000
2       6.63417603333
2       6.63417974167
2       6.63472260417
4       6.63472260417
1       6.63472274167
2       6.63485535833
2       6.63496433750
4       6.63496435833
1       6.63496447500
2       6.63559675417
4       6.63559675417
1       6.63559689167
2       6.63560032917
2       6.63564204583
2       6.63569705833
2       6.63582325417
4       6.63582325417
1       6.63582339167
2       6.63591030417
2       6.63601935833
2       6.63602791667
2       6.63607306250
4       6.63607308333
1       6.63607320417
2       6.63622366667
2       6.63631508750
4       6.63631510833
1       6.63631522500
2       6.63666812500
4       6.63666812500
1       6.63666826250
2       6.63670794167
2       6.63677985417
2       6.63684972917
4       6.63684975000
1       6.63684986667
2       6.63686295833
2       6.63690237500
2       6.63709347500
4       6.63709347500
1       6.63709361250
2       6.63712527083
2       6.63718555000
2       6.63718727083
2       6.63720874583
2       6.63722805000
2       6.63726968333
2       6.63730682083
4       6.63730684167
1       6.63730695833
2       6.63736867917
2       6.63753437083
4       6.63753438750
1       6.63753450833
2       6.63765122083
2       6.63780274167
4       6.63780275833
1       6.63780287917
2       6.63820108750
4       6.63820110833
1       6.63820122917
2       6.63826474583
2       6.63853664167
4       6.63853666250
1       6.63853677917
2       6.63868372917
2       6.63892457917
4       6.63892460000
1       6.63892472083
2       6.63897064583
2       6.63897487083
2       6.63912189583
4       6.63912191667
1       6.63912203750
2       6.63932099167
4       6.63932101250
1       6.63932113333
2       6.63935513750
2       6.63937804167
2       6.63938619167
2       6.63940281250
2       6.63958765417
4       6.63958767083
1       6.63958779167
2       6.63960823750
2       6.63974965000
2       6.63990700833
4       6.63990702917
1       6.63990715000
2       6.63994870833
2       6.64004575000
2       6.64021264583
4       6.64021264583
1       6.64021278333
2       6.64023319583
2       6.64023853333
2       6.64026659167
2       6.64032362083
2       6.64050182500
4       6.64050182500
1       6.64050196250
2       6.64116029167
4       6.64116030833
1       6.64116042917
2       6.64136764167
4       6.64136765833
1       6.64136777917
2       6.64147623333
2       6.64151273750
2       6.64172005000
4       6.64172006667
1       6.64172018750
2       6.64175977083
2       6.64202085833
4       6.64202087500
1       6.64202099583
2       6.64227190000
4       6.64227192083
1       6.64227204167
2       6.64248749583
4       6.64248751667
1       6.64248763750
2       6.64252568333
2       6.64280887500
4       6.64280887500
1       6.64280901250
2       6.64304967500
4       6.64304969583
1       6.64304981667
2       6.64308532083
2       6.64315729167
2       6.64321992917
2       6.64326001250
4       6.64326002917
1       6.64326015000
2       6.64350746250
4       6.64350748333
1       6.64350760000
2       6.64353759167
2       6.64355312917
2       6.64371545833
4       6.64371547917
1       6.64371560000
2       6.64371670833
2       6.64372635000
2       6.64418340833
4       6.64418342917
1       6.64418355000
2       6.64420198333
2       6.64422835000
2       6.64431211667
2       6.64440033333
4       6.64440035417
1       6.64440047500
2       6.64445335833
2       6.64454484167
2       6.64456175417
2       6.64466033333
4       6.64466035000
1       6.64466047083
2       6.64492511667
4       6.64492513750
1       6.64492525417
2       6.64509759167
2       6.64512709167
4       6.64512710833
1       6.64512722917
2       6.64535365000
4       6.64535366667
1       6.64535378750
2       6.64567859583
4       6.64567861667
1       6.64567873750
2       6.64569022917
2       6.64575577083
2       6.64586125000
4       6.64586126667
1       6.64586138750
2       6.64598695833
2       6.64602502500
2       6.64605780833
4       6.64605782500
1       6.64605794583
2       6.64629671250
4       6.64629672917
1       6.64629685000
2       6.64635995417
2       6.64636460000
2       6.64642978750
2       6.64645792083
2       6.64648542083
4       6.64648544167
1       6.64648556250
2       6.64664938750
2       6.64668878750
4       6.64668880833
1       6.64668892917
2       6.64686111250
2       6.64699290000
4       6.64699291667
1       6.64699303750
2       6.64705381667
2       6.64710089583
2       6.64713128750
2       6.64714860000
2       6.64718175000
4       6.64718177083
1       6.64718189167
2       6.64735194583
2       6.64736685000
2       6.64743012500
4       6.64743014583
1       6.64743026667
2       6.64746095833
2       6.64753410000
2       6.64758877083
2       6.64759901667
2       6.64783884167
4       6.64783885833
1       6.64783897917
2       6.64785575000
2       6.64794279583
2       6.64801202083
4       6.64801204167
1       6.64801216250
2       6.64803951667
2       6.64816807500
2       6.64823428333
4       6.64823430000
1       6.64823442083
2       6.64838959583
2       6.64859730833
4       6.64859732500
1       6.64859744583
2       6.64867716667
2       6.64875739167
2       6.64911766250
4       6.64911768333
1       6.64911780417
2       6.64934227500
4       6.64934229583
1       6.64934241250
2       6.64948247083
2       6.64964408333
4       6.64964410000
1       6.64964422083
2       6.64977616667
2       6.64981330417
2       6.64987128333
4       6.64987130417
1       6.64987142500
2       6.65000341250
2       6.65001800833
2       6.65003527500
2       6.65016600833
4       6.65016602500
1       6.65016614583
2       6.65020618750
2       6.65020807500
2       6.65029891250
2       6.65034756667
2       6.65045219583
4       6.65045221667
1       6.65045233750
2       6.65046947500
2       6.65061156667
2       6.65072453333
4       6.65072455000
1       6.65072467083
2       6.65084970000
2       6.65088847083
2       6.65103044583
4       6.65103044583
1       6.65103058333
2       6.65108655417
2       6.65109975417
2       6.65114815833
2       6.65141353750
4       6.65141355833
1       6.65141367917
2       6.65153365000
2       6.65168671667
4       6.65168673750
1       6.65168685833
2       6.65198906667
4       6.65198906667
1       6.65198920417
2       6.65208583333
2       6.65242636250
4       6.65242638333
1       6.65242650417
2       6.65253305417
2       6.65266652083
4       6.65266653750
1       6.65266665833
2       6.65287809583
4       6.65287809583
1       6.65287823333
2       6.65293378333
2       6.65313182083
4       6.65313184167
1       6.65313196250
2       6.65320733333
2       6.65325994167
2       6.65326399583
2       6.65343819167
4       6.65343820833
1       6.65343832917
2       6.65380330000
4       6.65380332083
1       6.65380344167
2       6.65399600000
2       6.65421660833
4       6.65421662917
1       6.65421675000
2       6.65439645417
4       6.65439647500
1       6.65439659167
2       6.65453290833
2       6.65458063750
4       6.65458065417
1       6.65458077500
2       6.65463560000
2       6.65477008333
4       6.65477010417
1       6.65477022500
2       6.65480922083
2       6.65482043750
2       6.65497413333
4       6.65497415000
1       6.65497427083
2       6.65529511250
4       6.65529513333
1       6.65529525417
2       6.65533189583
2       6.65534878333
2       6.65536665000
2       6.65563069167
4       6.65563070833
1       6.65563082917
2       6.65567271250
2       6.65568264167
2       6.65571347500
2       6.65571580833
2       6.65573657500
2       6.65582082500
4       6.65582084583
1       6.65582096667
2       6.65592772500
2       6.65615493750
4       6.65615495417
1       6.65615507500
2       6.65615729167
2       6.65633787083
4       6.65633789167
1       6.65633801250
2       6.65652429583
2       6.65657860417
4       6.65657862083
1       6.65657874167
2       6.65666739583
2       6.65673099167
2       6.65677766667
2       6.65684462500
4       6.65684462500
1       6.65684476250
2       6.65696972917
2       6.65704760000
4       6.65704762083
1       6.65704773750
2       6.65720491250
2       6.65731992917
4       6.65731994583
1       6.65732006667
2       6.65760442083
4       6.65760443750
1       6.65760455833
2       6.65760967917
2       6.65766201250
2       6.65767693750
2       6.65786137500
4       6.65786137500
1       6.65786151250
2       6.65787003750
2       6.65816180833
4       6.65816182500
1       6.65816194583
2       6.65825533750
2       6.65826459583
2       6.65826616667
2       6.65828344583
2       6.65841358750
4       6.65841360417
1       6.65841372500
2       6.65854475000
2       6.65859884583
4       6.65859884583
1       6.65859898333
2       6.65880939583
4       6.65880939583
1       6.65880953333
2       6.65884715000
2       6.65923110833
4       6.65923112917
1       6.65923125000
2       6.65942652083
4       6.65942654167
1       6.65942666250
2       6.65959913750
4       6.65959915417
1       6.65959927500
2       6.65973615417
2       6.65976007083
2       6.65977391250
4       6.65977393333
1       6.65977405000
2       6.65982225417
2       6.65985441667
2       6.65997541250
4       6.65997543333
1       6.65997555417
2       6.66030624583
4       6.66030624583
1       6.66030638333
2       6.66038039583
2       6.66047387917
4       6.66047390000
1       6.66047402083
2       6.66047712917
2       6.66051100000
2       6.66070409583
4       6.66070409583
1       6.66070423333
2       6.66074646667
2       6.66096337500
4       6.66096339583
1       6.66096351667
2       6.66104426250
2       6.66148310833
4       6.66148312500
1       6.66148324583
2       6.66148736250
2       6.66149536667
2       6.66160162083
2       6.66162157083
2       6.66174541250
4       6.66174543333
1       6.66174555417
2       6.66182158333
2       6.66183616250
2       6.66187328750
2       6.66187692083
2       6.66195577917
4       6.66195579583
1       6.66195591667
2       6.66195675417
2       6.66203659167
2       6.66212972500
2       6.66213027917
2       6.66222699167
4       6.66222701250
1       6.66222713333
2       6.66226387917
2       6.66231123750
2       6.66236977500
2       6.66237710000
2       6.66243437917
4       6.66243440000
1       6.66243452083
2       6.66251818333
2       6.66259926667
2       6.66263701667
4       6.66263701667
1       6.66263715417
2       6.66274305833
2       6.66282684167
4       6.66282686250
1       6.66282698333
2       6.66283317917
2       6.66296862083
2       6.66302094583
4       6.66302096667
1       6.66302108333
2       6.66303422500
2       6.66304642083
2       6.66319359583
4       6.66319361667
1       6.66319373750
2       6.66324690417
2       6.66329352917
2       6.66331007500
2       6.66335017500
2       6.66335088750
2       6.66347976250
4       6.66347978333
1       6.66347990000
2       6.66362909167
2       6.66374270417
4       6.66374272500
1       6.66374284583
2       6.66382558750
2       6.66391030833
2       6.66393780000
4       6.66393781667
1       6.66393793750
2       6.66420314167
4       6.66420315833
1       6.66420327917
2       6.66442202083
4       6.66442204167
1       6.66442216250
2       6.66443797083
2       6.66447932500
2       6.66454151250
2       6.66474695000
4       6.66474697083
1       6.66474708750
2       6.66499112083
4       6.66499113750
1       6.66499125833
2       6.66506798333
2       6.66530077083
4       6.66530079167
1       6.66530091250
2       6.66531173750
2       6.66581982500
4       6.66581982500
1       6.66581996250
2       6.66587487917
2       6.66597946250
2       6.66607396667
4       6.66607398750
1       6.66607410833
2       6.66614020833
2       6.66617688333
2       6.66652998333
4       6.66653000000
1       6.66653012083
2       6.66694475000
4       6.66694476667
1       6.66694488750
2       6.66703741250
2       6.66729179583
4       6.66729181667
1       6.66729193333
2       6.66733391250
2       6.66739155417
2       6.66750715833
4       6.66750717500
1       6.66750729583
2       6.66769495000
2       6.66775711250
4       6.66775712917
1       6.66775725000
2       6.66789528333
2       6.66795856250
4       6.66795858333
1       6.66795870417
2       6.66803048333
2       6.66804963750
2       6.66807974583
2       6.66811432083
2       6.66821027917
4       6.66821029583
1       6.66821041667
2       6.66822089583
2       6.66825202083
2       6.66856633750
4       6.66856635833
1       6.66856647917
2       6.66889160417
4       6.66889160417
1       6.66889174167
2       6.66907447083
4       6.66907449167
1       6.66907461250
2       6.66918050417
2       6.66924010417
2       6.66932087917
4       6.66932090000
1       6.66932102083
2       6.66966407500
4       6.66966409583
1       6.66966421667
2       6.66991484167
4       6.66991485833
1       6.66991497917
2       6.67014237917
4       6.67014239583
1       6.67014251667
2       6.67028211250
2       6.67036428333
4       6.67036430000
1       6.67036442083
2       6.67045412500
2       6.67047685417
2       6.67050216667
2       6.67050378333
2       6.67068430417
4       6.67068430417
1       6.67068444167
2       6.67090088333
4       6.67090090000
1       6.67090102083
2       6.67096318750
2       6.67122242500
4       6.67122242500
1       6.67122256250
2       6.67142715417
4       6.67142715417
1       6.67142729167
2       6.67176067500
4       6.67176069583
1       6.67176081250
2       6.67176967500
2       6.67178728750
2       6.67179689167
2       6.67185547083
2       6.67187302500
2       6.67206580833
4       6.67206582500
1       6.67206594583
2       6.67222175000
2       6.67226975417
4       6.67226975417
1       6.67226989167
2       6.67240727917
2       6.67242777083
2       6.67258815000
4       6.67258817083
1       6.67258829167
2       6.67260164583
2       6.67267952083
2       6.67268125417
2       6.67269841250
2       6.67282157083
4       6.67282159167
1       6.67282171250
2       6.67294780833
2       6.67294851250
2       6.67326782083
4       6.67326784167
1       6.67326796250
2       6.67337772917
2       6.67377420000
4       6.67377422083
1       6.67377434167
2       6.67395640417
2       6.67397795417
4       6.67397797500
1       6.67397809583
2       6.67409562500
2       6.67428598333
4       6.67428600000
1       6.67428612083
2       6.67439327500
2       6.67451885417
4       6.67451887500
1       6.67451899583
2       6.67455337500
2       6.67467920000
2       6.67476265000
4       6.67476267083
1       6.67476279167
2       6.67483257083
2       6.67483970833
2       6.67495100417
4       6.67495102500
1       6.67495114583
2       6.67499679167
2       6.67525947917
4       6.67525949583
1       6.67525961667
2       6.67527309583
2       6.67539395417
2       6.67541586667
2       6.67542939167
2       6.67543137500
2       6.67543499167
2       6.67548276667
4       6.67548278750
1       6.67548290833
2       6.67558473750
2       6.67562126667
2       6.67570734583
4       6.67570734583
1       6.67570748333
2       6.67571004167
2       6.67592190417
4       6.67592192500
1       6.67592204583
2       6.67595838333
2       6.67614647917
4       6.67614650000
1       6.67614662083
2       6.67624887083
2       6.67631245417
2       6.67654500833
4       6.67654502500
1       6.67654514583
2       6.67656580417
2       6.67688615000
4       6.67688617083
1       6.67688628750
2       6.67699142917
2       6.67701169167
2       6.67705374583
2       6.67711104167
4       6.67711105833
1       6.67711117917
2       6.67722167500
2       6.67733325417
4       6.67733327500
1       6.67733339583
2       6.67738360833
2       6.67763765417
4       6.67763765417
1       6.67763779167
2       6.67774996250
2       6.67785199167
4       6.67785201250
1       6.67785213333
2       6.67792088750
2       6.67812656250
4       6.67812658333
1       6.67812670417
2       6.67813289583
2       6.67832400000
4       6.67832402083
1       6.67832413750
2       6.67832726667
2       6.67836911667
2       6.67859986667
4       6.67859986667
1       6.67860000417
2       6.67861350833
2       6.67881453750
4       6.67881455833
1       6.67881467917
2       6.67894201667
2       6.67911262500
4       6.67911264583
1       6.67911276667
2       6.67912323333
2       6.67937825833
4       6.67937827500
1       6.67937839583
2       6.67943491250
2       6.67975818750
4       6.67975818750
1       6.67975832500
2       6.67996622917
4       6.67996624583
1       6.67996636667
2       6.68005500000
2       6.68023614167
4       6.68023615833
1       6.68023627917
2       6.68025205833
2       6.68037296250
2       6.68056299583
4       6.68056299583
1       6.68056313333
2       6.68059052083
2       6.68096613333
4       6.68096615000
1       6.68096627083
2       6.68106821667
2       6.68108342500
2       6.68131102917
4       6.68131104583
1       6.68131116667
2       6.68149446667
4       6.68149448750
1       6.68149460833
2       6.68156566667
2       6.68159515833
2       6.68159714167
2       6.68172534583
4       6.68172534583
1       6.68172548333
2       6.68180516250
2       6.68181543333
2       6.68190855417
4       6.68190855417
1       6.68190869167
2       6.68205200833
2       6.68227123750
4       6.68227125833
1       6.68227137917
2       6.68227623750
2       6.68230700000
2       6.68258789167
4       6.68258790833
1       6.68258802917
2       6.68265051667
2       6.68265253750
2       6.68295958333
4       6.68295960000
1       6.68295972083
2       6.68329832500
4       6.68329832500
1       6.68329846250
2       6.68338833750
2       6.68361872917
4       6.68361874583
1       6.68361886667
2       6.68363583750
2       6.68367595000
2       6.68374284583
2       6.68390644583
4       6.68390644583
1       6.68390658333
2       6.68391705417
2       6.68391906667
2       6.68406983333
2       6.68419766667
4       6.68419766667
1       6.68419780417
2       6.68420621250
2       6.68433115000
2       6.68444637500
4       6.68444639583
1       6.68444651667
2       6.68449777500
2       6.68458286250
2       6.68478728333
4       6.68478730417
1       6.68478742500
2       6.68487435000
2       6.68494093333
2       6.68500584167
4       6.68500585833
1       6.68500597917
2       6.68518400000
2       6.68519391667
4       6.68519393750
1       6.68519405417
2       6.68536184583
2       6.68539403333
4       6.68539405417
1       6.68539417500
2       6.68587791250
4       6.68587793333
1       6.68587805417
2       6.68606307917
4       6.68606310000
1       6.68606321667
2       6.68615482500
2       6.68618431250
2       6.68625062500
4       6.68625062500
1       6.68625076250
2       6.68638336667
2       6.68642381250
4       6.68642383333
1       6.68642395000
2       6.68651516667
2       6.68666656667
4       6.68666656667
1       6.68666670417
2       6.68676699583
2       6.68689090833
4       6.68689092500
1       6.68689104583
2       6.68700648333
2       6.68726851667
4       6.68726851667
1       6.68726865417
2       6.68728100833
2       6.68729625833
2       6.68735254583
2       6.68736587500
2       6.68781352917
4       6.68781354583
1       6.68781366667
2       6.68783357917
2       6.68794808750
2       6.68796892500
2       6.68802159167
4       6.68802161250
1       6.68802173333
2       6.68807992917
2       6.68809088333
2       6.68813666250
2       6.68818167500
2       6.68828534583
4       6.68828534583
1       6.68828548333
2       6.68847975000
4       6.68847976667
1       6.68847988750
2       6.68849362083
2       6.68855528333
2       6.68859630417
2       6.68871810000
4       6.68871811667
1       6.68871823750
2       6.68901131667
4       6.68901131667
1       6.68901145417
2       6.68903882083
2       6.68965529583
4       6.68965531667
1       6.68965543333
2       6.68974278333
2       6.68981885417
2       6.68984005417
2       6.68995566667
4       6.68995568750
1       6.68995580833
2       6.69004684583
2       6.69060162500
4       6.69060162500
1       6.69060176250
2       6.69062042500
2       6.69063267500
2       6.69067975000
2       6.69074176667
2       6.69079829583
2       6.69086157083
4       6.69086159167
1       6.69086171250
2       6.69113624583
4       6.69113626667
1       6.69113638750
2       6.69137394583
4       6.69137394583
1       6.69137408333
2       6.69141444583
2       6.69154528750
4       6.69154530417
1       6.69154542500
2       6.69154897500
2       6.69162272500
2       6.69166781250
2       6.69175990000
4       6.69175991667
1       6.69176003750
2       6.69181756667
2       6.69202453750
4       6.69202453750
1       6.69202467500
2       6.69215797500
2       6.69228159583
4       6.69228159583
1       6.69228173333
2       6.69228317917
2       6.69228550833
2       6.69266310833
4       6.69266312500
1       6.69266324583
2       6.69273429583
2       6.69277377083
2       6.69290655833
4       6.69290657917
1       6.69290670000
2       6.69338879167
4       6.69338881250
1       6.69338893333
2       6.69369551250
4       6.69369552917
1       6.69369565000
2       6.69396116667
4       6.69396118750
1       6.69396130833
2       6.69411948333
2       6.69427057500
4       6.69427059583
1       6.69427071250
2       6.69432084583
2       6.69447916250
4       6.69447917917
1       6.69447930000
2       6.69460708750
2       6.69461568750
2       6.69474619167
4       6.69474621250
1       6.69474633333
2       6.69499467083
4       6.69499468750
1       6.69499480833
2       6.69499765833
2       6.69504103750
2       6.69509429583
2       6.69511682500
2       6.69522482083
4       6.69522484167
1       6.69522495833
2       6.69522808750
2       6.69537192917
2       6.69541565833
4       6.69541567500
1       6.69541579583
2       6.69547589167
2       6.69560142083
4       6.69560144167
1       6.69560156250
2       6.69562166667
2       6.69565792500
2       6.69577133750
2       6.69580943750
4       6.69580945833
1       6.69580957917
2       6.69592427500
2       6.69599694167
4       6.69599696250
1       6.69599708333
2       6.69608637083
2       6.69629699583
4       6.69629701667
1       6.69629713750
2       6.69630667500
2       6.69656400000
4       6.69656402083
1       6.69656414167
2       6.69657489583
2       6.69658980417
2       6.69665474167
2       6.69674454583
4       6.69674456667
1       6.69674468750
2       6.69681834583
2       6.69682430417
2       6.69687671250
2       6.69708300417
4       6.69708302500
1       6.69708314583
2       6.69718699583
2       6.69719139167
2       6.69722577083
2       6.69749615833
4       6.69749617500
1       6.69749629583
2       6.69761690833
2       6.69790086250
4       6.69790088333
1       6.69790100417
2       6.69812342083
4       6.69812343750
1       6.69812355833
2       6.69817700000
2       6.69822842500
2       6.69824428750
2       6.69839136250
4       6.69839137917
1       6.69839150000
2       6.69841161667
2       6.69842877083
2       6.69849040833
2       6.69850031667
2       6.69861359583
4       6.69861361667
1       6.69861373750
2       6.69875176667
2       6.69910875417
4       6.69910877500
1       6.69910889583
2       6.69919030000
2       6.69934268750
4       6.69934270833
1       6.69934282917
2       6.69968510417
4       6.69968510417
1       6.69968524167
2       6.69978583333
2       6.69980468333
2       6.69985374583
4       6.69985374583
1       6.69985388333
2       6.69989485833
2       6.70030152917
4       6.70030154583
1       6.70030166667
2       6.70033532500
2       6.70038440417
2       6.70107627083
4       6.70107628750
1       6.70107640833
2       6.70120982917
2       6.70123171250
2       6.70124959167
2       6.70125450417
2       6.70125987917
2       6.70157276667
4       6.70157278750
1       6.70157290833
2       6.70163838750
2       6.70167880833
2       6.70168838750
2       6.70170887917
2       6.70177194167
2       6.70190399167
4       6.70190401250
1       6.70190412917
2       6.70192397500
2       6.70197125417
2       6.70211005417
4       6.70211005417
1       6.70211019167
2       6.70213528750
2       6.70266492083
4       6.70266493750
1       6.70266505833
2       6.70271785000
2       6.70275861250
2       6.70278903750
2       6.70280794167
2       6.70317791667
4       6.70317793750
1       6.70317805833
2       6.70332233750
2       6.70355286667
4       6.70355286667
1       6.70355300417
2       6.70356976667
2       6.70383371667
4       6.70383371667
1       6.70383385417
2       6.70383511667
2       6.70394175000
2       6.70395959167
2       6.70406001250
4       6.70406002917
1       6.70406015000
2       6.70414512917
2       6.70447008750
4       6.70447010417
1       6.70447022500
2       6.70486783333
4       6.70486785417
1       6.70486797500
2       6.70489299583
2       6.70491584583
2       6.70503775417
2       6.70511791667
4       6.70511793750
1       6.70511805833
2       6.70513646667
2       6.70515102500
2       6.70530836250
4       6.70530838333
1       6.70530850417
2       6.70555015417
4       6.70555015417
1       6.70555029167
2       6.70558711250
2       6.70570712500
2       6.70575085000
4       6.70575087083
1       6.70575099167
2       6.70598768333
4       6.70598770417
1       6.70598782500
2       6.70639115833
4       6.70639117500
1       6.70639129583
2       6.70659128750
4       6.70659130833
1       6.70659142917
2       6.70670186250
2       6.70671372083
2       6.70675781667
2       6.70697377083
4       6.70697379167
1       6.70697390833
2       6.70716688750
4       6.70716690833
1       6.70716702917
2       6.70721022500
2       6.70725402500
2       6.70728215000
2       6.70736197917
4       6.70736200000
1       6.70736211667
2       6.70750010417
2       6.70762926250
4       6.70762928333
1       6.70762940417
2       6.70782407917
4       6.70782409583
1       6.70782421667
2       6.70783038750
2       6.70786777500
2       6.70798502500
2       6.70820901667
4       6.70820903750
1       6.70820915833
2       6.70825724583
2       6.70827915417
2       6.70846496250
4       6.70846497917
1       6.70846510000
2       6.70855646250
2       6.70871238333
4       6.70871240417
1       6.70871252500
2       6.70872297917
2       6.70880685417
2       6.70897036667
4       6.70897036667
1       6.70897050417
2       6.70901212500
2       6.70921652083
4       6.70921654167
1       6.70921666250
2       6.70922878750
2       6.70933251250
2       6.70933480000
2       6.70937584583
2       6.70940736667
4       6.70940738750
1       6.70940750833
2       6.70944439583
2       6.70949438750
2       6.70951169167
2       6.70964343750
4       6.70964345833
1       6.70964357917
2       6.70987068750
4       6.70987070417
1       6.70987082500
2       6.70991713333
2       6.70992035833
2       6.71033968333
4       6.71033970000
1       6.71033982083
2       6.71037744583
2       6.71044934583
2       6.71054342083
4       6.71054344167
1       6.71054356250
2       6.71074910000
4       6.71074911667
1       6.71074923750
2       6.71089652500
2       6.71095054583
4       6.71095054583
1       6.71095068333
2       6.71102167917
2       6.71103774167
2       6.71106010417
2       6.71123165417
4       6.71123167500
1       6.71123179167
2       6.71130723333
2       6.71138905000
2       6.71151326250
4       6.71151328333
1       6.71151340417
2       6.71164315417
2       6.71178481667
4       6.71178483750
1       6.71178495417
2       6.71185440000
2       6.71217069167
4       6.71217071250
1       6.71217083333
2       6.71233829583
2       6.71392448333
4       6.71392450000
1       6.71392462083
2       6.71396074583
2       6.71397361250
2       6.71406890000
2       6.71407197500
2       6.71419046667
4       6.71419048750
1       6.71419060833
2       6.71419680417
2       6.71425219583
2       6.71480764167
4       6.71480766250
1       6.71480777917
2       6.71490635000
2       6.71532167083
4       6.71532169167
1       6.71532181250
2       6.71550185000
2       6.71550980833
4       6.71550982500
1       6.71550994583
2       6.71559401667
2       6.71560187500
2       6.71566979167
2       6.71567107917
2       6.71578810417
4       6.71578810417
1       6.71578824167
2       6.71579040417
2       6.71584364583
2       6.71593814583
2       6.71627167083
4       6.71627169167
1       6.71627181250
2       6.71636336667
2       6.71638057083
2       6.71653630417
4       6.71653632083
1       6.71653644167
2       6.71654225417
2       6.71657338750
2       6.71657501250
2       6.71662569583
2       6.71667710000
2       6.71688874167
4       6.71688876250
1       6.71688888333
2       6.71694734167
2       6.71723814167
4       6.71723815833
1       6.71723827917
2       6.71728487500
2       6.71732728333
2       6.71734312917
2       6.71751069583
4       6.71751071667
1       6.71751083750
2       6.71767239583
2       6.71772214167
4       6.71772215833
1       6.71772227917
2       6.71772509583
2       6.71778439583
2       6.71781252917
2       6.71807317917
4       6.71807320000
1       6.71807332083
2       6.71819863750
2       6.71822392917
2       6.71826192917
2       6.71826233333
2       6.71830009167
4       6.71830011250
1       6.71830023333
2       6.71836261250
2       6.71864587500
4       6.71864589583
1       6.71864601667
2       6.71879931667
2       6.71921528750
4       6.71921530833
1       6.71921542917
2       6.71937101667
2       6.71943219583
4       6.71943219583
1       6.71943233333
2       6.71955770417
2       6.71960779583
2       6.71964184167
4       6.71964186250
1       6.71964198333
2       6.71972796667
2       6.71983031667
2       6.71995851667
4       6.71995851667
1       6.71995865417
2       6.72002111250
2       6.72022619583
4       6.72022621667
1       6.72022633333
2       6.72023745833
2       6.72023773750
2       6.72056569583
4       6.72056571667
1       6.72056583750
2       6.72076911250
4       6.72076913333
1       6.72076925417
2       6.72085852500
2       6.72086113750
2       6.72091545417
2       6.72109171667
4       6.72109171667
1       6.72109185417
2       6.72128372917
4       6.72128375000
1       6.72128387083
2       6.72129933333
2       6.72134460833
2       6.72138909583
2       6.72140563333
2       6.72143085833
2       6.72159042500
4       6.72159042500
1       6.72159056250
2       6.72169950833
2       6.72173197500
2       6.72187402083
4       6.72187404167
1       6.72187415833
2       6.72190945000
2       6.72194461250
2       6.72197505833
2       6.72207506250
2       6.72227911667
4       6.72227913750
1       6.72227925417
2       6.72239503750
2       6.72246433750
2       6.72268747083
4       6.72268749167
1       6.72268761250
2       6.72319694583
4       6.72319696667
1       6.72319708750
2       6.72325854167
2       6.72332941667
2       6.72339992500
4       6.72339992500
1       6.72340006250
2       6.72352123333
2       6.72366862500
4       6.72366864583
1       6.72366876667
2       6.72372789583
2       6.72378986250
2       6.72390539167
4       6.72390540833
1       6.72390552917
2       6.72396970000
2       6.72409056250
4       6.72409058333
1       6.72409070417
2       6.72409290000
2       6.72417002917
2       6.72433835000
4       6.72433836667
1       6.72433848750
2       6.72437417917
2       6.72508988750
4       6.72508988750
1       6.72509002500
2       6.72510541250
2       6.72511348750
2       6.72514983333
2       6.72531482083
4       6.72531483750
1       6.72531495833
2       6.72543968333
2       6.72572287083
4       6.72572289167
1       6.72572301250
2       6.72613660000
4       6.72613661667
1       6.72613673750
2       6.72624824167
2       6.72632839583
4       6.72632841667
1       6.72632853333
2       6.72645815417
2       6.72661555000
4       6.72661557083
1       6.72661568750
2       6.72675929583
2       6.72679671667
2       6.72698117500
4       6.72698117500
1       6.72698131250
2       6.72705041250
2       6.72722359167
4       6.72722361250
1       6.72722373333
2       6.72724524583
2       6.72725845417
2       6.72732075417
2       6.72732731250
2       6.72733767083
2       6.72747307917
4       6.72747309583
1       6.72747321667
2       6.72757770417
2       6.72791426250
4       6.72791428333
1       6.72791440000
2       6.72797721250
2       6.72801702917
2       6.72817263750
4       6.72817265417
1       6.72817277500
2       6.72821996667
2       6.72836936667
4       6.72836938750
1       6.72836950417
2       6.72848028333
2       6.72858765000
4       6.72858767083
1       6.72858779167
2       6.72865516667
2       6.72866588333
2       6.72868007083
2       6.72877554583
4       6.72877554583
1       6.72877568333
2       6.72888381667
2       6.72897712500
4       6.72897714583
1       6.72897726250
2       6.72903549167
2       6.72935702083
4       6.72935703750
1       6.72935715833
2       6.72944690000
2       6.72968630833
4       6.72968632917
1       6.72968645000
2       6.72971612500
2       6.72987347917
4       6.72987350000
1       6.72987362083
2       6.72993219167
2       6.73011424583
4       6.73011424583
1       6.73011438333
2       6.73029607917
4       6.73029609583
1       6.73029621667
2       6.73029714167
2       6.73031006667
2       6.73041232917
2       6.73048358750
4       6.73048360833
1       6.73048372917
2       6.73053632500
2       6.73074196667
4       6.73074198750
1       6.73074210833
2       6.73076616667
2       6.73082735833
2       6.73098678750
4       6.73098680417
1       6.73098692500
2       6.73106327500
2       6.73114938750
2       6.73117160000
4       6.73117162083
1       6.73117174167
2       6.73129705833
2       6.73135802500
4       6.73135804583
1       6.73135816667
2       6.73162536250
4       6.73162537917
1       6.73162550000
2       6.73167035833
2       6.73169857500
2       6.73207511667
4       6.73207511667
1       6.73207525417
2       6.73229019167
4       6.73229020833
1       6.73229032917
2       6.73230469167
2       6.73233881250
2       6.73237520833
2       6.73262459167
4       6.73262461250
1       6.73262473333
2       6.73263626250
2       6.73269410000
2       6.73286999583
4       6.73286999583
1       6.73287013333
2       6.73316923750
4       6.73316925833
1       6.73316937917
2       6.73316987917
2       6.73326190000
2       6.73338091250
4       6.73338093333
1       6.73338105417
2       6.73367827917
4       6.73367829583
1       6.73367841667
2       6.73375285000
2       6.73378497500
2       6.73378523750
2       6.73385680833
2       6.73403040417
4       6.73403042500
1       6.73403054583
2       6.73409752917
2       6.73424739583
4       6.73424739583
1       6.73424753333
2       6.73451665833
4       6.73451667500
1       6.73451679583
2       6.73452017083
2       6.73453814167
2       6.73484122917
4       6.73484124583
1       6.73484136667
2       6.73486703750
2       6.73492761667
2       6.73504170000
4       6.73504172083
1       6.73504184167
2       6.73515685833
2       6.73928866667
4       6.73928868750
1       6.73928880417
2       6.73951083333
4       6.73951085417
1       6.73951097500
2       6.73954764167
2       6.74009145833
4       6.74009147500
1       6.74009159583
2       6.74014620833
2       6.74020379583
2       6.74022268333
2       6.74029913750
4       6.74029915417
1       6.74029927500
2       6.74042407917
2       6.74055286667
4       6.74055286667
1       6.74055300417
2       6.74065985417
2       6.74070135000
2       6.74094840833
4       6.74094842500
1       6.74094854583
2       6.74105701667
2       6.74109248333
2       6.74113382500
2       6.74114840417
4       6.74114842500
1       6.74114854583
2       6.74129453750
2       6.74138063750
4       6.74138065833
1       6.74138077917
2       6.74145874583
2       6.74147172500
2       6.74163917500
4       6.74163917500
1       6.74163931250
2       6.74173537083
2       6.74199568750
4       6.74199568750
1       6.74199582500
2       6.74199834583
2       6.74206128333
2       6.74222489583
4       6.74222489583
1       6.74222503333
2       6.74250090833
4       6.74250092500
1       6.74250104583
2       6.74253460000
2       6.74277879167
4       6.74277880833
1       6.74277892917
2       6.74303154583
4       6.74303156667
1       6.74303168750
2       6.74305330417
2       6.74312360833
2       6.74317561667
2       6.74365911250
4       6.74365913333
1       6.74365925000
2       6.74380419167
2       6.74386943333
4       6.74386945417
1       6.74386957083
2       6.74411689583
4       6.74411691667
1       6.74411703750
2       6.74438425833
4       6.74438427917
1       6.74438440000
2       6.74444769167
2       6.74444919583
2       6.74498305833
4       6.74498307917
1       6.74498320000
2       6.74527555417
4       6.74527557500
1       6.74527569167
2       6.74538549167
2       6.74542466667
2       6.74566575833
4       6.74566577500
1       6.74566589583
2       6.74592904167
4       6.74592905833
1       6.74592917917
2       6.74595917917
2       6.74602681667
2       6.74603968750
2       6.74627479583
4       6.74627481667
1       6.74627493750
2       6.74652297500
4       6.74652299583
1       6.74652311667
2       6.74652690833
2       6.74672999167
4       6.74673000833
1       6.74673012917
2       6.74693727917
4       6.74693730000
1       6.74693742083
2       6.74694961250
2       6.74696469583
2       6.74710227083
2       6.74710916250
2       6.74714294167
4       6.74714295833
1       6.74714307917
2       6.74723930417
2       6.74756964583
4       6.74756964583
1       6.74756978333
2       6.74787001667
4       6.74787003750
1       6.74787015833
2       6.74788427083
2       6.74819028333
4       6.74819030000
1       6.74819042083
2       6.74826092083
2       6.74828637500
2       6.74829895833
2       6.74830887917
2       6.74837125833
2       6.74846185833
4       6.74846187917
1       6.74846200000
2       6.74846219167
2       6.74871567500
4       6.74871569583
1       6.74871581667
2       6.74894449583
4       6.74894449583
1       6.74894463333
2       6.74908007083
2       6.74925887917
4       6.74925890000
1       6.74925902083
2       6.74927544167
2       6.74930753750
2       6.74939237917
2       6.74947080833
4       6.74947082917
1       6.74947094583
2       6.74991635000
4       6.74991636667
1       6.74991648750
2       6.74996835833
2       6.75005410833
2       6.75374831250
4       6.75374832917
1       6.75374845000
2       6.75383406250
2       6.75385729167
2       6.75394770833
4       6.75394772917
1       6.75394785000
2       6.75402329167
2       6.75410665000
2       6.75424754583
4       6.75424756667
1       6.75424768750
2       6.75428420000
2       6.75430412500
2       6.75434222083
2       6.75483338750
4       6.75483340833
1       6.75483352917
2       6.75500894583
4       6.75500894583
1       6.75500908333
2       6.75503007917
2       6.75523914167
4       6.75523915833
1       6.75523927917
2       6.75528093333
2       6.75553192917
4       6.75553194583
1       6.75553206667
2       6.75584365000
4       6.75584367083
1       6.75584379167
2       6.75586085000
2       6.75593641250
2       6.75594805417
2       6.75603177500
4       6.75603179583
1       6.75603191667
2       6.75611159583
2       6.75615997500
2       6.75643916667
4       6.75643918750
1       6.75643930833
2       6.75678300417
4       6.75678300417
1       6.75678314167
2       6.75686321667
2       6.75699205833
4       6.75699207500
1       6.75699219583
2       6.75728181250
4       6.75728183333
1       6.75728195417
2       6.75745405833
2       6.75745906250
2       6.75748524167
2       6.75750599583
4       6.75750601667
1       6.75750613333
2       6.75774985833
4       6.75774987500
1       6.75774999583
2       6.75776406250
2       6.75803410000
4       6.75803412083
1       6.75803424167
2       6.75803567917
2       6.75808740417
2       6.75823804583
4       6.75823804583
1       6.75823818333
2       6.75825491667
2       6.75827055417
2       6.75837592500
2       6.75848356667
4       6.75848356667
1       6.75848370417
2       6.75882671250
4       6.75882673333
1       6.75882685417
2       6.75901248333
4       6.75901250000
1       6.75901262083
2       6.75919367500
4       6.75919369583
1       6.75919381667
2       6.75942976667
4       6.75942976667
1       6.75942990417
2       6.75964740833
4       6.75964742500
1       6.75964754583
2       6.75967527917
2       6.75967760000
2       6.75968152500
2       6.75974390417
2       6.75983925417
4       6.75983927500
1       6.75983939167
2       6.76011150000
4       6.76011152083
1       6.76011163750
2       6.76025295000
2       6.76034002083
4       6.76034003750
1       6.76034015833
2       6.76034399167
2       6.76035138750
2       6.76045637083
2       6.76055734167
4       6.76055736250
1       6.76055748333
2       6.76057711667
2       6.76100218333
4       6.76100220417
1       6.76100232500
2       6.76104323750
2       6.76111176250
2       6.76115221667
2       6.76120023750
4       6.76120025833
1       6.76120037917
2       6.76134565000
2       6.76138044167
4       6.76138046250
1       6.76138057917
2       6.76145697500
2       6.76185276250
4       6.76185278333
1       6.76185290417
2       6.76192698333
2       6.76202560833
2       6.76218399583
4       6.76218399583
1       6.76218413333
2       6.76223172500
2       6.76240062500
4       6.76240062500
1       6.76240076250
2       6.76258114167
2       6.76299712083
4       6.76299713750
1       6.76299725833
2       6.76336771250
4       6.76336773333
1       6.76336785417
2       6.76341254583
2       6.76347213750
2       6.76352378333
2       6.76354730417
2       6.76358039167
4       6.76358040833
1       6.76358052917
2       6.76368082083
2       6.76385498333
4       6.76385500417
1       6.76385512500
2       6.76386435417
2       6.76392002917
2       6.76415112917
4       6.76415114583
1       6.76415126667
2       6.76436870833
4       6.76436872500
1       6.76436884583
2       6.76440050833
2       6.76465027083
4       6.76465029167
1       6.76465041250
2       6.76800462917
4       6.76800464583
1       6.76800476667
2       6.76812128750
2       6.76827755833
4       6.76827757917
1       6.76827770000
2       6.76828483333
2       6.76840971250
2       6.76875321667
4       6.76875323750
1       6.76875335833
2       6.76893709167
4       6.76893711250
1       6.76893723333
2       6.76934874583
4       6.76934874583
1       6.76934888333
2       6.76940374583
2       6.76968788333
4       6.76968790000
1       6.76968802083
2       6.76975944583
2       6.76979090833
2       6.77021193333
4       6.77021195000
1       6.77021207083
2       6.77022257917
2       6.77043876667
4       6.77043878750
1       6.77043890417
2       6.77045412500
2       6.77051698333
2       6.77062401667
2       6.77107707917
4       6.77107710000
1       6.77107722083
2       6.77110722917
2       6.77133247083
4       6.77133249167
1       6.77133260833
2       6.77135363333
2       6.77166867083
4       6.77166869167
1       6.77166881250
2       6.77190477917
4       6.77190480000
1       6.77190492083
2       6.77197198333
2       6.77199025000
2       6.77201640833
2       6.77216650417
4       6.77216650417
1       6.77216664167
2       6.77228210000
2       6.77228667083
2       6.77247516250
4       6.77247518333
1       6.77247530417
2       6.77275868750
4       6.77275870833
1       6.77275882500
2       6.77276273333
2       6.77296904583
4       6.77296904583
1       6.77296918333
2       6.77311909167
2       6.77331982500
4       6.77331982500
1       6.77331996250
2       6.77355868333
4       6.77355870000
1       6.77355882083
2       6.77357556250
2       6.77363721250
2       6.77368825000
2       6.77382233333
4       6.77382235000
1       6.77382247083
2       6.77384282083
2       6.77389749583
2       6.77406305417
4       6.77406307500
1       6.77406319583
2       6.77415148750
2       6.77434139583
4       6.77434139583
1       6.77434153333
2       6.77441157500
2       6.77441381667
2       6.77456160000
4       6.77456162083
1       6.77456173750
2       6.77458643333
2       6.77460892917
2       6.77462720833
2       6.77487522083
4       6.77487524167
1       6.77487536250
2       6.77488587917
2       6.77494411667
2       6.77495047083
2       6.77505610417
4       6.77505612500
1       6.77505624583
2       6.77515401250
2       6.77518197500
2       6.77539072500
4       6.77539072500
1       6.77539086250
2       6.77547671250
2       6.77570725833
4       6.77570727500
1       6.77570739583
2       6.77615117917
4       6.77615119583
1       6.77615131667
2       6.77616934167
2       6.77650951250
4       6.77650953333
1       6.77650965417
2       6.77659064583
2       6.77665392500
2       6.77670330417
4       6.77670332500
1       6.77670344167
2       6.77683477917
2       6.77691862500
4       6.77691862500
1       6.77691876250
2       6.77715271250
4       6.77715273333
1       6.77715285417
2       6.77748238750
4       6.77748240833
1       6.77748252917
2       6.77763702917
2       6.77763998750
2       6.78199630417
4       6.78199632083
1       6.78199644167
2       6.78210060417
2       6.78213510417
2       6.78247400000
4       6.78247402083
1       6.78247414167
2       6.78270052917
4       6.78270055000
1       6.78270067083
2       6.78272830417
2       6.78279551667
2       6.78290883750
4       6.78290885833
1       6.78290897500
2       6.78337580833
4       6.78337582500
1       6.78337594583
2       6.78344844583
2       6.78357987500
4       6.78357989583
1       6.78358001667
2       6.78430594583
4       6.78430594583
1       6.78430608333
2       6.78431160833
2       6.78436260833
2       6.78451265417
2       6.78456951667
4       6.78456953750
1       6.78456965833
2       6.78458450417
2       6.78484679583
4       6.78484681667
1       6.78484693750
2       6.78505615417
2       6.78505943333
2       6.78525426250
4       6.78525428333
1       6.78525440000
2       6.78525958333
2       6.78541916667
2       6.78548709583
4       6.78548711667
1       6.78548723333
2       6.78551125833
2       6.78576997083
4       6.78576999167
1       6.78577011250
2       6.78597230417
4       6.78597232500
1       6.78597244583
2       6.78598995000
2       6.78602402083
2       6.78624660000
4       6.78624661667
1       6.78624673750
2       6.78636652917
2       6.78654609583
4       6.78654609583
1       6.78654623333
2       6.78660233333
2       6.78682294583
4       6.78682296667
1       6.78682308333
2       6.78692070417
2       6.78697923333
2       6.78722710000
4       6.78722712083
1       6.78722724167
2       6.78740265833
4       6.78740267500
1       6.78740279583
2       6.78744330417
2       6.78751412917
2       6.78751722917
2       6.78782093333
4       6.78782095417
1       6.78782107500
2       6.78797457083
2       6.78807855000
4       6.78807856667
1       6.78807868750
2       6.78811505833
2       6.78851445000
4       6.78851446667
1       6.78851458750
2       6.78857542083
2       6.78862414167
2       6.78896827917
4       6.78896830000
1       6.78896841667
2       6.78914613333
2       6.78937227500
4       6.78937229583
1       6.78937241667
2       6.78940844583
2       6.78941382917
2       6.78954723750
2       6.78972674583
4       6.78972676667
1       6.78972688750
2       6.78999907500
4       6.78999909583
1       6.78999921667
2       6.79001901250
2       6.79004769583
2       6.79006458750
2       6.79083246250
4       6.79083248333
1       6.79083260417
2       6.79089043750
2       6.79095833333
2       6.79096325417
2       6.79098807083
2       6.79114974167
4       6.79114976250
1       6.79114988333
2       6.79168785000
4       6.79168786667
1       6.79168798750
2       6.79169989583
2       6.79170921667
2       6.79187077083
2       6.79189973750
4       6.79189975833
1       6.79189987500
2       6.79199194167
2       6.79226926667
4       6.79226928750
1       6.79226940833
2       6.79238820000
2       6.79259419167
4       6.79259420833
1       6.79259432917
2       6.79619596667
4       6.79619598750
1       6.79619610833
2       6.79633639583
2       6.79634172917
2       6.79636722500
4       6.79636724583
1       6.79636736667
2       6.79638209583
2       6.79662425000
4       6.79662426667
1       6.79662438750
2       6.79663055000
2       6.79666121667
2       6.79699559167
4       6.79699560833
1       6.79699572917
2       6.79715849167
2       6.79725357917
4       6.79725360000
1       6.79725372083
2       6.79738745833
2       6.79767488750
4       6.79767490833
1       6.79767502917
2       6.79777522917
2       6.79812101667
4       6.79812101667
1       6.79812115417
2       6.79844734167
4       6.79844735833
1       6.79844747917
2       6.79897857083
4       6.79897858750
1       6.79897870833
2       6.79909288333
2       6.79919322083
4       6.79919323750
1       6.79919335833
2       6.79920885833
2       6.79926604167
2       6.79928760000
2       6.79935455417
2       6.79941775417
4       6.79941777500
1       6.79941789583
2       6.79944201250
2       6.79948507500
2       6.79956691250
2       6.79974346667
4       6.79974348750
1       6.79974360833
2       6.79994971250
4       6.79994973333
1       6.79994985417
2       6.80021008333
4       6.80021010417
1       6.80021022083
2       6.80026200833
2       6.80040783333
4       6.80040785417
1       6.80040797500
2       6.80050359583
2       6.80052804167
2       6.80053767083
2       6.80055843750
2       6.80068714167
4       6.80068716250
1       6.80068728333
2       6.80098841667
4       6.80098843750
1       6.80098855833
2       6.80102726667
2       6.80103215833
2       6.80112958333
2       6.80127796667
4       6.80127798750
1       6.80127810417
2       6.80147665000
4       6.80147666667
1       6.80147678750
2       6.80152645417
2       6.80182219583
4       6.80182221667
1       6.80182233750
2       6.80182387500
2       6.80263537083
4       6.80263538750
1       6.80263550833
2       6.80274999583
2       6.80289436667
4       6.80289438750
1       6.80289450417
2       6.80314243333
4       6.80314245417
1       6.80314257500
2       6.80322560417
2       6.80355019583
4       6.80355021667
1       6.80355033750
2       6.80356274167
2       6.80358099583
2       6.80373329167
2       6.80432986667
4       6.80432986667
1       6.80433000417
2       6.80433546667
2       6.80446532083
2       6.80460013750
4       6.80460015833
1       6.80460027917
2       6.80481119583
4       6.80481119583
1       6.80481133333
2       6.80501982500
4       6.80501982500
1       6.80501996250
2       6.80503152500
2       6.80538449583
4       6.80538449583
1       6.80538463333
2       6.80549977500
2       6.80558729583
2       6.80559220417
2       6.80565184167
4       6.80565186250
1       6.80565198333
2       6.80572933750
2       6.80581012500
2       6.80584985833
2       6.81064936250
4       6.81064937917
1       6.81064950000
2       6.81067858750
2       6.81071764167
2       6.81082919167
4       6.81082920833
1       6.81082932917
2       6.81088585833
2       6.81099157917
2       6.81106402917
4       6.81106404583
1       6.81106416667
2       6.81126119167
2       6.81146481250
4       6.81146483333
1       6.81146495417
2       6.81153007083
2       6.81165899167
2       6.81170157500
4       6.81170157500
1       6.81170171250
2       6.81172423333
2       6.81199020417
4       6.81199022500
1       6.81199034583
2       6.81214912917
2       6.81224517917
4       6.81224519583
1       6.81224531667
2       6.81239259583
2       6.81252441667
4       6.81252443750
1       6.81252455833
2       6.81262578750
2       6.81325117500
4       6.81325117500
1       6.81325131250
2       6.81334325417
2       6.81335677917
2       6.81336315417
2       6.81344059583
4       6.81344061667
1       6.81344073333
2       6.81344488750
2       6.81354557500
2       6.81371918750
4       6.81371920833
1       6.81371932500
2       6.81373006250
2       6.81373204583
2       6.81377610417
2       6.81387480417
2       6.81390799167
4       6.81390800833
1       6.81390812917
2       6.81413421667
4       6.81413421667
1       6.81413435417
2       6.81413948333
2       6.81417883750
2       6.81445145000
4       6.81445147083
1       6.81445159167
2       6.81476682500
4       6.81476682500
1       6.81476696250
2       6.81499904583
4       6.81499904583
1       6.81499918333
2       6.81552728333
4       6.81552730417
1       6.81552742500
2       6.81571812500
4       6.81571814583
1       6.81571826667
2       6.81579865000
2       6.81586153750
2       6.81600365417
4       6.81600367500
1       6.81600379583
2       6.81616334167
2       6.81627655833
4       6.81627657500
1       6.81627669583
2       6.81656605000
4       6.81656606667
1       6.81656618750
2       6.81661833750
2       6.81678965417
4       6.81678967500
1       6.81678979583
2       6.81680417917
2       6.81686350417
2       6.81710062500
4       6.81710064583
1       6.81710076667
2       6.81712055000
2       6.81740510000
4       6.81740511667
1       6.81740523750
2       6.81746762917
2       6.81751564167
2       6.81762296250
4       6.81762298333
1       6.81762310000
2       6.81773228750
2       6.81779823333
4       6.81779825417
1       6.81779837500
2       6.81798905417
4       6.81798907500
1       6.81798919167
2       6.81816031667
2       6.81825660000
4       6.81825662083
1       6.81825674167
2       6.81830293750
2       6.81856662500
4       6.81856664583
1       6.81856676667
2       6.81863722500
2       6.81884722500
4       6.81884722500
1       6.81884736250
2       6.81890480417
2       6.81903502083
4       6.81903503750
1       6.81903515833
2       6.81970084167
4       6.81970085833
1       6.81970097917
2       6.81976072083
2       6.81991503333
4       6.81991505000
1       6.81991517083
2       6.81994290417
2       6.81994594583
2       6.82002470417
2       6.82015924583
4       6.82015926667
1       6.82015938750
2       6.82030000417
2       6.82038772917
4       6.82038774583
1       6.82038786667
2       6.82047523750
2       6.82048617083
2       6.82073060000
4       6.82073061667
1       6.82073073750
2       6.82487816667
4       6.82487816667
1       6.82487830417
2       6.82504177917
2       6.82531834167
4       6.82531836250
1       6.82531848333
2       6.82559724167
4       6.82559726250
1       6.82559737917
2       6.82562211250
2       6.82572933750
2       6.82573397917
2       6.82585067083
4       6.82585069167
1       6.82585081250
2       6.82592052083
2       6.82612225417
4       6.82612225417
1       6.82612239167
2       6.82639915417
4       6.82639917500
1       6.82639929583
2       6.82655716667
2       6.82659789583
2       6.82662106667
2       6.82666310000
4       6.82666311667
1       6.82666323750
2       6.82678968750
2       6.82700899583
4       6.82700899583
1       6.82700913333
2       6.82708052083
2       6.82720912083
2       6.82729911250
4       6.82729913333
1       6.82729925417
2       6.82739978333
2       6.82746669167
2       6.82758825833
4       6.82758827917
1       6.82758840000
2       6.82764919583
2       6.82769290833
2       6.82787380000
4       6.82787382083
1       6.82787394167
2       6.82797215417
2       6.82797680833
2       6.82826595000
4       6.82826597083
1       6.82826609167
2       6.82827620833
2       6.82836663750
2       6.82839583750
2       6.82843513750
4       6.82843513750
1       6.82843527500
2       6.82856534583
2       6.82871183333
4       6.82871185417
1       6.82871197500
2       6.82933547083
4       6.82933549167
1       6.82933561250
2       6.82934113750
2       6.82948917083
2       6.82952397917
2       6.82958958333
4       6.82958960000
1       6.82958972083
2       6.82962165833
2       6.82975282500
2       6.82981807917
4       6.82981810000
1       6.82981822083
2       6.82991807083
2       6.83012843333
4       6.83012845000
1       6.83012857083
2       6.83014435833
2       6.83014698333
2       6.83035334167
4       6.83035336250
1       6.83035348333
2       6.83046033750
2       6.83046089167
2       6.83056623333
4       6.83056625417
1       6.83056637500
2       6.83064187917
2       6.83093729583
4       6.83093731667
1       6.83093743333
2       6.83096670417
2       6.83100790000
2       6.83121019167
4       6.83121020833
1       6.83121032917
2       6.83145562917
4       6.83145564583
1       6.83145576667
2       6.83162355833
2       6.83165704167
4       6.83165705833
1       6.83165717917
2       6.83178752917
2       6.83208031667
4       6.83208033750
1       6.83208045833
2       6.83213927083
2       6.83216754167
2       6.83318267500
4       6.83318267500
1       6.83318281250
2       6.83321314167
2       6.83321579583
2       6.83361353333
4       6.83361355417
1       6.83361367500
2       6.83381330833
4       6.83381332500
1       6.83381344583
2       6.83388327500
2       6.83401064167
4       6.83401066250
1       6.83401078333
2       6.83405415417
2       6.83413036250
2       6.83906678750
4       6.83906680833
1       6.83906692917
2       6.83910064167
2       6.83917919167
2       6.83938290417
4       6.83938290417
1       6.83938304167
2       6.83962333750
4       6.83962335833
1       6.83962347917
2       6.83968420000
2       6.83969480000
2       6.83980291250
2       6.83986679583
4       6.83986681667
1       6.83986693750
2       6.83997972917
2       6.84005792917
2       6.84016189167
4       6.84016191250
1       6.84016203333
2       6.84020629583
2       6.84028618750
2       6.84037757083
4       6.84037759167
1       6.84037771250
2       6.84042816250
2       6.84050045417
2       6.84071214167
4       6.84071215833
1       6.84071227917
2       6.84089855833
2       6.84097049583
4       6.84097051667
1       6.84097063750
2       6.84102145833
2       6.84111156667
2       6.84165743333
4       6.84165745417
1       6.84165757500
2       6.84167626667
2       6.84172332500
2       6.84183823333
4       6.84183825000
1       6.84183837083
2       6.84203531667
4       6.84203533750
1       6.84203545833
2       6.84203800417
2       6.84206250417
2       6.84235695833
4       6.84235697917
1       6.84235710000
2       6.84238910833
2       6.84278154167
4       6.84278155833
1       6.84278167917
2       6.84301577500
4       6.84301577500
1       6.84301591250
2       6.84322675000
4       6.84322676667
1       6.84322688750
2       6.84351462917
4       6.84351465000
1       6.84351477083
2       6.84375501667
4       6.84375501667
1       6.84375515417
2       6.84377229583
2       6.84382531667
2       6.84396470000
4       6.84396471667
1       6.84396483750
2       6.84425653333
4       6.84425655000
1       6.84425667083
2       6.84427845833
2       6.84449533333
4       6.84449535000
1       6.84449547083
2       6.84466169583
2       6.84471592917
4       6.84471595000
1       6.84471607083
2       6.84475007083
2       6.84488590000
2       6.84497827917
4       6.84497830000
1       6.84497842083
2       6.84532439167
4       6.84532441250
1       6.84532453333
2       6.84555494583
4       6.84555494583
1       6.84555508333
2       6.84561785833
2       6.84564034167
2       6.84564337917
2       6.84564803750
2       6.84574374167
4       6.84574376250
1       6.84574387917
2       6.84578735833
2       6.84598086667
4       6.84598086667
1       6.84598100417
2       6.84603553750
2       6.84626643333
4       6.84626645417
1       6.84626657500
2       6.84638962917
2       6.84643204167
2       6.84645651667
4       6.84645651667
1       6.84645665417
2       6.84651350417
2       6.84660427500
2       6.84691429583
4       6.84691431667
1       6.84691443750
2       6.84727929167
4       6.84727931250
1       6.84727942917
2       6.84738033333
2       6.84741379167
2       6.84764630417
4       6.84764632500
1       6.84764644583
2       6.84769199167
2       6.84773143750
2       6.84792853333
4       6.84792855000
1       6.84792867083
2       6.84796164167
2       6.84819449583
4       6.84819449583
1       6.84819463333
2       6.84819976250
2       6.84822554167
2       6.84836402500
2       6.84855652083
4       6.84855653750
1       6.84855665833
2       6.84856085833
2       6.84905334583
4       6.84905334583
1       6.84905348333
2       6.84999207500
4       6.84999207500
1       6.84999221250
2       6.85015112500
2       6.85020896667
4       6.85020898750
1       6.85020910417
2       6.85027990417
2       6.85034544167
2       6.85038122083
4       6.85038123750
1       6.85038135833
2       6.85040242500
2       6.85049449167
2       6.85050940417
2       6.85051207500
2       6.85069627500
4       6.85069627500
1       6.85069641250
2       6.85071948333
2       6.85081151250
2       6.85118909583
4       6.85118911667
1       6.85118923333
2       6.85124505000
2       6.85128919583
2       6.85132195000
2       6.85134910833
2       6.85163955000
4       6.85163957083
1       6.85163969167
2       6.85197345000
4       6.85197346667
1       6.85197358750
2       6.85245139167
4       6.85245141250
1       6.85245153333
2       6.85250802500
2       6.85251402083
2       6.85272335833
4       6.85272337500
1       6.85272349583
2       6.85298869167
4       6.85298871250
1       6.85298883333
2       6.85314295417
2       6.85319800417
4       6.85319802500
1       6.85319814583
2       6.85325294583
2       6.85336425417
2       6.85346300417
4       6.85346300417
1       6.85346314167
2       6.85364875417
4       6.85364877083
1       6.85364889167
2       6.85371600000
2       6.85373157917
2       6.85376005833
2       6.85386339167
4       6.85386341250
1       6.85386353333
2       6.85392402917
2       6.85419430417
4       6.85419430417
1       6.85419444167
2       6.85438937917
4       6.85438939583
1       6.85438951667
2       6.85463480833
4       6.85463482917
1       6.85463494583
2       6.85473415833
2       6.85514396667
4       6.85514396667
1       6.85514410417
2       6.85524960000
2       6.85544109167
4       6.85544110833
1       6.85544122917
2       6.85545099167
2       6.85589782500
4       6.85589784583
1       6.85589796667
2       6.85605686667
2       6.85626048750
4       6.85626050417
1       6.85626062500
2       6.85631084583
2       6.85646417500
4       6.85646419583
1       6.85646431667
2       6.85669711250
4       6.85669712917
1       6.85669725000
2       6.85671127917
2       6.85691102083
4       6.85691103750
1       6.85691115833
2       6.85715915000
4       6.85715916667
1       6.85715928750
2       6.85811068333
4       6.85811070000
1       6.85811082083
2       6.85813357917
2       6.85855092500
4       6.85855092500
1       6.85855106250
2       6.85860187500
2       6.85914782917
4       6.85914784583
1       6.85914796667
2       6.85932301667
2       6.85969200000
4       6.85969201667
1       6.85969213750
2       6.86004243750
4       6.86004245833
1       6.86004257917
2       6.86014672917
2       6.86019081250
2       6.86024976667
2       6.86025709167
2       6.86032469167
4       6.86032471250
1       6.86032483333
2       6.86039157083
2       6.86039649167
2       6.86352596667
4       6.86352596667
1       6.86352610417
2       6.86377602500
4       6.86377602500
1       6.86377616250
2       6.86385153333
2       6.86409896667
4       6.86409898750
1       6.86409910417
2       6.86414965833
2       6.86415922500
2       6.86431588333
4       6.86431590417
1       6.86431602083
2       6.86449940000
4       6.86449942083
1       6.86449954167
2       6.86468061667
2       6.86477989583
4       6.86477989583
1       6.86478003333
2       6.86507942083
4       6.86507944167
1       6.86507956250
2       6.86513736667
2       6.86513865000
2       6.86517005833
2       6.86518698333
2       6.86543047500
4       6.86543049583
1       6.86543061667
2       6.86561168750
2       6.86623404583
4       6.86623406667
1       6.86623418750
2       6.86627379583
2       6.86635526667
2       6.86640459167
2       6.86681967500
4       6.86681967500
1       6.86681981250
2       6.86726785000
4       6.86726786667
1       6.86726798750
2       6.86744863750
2       6.86763079167
4       6.86763080833
1       6.86763092917
2       6.86788389583
4       6.86788389583
1       6.86788403333
2       6.86828460417
4       6.86828460417
1       6.86828474167
2       6.86832142917
2       6.86842142500
2       6.86968371667
4       6.86968371667
1       6.86968385417
2       6.87033564583
4       6.87033564583
1       6.87033578333
2       6.87053005000
2       6.87091128750
4       6.87091130417
1       6.87091142500
2       6.87099942500
2       6.87157369167
4       6.87157371250
1       6.87157383333
2       6.87219674583
4       6.87219674583
1       6.87219688333
2       6.87221828750
2       6.87277969167
4       6.87277970833
1       6.87277982917
2       6.87290790000
2       6.87304137917
4       6.87304139583
1       6.87304151667
2       6.87341566667
4       6.87341568750
1       6.87341580833
2       6.87406786250
4       6.87406787917
1       6.87406800000
2       6.87951917083
4       6.87951919167
1       6.87951931250
2       6.88020945833
4       6.88020947500
1       6.88020959583
2       6.88074968333
4       6.88074970417
1       6.88074982500
2       6.88076728750
2       6.88355872500
4       6.88355874583
1       6.88355886667
2       6.88492907500
4       6.88492909583
1       6.88492921667
2       6.88501521250
2       6.88536531250
4       6.88536533333
1       6.88536545000
2       6.88612317917
4       6.88612319583
1       6.88612331667
2       6.88613379583
2       6.88913234167
4       6.88913235833
1       6.88913247917
2       6.89033605417
4       6.89033605417
1       6.89033619167
2       6.89146053750
4       6.89146055417
1       6.89146067500
2       6.89284178750
4       6.89284180833
1       6.89284192917
2       6.89451048333
4       6.89451050417
1       6.89451062500
2       6.89493609583
4       6.89493609583
1       6.89493623333
2       6.89678600417
4       6.89678600417
1       6.89678614167
2       6.89716195417
4       6.89716197500
1       6.89716209167
2       6.89842981250
4       6.89842983333
1       6.89842995417
2       6.89944969583
4       6.89944971667
1       6.89944983750
2       6.90031487500
4       6.90031489583
1       6.90031501667
2       6.90075438333
4       6.90075440417
1       6.90075452500
2       6.90093854167
2       6.90262615417
4       6.90262617083
1       6.90262629167
2       6.90771601250
4       6.90771603333
1       6.90771615417
2       6.91177526250
4       6.91177527917
1       6.91177540000
2       6.91427110417
4       6.91427112500
1       6.91427124583
2       6.92831470417
4       6.92831472083
1       6.92831484167
2       6.92938096667
4       6.92938096667
1       6.92938110417
2       6.93845313750
4       6.93845315833
1       6.93845327500
2       6.94919016667
4       6.94919018750
1       6.94919030833
2       19.62788459583
4       19.62788459583
1       19.62788473333
2       19.63372662083
4       19.63372664167
1       19.63372676250
2       19.63911254583
4       19.63911256667
1       19.63911268750
2       19.64002890833
4       19.64002892500
1       19.64002904583
2       19.64297593750
4       19.64297595833
1       19.64297607917
2       19.64343623750
4       19.64343625833
1       19.64343637917
2       19.64377480833
4       19.64377482917
1       19.64377495000
2       19.64458429583
4       19.64458431667
1       19.64458443750
2       19.64471974167
2       19.64705769167
4       19.64705771250
1       19.64705783333
2       19.64871180000
4       19.64871182083
1       19.64871194167
2       19.64913310833
4       19.64913312500
1       19.64913324583
2       19.64977269583
4       19.64977271667
1       19.64977283333
2       19.64987122917
2       19.65086972500
4       19.65086974583
1       19.65086986667
2       19.65107453750
2       19.65151662500
4       19.65151664583
1       19.65151676250
2       19.65279087500
4       19.65279089583
1       19.65279101667
2       19.65353327917
4       19.65353330000
1       19.65353342083
2       19.65411285833
4       19.65411287917
1       19.65411300000
2       19.65731284167
4       19.65731286250
1       19.65731298333
2       19.65731712083
2       19.65753287083
4       19.65753288750
1       19.65753300833
2       19.65801875000
4       19.65801877083
1       19.65801889167
2       19.65891095417
4       19.65891097083
1       19.65891109167
2       19.65942437500
4       19.65942439583
1       19.65942451250
2       19.66032212500
4       19.66032214583
1       19.66032226250
2       19.66058070417
4       19.66058070417
1       19.66058084167
2       19.66127498750
4       19.66127500417
1       19.66127512500
2       19.66326936250
4       19.66326937917
1       19.66326950000
2       19.66388645833
4       19.66388647500
1       19.66388659583
2       19.66418779167
4       19.66418781250
1       19.66418793333
2       19.66566708333
4       19.66566710000
1       19.66566722083
2       19.66573994167
2       19.66581817917
2       19.66643395417
4       19.66643395417
1       19.66643409167
2       19.66721656667
4       19.66721658750
1       19.66721670417
2       19.66800124167
4       19.66800126250
1       19.66800138333
2       19.66804272500
2       19.66826262500
4       19.66826264583
1       19.66826276667
2       19.66864282083
4       19.66864283750
1       19.66864295833
2       19.66870772917
2       19.66880946667
2       19.66887671667
4       19.66887671667
1       19.66887685417
2       19.66903630833
2       19.67020561667
4       19.67020561667
1       19.67020575417
2       19.67170940000
4       19.67170941667
1       19.67170953750
2       19.67221874583
4       19.67221876667
1       19.67221888333
2       19.67222669167
2       19.67224790000
2       19.67263980833
4       19.67263982500
1       19.67263994583
2       19.67301905833
4       19.67301907500
1       19.67301919583
2       19.67352706250
4       19.67352707917
1       19.67352720000
2       19.67378054167
4       19.67378056250
1       19.67378068333
2       19.67395972083
2       19.67398022917
2       19.67456914167
4       19.67456916250
1       19.67456927917
2       19.67513990000
4       19.67513992083
1       19.67514004167
2       19.67559132500
4       19.67559134583
1       19.67559146667
2       19.67713516250
4       19.67713518333
1       19.67713530417
2       19.67733194583
2       19.67748531250
4       19.67748533333
1       19.67748545417
2       19.67764167500
2       19.67811896250
4       19.67811897917
1       19.67811910000
2       19.67818922917
2       19.67830576250
2       19.67831507083
2       19.67840704583
4       19.67840706667
1       19.67840718750
2       19.67868463750
4       19.67868465833
1       19.67868477917
2       19.67873837083
2       19.67947737500
4       19.67947739583
1       19.67947751250
2       19.67960418750
2       19.68016452917
4       19.68016455000
1       19.68016467083
2       19.68107243750
4       19.68107245417
1       19.68107257500
2       19.68112124167
2       19.68125135417
2       19.68134808333
4       19.68134810000
1       19.68134822083
2       19.68214104583
4       19.68214106667
1       19.68214118750
2       19.68225095833
2       19.68307547500
4       19.68307549583
1       19.68307561667
2       19.68310994583
2       19.68313542083
2       19.68349415417
4       19.68349417500
1       19.68349429167
2       19.68357163333
2       19.68362764583
2       19.68376603333
4       19.68376605417
1       19.68376617083
2       19.68401553750
4       19.68401555833
1       19.68401567500
2       19.68402908750
2       19.68423510417
4       19.68423512500
1       19.68423524583
2       19.68425022083
2       19.68426790833
2       19.68446425417
4       19.68446425417
1       19.68446439167
2       19.68451260833
2       19.68460146667
2       19.68527772917
4       19.68527775000
1       19.68527787083
2       19.68528005417
2       19.68573051667
4       19.68573053750
1       19.68573065833
2       19.68573353750
2       19.68575427083
2       19.68619026667
4       19.68619028750
1       19.68619040417
2       19.68622279583
2       19.68657847083
4       19.68657849167
1       19.68657861250
2       19.68672529167
2       19.68715118750
4       19.68715120417
1       19.68715132500
2       19.68755987917
4       19.68755990000
1       19.68756001667
2       19.68756189167
2       19.68770494167
2       19.68779115000
4       19.68779117083
1       19.68779129167
2       19.68793792500
2       19.68806767500
4       19.68806769583
1       19.68806781667
2       19.68848770417
4       19.68848772083
1       19.68848784167
2       19.68868340833
4       19.68868342917
1       19.68868355000
2       19.68874901667
2       19.68889350833
4       19.68889352500
1       19.68889364583
2       19.68893115417
2       19.68898817083
2       19.68899714583
2       19.68909084167
4       19.68909086250
1       19.68909098333
2       19.68920449167
2       19.68924128333
2       19.68929687917
4       19.68929689583
1       19.68929701667
2       19.68936535417
2       19.68966192500
4       19.68966194583
1       19.68966206667
2       19.68977252917
2       19.68984801667
4       19.68984801667
1       19.68984815417
2       19.68991061667
2       19.68992320417
2       19.69014544167
4       19.69014546250
1       19.69014558333
2       19.69025980417
2       19.69042505833
4       19.69042507500
1       19.69042519583
2       19.69052304583
2       19.69053400417
2       19.69053904583
2       19.69055087500
2       19.69064133333
4       19.69064135417
1       19.69064147500
2       19.69071023750
2       19.69079205417
2       19.69088377917
4       19.69088380000
1       19.69088392083
2       19.69092421250
2       19.69092455833
2       19.69096136667
2       19.69096861250
2       19.69100275833
2       19.69109351250
4       19.69109353333
1       19.69109365417
2       19.69119017500
2       19.69123292917
2       19.69142334167
4       19.69142335833
1       19.69142347917
2       19.69142695417
2       19.69157702500
2       19.69170525833
4       19.69170527917
1       19.69170540000
2       19.69171985833
2       19.69177507083
2       19.69180762500
2       19.69192610417
4       19.69192612500
1       19.69192624583
2       19.69209346250
2       19.69221564583
4       19.69221564583
1       19.69221578333
2       19.69230582083
2       19.69231202500
2       19.69240247083
4       19.69240248750
1       19.69240260833
2       19.69259324167
4       19.69259326250
1       19.69259337917
2       19.69269558333
2       19.69275096667
2       19.69287450000
4       19.69287451667
1       19.69287463750
2       19.69298849167
2       19.69303145833
2       19.69328746667
4       19.69328748750
1       19.69328760417
2       19.69333157083
2       19.69339843750
2       19.69341503750
2       19.69358130000
4       19.69358131667
1       19.69358143750
2       19.69358962917
2       19.69365351667
2       19.69374729167
2       19.69376021250
4       19.69376022917
1       19.69376035000
2       19.69386452917
2       19.69388609167
2       19.69395622917
4       19.69395624583
1       19.69395636667
2       19.69398997917
2       19.69409507500
2       19.69422092083
4       19.69422094167
1       19.69422105833
2       19.69425274167
2       19.69426497917
2       19.69444081250
4       19.69444082917
1       19.69444095000
2       19.69483335000
4       19.69483337083
1       19.69483348750
2       19.69487938750
2       19.69493277917
2       19.69513940417
4       19.69513942500
1       19.69513954583
2       19.69517015417
2       19.69522356250
2       19.69535896667
4       19.69535896667
1       19.69535910417
2       19.69539450833
2       19.69540175833
2       19.69543287500
2       19.69557958333
4       19.69557960000
1       19.69557972083
2       19.69569759167
2       19.69569892083
2       19.69575581667
2       19.69580256667
4       19.69580256667
1       19.69580270417
2       19.69584585833
2       19.69590055417
2       19.69591677500
2       19.69609566667
4       19.69609568750
1       19.69609580833
2       19.69615463750
2       19.69615731250
2       19.69620500000
2       19.69631562917
4       19.69631565000
1       19.69631576667
2       19.69649139583
4       19.69649139583
1       19.69649153333
2       19.69653386250
2       19.69664945833
2       19.69665572917
2       19.69681275000
4       19.69681277083
1       19.69681289167
2       19.69681507500
2       19.69692872500
2       19.69706016667
4       19.69706018750
1       19.69706030833
2       19.69710459167
2       19.69711555000
2       19.69712581250
2       19.69716913333
2       19.69725325833
4       19.69725327500
1       19.69725339583
2       19.69740867083
2       19.69750968333
4       19.69750970417
1       19.69750982083
2       19.69769616250
4       19.69769618333
1       19.69769630417
2       19.69772725417
2       19.69773555833
2       19.69775078750
2       19.69781303750
2       19.69781736250
2       19.69792236667
4       19.69792238750
1       19.69792250833
2       19.69798235833
2       19.69801439583
2       19.69804434167
2       19.69806386667
2       19.69811387500
4       19.69811387500
1       19.69811401250
2       19.69814569583
2       19.69826815417
2       19.69827184583
2       19.69836560000
4       19.69836562083
1       19.69836574167
2       19.69845496667
2       19.69851584583
2       19.69870042500
4       19.69870044583
1       19.69870056667
2       19.69874875833
2       19.69889319583
4       19.69889319583
1       19.69889333333
2       19.69890647500
2       19.69893171667
2       19.69893267917
2       19.69897838333
2       19.69907579167
4       19.69907581250
1       19.69907593333
2       19.69923771667
2       19.69928966250
4       19.69928968333
1       19.69928980000
2       19.69936950833
2       19.69938207500
2       19.69942058333
2       19.69948712083
4       19.69948714167
1       19.69948726250
2       19.69950990833
2       19.69955634167
2       19.69956257917
2       19.69966048750
4       19.69966050833
1       19.69966062500
2       19.69966400833
2       19.69967925833
2       19.69972787083
2       19.69974080417
2       19.69984149167
4       19.69984151250
1       19.69984163333
2       19.69992764583
2       19.69993230833
2       19.69993824167
2       19.69996214583
2       19.70006024583
4       19.70006026667
1       19.70006038750
2       19.70006611667
2       19.70011775417
2       19.70014559167
2       19.70029734167
4       19.70029736250
1       19.70029747917
2       19.70036712917
2       19.70039929583
2       19.70045360000
2       19.70046025000
2       19.70046653750
2       19.70064879583
4       19.70064879583
1       19.70064893333
2       19.70068050417
2       19.70072655417
2       19.70083122917
2       19.70087131250
4       19.70087133333
1       19.70087145417
2       19.70087562500
2       19.70092294583
2       19.70102165417
2       19.70102198750
2       19.70123632500
4       19.70123634583
1       19.70123646667
2       19.70124855417
2       19.70130550417
2       19.70150729583
4       19.70150729583
1       19.70150743333
2       19.70151460000
2       19.70154831250
2       19.70155298333
2       19.70164245000
2       19.70166586250
2       19.70167594167
2       19.70168782917
4       19.70168785000
1       19.70168797083
2       19.70172647500
2       19.70174772917
2       19.70176462917
2       19.70185470833
2       19.70188185417
4       19.70188187083
1       19.70188199167
2       19.70195934167
2       19.70196135417
2       19.70201009583
2       19.70205844167
4       19.70205845833
1       19.70205857917
2       19.70211041250
2       19.70217175417
2       19.70220284583
2       19.70226185417
4       19.70226187500
1       19.70226199167
2       19.70233065833
2       19.70233335833
2       19.70238101667
2       19.70239068333
2       19.70245654583
4       19.70245656667
1       19.70245668333
2       19.70255363333
2       19.70257610833
2       19.70257879167
2       19.70258468333
2       19.70267815417
4       19.70267815417
1       19.70267829167
2       19.70269838750
2       19.70272452083
2       19.70277360000
2       19.70281993333
2       19.70298715417
4       19.70298717500
1       19.70298729583
2       19.70302892500
2       19.70306069583
2       19.70306933333
2       19.70311498333
2       19.70319286667
4       19.70319288750
1       19.70319300833
2       19.70320346667
2       19.70326910417
2       19.70341450833
4       19.70341452500
1       19.70341464583
2       19.70352627917
2       19.70367119167
4       19.70367121250
1       19.70367133333
2       19.70372781667
2       19.70372980000
2       19.70376520833
2       19.70377152083
2       19.70402322083
4       19.70402323750
1       19.70402335833
2       19.70402555417
2       19.70412160417
2       19.70412799167
2       19.70423916250
4       19.70423918333
1       19.70423930417
2       19.70428070000
2       19.70430212917
2       19.70431938750
2       19.70433990417
2       19.70436507500
2       19.70445745833
4       19.70445747917
1       19.70445760000
2       19.70456012083
2       19.70471779167
4       19.70471780833
1       19.70471792917
2       19.70484803750
2       19.70492659167
4       19.70492661250
1       19.70492673333
2       19.70493777917
2       19.70494601667
2       19.70503882917
2       19.70508648333
2       19.70518057083
4       19.70518059167
1       19.70518071250
2       19.70523787083
2       19.70525280833
2       19.70532402500
2       19.70532562917
2       19.70546211250
4       19.70546213333
1       19.70546225417
2       19.70548131250
2       19.70554593750
2       19.70555409583
2       19.70558994583
2       19.70561292083
2       19.70561350417
2       19.70563600000
4       19.70563601667
1       19.70563613750
2       19.70565162083
2       19.70568669583
2       19.70577678333
2       19.70584997083
4       19.70584998750
1       19.70585010833
2       19.70590135417
2       19.70591912917
2       19.70592945417
2       19.70596319167
2       19.70608676667
4       19.70608678750
1       19.70608690833
2       19.70615542083
2       19.70616896667
2       19.70617487083
2       19.70620432083
2       19.70622788333
2       19.70629715833
4       19.70629717917
1       19.70629730000
2       19.70634086250
2       19.70636207083
2       19.70639819583
2       19.70643102917
2       19.70643950833
2       19.70659924583
4       19.70659926667
1       19.70659938750
2       19.70689503333
4       19.70689505417
1       19.70689517083
2       19.70690290833
2       19.70710201250
4       19.70710203333
1       19.70710215417
2       19.70724081667
2       19.70732767917
4       19.70732770000
1       19.70732782083
2       19.70733719167
2       19.70741038750
2       19.70742895833
2       19.70742995000
2       19.70746703750
2       19.70748497500
2       19.70750280417
2       19.70752403750
2       19.70753662083
2       19.70759919583
4       19.70759919583
1       19.70759933333
2       19.70759955000
2       19.70768101667
2       19.70770024583
2       19.70775196250
2       19.70775653333
2       19.70775688750
2       19.70776677500
2       19.70779685833
4       19.70779687500
1       19.70779699583
2       19.70781086667
2       19.70784497917
2       19.70786549583
2       19.70794730417
2       19.70801887917
4       19.70801890000
1       19.70801901667
2       19.70802910833
2       19.70803948333
2       19.70805627083
2       19.70808180833
2       19.70812152500
2       19.70818851250
2       19.70821200833
4       19.70821202917
1       19.70821215000
2       19.70822622917
2       19.70830240000
2       19.70845079583
4       19.70845081667
1       19.70845093750
2       19.70847561250
2       19.70849285417
2       19.70876383333
4       19.70876385000
1       19.70876397083
2       19.70881190000
2       19.70890158333
2       19.70909897500
4       19.70909899583
1       19.70909911667
2       19.70912458333
2       19.70914504167
2       19.70918453333
2       19.70928942083
4       19.70928943750
1       19.70928955833
2       19.70933450833
2       19.70937789167
2       19.70942429167
2       19.70942815417
2       19.70953917917
4       19.70953920000
1       19.70953932083
2       19.70958127083
2       19.70964849583
2       19.70980190417
4       19.70980192083
1       19.70980204167
2       19.70980350833
2       19.70982040000
2       19.70984597917
2       19.70989792500
2       19.71014935833
4       19.71014937917
1       19.71014950000
2       19.71015370417
2       19.71021097500
2       19.71036362917
4       19.71036364583
1       19.71036376667
2       19.71042419583
2       19.71044739583
2       19.71048519167
2       19.71049338333
2       19.71050173750
2       19.71067165417
4       19.71067167500
1       19.71067179583
2       19.71072901667
2       19.71073492917
2       19.71082936250
2       19.71083132083
2       19.71083960417
2       19.71092106667
4       19.71092106667
1       19.71092120417
2       19.71092770833
2       19.71093238333
2       19.71098735833
2       19.71099332917
2       19.71110194167
4       19.71110196250
1       19.71110208333
2       19.71124342500
2       19.71125402500
2       19.71128445833
4       19.71128447917
1       19.71128460000
2       19.71132617083
2       19.71141394167
2       19.71143081250
2       19.71147025000
4       19.71147027083
1       19.71147039167
2       19.71148156250
2       19.71157755833
2       19.71164549167
4       19.71164551250
1       19.71164562917
2       19.71168452083
2       19.71170338750
2       19.71172464583
2       19.71176006667
2       19.71181468750
2       19.71185482917
4       19.71185484583
1       19.71185496667
2       19.71185913750
2       19.71187138333
2       19.71190155833
2       19.71190675417
2       19.71192367917
2       19.71195938750
2       19.71209990833
4       19.71209992917
1       19.71210005000
2       19.71212782500
2       19.71212880000
2       19.71214396250
2       19.71219260000
2       19.71227180417
2       19.71253603333
4       19.71253605417
1       19.71253617500
2       19.71260409167
2       19.71260969167
2       19.71271070833
2       19.71280279167
4       19.71280281250
1       19.71280293333
2       19.71281738750
2       19.71290116250
2       19.71292398750
2       19.71295186250
2       19.71299756667
4       19.71299758750
1       19.71299770833
2       19.71301012917
2       19.71303762917
2       19.71316976667
4       19.71316976667
1       19.71316990417
2       19.71320300417
2       19.71338017917
4       19.71338020000
1       19.71338031667
2       19.71348015833
2       19.71352257500
2       19.71354645417
2       19.71360964583
4       19.71360964583
1       19.71360978333
2       19.71361669167
2       19.71363750833
2       19.71365011667
2       19.71381335833
4       19.71381337500
1       19.71381349583
2       19.71385939167
2       19.71390286250
2       19.71393732083
2       19.71396044167
2       19.71402408333
4       19.71402410000
1       19.71402422083
2       19.71403992500
2       19.71409223750
2       19.71409431250
2       19.71412999167
2       19.71425192083
4       19.71425194167
1       19.71425206250
2       19.71429363750
2       19.71450795833
4       19.71450797917
1       19.71450810000
2       19.71456062083
2       19.71463121667
2       19.71474672500
4       19.71474672500
1       19.71474686250
2       19.71475700833
2       19.71476833750
2       19.71485677917
2       19.71495841250
4       19.71495842917
1       19.71495855000
2       19.71498357083
2       19.71498927917
2       19.71500045833
2       19.71503461667
2       19.71523172083
4       19.71523173750
1       19.71523185833
2       19.71526784583
2       19.71538402500
2       19.71545523333
4       19.71545525000
1       19.71545537083
2       19.71547820417
2       19.71559765833
2       19.71566369167
4       19.71566371250
1       19.71566383333
2       19.71570333750
2       19.71574112083
2       19.71578317917
2       19.71586034583
4       19.71586036667
1       19.71586048750
2       19.71586262500
2       19.71592363750
2       19.71604457917
4       19.71604459583
1       19.71604471667
2       19.71615253333
2       19.71615716667
2       19.71619673750
2       19.71622138333
4       19.71622140000
1       19.71622152083
2       19.71622940833
2       19.71640823750
4       19.71640825833
1       19.71640837917
2       19.71651285000
2       19.71664665000
4       19.71664667083
1       19.71664679167
2       19.71665295417
2       19.71668580000
2       19.71669304583
2       19.71672917500
2       19.71691392083
4       19.71691394167
1       19.71691406250
2       19.71707263750
2       19.71714583750
4       19.71714585833
1       19.71714597917
2       19.71721307500
2       19.71724557500
2       19.71725910417
2       19.71736210000
4       19.71736211667
1       19.71736223750
2       19.71747181250
2       19.71751714167
2       19.71752577500
2       19.71766615833
4       19.71766617917
1       19.71766630000
2       19.71783109167
2       19.71798284583
4       19.71798286667
1       19.71798298750
2       19.71809645000
2       19.71832864167
4       19.71832866250
1       19.71832877917
2       19.71845751667
2       19.71850124167
2       19.71852944167
4       19.71852946250
1       19.71852957917
2       19.71876289167
4       19.71876290833
1       19.71876302917
2       19.71881917500
2       19.71887416667
2       19.71894735833
2       19.71897685833
4       19.71897687500
1       19.71897699583
2       19.71915567083
2       19.71917032083
2       19.71919480000
4       19.71919481667
1       19.71919493750
2       19.71922427917
2       19.71937137917
2       19.71939848750
4       19.71939850417
1       19.71939862500
2       19.71945387500
2       19.71953734583
2       19.71955219583
2       19.71978509167
4       19.71978511250
1       19.71978523333
2       19.72006525417
4       19.72006525417
1       19.72006539167
2       19.72009547083
2       19.72016398750
2       19.72018552917
2       19.72021830000
2       19.72023426667
2       19.72024778750
4       19.72024780417
1       19.72024792500
2       19.72048892917
4       19.72048895000
1       19.72048906667
2       19.72062737083
2       19.72070955000
4       19.72070957083
1       19.72070968750
2       19.72073177083
2       19.72075126250
2       19.72087452917
2       19.72087491667
2       19.72089797917
2       19.72091841250
4       19.72091842917
1       19.72091855000
2       19.72103818333
2       19.72121602500
4       19.72121604583
1       19.72121616667
2       19.72121895000
2       19.72129644167
2       19.72134154583
2       19.72147661250
4       19.72147663333
1       19.72147675417
2       19.72163198333
2       19.72167975833
4       19.72167977917
1       19.72167990000
2       19.72170748750
2       19.72172044167
2       19.72176211667
2       19.72178140000
2       19.72197974583
4       19.72197976667
1       19.72197988750
2       19.72199068750
2       19.72203950000
2       19.72205992500
2       19.72207485833
2       19.72212286250
2       19.72218219167
4       19.72218221250
1       19.72218233333
2       19.72220035833
2       19.72226203333
2       19.72238917083
4       19.72238918750
1       19.72238930833
2       19.72249344583
2       19.72251733750
2       19.72254218333
2       19.72262670417
4       19.72262670417
1       19.72262684167
2       19.72276945833
2       19.72278367083
2       19.72284032500
4       19.72284032500
1       19.72284046250
2       19.72284697500
2       19.72295867083
2       19.72298107917
2       19.72301259583
2       19.72301617500
2       19.72303738750
4       19.72303740417
1       19.72303752500
2       19.72304870417
2       19.72315461250
2       19.72316070833
2       19.72320102083
2       19.72322415000
4       19.72322417083
1       19.72322429167
2       19.72328677500
2       19.72334420833
2       19.72340438750
2       19.72348224167
4       19.72348225833
1       19.72348237917
2       19.72374559167
4       19.72374560833
1       19.72374572917
2       19.72379862917
2       19.72387635833
2       19.72389097917
2       19.72404595417
4       19.72404597500
1       19.72404609583
2       19.72414270000
2       19.72421157500
2       19.72431434583
4       19.72431434583
1       19.72431448333
2       19.72435236667
2       19.72442823333
2       19.72447823750
2       19.72465816250
4       19.72465818333
1       19.72465830417
2       19.72469583333
2       19.72470480000
2       19.72482903750
4       19.72482905833
1       19.72482917917
2       19.72485816250
2       19.72498130000
2       19.72514733750
4       19.72514735417
1       19.72514747500
2       19.72520592917
2       19.72522248333
2       19.72523583333
2       19.72524765000
2       19.72531525417
2       19.72532552083
4       19.72532553750
1       19.72532565833
2       19.72539707083
2       19.72561460417
4       19.72561462500
1       19.72561474167
2       19.72579087083
4       19.72579089167
1       19.72579100833
2       19.72603865833
4       19.72603867500
1       19.72603879583
2       19.72610588333
2       19.72611987083
2       19.72612709583
2       19.72622814583
4       19.72622814583
1       19.72622828333
2       19.72630133333
2       19.72634667500
2       19.72635726250
2       19.72639504583
2       19.72651968333
4       19.72651970417
1       19.72651982500
2       19.72652090000
2       19.72659672917
2       19.72665738750
2       19.72666133750
2       19.72666834583
2       19.72674779167
4       19.72674780833
1       19.72674792917
2       19.72688161250
2       19.72699884583
4       19.72699884583
1       19.72699898333
2       19.72705621250
2       19.72709325833
2       19.72719197083
4       19.72719199167
1       19.72719210833
2       19.72725723750
2       19.72739406667
4       19.72739408750
1       19.72739420833
2       19.72750232917
2       19.72751527083
2       19.72755265833
2       19.72756627083
4       19.72756628750
1       19.72756640833
2       19.72761362917
2       19.72761487083
2       19.72780007083
4       19.72780009167
1       19.72780021250
2       19.72785042083
2       19.72798060000
2       19.72801245000
4       19.72801246667
1       19.72801258750
2       19.72803925000
2       19.72806022917
2       19.72817337083
2       19.72821114167
4       19.72821115833
1       19.72821127917
2       19.72834961667
2       19.72837549583
2       19.72848805833
4       19.72848807917
1       19.72848820000
2       19.72851323333
2       19.72864293750
2       19.72872720417
4       19.72872722500
1       19.72872734583
2       19.72875310417
2       19.72878384167
2       19.72885109583
2       19.72892232500
4       19.72892232500
1       19.72892246250
2       19.72893057083
2       19.72901276250
2       19.72901473333
2       19.72909288750
2       19.72918430833
4       19.72918432500
1       19.72918444583
2       19.72920314167
2       19.72927578333
2       19.72937939167
4       19.72937940833
1       19.72937952917
2       19.72962949583
4       19.72962951667
1       19.72962963333
2       19.72970440833
2       19.72978252917
2       19.72981304583
4       19.72981306667
1       19.72981318750
2       19.72989016667
2       19.72989582500
2       19.72997097500
2       19.73005882917
4       19.73005884583
1       19.73005896667
2       19.73011178333
2       19.73012236250
2       19.73015711667
2       19.73043237917
4       19.73043240000
1       19.73043251667
2       19.73044292083
2       19.73060064583
2       19.73069437083
4       19.73069438750
1       19.73069450833
2       19.73071359583
2       19.73077887500
2       19.73081196667
2       19.73081696250
2       19.73082256667
2       19.73082850000
2       19.73083945833
2       19.73084377917
2       19.73090007500
4       19.73090007500
1       19.73090021250
2       19.73095904167
2       19.73097825417
2       19.73098618750
2       19.73100308750
2       19.73106704167
2       19.73112860000
4       19.73112862083
1       19.73112873750
2       19.73116635417
2       19.73117892083
2       19.73122103750
2       19.73128395417
2       19.73146604583
4       19.73146604583
1       19.73146618333
2       19.73162147917
2       19.73174932917
4       19.73174934583
1       19.73174946667
2       19.73179247917
2       19.73184373750
2       19.73188149167
2       19.73191097917
2       19.73194445833
4       19.73194447917
1       19.73194459583
2       19.73196527083
2       19.73201669167
2       19.73206164583
2       19.73217333333
4       19.73217335000
1       19.73217347083
2       19.73224220833
2       19.73227600000
2       19.73262374583
4       19.73262374583
1       19.73262388333
2       19.73311303333
4       19.73311305000
1       19.73311317083
2       19.73315242083
2       19.73333467500
4       19.73333469583
1       19.73333481250
2       19.73336015000
2       19.73340847500
2       19.73344198333
2       19.73359527500
4       19.73359527500
1       19.73359541250
2       19.73363267917
2       19.73376459583
2       19.73376914583
2       19.73385139583
4       19.73385141667
1       19.73385153750
2       19.73386088333
2       19.73390468750
2       19.73396230000
2       19.73396495000
2       19.73402323750
2       19.73404562500
4       19.73404562500
1       19.73404576250
2       19.73410177500
2       19.73413787917
2       19.73420153333
2       19.73434815417
4       19.73434817083
1       19.73434829167
2       19.73436469167
2       19.73448662083
2       19.73462878333
4       19.73462880417
1       19.73462892500
2       19.73468134167
2       19.73473993750
2       19.73474659583
2       19.73478832500
2       19.73481293333
4       19.73481295417
1       19.73481307500
2       19.73488415000
2       19.73493935833
2       19.73502550833
4       19.73502552500
1       19.73502564583
2       19.73505605833
2       19.73523309583
4       19.73523311667
1       19.73523323750
2       19.73529846250
2       19.73530675417
2       19.73534019167
2       19.73535045000
2       19.73537898333
2       19.73538890833
2       19.73551010417
4       19.73551012500
1       19.73551024167
2       19.73554984583
2       19.73556613333
2       19.73575520417
4       19.73575520417
1       19.73575534167
2       19.73586416667
2       19.73588538750
2       19.73594830417
4       19.73594832500
1       19.73594844583
2       19.73598375417
2       19.73602580417
2       19.73606123333
2       19.73609504583
2       19.73633611667
4       19.73633611667
1       19.73633625417
2       19.73668031250
4       19.73668032917
1       19.73668045000
2       19.73671815417
2       19.73672007917
2       19.73683531667
2       19.73692140417
4       19.73692142500
1       19.73692154583
2       19.73694032500
2       19.73697577500
2       19.73699266250
2       19.73699463333
2       19.73714406250
4       19.73714407917
1       19.73714420000
2       19.73718181667
2       19.73720897917
2       19.73722297083
2       19.73730398750
2       19.73734054583
2       19.73743552917
4       19.73743555000
1       19.73743566667
2       19.73765544167
4       19.73765546250
1       19.73765558333
2       19.73778726250
2       19.73784660417
4       19.73784660417
1       19.73784674167
2       19.73802640417
2       19.73802980833
2       19.73808737500
4       19.73808737500
1       19.73808751250
2       19.73815064583
2       19.73824108750
2       19.73831593750
4       19.73831595417
1       19.73831607500
2       19.73840472917
2       19.73849154167
2       19.73851133750
4       19.73851135833
1       19.73851147500
2       19.73856567083
2       19.73856637917
2       19.73869345000
4       19.73869346667
1       19.73869358750
2       19.73876503333
2       19.73892634583
4       19.73892636667
1       19.73892648750
2       19.73898104167
2       19.73919407500
4       19.73919407500
1       19.73919421250
2       19.73924931250
2       19.73927017500
2       19.73937284583
2       19.73938148333
4       19.73938150000
1       19.73938162083
2       19.73939245417
2       19.73943614167
2       19.73945872917
2       19.73948217917
2       19.73951130833
2       19.73952359583
2       19.73963323333
4       19.73963325000
1       19.73963337083
2       19.73973391250
2       19.74000449167
4       19.74000451250
1       19.74000463333
2       19.74002934583
2       19.74013401667
2       19.74019367083
4       19.74019368750
1       19.74019380833
2       19.74041122500
4       19.74041124583
1       19.74041136250
2       19.74044345000
2       19.74058817500
4       19.74058819583
1       19.74058831667
2       19.74065111250
2       19.74077857500
4       19.74077857500
1       19.74077871250
2       19.74090912500
2       19.74095915000
4       19.74095916667
1       19.74095928750
2       19.74097378750
2       19.74098361667
2       19.74098594583
2       19.74100527917
2       19.74103809167
2       19.74104132083
2       19.74105162083
2       19.74116412500
4       19.74116412500
1       19.74116426250
2       19.74127416667
2       19.74137055417
4       19.74137055417
1       19.74137069167
2       19.74144608333
2       19.74162750833
4       19.74162752917
1       19.74162765000
2       19.74173592083
2       19.74175012917
2       19.74177422917
2       19.74181438750
4       19.74181440833
1       19.74181452500
2       19.74186071667
2       19.74197134167
2       19.74199758333
4       19.74199760000
1       19.74199772083
2       19.74206216250
2       19.74209162917
2       19.74218361667
4       19.74218363750
1       19.74218375833
2       19.74249475000
4       19.74249476667
1       19.74249488750
2       19.74253681667
2       19.74256392917
2       19.74266396667
2       19.74283028333
4       19.74283030417
1       19.74283042500
2       19.74288783750
2       19.74293399167
2       19.74361390000
4       19.74361391667
1       19.74361403750
2       19.74370597500
2       19.74376065833
2       19.74381728333
4       19.74381730417
1       19.74381742500
2       19.74397920417
2       19.74400014583
4       19.74400016667
1       19.74400028750
2       19.74402093333
2       19.74410351667
2       19.74418860000
2       19.74434791667
4       19.74434793750
1       19.74434805833
2       19.74435816250
2       19.74435852083
2       19.74445633750
2       19.74458474167
4       19.74458476250
1       19.74458488333
2       19.74471396667
2       19.74477561250
2       19.74479276250
4       19.74479278333
1       19.74479290417
2       19.74483885833
2       19.74485368333
2       19.74492692083
2       19.74494019583
2       19.74505977083
4       19.74505978750
1       19.74505990833
2       19.74512597917
2       19.74514286250
2       19.74518890417
2       19.74543267083
4       19.74543268750
1       19.74543280833
2       19.74545228333
2       19.74552834167
2       19.74560694583
4       19.74560694583
1       19.74560708333
2       19.74562512083
2       19.74567938750
2       19.74569569583
2       19.74583316250
4       19.74583317917
1       19.74583330000
2       19.74583944167
2       19.74593095000
2       19.74599212917
2       19.74599411250
2       19.74613292917
4       19.74613295000
1       19.74613307083
2       19.74617032083
2       19.74626843333
2       19.74637602500
4       19.74637604583
1       19.74637616667
2       19.74643032083
2       19.74643069167
2       19.74655183333
2       19.74660024167
4       19.74660026250
1       19.74660038333
2       19.74669458750
2       19.74674141250
2       19.74708822083
4       19.74708824167
1       19.74708836250
2       19.74721175833
2       19.74731443750
4       19.74731445417
1       19.74731457500
2       19.74732270833
2       19.74736372500
2       19.74736572500
2       19.74740486667
2       19.74757499583
4       19.74757501667
1       19.74757513333
2       19.74762081667
2       19.74773741250
2       19.74779541250
4       19.74779542917
1       19.74779555000
2       19.74783807917
2       19.74787822500
2       19.74798078333
4       19.74798080417
1       19.74798092500
2       19.74801788750
2       19.74803816250
2       19.74824445833
4       19.74824447500
1       19.74824459583
2       19.74827628333
2       19.74830939167
2       19.74846214583
4       19.74846214583
1       19.74846228333
2       19.74849422083
2       19.74853108333
2       19.74859258750
2       19.74859597083
2       19.74862611667
2       19.74873567500
4       19.74873567500
1       19.74873581250
2       19.74893241250
4       19.74893243333
1       19.74893255417
2       19.74894496250
2       19.74909011250
2       19.74910035417
2       19.74921559583
4       19.74921559583
1       19.74921573333
2       19.74935642083
2       19.74939159167
2       19.74941269583
4       19.74941269583
1       19.74941283333
2       19.74941701250
2       19.74950139167
2       19.74954482083
2       19.74962435833
4       19.74962437500
1       19.74962449583
2       19.74962506667
2       19.74970857917
2       19.74976117500
2       19.74978635000
2       19.74979995833
2       19.74989961250
4       19.74989962917
1       19.74989975000
2       19.74995430417
2       19.75010207083
4       19.75010209167
1       19.75010221250
2       19.75047195833
4       19.75047197917
1       19.75047209583
2       19.75051115417
2       19.75055847917
2       19.75058760000
2       19.75059227083
2       19.75065649583
2       19.75076347500
4       19.75076347500
1       19.75076361250
2       19.75081147500
2       19.75093374583
2       19.75095460417
2       19.75097348333
4       19.75097350000
1       19.75097362083
2       19.75100254167
2       19.75102577083
2       19.75122662917
4       19.75122664583
1       19.75122676667
2       19.75126064167
2       19.75139185000
4       19.75139187083
1       19.75139199167
2       19.75152927083
2       19.75165515417
4       19.75165517500
1       19.75165529583
2       19.75167403750
2       19.75179565833
2       19.75181050000
2       19.75183102500
4       19.75183104583
1       19.75183116667
2       19.75190094167
2       19.75197970833
2       19.75208542083
4       19.75208544167
1       19.75208555833
2       19.75211058750
2       19.75219280833
2       19.75222599583
2       19.75222749167
2       19.75225651250
4       19.75225653333
1       19.75225665417
2       19.75229394583
2       19.75238189167
2       19.75238717083
2       19.75245277083
4       19.75245278750
1       19.75245290833
2       19.75247059167
2       19.75252721667
2       19.75257002500
2       19.75261639583
2       19.75270380000
4       19.75270382083
1       19.75270393750
2       19.75273097917
2       19.75280323333
2       19.75286547500
2       19.75290520417
4       19.75290522500
1       19.75290534583
2       19.75295088333
2       19.75295590833
2       19.75299691250
2       19.75323281250
4       19.75323283333
1       19.75323295000
2       19.75323677500
2       19.75346435417
4       19.75346437500
1       19.75346449167
2       19.75353582500
2       19.75371634167
4       19.75371635833
1       19.75371647917
2       19.75377929167
2       19.75386109167
2       19.75386967917
2       19.75391542917
4       19.75391545000
1       19.75391556667
2       19.75393065833
2       19.75393463750
2       19.75398800417
2       19.75409968750
4       19.75409970417
1       19.75409982500
2       19.75419895000
2       19.75437485000
4       19.75437487083
1       19.75437499167
2       19.75439045000
2       19.75446724167
2       19.75447983333
2       19.75451633333
2       19.75457385417
4       19.75457387500
1       19.75457399583
2       19.75457883333
2       19.75468554583
2       19.75503130417
4       19.75503130417
1       19.75503144167
2       19.75510953333
2       19.75518110833
2       19.75527351667
4       19.75527351667
1       19.75527365417
2       19.75529599167
2       19.75544898333
4       19.75544900417
1       19.75544912500
2       19.75593327500
4       19.75593329583
1       19.75593341667
2       19.75598989583
2       19.75599812917
2       19.75644372500
4       19.75644374583
1       19.75644386667
2       19.75648615417
2       19.75649139583
2       19.75649704583
2       19.75671560000
4       19.75671562083
1       19.75671574167
2       19.75672461250
2       19.75677617917
2       19.75703072500
4       19.75703074583
1       19.75703086667
2       19.75707873750
2       19.75718763333
2       19.75733201667
4       19.75733201667
1       19.75733215417
2       19.75741418333
2       19.75752120417
2       19.75789016667
4       19.75789018750
1       19.75789030833
2       19.75797863333
2       19.75802664167
2       19.75804980417
2       19.75809526667
4       19.75809528750
1       19.75809540417
2       19.75824657083
2       19.75841882083
4       19.75841883750
1       19.75841895833
2       19.75850728333
2       19.75856945000
2       19.75856985417
2       19.75874374583
4       19.75874376667
1       19.75874388750
2       19.75875199167
2       19.75876630417
2       19.75878060417
2       19.75894941667
4       19.75894943750
1       19.75894955833
2       19.75896275833
2       19.75899348333
2       19.75901406667
2       19.75936714583
4       19.75936714583
1       19.75936728333
2       19.75947142083
2       19.75951887083
2       19.75975898333
4       19.75975900417
1       19.75975912500
2       19.75980697917
2       19.75981327500
2       19.75983912500
2       19.76002090000
4       19.76002092083
1       19.76002104167
2       19.76020539167
2       19.76021208333
2       19.76023726667
4       19.76023726667
1       19.76023740417
2       19.76024227500
2       19.76027268333
2       19.76041020000
2       19.76051060417
4       19.76051060417
1       19.76051074167
2       19.76053736250
2       19.76055627083
2       19.76069630417
4       19.76069630417
1       19.76069644167
2       19.76074037917
2       19.76076693333
2       19.76083021250
2       19.76087018333
2       19.76090599583
4       19.76090599583
1       19.76090613333
2       19.76099119167
2       19.76102124583
2       19.76116635833
4       19.76116637917
1       19.76116650000
2       19.76119745417
2       19.76131478333
2       19.76135082917
4       19.76135084583
1       19.76135096667
2       19.76164733750
4       19.76164735833
1       19.76164747500
2       19.76211238333
4       19.76211240417
1       19.76211252500
2       19.76214982083
2       19.76220846667
2       19.76222365417
2       19.76273373750
4       19.76273375417
1       19.76273387500
2       19.76277514583
2       19.76290890833
2       19.76305871250
4       19.76305873333
1       19.76305885417
2       19.76329478750
4       19.76329480833
1       19.76329492917
2       19.76332426667
2       19.76346039167
2       19.76347801250
2       19.76348585000
2       19.76353195000
4       19.76353196667
1       19.76353208750
2       19.76360748333
2       19.76372806250
4       19.76372808333
1       19.76372820417
2       19.76376878333
2       19.76395129167
4       19.76395130833
1       19.76395142917
2       19.76395559167
2       19.76403308750
2       19.76410078333
2       19.76410672083
2       19.76411921250
2       19.76420496667
4       19.76420498750
1       19.76420510833
2       19.76424905417
2       19.76444614583
4       19.76444616667
1       19.76444628750
2       19.76453297917
2       19.76472014583
4       19.76472016667
1       19.76472028750
2       19.76489374583
2       19.76508248750
4       19.76508248750
1       19.76508262500
2       19.76514265417
2       19.76517813333
2       19.76520132500
2       19.76521619583
2       19.76523126250
2       19.76544189167
4       19.76544191250
1       19.76544203333
2       19.76544877500
2       19.76549453333
2       19.76550576667
2       19.76555773750
2       19.76563957083
4       19.76563958750
1       19.76563970833
2       19.76581846667
2       19.76583705833
4       19.76583707500
1       19.76583719583
2       19.76588604167
2       19.76594362500
2       19.76601086667
2       19.76611257917
4       19.76611260000
1       19.76611272083
2       19.76612217500
2       19.76619646250
2       19.76622087917
2       19.76635735833
4       19.76635737917
1       19.76635750000
2       19.76637795417
2       19.76646237500
2       19.76650177500
2       19.76684561667
4       19.76684563750
1       19.76684575833
2       19.76690291667
2       19.76696743750
2       19.76706559167
4       19.76706561250
1       19.76706573333
2       19.76709136667
2       19.76710558333
2       19.76723876250
2       19.76725033333
2       19.76729042500
4       19.76729044583
1       19.76729056667
2       19.76736005417
2       19.76742953333
2       19.76743983333
2       19.76762397917
4       19.76762400000
1       19.76762412083
2       19.76793771667
4       19.76793771667
1       19.76793785417
2       19.76809362500
2       19.76813806250
4       19.76813807917
1       19.76813820000
2       19.76815855833
2       19.76816915833
2       19.76817542500
2       19.76822182917
2       19.76823605000
2       19.76826194167
2       19.76841262083
4       19.76841263750
1       19.76841275833
2       19.76843335000
2       19.76852985000
2       19.76861561667
4       19.76861563750
1       19.76861575833
2       19.76886105833
4       19.76886107500
1       19.76886119583
2       19.76889989583
2       19.76894555417
2       19.76904394583
2       19.76911544583
4       19.76911544583
1       19.76911558333
2       19.76919504583
2       19.76921155000
2       19.76940267917
4       19.76940270000
1       19.76940282083
2       19.76945896250
2       19.76946290417
2       19.76946956250
2       19.76976499583
4       19.76976499583
1       19.76976513333
2       19.76983527917
2       19.76986802083
2       19.76988060000
2       19.76997932083
4       19.76997934167
1       19.76997946250
2       19.76998829583
2       19.77001778333
2       19.77003130000
2       19.77007769167
2       19.77012147917
2       19.77014529167
2       19.77022677083
4       19.77022679167
1       19.77022690833
2       19.77023896667
2       19.77029440000
2       19.77030619583
2       19.77034469167
2       19.77045637917
4       19.77045639583
1       19.77045651667
2       19.77047652500
2       19.77063419167
2       19.77077030417
4       19.77077030417
1       19.77077044167
2       19.77092962500
2       19.77094454583
4       19.77094454583
1       19.77094468333
2       19.77097672083
2       19.77098195417
2       19.77100386667
2       19.77104885833
2       19.77121015417
4       19.77121015417
1       19.77121029167
2       19.77137649167
2       19.77152518750
4       19.77152520833
1       19.77152532917
2       19.77154800000
2       19.77162318333
2       19.77171164167
2       19.77182295833
4       19.77182297500
1       19.77182309583
2       19.77189181667
2       19.77191897500
2       19.77196537083
2       19.77199682917
2       19.77218558750
4       19.77218560417
1       19.77218572500
2       19.77220020417
2       19.77234890833
2       19.77240692500
4       19.77240694583
1       19.77240706667
2       19.77262150000
4       19.77262152083
1       19.77262163750
2       19.77275564583
2       19.77304426250
4       19.77304428333
1       19.77304440417
2       19.77307868333
2       19.77316900833
2       19.77322800417
4       19.77322802500
1       19.77322814583
2       19.77336552083
2       19.77361782917
4       19.77361785000
1       19.77361796667
2       19.77367647917
2       19.77372648333
2       19.77378543750
4       19.77378545417
1       19.77378557500
2       19.77382112083
2       19.77397855833
2       19.77400079583
4       19.77400081667
1       19.77400093750
2       19.77402863750
2       19.77417200000
2       19.77427242083
4       19.77427243750
1       19.77427255833
2       19.77445357083
2       19.77468214167
4       19.77468216250
1       19.77468227917
2       19.77473575000
2       19.77484341250
4       19.77484342917
1       19.77484355000
2       19.77484805833
2       19.77494943750
2       19.77496928333
2       19.77500007083
2       19.77503716250
4       19.77503717917
1       19.77503730000
2       19.77510677500
2       19.77516042083
2       19.77516602500
2       19.77516762083
2       19.77540050000
4       19.77540051667
1       19.77540063750
2       19.77545125000
2       19.77561845000
4       19.77561847083
1       19.77561859167
2       19.77574662500
2       19.77575964583
2       19.77579059583
2       19.77587083750
4       19.77587085417
1       19.77587097500
2       19.77591961667
2       19.77596888333
2       19.77598155417
2       19.77609278333
4       19.77609280000
1       19.77609292083
2       19.77609746250
2       19.77610773333
2       19.77611397500
2       19.77618087917
2       19.77628144167
4       19.77628145833
1       19.77628157917
2       19.77640311250
2       19.77641805000
2       19.77649517083
4       19.77649519167
1       19.77649531250
2       19.77649789583
2       19.77655849583
2       19.77660720417
2       19.77671591250
4       19.77671593333
1       19.77671605417
2       19.77675352083
2       19.77704076250
4       19.77704077917
1       19.77704090000
2       19.77712453750
2       19.77728385833
4       19.77728387500
1       19.77728399583
2       19.77751869583
4       19.77751869583
1       19.77751883333
2       19.77760513750
2       19.77793279583
4       19.77793281667
1       19.77793293750
2       19.77800993750
2       19.77802350833
2       19.77830347500
4       19.77830347500
1       19.77830361250
2       19.77844381667
2       19.77858297083
4       19.77858299167
1       19.77858311250
2       19.77858665000
2       19.77861767083
2       19.77877445833
2       19.77878758333
2       19.77883505833
4       19.77883507500
1       19.77883519583
2       19.77895357917
2       19.77902516667
4       19.77902516667
1       19.77902530417
2       19.77915533333
2       19.77929344167
4       19.77929346250
1       19.77929358333
2       19.77930147917
2       19.77944448333
2       19.77967498333
4       19.77967500417
1       19.77967512083
2       19.77974025000
2       19.77975422500
2       19.77996055833
4       19.77996057500
1       19.77996069583
2       19.77997902083
2       19.78009037917
2       19.78013010417
2       19.78016986250
4       19.78016988333
1       19.78017000417
2       19.78022439167
2       19.78023247917
2       19.78034478333
4       19.78034480417
1       19.78034492083
2       19.78052858750
4       19.78052860833
1       19.78052872917
2       19.78071304167
4       19.78071306250
1       19.78071317917
2       19.78088297500
2       19.78088963333
2       19.78089626250
2       19.78091678750
4       19.78091680417
1       19.78091692500
2       19.78127721667
4       19.78127723750
1       19.78127735417
2       19.78130928750
2       19.78164017917
4       19.78164020000
1       19.78164032083
2       19.78167828750
2       19.78174285000
2       19.78176801250
2       19.78177499583
2       19.78182501250
4       19.78182502917
1       19.78182515000
2       19.78203666667
4       19.78203668750
1       19.78203680417
2       19.78211808333
2       19.78219864167
2       19.78243710833
4       19.78243712500
1       19.78243724583
2       19.78244375417
2       19.78244772917
2       19.78265506250
4       19.78265507917
1       19.78265520000
2       19.78269947917
2       19.78288168750
4       19.78288170417
1       19.78288182500
2       19.78364579167
4       19.78364580833
1       19.78364592917
2       19.78415923333
4       19.78415925417
1       19.78415937500
2       19.78416420833
2       19.78418905000
2       19.78421777500
2       19.78435892083
2       19.78438607083
4       19.78438609167
1       19.78438620833
2       19.78441487083
2       19.78465238333
4       19.78465240417
1       19.78465252500
2       19.78467091250
2       19.78485050000
2       19.78495372917
4       19.78495375000
1       19.78495387083
2       19.78510515833
2       19.78523895833
4       19.78523897500
1       19.78523909583
2       19.78536120000
2       19.78542146250
2       19.78561997500
4       19.78561997500
1       19.78562011250
2       19.78565367083
2       19.78569639167
2       19.78579480000
2       19.78592723750
4       19.78592725417
1       19.78592737500
2       19.78603821250
2       19.78607994167
2       19.78612872083
4       19.78612873750
1       19.78612885833
2       19.78612999167
2       19.78647210417
4       19.78647210417
1       19.78647224167
2       19.78649798750
2       19.78662311250
2       19.78666286250
4       19.78666288333
1       19.78666300417
2       19.78690671250
4       19.78690672917
1       19.78690685000
2       19.78692557500
2       19.78705373750
2       19.78727206250
4       19.78727208333
1       19.78727220000
2       19.78741412917
2       19.78745884583
4       19.78745886667
1       19.78745898750
2       19.78749396667
2       19.78749964583
2       19.78763507500
4       19.78763509583
1       19.78763521667
2       19.78776363333
2       19.78782984583
4       19.78782984583
1       19.78782998333
2       19.78787785417
2       19.78803682917
4       19.78803685000
1       19.78803697083
2       19.78812670417
2       19.78814886667
2       19.78822003750
4       19.78822005833
1       19.78822017917
2       19.78823185000
2       19.78829159167
2       19.78853165000
4       19.78853166667
1       19.78853178750
2       19.78861778333
2       19.78889036667
4       19.78889038750
1       19.78889050417
2       19.78891358750
2       19.78899806667
2       19.78903357917
2       19.78905634167
2       19.78908656250
4       19.78908658333
1       19.78908670417
2       19.78930581250
4       19.78930583333
1       19.78930595417
2       19.78935645417
2       19.78941341667
2       19.78957178750
4       19.78957180833
1       19.78957192917
2       19.78967473750
2       19.78986422917
4       19.78986424583
1       19.78986436667
2       19.78993114583
2       19.78996854583
2       19.78998810833
2       19.79004835833
4       19.79004837500
1       19.79004849583
2       19.79009207500
2       19.79017820833
2       19.79019150833
2       19.79020114583
2       19.79021865417
2       19.79022292917
2       19.79046140833
4       19.79046142500
1       19.79046154583
2       19.79053692917
2       19.79053961667
2       19.79062537500
2       19.79072443333
4       19.79072445417
1       19.79072457500
2       19.79096685833
4       19.79096687500
1       19.79096699583
2       19.79104377917
2       19.79105534167
2       19.79108047917
2       19.79115132083
2       19.79120168750
4       19.79120170417
1       19.79120182500
2       19.79125631250
2       19.79133620000
2       19.79139189167
4       19.79139191250
1       19.79139203333
2       19.79145345833
2       19.79149117083
2       19.79156308333
2       19.79160952917
4       19.79160955000
1       19.79160967083
2       19.79166741250
2       19.79169060833
2       19.79170113333
2       19.79175258333
2       19.79186682083
4       19.79186684167
1       19.79186696250
2       19.79189699583
2       19.79195992500
2       19.79199241667
2       19.79200958333
2       19.79209105000
4       19.79209107083
1       19.79209119167
2       19.79217681667
2       19.79242499167
4       19.79242501250
1       19.79242513333
2       19.79245741250
2       19.79260047500
2       19.79265787917
4       19.79265790000
1       19.79265802083
2       19.79267900833
2       19.79270780000
2       19.79274986250
2       19.79278599167
2       19.79290254583
4       19.79290254583
1       19.79290268333
2       19.79290882500
2       19.79300599583
2       19.79302346250
2       19.79309902083
4       19.79309904167
1       19.79309916250
2       19.79325007083
2       19.79334506667
4       19.79334508750
1       19.79334520833
2       19.79341657917
2       19.79344215417
2       19.79345939583
2       19.79353422083
4       19.79353424167
1       19.79353435833
2       19.79362465417
2       19.79363362917
2       19.79369583750
2       19.79373360000
4       19.79373361667
1       19.79373373750
2       19.79382442083
2       19.79394398750
4       19.79394400417
1       19.79394412500
2       19.79402776667
2       19.79411713333
2       19.79421525417
4       19.79421527500
1       19.79421539583
2       19.79425865000
2       19.79428710000
2       19.79431657083
2       19.79444415833
4       19.79444417917
1       19.79444430000
2       19.79451794583
2       19.79461633750
2       19.79463521250
4       19.79463522917
1       19.79463535000
2       19.79465209583
2       19.79469684167
2       19.79475705000
2       19.79479983750
2       19.79494359167
4       19.79494361250
1       19.79494373333
2       19.79499030000
2       19.79515756667
4       19.79515756667
1       19.79515770417
2       19.79538377917
4       19.79538379583
1       19.79538391667
2       19.79544776250
2       19.79545406667
2       19.79565007917
4       19.79565009583
1       19.79565021667
2       19.79568060417
2       19.79569844167
2       19.79578690833
2       19.79581875833
4       19.79581877917
1       19.79581890000
2       19.79592965000
2       19.79604062917
4       19.79604064583
1       19.79604076667
2       19.79627244583
4       19.79627244583
1       19.79627258333
2       19.79638881667
2       19.79651856250
4       19.79651858333
1       19.79651870417
2       19.79657358750
2       19.79723566667
4       19.79723568750
1       19.79723580833
2       19.79734204583
2       19.79734239167
2       19.79741561667
4       19.79741563750
1       19.79741575417
2       19.79742249167
2       19.79759939583
4       19.79759939583
1       19.79759953333
2       19.79769778333
2       19.79851282917
4       19.79851284583
1       19.79851296667
2       19.79852719167
2       19.79860275000
2       19.79873224583
2       19.79879011667
4       19.79879011667
1       19.79879025417
2       19.79887230833
2       19.79898825417
2       19.79903532083
4       19.79903533750
1       19.79903545833
2       19.79906040833
2       19.79909418333
2       19.79931446667
4       19.79931448750
1       19.79931460833
2       19.79947377083
2       19.79949336250
2       19.79966162917
4       19.79966165000
1       19.79966176667
2       19.79968753333
2       19.79971532083
2       19.79990416667
4       19.79990416667
1       19.79990430417
2       19.79993947500
2       19.79997690833
2       19.80004915000
2       19.80009452917
4       19.80009455000
1       19.80009467083
2       19.80010940000
2       19.80026908333
4       19.80026910000
1       19.80026922083
2       19.80028727083
2       19.80032572500
2       19.80033132083
2       19.80035682917
2       19.80036475417
2       19.80058840833
4       19.80058842917
1       19.80058855000
2       19.80076124167
2       19.80076233750
2       19.80101764583
4       19.80101764583
1       19.80101778333
2       19.80112496667
2       19.80113125000
2       19.80115584583
2       19.80120210833
4       19.80120212917
1       19.80120224583
2       19.80121705417
2       19.80131744583
2       19.80139162500
4       19.80139162500
1       19.80139176250
2       19.80148076250
2       19.80161585417
4       19.80161587500
1       19.80161599167
2       19.80161749583
2       19.80182284167
4       19.80182285833
1       19.80182297917
2       19.80185627917
2       19.80194634583
2       19.80199483333
4       19.80199485000
1       19.80199497083
2       19.80201800833
2       19.80202065417
2       19.80202128750
2       19.80210637500
2       19.80220837917
4       19.80220840000
1       19.80220851667
2       19.80237235000
2       19.80248366250
4       19.80248368333
1       19.80248380417
2       19.80256848333
2       19.80257599583
2       19.80283572917
4       19.80283575000
1       19.80283587083
2       19.80284632083
2       19.80309506250
4       19.80309507917
1       19.80309520000
2       19.80343559167
4       19.80343561250
1       19.80343573333
2       19.80361146667
2       19.80361215833
2       19.80362945000
4       19.80362947083
1       19.80362959167
2       19.80377147500
2       19.80380888750
4       19.80380890417
1       19.80380902500
2       19.80400604583
4       19.80400604583
1       19.80400618333
2       19.80410278333
2       19.80417197917
2       19.80422424583
4       19.80422424583
1       19.80422438333
2       19.80425338750
2       19.80437725000
2       19.80438029583
2       19.80440638333
2       19.80442759583
4       19.80442759583
1       19.80442773333
2       19.80458262917
2       19.80479029583
4       19.80479029583
1       19.80479043333
2       19.80497751250
4       19.80497753333
1       19.80497765000
2       19.80499211250
2       19.80519934167
4       19.80519936250
1       19.80519948333
2       19.80524213333
2       19.80525240000
2       19.80539247917
4       19.80539249583
1       19.80539261667
2       19.80541600417
2       19.80541665833
2       19.80552461250
2       19.80565520833
4       19.80565522917
1       19.80565534583
2       19.80568592083
2       19.80587672917
4       19.80587674583
1       19.80587686667
2       19.80601620417
2       19.80602775000
2       19.80615233750
4       19.80615235833
1       19.80615247917
2       19.80622984583
2       19.80653786250
4       19.80653787917
1       19.80653800000
2       19.80685614583
4       19.80685616667
1       19.80685628333
2       19.80701421250
2       19.80713216667
4       19.80713216667
1       19.80713230417
2       19.80720426250
2       19.80721158333
2       19.80723142917
2       19.80728250833
2       19.80729978333
2       19.80734037917
4       19.80734039583
1       19.80734051667
2       19.80735343750
2       19.80737823333
2       19.80739701667
2       19.80763154583
4       19.80763156667
1       19.80763168750
2       19.80777070000
2       19.80803769583
4       19.80803771667
1       19.80803783750
2       19.80806053750
2       19.80822184167
2       19.80823837083
4       19.80823838750
1       19.80823850833
2       19.80832844583
2       19.80850665833
4       19.80850667500
1       19.80850679583
2       19.80856862083
2       19.80874525417
4       19.80874527500
1       19.80874539583
2       19.80881277917
2       19.80890313333
2       19.80902900000
4       19.80902902083
1       19.80902914167
2       19.80903099167
2       19.80921905417
4       19.80921907500
1       19.80921919583
2       19.80922643750
2       19.80926152500
2       19.80927905000
2       19.80933609583
2       19.80935627083
2       19.80936029167
2       19.80953014583
4       19.80953016667
1       19.80953028750
2       19.80964615833
2       19.80965832500
2       19.80970205000
2       19.80988054583
4       19.80988054583
1       19.80988068333
2       19.81007339583
4       19.81007339583
1       19.81007353333
2       19.81007988750
2       19.81013137500
2       19.81020784167
2       19.81034398333
4       19.81034400000
1       19.81034412083
2       19.81061063750
4       19.81061065833
1       19.81061077917
2       19.81082692500
4       19.81082692500
1       19.81082706250
2       19.81084978333
2       19.81086570833
2       19.81094616250
2       19.81122109583
4       19.81122111667
1       19.81122123333
2       19.81150293333
4       19.81150295000
1       19.81150307083
2       19.81160927500
2       19.81165693750
2       19.81166555417
2       19.81172655000
4       19.81172657083
1       19.81172669167
2       19.81172692083
2       19.81172758750
2       19.81173248333
2       19.81194646250
4       19.81194647917
1       19.81194660000
2       19.81204713333
2       19.81212233333
4       19.81212235417
1       19.81212247083
2       19.81225485417
2       19.81227805833
2       19.81252255833
4       19.81252257917
1       19.81252270000
2       19.81254972917
2       19.81257779167
2       19.81279567500
4       19.81279569583
1       19.81279581250
2       19.81282323750
2       19.81284244583
2       19.81293650833
2       19.81294548750
2       19.81305175417
4       19.81305175417
1       19.81305189167
2       19.81313960417
2       19.81317765833
2       19.81333635000
4       19.81333636667
1       19.81333648750
2       19.81341715000
2       19.81346220000
2       19.81371491250
4       19.81371493333
1       19.81371505000
2       19.81397655000
4       19.81397657083
1       19.81397669167
2       19.81398715000
2       19.81400600833
2       19.81416533333
2       19.81419484167
4       19.81419485833
1       19.81419497917
2       19.81420881250
2       19.81433396250
2       19.81442285833
4       19.81442287917
1       19.81442299583
2       19.81444460000
2       19.81450320417
2       19.81462913333
4       19.81462915417
1       19.81462927500
2       19.81474472500
2       19.81478451250
2       19.81480489167
2       19.81495869583
4       19.81495871667
1       19.81495883750
2       19.81506827083
2       19.81509649583
2       19.81510270833
2       19.81511995833
2       19.81515935833
2       19.81519317083
4       19.81519318750
1       19.81519330833
2       19.81524187500
2       19.81538101667
2       19.81538263750
2       19.81543463750
4       19.81543465417
1       19.81543477500
2       19.81544058750
2       19.81554990833
2       19.81558335000
2       19.81567844167
4       19.81567846250
1       19.81567858333
2       19.81577179167
2       19.81578215417
2       19.81580630000
2       19.81613284167
4       19.81613285833
1       19.81613297917
2       19.81613914167
2       19.81616629583
2       19.81619654583
2       19.81643960000
4       19.81643961667
1       19.81643973750
2       19.81650085000
2       19.81659028333
2       19.81661248333
2       19.81679330417
4       19.81679332083
1       19.81679344167
2       19.81694235417
2       19.81694475417
2       19.81696522917
2       19.81706427500
4       19.81706429583
1       19.81706441250
2       19.81707685000
2       19.81713152500
2       19.81726599583
2       19.81738485417
4       19.81738487500
1       19.81738499167
2       19.81776873333
4       19.81776875000
1       19.81776887083
2       19.81791120417
2       19.81812255417
4       19.81812257500
1       19.81812269583
2       19.81839552917
4       19.81839554583
1       19.81839566667
2       19.81845976667
2       19.81860016667
2       19.81864553750
4       19.81864555833
1       19.81864567917
2       19.81866613750
2       19.81879625000
2       19.81911599167
4       19.81911601250
1       19.81911612917
2       19.81914669167
2       19.81926393333
2       19.81930925833
2       19.81943455833
4       19.81943457917
1       19.81943470000
2       19.81944642500
2       19.81949049167
2       19.81955575417
2       19.81960645000
2       19.81965215000
4       19.81965216667
1       19.81965228750
2       19.81968824167
2       19.81973630000
2       19.82000423333
4       19.82000425000
1       19.82000437083
2       19.82016259167
2       19.82027716250
4       19.82027717917
1       19.82027730000
2       19.82037787500
2       19.82052654583
4       19.82052656667
1       19.82052668750
2       19.82062202083
2       19.82063745417
2       19.82066508750
2       19.82073656250
4       19.82073657917
1       19.82073670000
2       19.82084193750
2       19.82099821667
4       19.82099821667
1       19.82099835417
2       19.82112840833
2       19.82127522500
4       19.82127524583
1       19.82127536667
2       19.82131521667
2       19.82147757500
4       19.82147759583
1       19.82147771667
2       19.82157359583
2       19.82188793750
4       19.82188795417
1       19.82188807500
2       19.82191565417
2       19.82192600833
2       19.82228604583
4       19.82228604583
1       19.82228618333
2       19.82244549167
2       19.82253060000
4       19.82253062083
1       19.82253074167
2       19.82267460417
2       19.82273991667
2       19.82284217500
4       19.82284219583
1       19.82284231667
2       19.82285047083
2       19.82285872500
2       19.82289219167
2       19.82289391667
2       19.82289452500
2       19.82290709583
2       19.82292004167
2       19.82293438333
2       19.82311952083
4       19.82311953750
1       19.82311965833
2       19.82330556667
2       19.82342116250
4       19.82342118333
1       19.82342130417
2       19.82365008750
4       19.82365010417
1       19.82365022500
2       19.82367428750
2       19.82378153750
2       19.82378387500
2       19.82379007083
2       19.82386402917
4       19.82386404583
1       19.82386416667
2       19.82404888333
4       19.82404890417
1       19.82404902500
2       19.82407337500
2       19.82414363333
2       19.82439767917
4       19.82439770000
1       19.82439782083
2       19.82452216667
2       19.82454502083
2       19.82454901250
2       19.82455431667
2       19.82458314167
4       19.82458316250
1       19.82458328333
2       19.82462426250
2       19.82470232083
2       19.82476762500
4       19.82476762500
1       19.82476776250
2       19.82482030417
2       19.82496236250
4       19.82496238333
1       19.82496250000
2       19.82501540000
2       19.82502527500
2       19.82505949583
2       19.82509161250
2       19.82511582083
2       19.82525127500
4       19.82525127500
1       19.82525141250
2       19.82526642083
2       19.82552084167
4       19.82552086250
1       19.82552098333
2       19.82553936667
2       19.82561358333
2       19.82563582917
2       19.82575765000
4       19.82575766667
1       19.82575778750
2       19.82581197083
2       19.82610814167
4       19.82610815833
1       19.82610827917
2       19.82613294167
2       19.82630249167
4       19.82630250833
1       19.82630262917
2       19.82635355833
2       19.82641615000
2       19.82648273750
4       19.82648275833
1       19.82648287500
2       19.82650820833
2       19.82658570417
2       19.82667155417
4       19.82667157500
1       19.82667169583
2       19.82688389167
4       19.82688391250
1       19.82688403333
2       19.82696204583
2       19.82705807500
2       19.82713496250
4       19.82713497917
1       19.82713510000
2       19.82716272917
2       19.82725322083
2       19.82732443333
4       19.82732445417
1       19.82732457500
2       19.82741316250
2       19.82754230000
4       19.82754231667
1       19.82754243750
2       19.82756382917
2       19.82758907083
2       19.82772282500
4       19.82772284583
1       19.82772296667
2       19.82778541667
2       19.82789775000
2       19.82791762917
4       19.82791764583
1       19.82791776667
2       19.82792982083
2       19.82815507083
4       19.82815509167
1       19.82815521250
2       19.82819751250
2       19.82820415000
2       19.82830140833
2       19.82830777917
2       19.82838992500
4       19.82838994583
1       19.82839006667
2       19.82848398333
2       19.82857548333
4       19.82857550000
1       19.82857562083
2       19.82880367500
4       19.82880369583
1       19.82880381667
2       19.82887920000
2       19.82892020833
2       19.82895202917
2       19.82898508750
4       19.82898510417
1       19.82898522500
2       19.82907096667
2       19.82918022500
4       19.82918022500
1       19.82918036250
2       19.82920770833
2       19.82939954167
4       19.82939956250
1       19.82939968333
2       19.82942602917
2       19.82948302500
2       19.82964895417
4       19.82964897500
1       19.82964909583
2       19.82971119167
2       19.82986853750
4       19.82986853750
1       19.82986867500
2       19.82996257500
2       19.82996430833
2       19.83002983333
2       19.83009283750
4       19.83009285417
1       19.83009297500
2       19.83011993333
2       19.83019751250
2       19.83026431667
2       19.83037365000
4       19.83037366667
1       19.83037378750
2       19.83048690417
2       19.83052735000
2       19.83060124167
4       19.83060126250
1       19.83060137917
2       19.83064024167
2       19.83074072917
2       19.83112159583
4       19.83112161667
1       19.83112173750
2       19.83130465833
4       19.83130467500
1       19.83130479583
2       19.83137196250
2       19.83144255417
2       19.83144515417
2       19.83163267917
4       19.83163270000
1       19.83163282083
2       19.83164462917
2       19.83165947083
2       19.83195522917
4       19.83195525000
1       19.83195537083
2       19.83204931667
2       19.83215235000
2       19.83218120000
4       19.83218122083
1       19.83218134167
2       19.83223810000
2       19.83227731250
2       19.83238920000
4       19.83238921667
1       19.83238933750
2       19.83239812500
2       19.83240117083
2       19.83268103333
4       19.83268105417
1       19.83268117500
2       19.83281512917
2       19.83286122917
4       19.83286125000
1       19.83286137083
2       19.83296652500
2       19.83299129583
2       19.83302116667
2       19.83312287917
4       19.83312289583
1       19.83312301667
2       19.83320508750
2       19.83324902083
2       19.83334679167
4       19.83334680833
1       19.83334692917
2       19.83336900417
2       19.83337190417
2       19.83337556250
2       19.83339520833
2       19.83352429583
4       19.83352429583
1       19.83352443333
2       19.83359082083
2       19.83366741250
2       19.83379687083
4       19.83379689167
1       19.83379701250
2       19.83396220833
2       19.83410524167
4       19.83410526250
1       19.83410537917
2       19.83430232500
4       19.83430232500
1       19.83430246250
2       19.83432354167
2       19.83438148333
2       19.83441531667
2       19.83455443750
4       19.83455445417
1       19.83455457500
2       19.83459147500
2       19.83472166667
2       19.83479352917
4       19.83479355000
1       19.83479367083
2       19.83488922917
2       19.83494098750
2       19.83496082500
2       19.83513037083
4       19.83513039167
1       19.83513050833
2       19.83518270833
2       19.83543870833
4       19.83543872917
1       19.83543885000
2       19.83554679167
2       19.83572102500
4       19.83572102500
1       19.83572116250
2       19.83577231250
2       19.83584352500
2       19.83587066667
2       19.83588953333
2       19.83598220417
4       19.83598222500
1       19.83598234583
2       19.83599690000
2       19.83604885417
2       19.83616852083
2       19.83627541250
4       19.83627543333
1       19.83627555417
2       19.83647887083
4       19.83647888750
1       19.83647900833
2       19.83662629167
2       19.83677257083
4       19.83677259167
1       19.83677271250
2       19.83679883750
2       19.83718470833
4       19.83718472500
1       19.83718484583
2       19.83718903333
2       19.83760765000
4       19.83760766667
1       19.83760778750
2       19.83761590000
2       19.83792430833
4       19.83792432500
1       19.83792444583
2       19.83793327083
2       19.83795250000
2       19.83795541667
2       19.83798254583
2       19.83825657500
4       19.83825659583
1       19.83825671667
2       19.83834759167
2       19.83835919583
2       19.83855765833
4       19.83855767500
1       19.83855779583
2       19.83871292500
2       19.83871665000
2       19.83881237917
4       19.83881239583
1       19.83881251667
2       19.83882589167
2       19.83883021667
2       19.83902727917
4       19.83902730000
1       19.83902742083
2       19.83904520000
2       19.83906073750
2       19.83922646667
4       19.83922646667
1       19.83922660417
2       19.83930882083
2       19.83932848333
2       19.83943799583
4       19.83943801667
1       19.83943813750
2       19.83952512917
2       19.83953774167
2       19.83967030833
4       19.83967032500
1       19.83967044583
2       19.83980071667
2       19.83984515833
2       19.83998979167
4       19.83998980833
1       19.83998992917
2       19.84028004583
4       19.84028004583
1       19.84028018333
2       19.84033276667
2       19.84065516250
4       19.84065518333
1       19.84065530417
2       19.84069743333
2       19.84084214583
4       19.84084216667
1       19.84084228750
2       19.84088346667
2       19.84090039167
2       19.84091882917
2       19.84097825000
2       19.84117948750
4       19.84117950417
1       19.84117962500
2       19.84130782500
2       19.84142667917
4       19.84142669583
1       19.84142681667
2       19.84151186250
2       19.84152306667
2       19.84214810000
4       19.84214812083
1       19.84214824167
2       19.84217300000
2       19.84217793750
2       19.84225682083
2       19.84229908750
2       19.84238730417
4       19.84238732500
1       19.84238744583
2       19.84254129167
2       19.84266808750
4       19.84266810833
1       19.84266822917
2       19.84269167917
2       19.84270497500
2       19.84275460000
2       19.84280700833
2       19.84307789167
4       19.84307790833
1       19.84307802917
2       19.84309115000
2       19.84314443750
2       19.84319477500
2       19.84336669167
4       19.84336670833
1       19.84336682917
2       19.84348193750
2       19.84372306667
4       19.84372308750
1       19.84372320833
2       19.84387254167
2       19.84390030417
2       19.84413123750
4       19.84413125833
1       19.84413137917
2       19.84415995833
2       19.84421430000
2       19.84423422917
2       19.84434680000
4       19.84434682083
1       19.84434694167
2       19.84436070000
2       19.84450977917
2       19.84457932500
4       19.84457934583
1       19.84457946667
2       19.84483340000
4       19.84483341667
1       19.84483353750
2       19.84484800833
2       19.84491919167
2       19.84524279583
4       19.84524279583
1       19.84524293333
2       19.84541996667
2       19.84542329583
2       19.84543426250
2       19.84562006667
4       19.84562008750
1       19.84562020833
2       19.84591083333
4       19.84591085000
1       19.84591097083
2       19.84595229583
2       19.84601655000
2       19.84620229167
4       19.84620230833
1       19.84620242917
2       19.84632920833
2       19.84652525000
4       19.84652527083
1       19.84652539167
2       19.84662594167
2       19.84671406250
2       19.84671836667
2       19.84674157500
4       19.84674159583
1       19.84674171250
2       19.84683788750
2       19.84689597917
2       19.84694137500
2       19.84697805000
4       19.84697807083
1       19.84697819167
2       19.84706750833
2       19.84711520417
2       19.84725638333
4       19.84725640417
1       19.84725652500
2       19.84738026250
2       19.84744445417
4       19.84744447500
1       19.84744459583
2       19.84757658750
2       19.84777600417
4       19.84777602500
1       19.84777614583
2       19.84805886250
4       19.84805888333
1       19.84805900000
2       19.84813636250
2       19.84845273333
4       19.84845275417
1       19.84845287500
2       19.84847783333
2       19.84849310833
2       19.84861407083
2       19.84866465417
4       19.84866467500
1       19.84866479583
2       19.84869414167
2       19.84884482500
2       19.84885647083
4       19.84885649167
1       19.84885661250
2       19.84889331250
2       19.84940901667
4       19.84940903750
1       19.84940915833
2       19.84943945000
2       19.84950598333
2       19.84952021250
2       19.84991040417
4       19.84991042500
1       19.84991054583
2       19.85002108333
2       19.85027972917
4       19.85027974583
1       19.85027986667
2       19.85031115417
2       19.85045791667
2       19.85056914583
4       19.85056916667
1       19.85056928750
2       19.85060267500
2       19.85078713750
4       19.85078715833
1       19.85078727917
2       19.85087958750
2       19.85104329167
4       19.85104330833
1       19.85104342917
2       19.85124101250
4       19.85124102917
1       19.85124115000
2       19.85127373333
2       19.85131084167
2       19.85151595417
4       19.85151597500
1       19.85151609583
2       19.85188159167
4       19.85188160833
1       19.85188172917
2       19.85200055000
2       19.85210022500
4       19.85210024583
1       19.85210036250
2       19.85224487917
2       19.85225154167
2       19.85232437500
4       19.85232437500
1       19.85232451250
2       19.85242507917
2       19.85243706250
2       19.85244034583
2       19.85253841250
4       19.85253843333
1       19.85253855417
2       19.85256819167
2       19.85258870833
2       19.85267913750
2       19.85300591250
4       19.85300593333
1       19.85300605000
2       19.85303120833
2       19.85305684167
2       19.85311734583
2       19.85314884167
2       19.85320078750
4       19.85320080833
1       19.85320092917
2       19.85344994583
4       19.85344996667
1       19.85345008750
2       19.85345952500
2       19.85351452083
2       19.85393782083
4       19.85393783750
1       19.85393795833
2       19.85415375417
4       19.85415377083
1       19.85415389167
2       19.85426868333
2       19.85439162083
4       19.85439164167
1       19.85439176250
2       19.85439687500
2       19.85440392500
2       19.85447974167
2       19.85449620833
2       19.85451389167
2       19.85459232917
4       19.85459235000
1       19.85459247083
2       19.85475093333
2       19.85499506250
4       19.85499508333
1       19.85499520417
2       19.85562046667
4       19.85562048750
1       19.85562060417
2       19.85564928333
2       19.85568667917
2       19.85571448750
2       19.85572012917
2       19.85575789167
2       19.85582514167
4       19.85582515833
1       19.85582527917
2       19.85586952083
2       19.85593611667
2       19.85593840417
2       19.85613590417
4       19.85613590417
1       19.85613604167
2       19.85625649167
2       19.85636435000
4       19.85636437083
1       19.85636449167
2       19.85637428750
2       19.85656974583
4       19.85656974583
1       19.85656988333
2       19.85657998750
2       19.85669432500
2       19.85681852083
4       19.85681854167
1       19.85681866250
2       19.85703777083
4       19.85703779167
1       19.85703791250
2       19.85705199583
2       19.85711896667
2       19.85712083750
2       19.85738199583
4       19.85738201667
1       19.85738213333
2       19.85748765000
2       19.85750817917
2       19.85756572083
4       19.85756574167
1       19.85756586250
2       19.85767775833
2       19.85772610000
2       19.85802313333
4       19.85802315000
1       19.85802327083
2       19.85802547917
2       19.85818680417
2       19.85821592083
4       19.85821593750
1       19.85821605833
2       19.85834350833
2       19.85842797917
4       19.85842800000
1       19.85842812083
2       19.85844679167
2       19.85845468750
2       19.85859854167
2       19.85868861250
4       19.85868862917
1       19.85868875000
2       19.85872997917
2       19.85885426250
4       19.85885428333
1       19.85885440417
2       19.85895457083
2       19.85913613333
4       19.85913615000
1       19.85913627083
2       19.85917822083
2       19.85927284583
2       19.85942418750
4       19.85942420833
1       19.85942432917
2       19.85943750417
2       19.85950576667
2       19.85956043333
2       19.85961302917
4       19.85961304583
1       19.85961316667
2       19.85973850833
2       19.85976441250
2       19.85979753333
4       19.85979755000
1       19.85979767083
2       19.86005987500
4       19.86005989583
1       19.86006001667
2       19.86018573750
2       19.86024197500
2       19.86024771667
2       19.86030294583
4       19.86030296667
1       19.86030308333
2       19.86033445417
2       19.86059014167
4       19.86059015833
1       19.86059027917
2       19.86063850833
2       19.86082495833
4       19.86082497917
1       19.86082510000
2       19.86089430833
2       19.86091574583
2       19.86113611250
4       19.86113612917
1       19.86113625000
2       19.86115294167
2       19.86128049583
2       19.86133706667
4       19.86133708750
1       19.86133720833
2       19.86135006250
2       19.86138310833
2       19.86140897500
2       19.86191769583
4       19.86191769583
1       19.86191783333
2       19.86194625000
2       19.86199390000
2       19.86235069167
4       19.86235070833
1       19.86235082917
2       19.86242117500
2       19.86243374583
2       19.86257327083
4       19.86257329167
1       19.86257341250
2       19.86274480417
2       19.86286564167
4       19.86286565833
1       19.86286577917
2       19.86300843333
2       19.86303691667
2       19.86322978333
4       19.86322980417
1       19.86322992500
2       19.86337972917
2       19.86339432917
2       19.86340690000
2       19.86368414583
4       19.86368414583
1       19.86368428333
2       19.86382132917
2       19.86383485000
2       19.86393122917
4       19.86393125000
1       19.86393137083
2       19.86395635833
2       19.86413691667
4       19.86413691667
1       19.86413705417
2       19.86435055417
4       19.86435057500
1       19.86435069583
2       19.86438074167
2       19.86478118750
4       19.86478120833
1       19.86478132500
2       19.86478485417
2       19.86494013333
2       19.86531610417
4       19.86531610417
1       19.86531624167
2       19.86537610833
2       19.86555328750
4       19.86555330833
1       19.86555342917
2       19.86560041667
2       19.86566585833
2       19.86570537917
2       19.86582722917
4       19.86582725000
1       19.86582737083
2       19.86596072083
2       19.86602656667
4       19.86602658750
1       19.86602670417
2       19.86615779167
2       19.86631211250
4       19.86631213333
1       19.86631225417
2       19.86637470417
2       19.86638970833
2       19.86652772083
4       19.86652773750
1       19.86652785833
2       19.86653045833
2       19.86654261667
2       19.86654886250
2       19.86655695417
2       19.86659296667
2       19.86679467083
4       19.86679468750
1       19.86679480833
2       19.86684774167
2       19.86691995833
2       19.86692292500
2       19.86699014583
4       19.86699014583
1       19.86699028333
2       19.86717788333
4       19.86717790417
1       19.86717802500
2       19.86719952500
2       19.86720939167
2       19.86727697917
2       19.86750130417
4       19.86750130417
1       19.86750144167
2       19.86763103333
2       19.86778836667
4       19.86778838750
1       19.86778850833
2       19.86787253333
2       19.86842591667
4       19.86842591667
1       19.86842605417
2       19.86844358333
2       19.86847574167
2       19.86853099167
2       19.86873803333
4       19.86873805417
1       19.86873817083
2       19.86875787500
2       19.86881822917
2       19.86888380000
2       19.86893942083
4       19.86893944167
1       19.86893955833
2       19.86900692500
2       19.86921851667
4       19.86921851667
1       19.86921865417
2       19.86928919583
2       19.86956447917
4       19.86956449583
1       19.86956461667
2       19.86960588750
2       19.86966972083
2       19.87003934583
4       19.87003934583
1       19.87003948333
2       19.87011061250
2       19.87026527083
4       19.87026529167
1       19.87026541250
2       19.87026594583
2       19.87032560000
2       19.87036434583
2       19.87064053750
4       19.87064055417
1       19.87064067500
2       19.87068134583
2       19.87079660833
2       19.87089999583
4       19.87090001667
1       19.87090013333
2       19.87096755000
2       19.87098315000
2       19.87099297917
2       19.87101125417
2       19.87119940833
4       19.87119942917
1       19.87119955000
2       19.87143385833
4       19.87143387500
1       19.87143399583
2       19.87148382083
2       19.87148851667
2       19.87160101250
2       19.87161404167
4       19.87161406250
1       19.87161418333
2       19.87162300000
2       19.87176508333
2       19.87186118333
4       19.87186120000
1       19.87186132083
2       19.87197674167
2       19.87200853750
2       19.87201877500
2       19.87205423333
4       19.87205425417
1       19.87205437500
2       19.87222018333
2       19.87241665417
4       19.87241665417
1       19.87241679167
2       19.87252423750
2       19.87264055833
4       19.87264057917
1       19.87264070000
2       19.87265813333
2       19.87274660417
2       19.87280308750
2       19.87286408750
4       19.87286410833
1       19.87286422917
2       19.87291713333
2       19.87296276667
2       19.87332615417
4       19.87332615417
1       19.87332629167
2       19.87335529583
2       19.87353619583
4       19.87353619583
1       19.87353633333
2       19.87388992083
4       19.87388994167
1       19.87389005833
2       19.87389326667
2       19.87389815833
2       19.87392440000
2       19.87395084167
2       19.87399200417
2       19.87400716250
2       19.87405919167
2       19.87430490000
4       19.87430492083
1       19.87430504167
2       19.87434932917
2       19.87436622500
2       19.87474218750
4       19.87474220417
1       19.87474232500
2       19.87506570833
4       19.87506572500
1       19.87506584583
2       19.87531953750
4       19.87531953750
1       19.87531967500
2       19.87551795833
4       19.87551797500
1       19.87551809583
2       19.87565365000
2       19.87576461667
4       19.87576461667
1       19.87576475417
2       19.87581538750
2       19.87591966667
2       19.87610590833
4       19.87610592917
1       19.87610605000
2       19.87616933333
2       19.87619286250
2       19.87649371250
4       19.87649373333
1       19.87649385417
2       19.87664611250
2       19.87671959583
4       19.87671959583
1       19.87671973333
2       19.87690682083
2       19.87690769167
2       19.87711997500
4       19.87711997500
1       19.87712011250
2       19.87725582500
2       19.87726610833
2       19.87736910417
4       19.87736912500
1       19.87736924583
2       19.87737297917
2       19.87748074583
2       19.87758506250
4       19.87758508333
1       19.87758520000
2       19.87767078333
2       19.87769202917
2       19.87769505000
2       19.87776127917
2       19.87787756250
4       19.87787758333
1       19.87787770000
2       19.87797087917
2       19.87799812917
2       19.87808664167
4       19.87808666250
1       19.87808678333
2       19.87820352917
2       19.87823955833
2       19.87824351667
2       19.87834725417
4       19.87834727500
1       19.87834739167
2       19.87842241667
2       19.87843535000
2       19.87844835000
2       19.87863402083
4       19.87863404167
1       19.87863415833
2       19.87876157500
2       19.87876378750
2       19.87904908333
4       19.87904910417
1       19.87904922500
2       19.87909148750
2       19.87913480833
2       19.87917889167
2       19.87933225000
4       19.87933227083
1       19.87933239167
2       19.87940684583
2       19.87963504583
4       19.87963504583
1       19.87963518333
2       19.87968738333
2       19.87977152500
2       19.87991496250
4       19.87991497917
1       19.87991510000
2       19.88007917917
2       19.88029680833
4       19.88029682500
1       19.88029694583
2       19.88053827917
4       19.88053830000
1       19.88053842083
2       19.88070723333
4       19.88070725000
1       19.88070737083
2       19.88086948750
2       19.88095786667
4       19.88095786667
1       19.88095800417
2       19.88121761250
4       19.88121763333
1       19.88121775417
2       19.88126823750
2       19.88139157917
2       19.88143565833
4       19.88143567500
1       19.88143579583
2       19.88146107500
2       19.88149685000
2       19.88151143333
2       19.88154720417
2       19.88166483750
4       19.88166485417
1       19.88166497500
2       19.88168762500
2       19.88169860000
2       19.88171578750
2       19.88178468333
2       19.88179632500
2       19.88183675000
2       19.88183737917
2       19.88184497917
4       19.88184499583
1       19.88184511667
2       19.88185359167
2       19.88185952500
2       19.88191187083
2       19.88191221250
2       19.88200034583
2       19.88203081250
4       19.88203083333
1       19.88203095417
2       19.88220132083
4       19.88220134167
1       19.88220146250
2       19.88220375417
2       19.88223323333
2       19.88229377500
2       19.88235972917
2       19.88240451667
4       19.88240451667
1       19.88240465417
2       19.88251835417
2       19.88253629167
2       19.88290383333
4       19.88290385417
1       19.88290397500
2       19.88307155833
2       19.88313476250
4       19.88313477917
1       19.88313490000
2       19.88323382500
2       19.88325235000
2       19.88326437083
2       19.88332554167
4       19.88332556250
1       19.88332568333
2       19.88340338750
2       19.88342892083
2       19.88356009583
4       19.88356011667
1       19.88356023750
2       19.88416656667
4       19.88416656667
1       19.88416670417
2       19.88423284167
2       19.88430928750
2       19.88441857917
4       19.88441859583
1       19.88441871667
2       19.88454422500
2       19.88461308333
2       19.88467965000
4       19.88467967083
1       19.88467978750
2       19.88474620833
2       19.88492871667
4       19.88492873750
1       19.88492885833
2       19.88511322083
4       19.88511324167
1       19.88511336250
2       19.88517283750
2       19.88517748750
2       19.88523009583
2       19.88527391250
2       19.88528675417
2       19.88529107083
2       19.88532218750
4       19.88532220417
1       19.88532232500
2       19.88534968333
2       19.88535362917
2       19.88544407500
2       19.88545702083
2       19.88545769583
2       19.88554045417
4       19.88554045417
1       19.88554059167
2       19.88558157917
2       19.88569256250
2       19.88575677917
4       19.88575679583
1       19.88575691667
2       19.88579289583
2       19.88593960000
4       19.88593961667
1       19.88593973750
2       19.88613238750
4       19.88613240417
1       19.88613252500
2       19.88620463750
2       19.88622408750
2       19.88649507917
4       19.88649509583
1       19.88649521667
2       19.88667778333
4       19.88667780417
1       19.88667792500
2       19.88680313333
2       19.88695622500
4       19.88695622500
1       19.88695636250
2       19.88704457083
2       19.88729433750
4       19.88729435833
1       19.88729447917
2       19.88730225417
2       19.88742085000
2       19.88751296250
4       19.88751297917
1       19.88751310000
2       19.88752019583
2       19.88752622500
2       19.88752785417
2       19.88760431667
2       19.88767822500
2       19.88799453333
4       19.88799455417
1       19.88799467500
2       19.88803853750
2       19.88804721250
2       19.88805345417
2       19.88813263333
2       19.88814555833
2       19.88826278750
4       19.88826280833
1       19.88826292917
2       19.88827640000
2       19.88856032500
4       19.88856032500
1       19.88856046250
2       19.88857386667
2       19.88897162083
4       19.88897164167
1       19.88897176250
2       19.88911247083
2       19.88911904167
2       19.88914189583
4       19.88914189583
1       19.88914203333
2       19.88918471250
2       19.88941648750
4       19.88941650833
1       19.88941662917
2       19.88965398750
4       19.88965400833
1       19.88965412500
2       19.88999744167
4       19.88999746250
1       19.88999758333
2       19.89006634583
2       19.89034124583
4       19.89034126667
1       19.89034138333
2       19.89039233333
2       19.89039296250
2       19.89055123750
4       19.89055125833
1       19.89055137917
2       19.89059800000
2       19.89066418750
2       19.89075456250
4       19.89075457917
1       19.89075470000
2       19.89085925833
2       19.89092454167
4       19.89092456250
1       19.89092468333
2       19.89120548333
4       19.89120550000
1       19.89120562083
2       19.89126905833
2       19.89132930000
2       19.89149292500
4       19.89149292500
1       19.89149306250
2       19.89158733333
2       19.89161373750
2       19.89161553333
2       19.89163389583
2       19.89221902083
4       19.89221903750
1       19.89221915833
2       19.89250417500
4       19.89250419583
1       19.89250431250
2       19.89256315833
2       19.89274263333
4       19.89274265000
1       19.89274277083
2       19.89310563333
4       19.89310565417
1       19.89310577500
2       19.89312687500
2       19.89338004583
4       19.89338004583
1       19.89338018333
2       19.89346041250
2       19.89364065417
4       19.89364067500
1       19.89364079583
2       19.89368405000
2       19.89378930417
2       19.89379476250
2       19.89387356250
4       19.89387357917
1       19.89387370000
2       19.89425572500
4       19.89425574583
1       19.89425586667
2       19.89430175417
2       19.89432235000
2       19.89435839167
2       19.89451470000
4       19.89451472083
1       19.89451484167
2       19.89455513750
2       19.89457638750
2       19.89460115417
2       19.89476353750
4       19.89476355833
1       19.89476367917
2       19.89486663333
2       19.89500231250
4       19.89500233333
1       19.89500245417
2       19.89521535833
4       19.89521537917
1       19.89521550000
2       19.89523482083
2       19.89529575000
2       19.89539974583
4       19.89539974583
1       19.89539988333
2       19.89540274167
2       19.89568197917
4       19.89568200000
1       19.89568212083
2       19.89569129167
2       19.89569491250
2       19.89572130417
2       19.89574690000
2       19.89582014167
2       19.89585586250
4       19.89585587917
1       19.89585600000
2       19.89598359167
2       19.89600192083
2       19.89600221667
2       19.89603838333
2       19.89608404583
4       19.89608406667
1       19.89608418750
2       19.89612682083
2       19.89637554167
4       19.89637556250
1       19.89637568333
2       19.89665412500
4       19.89665412500
1       19.89665426250
2       19.89679091250
2       19.89680986667
2       19.89683549167
4       19.89683551250
1       19.89683563333
2       19.89702338750
4       19.89702340833
1       19.89702352917
2       19.89730928333
4       19.89730930417
1       19.89730942083
2       19.89731950417
2       19.89808897083
4       19.89808898750
1       19.89808910833
2       19.89833352083
4       19.89833353750
1       19.89833365833
2       19.89848062083
2       19.89856040000
4       19.89856042083
1       19.89856053750
2       19.89860179167
2       19.89893893333
4       19.89893895417
1       19.89893907083
2       19.89909032083
2       19.89935027083
4       19.89935028750
1       19.89935040833
2       19.89968982083
4       19.89968983750
1       19.89968995833
2       19.89975507083
2       19.89982007083
2       19.89982067083
2       19.89992032500
4       19.89992032500
1       19.89992046250
2       19.89996437917
2       19.90001509167
2       19.90003070417
2       19.90009889167
4       19.90009892083
1       19.90009903750
2       19.90025127917
2       19.90027947083
2       19.90039932500
4       19.90039932500
1       19.90039946250
2       19.90044035833
2       19.90056620000
2       19.90076099167
4       19.90076101250
1       19.90076112917
2       19.90095874583
4       19.90095874583
1       19.90095888333
2       19.90116877500
4       19.90116879583
1       19.90116891667
2       19.90143473750
4       19.90143475833
1       19.90143487500
2       19.90148706250
2       19.90149765417
2       19.90164238750
4       19.90164240833
1       19.90164252917
2       19.90170042083
2       19.90184975000
4       19.90184977083
1       19.90184989167
2       19.90230717083
4       19.90230718750
1       19.90230730833
2       19.90252520000
4       19.90252522083
1       19.90252534167
2       19.90303588750
4       19.90303590417
1       19.90303602500
2       19.90305142500
2       19.90307139167
2       19.90308288333
2       19.90310668750
2       19.90321410417
4       19.90321412083
1       19.90321424167
2       19.90332038333
2       19.90332936250
2       19.90334131250
2       19.90342702500
4       19.90342704583
1       19.90342716667
2       19.90356885417
2       19.90357179167
2       19.90367715000
4       19.90367717083
1       19.90367729167
2       19.90399642500
4       19.90399644583
1       19.90399656667
2       19.90400938333
2       19.90408817917
2       19.90410841250
2       19.90415740833
2       19.90427266250
4       19.90427268333
1       19.90427280000
2       19.90437570417
2       19.90451975833
4       19.90451977917
1       19.90451990000
2       19.90453037500
2       19.90457672083
2       19.90459525000
2       19.90461975833
2       19.90463105833
2       19.90473932083
4       19.90473934167
1       19.90473946250
2       19.90484035417
2       19.90491162917
4       19.90491165000
1       19.90491177083
2       19.90506761250
2       19.90508180417
2       19.90517028750
4       19.90517030833
1       19.90517042917
2       19.90518452500
2       19.90531470417
2       19.90541934583
4       19.90541936667
1       19.90541948750
2       19.90547469167
2       19.90547538333
2       19.90559001250
2       19.90570765000
4       19.90570767083
1       19.90570779167
2       19.90571020000
2       19.90584762917
2       19.90591023750
4       19.90591025417
1       19.90591037500
2       19.90600462500
2       19.90606126250
2       19.90611999167
4       19.90612000833
1       19.90612012917
2       19.90624182917
2       19.90627951667
2       19.90636003750
4       19.90636005417
1       19.90636017500
2       19.90648652917
2       19.90648863333
2       19.90663766667
4       19.90663768750
1       19.90663780833
2       19.90667570417
2       19.90702949167
4       19.90702950833
1       19.90702962917
2       19.90707019583
2       19.90725740833
4       19.90725742500
1       19.90725754583
2       19.90731540000
2       19.90733090000
2       19.90733985417
2       19.90737025833
2       19.90750442917
4       19.90750445000
1       19.90750457083
2       19.90751269167
2       19.90754191667
2       19.90776411250
4       19.90776412917
1       19.90776425000
2       19.90777667917
2       19.90778470000
2       19.90779265000
2       19.90793941250
4       19.90793943333
1       19.90793955417
2       19.90806685417
2       19.90812417500
4       19.90812419583
1       19.90812431667
2       19.90813281667
2       19.90827814167
2       19.90840602083
4       19.90840603750
1       19.90840615833
2       19.90845145417
2       19.90859679167
2       19.90860982083
4       19.90860984167
1       19.90860996250
2       19.90868000833
2       19.90870213750
2       19.90873757917
2       19.90882940833
4       19.90882942500
1       19.90882954583
2       19.90883000000
2       19.90892010000
2       19.90898535417
2       19.90899328750
2       19.90927915000
4       19.90927916667
1       19.90927928750
2       19.90932321667
2       19.90944010417
2       19.90945666250
4       19.90945668333
1       19.90945680417
2       19.90947065000
2       19.90962302083
2       19.90971108333
4       19.90971110000
1       19.90971122083
2       19.90989727500
4       19.90989729583
1       19.90989741667
2       19.91002305417
2       19.91003005417
2       19.91004393333
2       19.91006119583
2       19.91012048750
4       19.91012050833
1       19.91012062917
2       19.91019092917
2       19.91029997917
2       19.91030428750
2       19.91034342083
4       19.91034343750
1       19.91034355833
2       19.91046038333
2       19.91048051250
2       19.91050567917
2       19.91054217500
4       19.91054217500
1       19.91054231250
2       19.91057385833
2       19.91087465417
4       19.91087467500
1       19.91087479583
2       19.91087569167
2       19.91089150833
2       19.91091905000
2       19.91094259583
2       19.91096746250
2       19.91098073333
2       19.91101847917
2       19.91114140833
4       19.91114142917
1       19.91114155000
2       19.91117904583
2       19.91118101250
2       19.91127151667
2       19.91137449583
4       19.91137449583
1       19.91137463333
2       19.91137953333
2       19.91144180417
2       19.91146619167
2       19.91152161250
2       19.91167027083
4       19.91167029167
1       19.91167041250
2       19.91174383750
2       19.91174679167
2       19.91229402500
4       19.91229402500
1       19.91229416250
2       19.91230790417
2       19.91240557500
2       19.91263282500
4       19.91263284583
1       19.91263296667
2       19.91289879583
4       19.91289879583
1       19.91289893333
2       19.91311113333
4       19.91311115417
1       19.91311127500
2       19.91314927083
2       19.91318605833
2       19.91323535000
2       19.91330587083
2       19.91346286250
4       19.91346287917
1       19.91346300000
2       19.91360793333
2       19.91387461667
4       19.91387463750
1       19.91387475833
2       19.91393485417
2       19.91471564583
4       19.91471566667
1       19.91471578333
2       19.91484250833
2       19.91494315417
4       19.91494317500
1       19.91494329583
2       19.91509712917
2       19.91514920417
4       19.91514922083
1       19.91514934167
2       19.91515650833
2       19.91538141667
4       19.91538141667
1       19.91538155417
2       19.91554135833
2       19.91586036250
4       19.91586037917
1       19.91586050000
2       19.91588579583
2       19.91601328750
2       19.91602461250
2       19.91639919583
4       19.91639919583
1       19.91639933333
2       19.91646875000
2       19.91649927083
2       19.91656946667
2       19.91675934167
4       19.91675935833
1       19.91675947917
2       19.91678050000
2       19.91684273333
2       19.91710870833
4       19.91710872917
1       19.91710884583
2       19.91711663333
2       19.91731802500
4       19.91731802500
1       19.91731816250
2       19.91744724167
2       19.91755260833
4       19.91755262500
1       19.91755274583
2       19.91763508333
2       19.91802041250
4       19.91802043333
1       19.91802055417
2       19.91803150417
2       19.91805445417
2       19.91832656250
4       19.91832658333
1       19.91832670417
2       19.91844982917
2       19.91853427083
4       19.91853428750
1       19.91853440833
2       19.91863797500
2       19.91866641250
2       19.91868402500
2       19.91868607500
2       19.91875492500
4       19.91875494583
1       19.91875506667
2       19.91876815000
2       19.91878505000
2       19.91901625000
4       19.91901627083
1       19.91901638750
2       19.91919314583
2       19.91923782917
4       19.91923785000
1       19.91923797083
2       19.91928421667
2       19.91969222083
4       19.91969223750
1       19.91969235833
2       19.91992079167
4       19.91992080833
1       19.91992092917
2       19.92006356250
2       19.92030272083
4       19.92030273750
1       19.92030285833
2       19.92031961250
2       19.92037025417
2       19.92053988333
4       19.92053990417
1       19.92054002500
2       19.92058357917
2       19.92079291667
4       19.92079291667
1       19.92079305417
2       19.92080385417
2       19.92096326250
2       19.92107076667
4       19.92107076667
1       19.92107090417
2       19.92110358750
2       19.92112246667
2       19.92116292083
2       19.92122583333
2       19.92125695000
4       19.92125696667
1       19.92125708750
2       19.92128056250
2       19.92131427500
2       19.92131831250
2       19.92140438333
2       19.92163225000
4       19.92163226667
1       19.92163238750
2       19.92163854167
2       19.92175785833
2       19.92176680417
2       19.92188397500
4       19.92188399583
1       19.92188411667
2       19.92191577917
2       19.92213767917
4       19.92213770000
1       19.92213782083
2       19.92234769167
4       19.92234770833
1       19.92234782917
2       19.92243811667
2       19.92243853333
2       19.92255072917
4       19.92255074583
1       19.92255086667
2       19.92261715417
2       19.92261865417
2       19.92265804583
2       19.92271231667
2       19.92276739167
4       19.92276741250
1       19.92276753333
2       19.92281505417
2       19.92299754583
4       19.92299754583
1       19.92299768333
2       19.92301475000
2       19.92327719167
4       19.92327721250
1       19.92327732917
2       19.92329367917
2       19.92336753333
2       19.92357653333
4       19.92357655417
1       19.92357667500
2       19.92360838750
2       19.92380474583
4       19.92380476667
1       19.92380488750
2       19.92383496250
2       19.92404032083
4       19.92404033750
1       19.92404045833
2       19.92404561250
2       19.92408867917
2       19.92411014583
2       19.92422474167
2       19.92429902917
4       19.92429905000
1       19.92429917083
2       19.92431880833
2       19.92431981250
2       19.92434002083
2       19.92448543750
2       19.92476363750
4       19.92476365417
1       19.92476377500
2       19.92480778333
2       19.92483289167
2       19.92489780833
2       19.92491808333
2       19.92495150833
2       19.92505573750
4       19.92505575417
1       19.92505587500
2       19.92506774583
2       19.92509958750
2       19.92514358333
2       19.92536947083
4       19.92536949167
1       19.92536961250
2       19.92551824167
2       19.92576603333
4       19.92576605000
1       19.92576617083
2       19.92576987500
2       19.92586065417
2       19.92591207083
2       19.92598421250
4       19.92598423333
1       19.92598435000
2       19.92609387083
2       19.92613560000
2       19.92638894167
4       19.92638895833
1       19.92638907917
2       19.92639137917
2       19.92644862500
2       19.92667683750
4       19.92667685833
1       19.92667697917
2       19.92669445000
2       19.92673312083
2       19.92677157500
2       19.92695373750
4       19.92695375833
1       19.92695387500
2       19.92704180000
2       19.92707268333
2       19.92711974583
2       19.92737737083
4       19.92737739167
1       19.92737751250
2       19.92749891250
2       19.92752245833
2       19.92754029583
2       19.92760095000
4       19.92760096667
1       19.92760108750
2       19.92775401250
2       19.92817034583
4       19.92817036667
1       19.92817048750
2       19.92824783333
2       19.92846810833
4       19.92846812917
1       19.92846825000
2       19.92848837500
2       19.92853698750
2       19.92854170417
2       19.92855152917
2       19.92856518750
2       19.92862749583
2       19.92864010417
2       19.92865065417
4       19.92865065417
1       19.92865079167
2       19.92873237500
2       19.92895898750
4       19.92895900833
1       19.92895912917
2       19.92896992917
2       19.92909381250
2       19.92911662917
2       19.92917330417
4       19.92917330417
1       19.92917344167
2       19.92935080833
2       19.92949188333
4       19.92949190000
1       19.92949202083
2       19.92988515417
4       19.92988517500
1       19.92988529583
2       19.92991285000
2       19.92993047917
2       19.93001954167
2       19.93006761667
2       19.93028421667
4       19.93028421667
1       19.93028435417
2       19.93034284583
2       19.93063392917
4       19.93063394583
1       19.93063406667
2       19.93064494167
2       19.93066646250
2       19.93067009167
2       19.93078138333
2       19.93081285417
2       19.93095170417
4       19.93095170417
1       19.93095184167
2       19.93100828750
2       19.93101687500
2       19.93139347917
4       19.93139350000
1       19.93139361667
2       19.93150745833
2       19.93180453750
4       19.93180455833
1       19.93180467917
2       19.93185392500
2       19.93198575000
2       19.93219309583
4       19.93219311667
1       19.93219323750
2       19.93239481667
4       19.93239483750
1       19.93239495833
2       19.93286187083
4       19.93286188750
1       19.93286200833
2       19.93288664167
2       19.93309896250
4       19.93309897917
1       19.93309910000
2       19.93333058750
4       19.93333060833
1       19.93333072917
2       19.93350373333
2       19.93353192083
4       19.93353194167
1       19.93353206250
2       19.93355804167
2       19.93358362083
2       19.93359320833
2       19.93364417083
2       19.93370074583
2       19.93372469583
4       19.93372471667
1       19.93372483333
2       19.93373691667
2       19.93425463333
4       19.93425465417
1       19.93425477500
2       19.93436398750
2       19.93438652500
2       19.93448547083
4       19.93448549167
1       19.93448561250
2       19.93459946667
2       19.93461137500
2       19.93461565833
2       19.93462895833
2       19.93472067917
4       19.93472070000
1       19.93472082083
2       19.93490051250
2       19.93736224583
4       19.93736224583
1       19.93736238333
2       19.93744770000
2       19.93748050833
2       19.93749303333
2       19.93752251667
2       19.93755268333
2       19.93761989583
4       19.93761989583
1       19.93762003333
2       19.93782294583
4       19.93782294583
1       19.93782308333
2       19.93783892917
2       19.93786466250
2       19.93792502917
2       19.93795647083
2       19.93805080833
4       19.93805082917
1       19.93805095000
2       19.93822176250
2       19.93822575000
4       19.93822576667
1       19.93822588750
2       19.93826788750
2       19.93841190417
4       19.93841190417
1       19.93841204167
2       19.93849537500
2       19.93872490417
4       19.93872490417
1       19.93872504167
2       19.93881601667
2       19.93883387083
2       19.93895307917
4       19.93895309583
1       19.93895321667
2       19.93918328750
4       19.93918330833
1       19.93918342500
2       19.93923265417
2       19.93944730000
4       19.93944732083
1       19.93944744167
2       19.93960240417
2       19.93989115000
4       19.93989116667
1       19.93989128750
2       19.94023855833
4       19.94023857500
1       19.94023869583
2       19.94042877500
2       19.94046585833
4       19.94046587500
1       19.94046599583
2       19.94047013750
2       19.94099782917
4       19.94099785000
1       19.94099797083
2       19.94129353333
4       19.94129355417
1       19.94129367083
2       19.94140258750
2       19.94146320000
2       19.94156153750
4       19.94156155417
1       19.94156167500
2       19.94163807500
2       19.94166712917
2       19.94168728333
2       19.94170027500
2       19.94194338333
4       19.94194340417
1       19.94194352083
2       19.94212266250
2       19.94213785833
4       19.94213787917
1       19.94213800000
2       19.94215736250
2       19.94225415000
2       19.94253327083
4       19.94253329167
1       19.94253341250
2       19.94254925000
2       19.94267244167
2       19.94267642083
2       19.94285195833
4       19.94285197917
1       19.94285209583
2       19.94287475417
2       19.94296427500
2       19.94302187917
2       19.94307187083
4       19.94307189167
1       19.94307201250
2       19.94308642500
2       19.94310075833
2       19.94314343333
2       19.94319411667
2       19.94321072500
2       19.94347569583
4       19.94347571667
1       19.94347583750
2       19.94355413750
2       19.94370257083
4       19.94370258750
1       19.94370270833
2       19.94379130417
2       19.94392539167
4       19.94392540833
1       19.94392552917
2       19.94399735417
2       19.94424012083
4       19.94424013750
1       19.94424025833
2       19.94443917083
4       19.94443918750
1       19.94443930833
2       19.94454650000
2       19.94466612500
4       19.94466614583
1       19.94466626667
2       19.94498576250
4       19.94498577917
1       19.94498590000
2       19.94507122917
2       19.94509871250
2       19.94513373333
2       19.94546533333
4       19.94546535417
1       19.94546547500
2       19.94549645417
2       19.94560412083
2       19.94563429583
2       19.94568464167
4       19.94568465833
1       19.94568477917
2       19.94590989583
4       19.94590991667
1       19.94591003750
2       19.94615293750
4       19.94615295417
1       19.94615307500
2       19.94617123333
2       19.94619771250
2       19.94621656667
2       19.94636923750
4       19.94636925833
1       19.94636937917
2       19.94644637917
2       19.94652623750
2       19.94656667500
4       19.94656667500
1       19.94656681250
2       19.94675475417
4       19.94675477500
1       19.94675489583
2       19.94701747083
4       19.94701749167
1       19.94701761250
2       19.94721616250
4       19.94721618333
1       19.94721630417
2       19.94723642083
2       19.94744740833
4       19.94744742500
1       19.94744754583
2       19.94754551667
2       19.95086828333
4       19.95086830417
1       19.95086842083
2       19.95095447500
2       19.95147910000
4       19.95147912083
1       19.95147924167
2       19.95178048750
4       19.95178050833
1       19.95178062917
2       19.95190869583
2       19.95198293333
2       19.95198687500
2       19.95203420833
4       19.95203422917
1       19.95203435000
2       19.95218920833
2       19.95239888333
4       19.95239890417
1       19.95239902083
2       19.95241020417
2       19.95246808333
2       19.95248367917
2       19.95263203750
4       19.95263203750
1       19.95263217500
2       19.95269303750
2       19.95293485000
4       19.95293486667
1       19.95293498750
2       19.95303630417
2       19.95334333750
4       19.95334333750
1       19.95334347500
2       19.95344433333
2       19.95363176250
4       19.95363178333
1       19.95363190000
2       19.95380260417
2       19.95380660417
4       19.95380660417
1       19.95380674167
2       19.95382657083
2       19.95388806250
2       19.95393511667
2       19.95397157500
2       19.95398282917
2       19.95398817083
2       19.95400005417
2       19.95406300417
4       19.95406302500
1       19.95406314167
2       19.95415415833
2       19.95430378333
4       19.95430380000
1       19.95430392083
2       19.95432106250
2       19.95446573750
2       19.95452801667
4       19.95452801667
1       19.95452815417
2       19.95459327083
2       19.95467121250
2       19.95477413333
4       19.95477415000
1       19.95477427083
2       19.95485066667
2       19.95486852500
2       19.95498942083
4       19.95498943750
1       19.95498955833
2       19.95503053750
2       19.95521372500
4       19.95521374583
1       19.95521386250
2       19.95530603333
2       19.95550547917
4       19.95550550000
1       19.95550562083
2       19.95552936667
2       19.95569229583
2       19.95574134167
4       19.95574136250
1       19.95574148333
2       19.95575987917
2       19.95588013333
2       19.95603835000
4       19.95603836667
1       19.95603848750
2       19.95607979583
2       19.95609037917
2       19.95611894167
2       19.95612827083
2       19.95628390417
4       19.95628390417
1       19.95628404167
2       19.95661704167
4       19.95661706250
1       19.95661717917
2       19.95665586250
2       19.95670292500
2       19.95672019167
2       19.95690224583
4       19.95690226667
1       19.95690238750
2       19.95706423750
2       19.95707413333
2       19.95724405833
4       19.95724407917
1       19.95724419583
2       19.95731165000
2       19.95760943333
4       19.95760945417
1       19.95760957500
2       19.95771380833
2       19.95792976250
4       19.95792978333
1       19.95792990417
2       19.95823642917
4       19.95823644583
1       19.95823656667
2       19.95832885417
2       19.95835407500
2       19.95873595000
4       19.95873597083
1       19.95873609167
2       19.95876937917
2       19.95882007917
2       19.95892042500
4       19.95892044583
1       19.95892056250
2       19.95899395000
2       19.95924104583
4       19.95924104583
1       19.95924118333
2       19.95930734167
2       19.95941431250
2       19.95956000417
4       19.95956000417
1       19.95956014167
2       19.95965640417
2       19.95972164583
2       19.95975275417
4       19.95975277500
1       19.95975289583
2       19.96003565000
4       19.96003566667
1       19.96003578750
2       19.96019795833
2       19.96021848750
4       19.96021850417
1       19.96021862500
2       19.96062860833
4       19.96062862500
1       19.96062874583
2       19.96069980417
2       19.96083887083
4       19.96083888750
1       19.96083900833
2       19.96094456250
2       19.96096775417
2       19.96113068750
4       19.96113070833
1       19.96113082917
2       19.96122451250
2       19.96125917500
2       19.96126983333
2       19.96142018333
4       19.96142020417
1       19.96142032083
2       19.96327906250
4       19.96327907917
1       19.96327920000
2       19.96328075417
2       19.96336448333
2       19.96345292500
2       19.96347775417
4       19.96347777500
1       19.96347789167
2       19.96348045000
2       19.96363701667
2       19.96365965417
4       19.96365967500
1       19.96365979583
2       19.96394587500
4       19.96394587500
1       19.96394601250
2       19.96431181250
4       19.96431182917
1       19.96431195000
2       19.96439889583
2       19.96445821667
2       19.96457983333
4       19.96457985417
1       19.96457997500
2       19.96485992917
4       19.96485995000
1       19.96486006667
2       19.96505972500
4       19.96505974583
1       19.96505986667
2       19.96512032917
2       19.96517290833
2       19.96525606667
4       19.96525606667
1       19.96525620417
2       19.96540982917
2       19.96567385417
4       19.96567387500
1       19.96567399583
2       19.96585499583
4       19.96585499583
1       19.96585513333
2       19.96588579167
2       19.96599043750
2       19.96608424583
4       19.96608424583
1       19.96608438333
2       19.96619252083
2       19.96623157917
2       19.96642044583
4       19.96642046667
1       19.96642058750
2       19.96661115833
4       19.96661117917
1       19.96661130000
2       19.96668537500
2       19.96676719167
2       19.96677314167
2       19.96694036250
4       19.96694038333
1       19.96694050417
2       19.96696228750
2       19.96708547917
2       19.96725740417
4       19.96725740417
1       19.96725754167
2       19.96731902917
2       19.96742636250
2       19.96742731250
2       19.96745482500
2       19.96749652917
4       19.96749654583
1       19.96749666667
2       19.96777741250
4       19.96777743333
1       19.96777755417
2       19.96790830000
2       19.96791153333
2       19.96792810833
2       19.96801215833
4       19.96801217917
1       19.96801229583
2       19.96819674167
2       19.96829149167
4       19.96829151250
1       19.96829162917
2       19.96829544583
2       19.96831836250
2       19.96835442917
2       19.96872636667
4       19.96872638750
1       19.96872650833
2       19.96875788750
2       19.96893974167
4       19.96893976250
1       19.96893988333
2       19.96900694583
2       19.96904639167
2       19.96910528750
2       19.96936329583
4       19.96936331667
1       19.96936343750
2       19.96966075417
4       19.96966077500
1       19.96966089583
2       19.96972635000
2       19.96987442083
4       19.96987444167
1       19.96987456250
2       19.96988730000
2       19.96994537083
2       19.97007651250
4       19.97007652917
1       19.97007665000
2       19.97011026667
2       19.97057325833
4       19.97057327500
1       19.97057339583
2       19.97059415000
2       19.97072867917
2       19.97077870417
4       19.97077872500
1       19.97077884167
2       19.97087937083
2       19.97105658750
4       19.97105660833
1       19.97105672917
2       19.97106623750
2       19.97116787083
2       19.97120694167
2       19.97147125417
4       19.97147127500
1       19.97147139583
2       19.97180386667
4       19.97180388750
1       19.97180400417
2       19.97194058750
2       19.97209069167
4       19.97209070833
1       19.97209082917
2       19.97227982500
4       19.97227984583
1       19.97227996667
2       19.97231189583
2       19.97231957083
2       19.97238877500
2       19.97242482917
2       19.97263680833
4       19.97263682500
1       19.97263694583
2       19.97287595417
4       19.97287597500
1       19.97287609583
2       19.97315753750
4       19.97315755417
1       19.97315767500
2       19.97318862083
2       19.97334631250
4       19.97334633333
1       19.97334645417
2       19.97337119167
2       19.97352848333
4       19.97352850417
1       19.97352862500
2       19.97357856667
2       19.97375736667
4       19.97375738750
1       19.97375750833
2       19.97386902500
2       19.97391078750
2       19.97736672917
4       19.97736675000
1       19.97736687083
2       19.97746112917
2       19.97748864583
2       19.97761258333
4       19.97761260417
1       19.97761272500
2       19.97762684167
2       19.97774037500
2       19.97799140833
4       19.97799142500
1       19.97799154583
2       19.97805969167
2       19.97815279583
2       19.97823288333
4       19.97823290417
1       19.97823302500
2       19.97830846667
2       19.97832367083
2       19.97833429583
2       19.97837564583
2       19.97870524167
4       19.97870525833
1       19.97870537917
2       19.97884368333
2       19.97904342083
4       19.97904343750
1       19.97904355833
2       19.97910414583
2       19.97921696250
2       19.97923165417
2       19.97930439583
4       19.97930439583
1       19.97930453333
2       19.97938062083
2       19.97942700000
2       19.97943033750
2       19.97947234583
2       19.97952105417
2       19.97960123333
4       19.97960125417
1       19.97960137500
2       19.97965266250
2       19.97965915833
2       19.97969203750
2       19.97985696250
4       19.97985698333
1       19.97985710417
2       19.97998182500
2       19.98003348333
4       19.98003350000
1       19.98003362083
2       19.98020234167
2       19.98056539167
4       19.98056540833
1       19.98056552917
2       19.98065746250
2       19.98088341250
4       19.98088343333
1       19.98088355000
2       19.98100161667
2       19.98105632083
2       19.98109833333
4       19.98109835000
1       19.98109847083
2       19.98125173333
2       19.98141532083
4       19.98141534167
1       19.98141546250
2       19.98146327083
2       19.98146733333
2       19.98147697083
2       19.98202148333
4       19.98202150417
1       19.98202162500
2       19.98208516250
2       19.98218545833
2       19.98236932083
4       19.98236933750
1       19.98236945833
2       19.98237322500
2       19.98259114583
4       19.98259116667
1       19.98259128333
2       19.98268199167
2       19.98272960833
2       19.98275771250
2       19.98297279167
4       19.98297280833
1       19.98297292917
2       19.98304565833
2       19.98307750833
2       19.98308471250
2       19.98320531667
4       19.98320533750
1       19.98320545833
2       19.98341370000
4       19.98341372083
1       19.98341383750
2       19.98348520833
2       19.98360704583
4       19.98360706667
1       19.98360718750
2       19.98365773750
2       19.98392103750
4       19.98392103750
1       19.98392117500
2       19.98392536250
2       19.98404862917
2       19.98427377917
4       19.98427380000
1       19.98427392083
2       19.98431550833
2       19.98434862917
2       19.98434933333
2       19.98445400000
2       19.98452521250
4       19.98452522917
1       19.98452535000
2       19.98454871667
2       19.98461243333
2       19.98462756667
2       19.98466562500
2       19.98466595000
2       19.98467192083
2       19.98469814167
2       19.98473158750
4       19.98473160833
1       19.98473172917
2       19.98479714583
2       19.98490046250
2       19.98514233750
4       19.98514235417
1       19.98514247500
2       19.98555170417
4       19.98555172500
1       19.98555184583
2       19.98567248750
2       19.98571306250
2       19.98585308333
4       19.98585310417
1       19.98585322500
2       19.98610092083
4       19.98610093750
1       19.98610105833
2       19.98626147083
2       19.98631484167
4       19.98631486250
1       19.98631498333
2       19.98635294583
2       19.98636716667
2       19.98671962500
4       19.98671962500
1       19.98671976250
2       19.98672262917
2       19.98673180417
2       19.98682189583
2       19.98700011250
4       19.98700012917
1       19.98700025000
2       19.98703993750
2       19.98747711250
4       19.98747712917
1       19.98747725000
2       19.98750359583
2       19.98761986250
2       19.98771231250
4       19.98771232917
1       19.98771245000
2       19.98771425833
2       19.98782292917
2       19.98790705833
2       19.98792302500
4       19.98792304583
1       19.98792316667
2       19.98800678750
2       19.98807196667
2       19.98808490833
2       19.98808991250
2       19.98825085417
4       19.98825087500
1       19.98825099583
2       19.98826380000
2       19.98826462083
2       19.98827628750
2       19.98832973333
2       19.98838465417
2       19.98854336667
4       19.98854336667
1       19.98854350417
2       19.98874238333
4       19.98874240000
1       19.98874252083
2       19.98884407083
2       19.98892297500
4       19.98892297500
1       19.98892311250
2       19.98898448750
2       19.98903684167
2       19.98910372917
4       19.98910375000
1       19.98910387083
2       19.98912600417
2       19.98952806250
4       19.98952808333
1       19.98952820000
2       19.98957272083
2       19.98965621667
2       19.98967082500
2       19.98970987500
4       19.98970989583
1       19.98971001250
2       19.98987818333
2       19.98989273333
4       19.98989275417
1       19.98989287500
2       19.99002229583
2       19.99007686667
4       19.99007686667
1       19.99007700417
2       19.99017965417
2       19.99022333750
2       19.99041041250
4       19.99041042917
1       19.99041055000
2       19.99053531667
2       19.99065852917
4       19.99065855000
1       19.99065867083
2       19.99088707500
4       19.99088707500
1       19.99088721250
2       19.99113488750
4       19.99113490833
1       19.99113502917
2       19.99143925417
4       19.99143927500
1       19.99143939167
2       19.99173866250
4       19.99173868333
1       19.99173880417
2       19.99197322500
4       19.99197322500
1       19.99197336250
2       19.99216830833
4       19.99216832917
1       19.99216845000
2       19.99289068750
4       19.99289070833
1       19.99289082917
2       19.99324907917
4       19.99324910000
1       19.99324922083
2       19.99355519167
4       19.99355521250
1       19.99355532917
2       19.99358128750
2       19.99359913750
2       19.99364690000
2       19.99376546667
4       19.99376546667
1       19.99376560417
2       19.99390518750
2       19.99393736250
2       19.99429540833
4       19.99429542917
1       19.99429554583
2       19.99448221250
2       19.99464977917
4       19.99464979583
1       19.99464991667
2       19.99478527917
2       19.99485657500
4       19.99485657500
1       19.99485671250
2       19.99511189167
4       19.99511191250
1       19.99511203333
2       19.99514470833
2       19.99518845417
2       19.99524566250
2       19.99526217917
2       19.99537055417
4       19.99537055417
1       19.99537069167
2       19.99555775417
2       19.99569522500
4       19.99569522500
1       19.99569536250
2       19.99574844167
2       19.99579052500
2       19.99581802083
2       19.99582043750
2       19.99584154167
2       19.99603035417
4       19.99603037500
1       19.99603049583
2       19.99613467500
2       19.99702403333
4       19.99702405000
1       19.99702417083
2       19.99723042083
4       19.99723044167
1       19.99723055833
2       19.99731980417
2       19.99741851250
2       19.99752917083
4       19.99752918750
1       19.99752930833
2       19.99776301250
4       19.99776303333
1       19.99776315000
2       19.99786932500
2       19.99799219167
4       19.99799220833
1       19.99799232917
2       19.99805356250
2       19.99807070833
2       19.99810054167
2       19.99864301250
4       19.99864302917
1       19.99864315000
2       19.99872221250
2       19.99875638750
2       19.99946056667
4       19.99946058750
1       19.99946070833
2       19.99957752083
2       19.99965786250
2       19.99977783750
4       19.99977785417
1       19.99977797500
2       19.99985800833
2       19.99991621250
2       20.00057114583
4       20.00057114583
1       20.00057128333
2       20.00082554583
4       20.00082554583
1       20.00082568333
2       20.00087758750
2       20.00097620833
2       20.00110103750
4       20.00110105833
1       20.00110117917
2       20.00138694583
4       20.00138696667
1       20.00138708750
2       20.00140183750
2       20.00153763750
2       20.00155364167
2       20.00167407500
4       20.00167409583
1       20.00167421667
2       20.00168705000
2       20.00181025000
2       20.00204934583
4       20.00204936667
1       20.00204948333
2       20.00223585833
4       20.00223587917
1       20.00223600000
2       20.00226964583
2       20.00243922917
2       20.00245912083
4       20.00245913750
1       20.00245925833
2       20.00246241667
2       20.00258466250
2       20.00258898333
2       20.00260190833
2       20.00275422500
4       20.00275424583
1       20.00275436667
2       20.00276052917
2       20.00299077500
4       20.00299079583
1       20.00299091250
2       20.00310865417
2       20.00316894167
2       20.00325407083
4       20.00325408750
1       20.00325420833
2       20.00342235417
2       20.00351838750
4       20.00351838750
1       20.00351852500
2       20.00358100417
2       20.00367868750
2       20.00387282500
4       20.00387282500
1       20.00387296250
2       20.00416320000
4       20.00416322083
1       20.00416334167
2       20.00430868750
2       20.00441340833
4       20.00441342917
1       20.00441354583
2       20.00452034167
2       20.00494035833
4       20.00494037917
1       20.00494050000
2       20.00499755417
2       20.00503836667
2       20.00510235000
2       20.00522228333
4       20.00522230417
1       20.00522242083
2       20.00532387917
2       20.00537822500
2       20.00565675417
4       20.00565677500
1       20.00565689167
2       20.00607188333
4       20.00607190417
1       20.00607202083
2       20.00609507917
2       20.00634808333
4       20.00634810000
1       20.00634822083
2       20.00638674583
2       20.00639942917
2       20.00650051250
2       20.00650569583
2       20.00678202083
4       20.00678204167
1       20.00678216250
2       20.01022537500
4       20.01022539583
1       20.01022551667
2       20.01050227083
4       20.01050228750
1       20.01050240833
2       20.01081850000
4       20.01081852083
1       20.01081864167
2       20.01086259167
2       20.01091918333
2       20.01130057917
4       20.01130060000
1       20.01130071667
2       20.01160125000
4       20.01160127083
1       20.01160139167
2       20.01162254583
2       20.01167250000
2       20.01206070833
4       20.01206072917
1       20.01206085000
2       20.01221282500
2       20.01232665833
4       20.01232667917
1       20.01232680000
2       20.01240715000
2       20.01245394167
2       20.01252115417
4       20.01252117500
1       20.01252129167
2       20.01253865000
2       20.01269600417
4       20.01269600417
1       20.01269614167
2       20.01273945417
2       20.01275528750
2       20.01277787083
2       20.01281987083
2       20.01303090417
4       20.01303090417
1       20.01303104167
2       20.01312195000
2       20.01315075417
2       20.01315313333
2       20.01323912917
4       20.01323914583
1       20.01323926667
2       20.01358004583
4       20.01358004583
1       20.01358018333
2       20.01359962500
2       20.01364393333
2       20.01377375833
4       20.01377377917
1       20.01377390000
2       20.01381027083
2       20.01384776250
2       20.01396725000
4       20.01396727083
1       20.01396739167
2       20.01397618333
2       20.01413782083
4       20.01413784167
1       20.01413796250
2       20.01415644583
2       20.01423060833
2       20.01423156250
2       20.01425812917
2       20.01426305000
2       20.01427527917
2       20.01429647917
2       20.01435941250
4       20.01435942917
1       20.01435955000
2       20.01457810833
4       20.01457812500
1       20.01457824583
2       20.01458760833
2       20.01463397917
2       20.01478875000
4       20.01478877083
1       20.01478889167
2       20.01493379583
2       20.01521202917
4       20.01521205000
1       20.01521217083
2       20.01525899583
2       20.01529852083
2       20.01547727083
4       20.01547729167
1       20.01547741250
2       20.01547899167
2       20.01548426667
2       20.01552574583
2       20.01560882083
2       20.01560907917
2       20.01560981250
2       20.01565910000
4       20.01565911667
1       20.01565923750
2       20.01577085833
2       20.01594973333
4       20.01594975000
1       20.01594987083
2       20.01602842500
2       20.01604045000
2       20.01620930833
4       20.01620932917
1       20.01620945000
2       20.01638125833
2       20.01649880417
4       20.01649882083
1       20.01649894167
2       20.01676311250
4       20.01676313333
1       20.01676325417
2       20.01729137917
4       20.01729139583
1       20.01729151667
2       20.01741565000
2       20.01744507083
2       20.01754275417
4       20.01754277500
1       20.01754289167
2       20.01773097083
4       20.01773098750
1       20.01773110833
2       20.01779062917
2       20.01792738333
4       20.01792740000
1       20.01792752083
2       20.01800213750
2       20.01847060417
4       20.01847062500
1       20.01847074583
2       20.01860439583
2       20.01862201667
2       20.01867867500
4       20.01867869583
1       20.01867881667
2       20.01891343750
4       20.01891345417
1       20.01891357500
2       20.01909200000
4       20.01909202083
1       20.01909214167
2       20.01918539583
2       20.01920727083
2       20.01931553750
4       20.01931555833
1       20.01931567500
2       20.01938220833
2       20.01967426667
4       20.01967426667
1       20.01967440417
2       20.01979019583
2       20.01983158333
2       20.02010188750
4       20.02010188750
1       20.02010202500
2       20.02021322083
2       20.02028310833
4       20.02028312917
1       20.02028324583
2       20.02043287083
2       20.02043512917
2       20.02046788750
4       20.02046790833
1       20.02046802917
2       20.02057328333
2       20.02060527500
2       20.02087532083
4       20.02087533750
1       20.02087545833
2       20.02106547500
4       20.02106549583
1       20.02106561667
2       20.02128602917
4       20.02128605000
1       20.02128616667
2       20.02131817083
2       20.02429759583
4       20.02429761667
1       20.02429773750
2       20.02431806250
2       20.02443439583
2       20.02444993750
2       20.02471054583
4       20.02471056667
1       20.02471068750
2       20.02481787500
2       20.02505400833
4       20.02505402917
1       20.02505415000
2       20.02512065417
2       20.02518394167
2       20.02557240417
4       20.02557240417
1       20.02557254167
2       20.02558238750
2       20.02570189583
2       20.02602622917
4       20.02602624583
1       20.02602636667
2       20.02623589167
4       20.02623590833
1       20.02623602917
2       20.02635707083
2       20.02636438750
2       20.02638890417
2       20.02677780417
4       20.02677780417
1       20.02677794167
2       20.02681320833
2       20.02703673333
4       20.02703675417
1       20.02703687500
2       20.02707220000
2       20.02713515000
2       20.02715362917
2       20.02729679167
4       20.02729681250
1       20.02729693333
2       20.02735074167
2       20.02735541250
2       20.02743592917
2       20.02747109167
2       20.02778007917
4       20.02778010000
1       20.02778022083
2       20.02781407500
2       20.02792178333
2       20.02795888750
4       20.02795888750
1       20.02795902500
2       20.02799035833
2       20.02799605417
2       20.02824939583
4       20.02824939583
1       20.02824953333
2       20.02828682917
2       20.02830488333
2       20.02834476250
2       20.02861025833
4       20.02861027500
1       20.02861039583
2       20.02892476250
4       20.02892478333
1       20.02892490417
2       20.02913053750
4       20.02913055417
1       20.02913067500
2       20.02915264167
2       20.02925040833
2       20.02939385833
4       20.02939387500
1       20.02939399583
2       20.02966546667
4       20.02966546667
1       20.02966560417
2       20.02971471250
2       20.02989990000
4       20.02989991667
1       20.02990003750
2       20.02997074583
2       20.03000859583
2       20.03004229583
2       20.03043478333
4       20.03043480417
1       20.03043492500
2       20.03046302083
2       20.03047192083
2       20.03052198750
2       20.03060443333
2       20.03068855000
4       20.03068857083
1       20.03068868750
2       20.03074751667
2       20.03083492500
2       20.03104063750
4       20.03104065417
1       20.03104077500
2       20.03141285833
4       20.03141287917
1       20.03141299583
2       20.03146495000
2       20.03159711667
4       20.03159711667
1       20.03159725417
2       20.03160237917
2       20.03166334167
2       20.03167625000
2       20.03184980000
4       20.03184981667
1       20.03184993750
2       20.03189685417
2       20.03204681667
2       20.03212075000
4       20.03212077083
1       20.03212089167
2       20.03232055000
4       20.03232057083
1       20.03232069167
2       20.03240232083
2       20.03240566667
2       20.03243672083
2       20.03243740000
2       20.03265731667
4       20.03265731667
1       20.03265745417
2       20.03266155000
2       20.03296373333
4       20.03296375417
1       20.03296387500
2       20.03301611667
2       20.03301910000
2       20.03302341250
2       20.03308135833
2       20.03314645417
2       20.03362855833
4       20.03362857917
1       20.03362870000
2       20.03374142917
2       20.03386764167
4       20.03386765833
1       20.03386777917
2       20.03392821250
2       20.03404349583
2       20.03409419167
4       20.03409420833
1       20.03409432917
2       20.03412803750
2       20.03421807917
2       20.03843199167
2       20.03848165833
2       20.03859660833
4       20.03859662500
1       20.03859674583
2       20.03867505000
2       20.03880287500
4       20.03880289583
1       20.03880301667
2       20.03901759167
4       20.03901760833
1       20.03901772917
2       20.03912789583
2       20.03916622083
2       20.03919378750
2       20.03934642083
4       20.03934644167
1       20.03934656250
2       20.03946567917
2       20.03948432500
2       20.03953991667
4       20.03953991667
1       20.03954005417
2       20.03956939167
2       20.03977602083
4       20.03977603750
1       20.03977615833
2       20.03998802083
4       20.03998804167
1       20.03998816250
2       20.04004434583
2       20.04021261667
4       20.04021263750
1       20.04021275833
2       20.04022092500
2       20.04029477917
2       20.04035934583
2       20.04036527083
2       20.04042399583
4       20.04042399583
1       20.04042413333
2       20.04054517917
2       20.04059615417
4       20.04059617500
1       20.04059629583
2       20.04070780000
2       20.04075617083
2       20.04078692500
4       20.04078692500
1       20.04078706250
2       20.04080092500
2       20.04084487500
2       20.04095254167
2       20.04097340833
4       20.04097342917
1       20.04097355000
2       20.04099333333
2       20.04111851250
2       20.04114966250
4       20.04114967917
1       20.04114980000
2       20.04115602917
2       20.04124040417
2       20.04125571667
2       20.04142463750
4       20.04142465417
1       20.04142477500
2       20.04143747917
2       20.04161997917
4       20.04162000000
1       20.04162012083
2       20.04174783333
2       20.04182866667
4       20.04182868750
1       20.04182880833
2       20.04185553750
2       20.04189262083
2       20.04196215833
2       20.04215689167
4       20.04215691250
1       20.04215702917
2       20.04236875000
4       20.04236877083
1       20.04236889167
2       20.04271664583
4       20.04271666667
1       20.04271678750
2       20.04274684583
2       20.04278020417
2       20.04292038750
4       20.04292038750
1       20.04292052500
2       20.04292968333
2       20.04293292083
2       20.04293881250
2       20.04293924167
2       20.04319236667
4       20.04319236667
1       20.04319250417
2       20.04321150000
2       20.04335996667
2       20.04345504583
4       20.04345506667
1       20.04345518750
2       20.04363315417
2       20.04365902083
4       20.04365903750
1       20.04365915833
2       20.04368549583
2       20.04387139583
4       20.04387141667
1       20.04387153750
2       20.04419531667
4       20.04419531667
1       20.04419545417
2       20.04421645833
2       20.04453541667
4       20.04453543750
1       20.04453555833
2       20.04454080833
2       20.04468648750
2       20.04485312500
4       20.04485312500
1       20.04485326250
2       20.04493027917
2       20.04502002500
2       20.04534595417
4       20.04534597500
1       20.04534609583
2       20.04539829583
2       20.04553679167
2       20.04568674583
4       20.04568676667
1       20.04568688750
2       20.04577693333
2       20.04667052500
4       20.04667052500
1       20.04667066250
2       20.04676523750
2       20.04685337500
2       20.04686131667
2       20.04688517083
2       20.04696635417
4       20.04696637083
1       20.04696649167
2       20.04727535000
4       20.04727537083
1       20.04727549167
2       20.04732174583
2       20.04753702500
4       20.04753704583
1       20.04753716667
2       20.04757047083
2       20.04772847917
2       20.04784442917
4       20.04784445000
1       20.04784457083
2       20.04785327917
2       20.04792323750
2       20.04811166250
4       20.04811167917
1       20.04811180000
2       20.04813891667
2       20.04819152083
2       20.04832203750
4       20.04832205833
1       20.04832217500
2       20.05266177917
4       20.05266180000
1       20.05266192083
2       20.05271110833
2       20.05273562500
2       20.05277573333
2       20.05281081667
2       20.05287106250
4       20.05287108333
1       20.05287120000
2       20.05294032500
2       20.05301123333
2       20.05307082917
4       20.05307084583
1       20.05307096667
2       20.05313606250
2       20.05322678750
2       20.05346236667
4       20.05346236667
1       20.05346250417
2       20.05396013333
4       20.05396015000
1       20.05396027083
2       20.05403370833
2       20.05413605000
4       20.05413607083
1       20.05413618750
2       20.05421784167
2       20.05445931250
4       20.05445932917
1       20.05445945000
2       20.05452388333
2       20.05459241250
2       20.05466763750
4       20.05466765833
1       20.05466777917
2       20.05490710000
4       20.05490711667
1       20.05490723750
2       20.05524065417
4       20.05524067083
1       20.05524079167
2       20.05552815833
4       20.05552817917
1       20.05552830000
2       20.05559504583
2       20.05567092917
2       20.05597066250
4       20.05597067917
1       20.05597080000
2       20.05653113750
4       20.05653113750
1       20.05653127500
2       20.05657247500
2       20.05665700000
2       20.05672092500
2       20.05694052917
4       20.05694055000
1       20.05694067083
2       20.05703985833
2       20.05706513750
2       20.05706835833
2       20.05743663750
4       20.05743665833
1       20.05743677917
2       20.05774967083
4       20.05774968750
1       20.05774980833
2       20.05799150000
4       20.05799152083
1       20.05799164167
2       20.05800106667
2       20.05808949583
2       20.05825516667
4       20.05825518750
1       20.05825530833
2       20.05839989583
2       20.05897564583
4       20.05897566667
1       20.05897578333
2       20.05911906250
2       20.05944460417
4       20.05944460417
1       20.05944474167
2       20.05950787917
2       20.05971452500
4       20.05971452500
1       20.05971466250
2       20.05997312083
4       20.05997314167
1       20.05997325833
2       20.06062276250
4       20.06062278333
1       20.06062290000
2       20.06065687083
2       20.06074695833
2       20.06075624167
2       20.06082048333
4       20.06082050417
1       20.06082062500
2       20.06105068750
4       20.06105070833
1       20.06105082917
2       20.06122690417
2       20.06128853333
4       20.06128855417
1       20.06128867500
2       20.06170353333
4       20.06170355000
1       20.06170367083
2       20.06659146667
4       20.06659148750
1       20.06659160417
2       20.06722530000
4       20.06722531667
1       20.06722543750
2       20.06727409167
2       20.06745467083
4       20.06745469167
1       20.06745481250
2       20.06753375000
2       20.06783619583
4       20.06783621667
1       20.06783633333
2       20.06868776667
4       20.06868776667
1       20.06868790417
2       20.06881327500
2       20.06902169167
4       20.06902171250
1       20.06902183333
2       20.06917862917
2       20.06925250000
4       20.06925251667
1       20.06925263750
2       20.06925579583
2       20.06934922500
2       20.06942208750
2       20.06950092500
4       20.06950094583
1       20.06950106667
2       20.06985368750
4       20.06985368750
1       20.06985382500
2       20.07011270417
4       20.07011270417
1       20.07011284167
2       20.07033460417
4       20.07033460417
1       20.07033474167
2       20.07129988333
4       20.07129990417
1       20.07130002083
2       20.07239258750
4       20.07239260417
1       20.07239272500
2       20.07253821667
2       20.07454218333
4       20.07454220000
1       20.07454232083
2       20.07471482083
2       20.07475345417
4       20.07475347500
1       20.07475359583
2       20.07489292500
2       20.07509600417
4       20.07509602500
1       20.07509614583
2       20.07537054583
4       20.07537056667
1       20.07537068750
2       20.07554015417
2       20.07581113333
4       20.07581115417
1       20.07581127500
2       20.07639169167
4       20.07639171250
1       20.07639183333
2       20.07639570000
2       20.07670870000
4       20.07670872083
1       20.07670884167
2       20.07752160833
4       20.07752162500
1       20.07752174583
2       20.07756824583
2       20.07781306250
4       20.07781308333
1       20.07781320417
2       20.07796903333
2       20.07816385000
4       20.07816386667
1       20.07816398750
2       20.07834834583
2       20.08273867917
4       20.08273870000
1       20.08273882083
2       20.08300599167
4       20.08300601250
1       20.08300613333
2       20.08310564167
2       20.08336137083
4       20.08336139167
1       20.08336151250
2       20.08403306667
4       20.08403308750
1       20.08403320417
2       20.08404638333
2       20.08405274167
2       20.08437131250
4       20.08437133333
1       20.08437145417
2       20.08457930833
4       20.08457932500
1       20.08457944583
2       20.08473322500
2       20.08532522500
4       20.08532524583
1       20.08532536667
2       20.08546136667
2       20.08574619167
4       20.08574621250
1       20.08574633333
2       20.08616884167
4       20.08616886250
1       20.08616897917
2       20.08651897917
4       20.08651900000
1       20.08651912083
2       20.08657493750
2       20.08659335833
2       20.08838412500
4       20.08838412500
1       20.08838426250
2       20.08869147917
4       20.08869149583
1       20.08869161667
2       20.08907298750
4       20.08907300417
1       20.08907312500
2       20.08943408750
4       20.08943410833
1       20.08943422917
2       20.09006703333
4       20.09006705417
1       20.09006717500
2       20.09172047083
4       20.09172048750
1       20.09172060833
2       20.09181725000
2       20.09199672917
4       20.09199674583
1       20.09199686667
2       20.09280894583
4       20.09280894583
1       20.09280908333
2       20.09393277917
4       20.09393279583
1       20.09393291667
2       20.09491058333
4       20.09491060000
1       20.09491072083
2       20.09685683333
4       20.09685685417
1       20.09685697500
2       20.09887963333
4       20.09887965000
1       20.09887977083
2       20.09909098333
4       20.09909100000
1       20.09909112083
2       20.09994755000
4       20.09994756667
1       20.09994768750
2       20.10249995833
4       20.10249997917
1       20.10250010000
2       20.12264444583
4       20.12264444583
1       20.12264458333
2       20.12290540417
4       20.12290542500
1       20.12290554583
2       20.13182665000
4       20.13182666667
1       20.13182678750
2       32.82573248333
4       32.82573250000
1       32.82573262083
2       32.82783886250
4       32.82783888333
1       32.82783900417
2       32.82805508750
4       32.82805510417
1       32.82805522500
2       32.82887662500
4       32.82887662500
1       32.82887676250
2       32.82929970000
2       32.82986553333
4       32.82986555417
1       32.82986567500
2       32.83029516667
4       32.83029516667
1       32.83029530417
2       32.83877251667
4       32.83877253750
1       32.83877265833
2       32.84023220417
4       32.84023222500
1       32.84023234583
2       32.84287082083
4       32.84287084167
1       32.84287096250
2       32.84397951667
4       32.84397953750
1       32.84397965833
2       32.84611392083
4       32.84611394167
1       32.84611406250
2       32.84712881250
4       32.84712883333
1       32.84712895417
2       32.84747170417
4       32.84747172500
1       32.84747184167
2       32.84817882083
4       32.84817884167
1       32.84817895833
2       32.84872305833
4       32.84872307500
1       32.84872319583
2       32.84884782917
2       32.84912146667
4       32.84912148750
1       32.84912160833
2       32.84932020417
4       32.84932022500
1       32.84932034583
2       32.84993231667
4       32.84993233750
1       32.84993245417
2       32.85231390833
4       32.85231392917
1       32.85231405000
2       32.85293555000
4       32.85293557083
1       32.85293569167
2       32.85571264167
4       32.85571266250
1       32.85571278333
2       32.85629512500
4       32.85629512500
1       32.85629526250
2       32.85803588750
4       32.85803590417
1       32.85803602500
2       32.85838896667
4       32.85838898750
1       32.85838910833
2       32.85860847500
4       32.85860847500
1       32.85860861250
2       32.85968467500
4       32.85968467500
1       32.85968481250
2       32.85978443333
2       32.86026012500
4       32.86026012500
1       32.86026026250
2       32.86119678333
4       32.86119680417
1       32.86119692500
2       32.86257168750
4       32.86257170833
1       32.86257182917
2       32.86271347083
2       32.86328541667
4       32.86328543750
1       32.86328555833
2       32.86403045833
4       32.86403047500
1       32.86403059583
2       32.86440557083
4       32.86440559167
1       32.86440571250
2       32.86508289583
4       32.86508289583
1       32.86508303333
2       32.86560480417
4       32.86560480417
1       32.86560494167
2       32.86561536250
2       32.86609945417
4       32.86609947500
1       32.86609959167
2       32.86662959167
4       32.86662961250
1       32.86662973333
2       32.86671540833
2       32.86690939167
4       32.86690940833
1       32.86690952917
2       32.86698528333
2       32.86707309167
2       32.86725853333
4       32.86725855000
1       32.86725867083
2       32.86764414583
4       32.86764414583
1       32.86764428333
2       32.86766958333
2       32.86783659167
2       32.86802529167
4       32.86802530833
1       32.86802542917
2       32.86812470417
2       32.86828140417
4       32.86828142500
1       32.86828154583
2       32.86856860417
4       32.86856862500
1       32.86856874583
2       32.86858210833
2       32.86880212083
4       32.86880213750
1       32.86880225833
2       32.86973078333
4       32.86973080000
1       32.86973092083
2       32.86973518750
2       32.86982752917
2       32.87021945417
4       32.87021947083
1       32.87021959167
2       32.87031249167
2       32.87069869583
4       32.87069869583
1       32.87069883333
2       32.87096625000
4       32.87096627083
1       32.87096639167
2       32.87176132500
4       32.87176134583
1       32.87176146667
2       32.87207101250
4       32.87207102917
1       32.87207115000
2       32.87316566667
4       32.87316568750
1       32.87316580833
2       32.87413483333
4       32.87413485417
1       32.87413497500
2       32.87428293750
2       32.87492510000
4       32.87492511667
1       32.87492523750
2       32.87499809583
2       32.87544921667
4       32.87544923750
1       32.87544935833
2       32.87589598333
4       32.87589600000
1       32.87589612083
2       32.87596759167
2       32.87614369167
4       32.87614371250
1       32.87614383333
2       32.87626428333
2       32.87627130000
2       32.87641636250
4       32.87641638333
1       32.87641650417
2       32.87666943333
4       32.87666945000
1       32.87666957083
2       32.87669992917
2       32.87670854583
2       32.87672968333
2       32.87706667917
4       32.87706669583
1       32.87706681667
2       32.87709676667
2       32.87715766667
2       32.87731227500
4       32.87731229583
1       32.87731241667
2       32.87762505000
4       32.87762507083
1       32.87762519167
2       32.87788570833
4       32.87788572500
1       32.87788584583
2       32.87789628333
2       32.87794861667
2       32.87828073333
4       32.87828075417
1       32.87828087500
2       32.87830428333
2       32.87838019583
2       32.87853822917
4       32.87853825000
1       32.87853836667
2       32.87858791250
2       32.87877307083
4       32.87877309167
1       32.87877321250
2       32.87920767083
4       32.87920769167
1       32.87920781250
2       32.87961241250
4       32.87961242917
1       32.87961255000
2       32.87962758750
2       32.87985257917
4       32.87985260000
1       32.87985272083
2       32.88007275000
4       32.88007276667
1       32.88007288750
2       32.88009005417
2       32.88020494167
2       32.88025593750
2       32.88028676667
4       32.88028678750
1       32.88028690833
2       32.88032680000
2       32.88036622083
2       32.88044333333
2       32.88055743333
4       32.88055745000
1       32.88055757083
2       32.88062132917
2       32.88075682500
2       32.88077240833
4       32.88077242917
1       32.88077255000
2       32.88089523333
2       32.88126093333
4       32.88126095000
1       32.88126107083
2       32.88148019167
4       32.88148020833
1       32.88148032917
2       32.88149445000
2       32.88156628333
2       32.88211784583
4       32.88211786667
1       32.88211798750
2       32.88221850833
2       32.88224131250
2       32.88258880000
4       32.88258881667
1       32.88258893750
2       32.88272360000
2       32.88282427917
4       32.88282430000
1       32.88282442083
2       32.88313965833
4       32.88313967917
1       32.88313980000
2       32.88348870833
4       32.88348872917
1       32.88348884583
2       32.88370605417
4       32.88370607500
1       32.88370619167
2       32.88377225417
2       32.88383679583
2       32.88397061667
4       32.88397061667
1       32.88397075417
2       32.88412430833
2       32.88412665833
2       32.88439000833
4       32.88439002500
1       32.88439014583
2       32.88441223750
2       32.88446813333
2       32.88450665000
2       32.88470969583
4       32.88470969583
1       32.88470983333
2       32.88496635417
4       32.88496637500
1       32.88496649583
2       32.88498490833
2       32.88518430417
4       32.88518432500
1       32.88518444583
2       32.88535622500
2       32.88538536250
4       32.88538537917
1       32.88538550000
2       32.88567179583
4       32.88567181667
1       32.88567193750
2       32.88573114167
2       32.88610548333
4       32.88610550417
1       32.88610562083
2       32.88616573750
2       32.88618587917
2       32.88629195833
4       32.88629197500
1       32.88629209583
2       32.88653507500
4       32.88653509583
1       32.88653521667
2       32.88657805000
2       32.88664568750
2       32.88688945417
4       32.88688947083
1       32.88688959167
2       32.88693440417
2       32.88707957500
2       32.88715805833
4       32.88715807917
1       32.88715820000
2       32.88723259167
2       32.88748000000
4       32.88748001667
1       32.88748013750
2       32.88775027500
4       32.88775027500
1       32.88775041250
2       32.88795600417
2       32.88803392500
4       32.88803394583
1       32.88803406667
2       32.88812627083
2       32.88836210833
4       32.88836212917
1       32.88836224583
2       32.88849127917
2       32.88851840000
2       32.88853170417
2       32.88868204167
4       32.88868205833
1       32.88868217917
2       32.88880520833
2       32.88893775417
4       32.88893777500
1       32.88893789583
2       32.88903880417
2       32.88914948750
4       32.88914950833
1       32.88914962917
2       32.88916401667
2       32.88917456667
2       32.88917657500
2       32.88934251667
4       32.88934253750
1       32.88934265833
2       32.88937465000
2       32.88956946250
4       32.88956947917
1       32.88956960000
2       32.88962140000
2       32.88974003333
2       32.88994003750
4       32.88994005833
1       32.88994017917
2       32.88994340000
2       32.89009272083
2       32.89024450833
4       32.89024452917
1       32.89024465000
2       32.89025703750
2       32.89034919583
2       32.89053730417
4       32.89053730417
1       32.89053744167
2       32.89055445417
2       32.89061912917
2       32.89063170417
2       32.89079755833
4       32.89079757500
1       32.89079769583
2       32.89086714167
2       32.89099340417
4       32.89099349167
1       32.89099360833
2       32.89109566667
2       32.89113544167
2       32.89118145417
4       32.89118147500
1       32.89118159583
2       32.89128050417
2       32.89137853333
4       32.89137855000
1       32.89137867083
2       32.89139377083
2       32.89143515417
2       32.89147565000
2       32.89147726250
2       32.89150872500
2       32.89157990000
4       32.89157991667
1       32.89158003750
2       32.89168058333
2       32.89170742500
2       32.89176905000
2       32.89188237083
4       32.89188238750
1       32.89188250833
2       32.89197838333
2       32.89208341667
4       32.89208341667
1       32.89208355417
2       32.89240994583
4       32.89240994583
1       32.89241008333
2       32.89241927083
2       32.89251043750
2       32.89271940833
4       32.89271942917
1       32.89271955000
2       32.89283424583
2       32.89298537083
4       32.89298539167
1       32.89298551250
2       32.89299361667
2       32.89304273333
2       32.89312810833
2       32.89314735833
2       32.89319902083
4       32.89319904167
1       32.89319916250
2       32.89320327917
2       32.89321231250
2       32.89321826667
2       32.89323812917
2       32.89327880417
2       32.89330200833
2       32.89335072083
2       32.89339010000
4       32.89339011667
1       32.89339023750
2       32.89354312083
2       32.89365245417
4       32.89365245417
1       32.89365259167
2       32.89372367083
2       32.89372675000
2       32.89380511667
2       32.89399825417
4       32.89399827500
1       32.89399839167
2       32.89427821250
4       32.89427823333
1       32.89427835000
2       32.89429309583
2       32.89435904167
2       32.89436100833
2       32.89446586667
4       32.89446588750
1       32.89446600833
2       32.89446627500
2       32.89466732083
4       32.89466733750
1       32.89466745833
2       32.89471139583
2       32.89474088750
2       32.89476637917
2       32.89476777500
2       32.89490059167
4       32.89490061250
1       32.89490072917
2       32.89499100417
2       32.89508460417
2       32.89512840833
4       32.89512842917
1       32.89512854583
2       32.89515928333
2       32.89520030000
2       32.89525694167
2       32.89528544167
2       32.89530529583
2       32.89531963333
2       32.89536987917
4       32.89536989583
1       32.89537001667
2       32.89542020833
2       32.89548510000
2       32.89556730417
4       32.89556730417
1       32.89556744167
2       32.89556899167
2       32.89559084583
2       32.89566167083
2       32.89568362917
2       32.89569675833
2       32.89575247500
2       32.89579782500
4       32.89579784583
1       32.89579796250
2       32.89587272917
2       32.89589852500
2       32.89609300417
4       32.89609302083
1       32.89609314167
2       32.89621514583
2       32.89622775417
2       32.89633040417
4       32.89633040417
1       32.89633054167
2       32.89633179583
2       32.89638940417
2       32.89644008333
2       32.89645801667
2       32.89660732917
4       32.89660735000
1       32.89660747083
2       32.89664740000
2       32.89668947500
2       32.89675243333
2       32.89687273750
4       32.89687275833
1       32.89687287917
2       32.89689449583
2       32.89690387917
2       32.89690510000
2       32.89695744583
2       32.89699554167
2       32.89703725417
2       32.89708326667
4       32.89708328750
1       32.89708340833
2       32.89713371667
2       32.89726810833
4       32.89726812917
1       32.89726825000
2       32.89736177083
2       32.89743141250
2       32.89745856250
4       32.89745858333
1       32.89745870000
2       32.89749635417
2       32.89779015000
4       32.89779017083
1       32.89779029167
2       32.89781007083
2       32.89781099583
2       32.89785651250
2       32.89796200833
2       32.89797498750
4       32.89797498750
1       32.89797512500
2       32.89801180417
2       32.89801543333
2       32.89805675833
2       32.89807741667
2       32.89809850417
2       32.89812973750
2       32.89821614583
4       32.89821614583
1       32.89821628333
2       32.89825327917
2       32.89826408333
2       32.89830785833
2       32.89833964583
2       32.89836086667
2       32.89837308750
2       32.89837579583
2       32.89848008750
4       32.89848010417
1       32.89848022500
2       32.89868776667
4       32.89868778750
1       32.89868790833
2       32.89876530000
2       32.89877352917
2       32.89923288333
4       32.89923290417
1       32.89923302083
2       32.89939262917
2       32.89946222083
4       32.89946223750
1       32.89946235833
2       32.89947247083
2       32.89960625417
2       32.89972187917
4       32.89972190000
1       32.89972202083
2       32.89977187083
2       32.89977591250
2       32.89984681667
2       32.89990637917
4       32.89990640000
1       32.89990652083
2       32.89996745000
2       32.90013230417
4       32.90013232500
1       32.90013244167
2       32.90013883750
2       32.90025252083
2       32.90031504167
4       32.90031506250
1       32.90031517917
2       32.90034458750
2       32.90041840417
2       32.90048640417
2       32.90053332500
4       32.90053334583
1       32.90053346667
2       32.90055423750
2       32.90075402083
4       32.90075403750
1       32.90075415833
2       32.90085399583
2       32.90105807917
4       32.90105810000
1       32.90105822083
2       32.90109943750
2       32.90111040417
2       32.90123160833
4       32.90123162917
1       32.90123175000
2       32.90125487917
2       32.90156059583
4       32.90156061667
1       32.90156073333
2       32.90160292917
2       32.90166775000
2       32.90195136667
4       32.90195138750
1       32.90195150833
2       32.90199345833
2       32.90203853750
2       32.90208560000
2       32.90214846250
4       32.90214848333
1       32.90214860417
2       32.90245452083
4       32.90245454167
1       32.90245466250
2       32.90245883750
2       32.90270332917
4       32.90270335000
1       32.90270346667
2       32.90273805417
2       32.90273970833
2       32.90276484167
2       32.90281714583
2       32.90284444583
2       32.90284664167
2       32.90285297083
2       32.90300073750
4       32.90300075417
1       32.90300087500
2       32.90302093333
2       32.90311598750
2       32.90311927917
2       32.90315936667
2       32.90316332083
2       32.90320936667
4       32.90320938750
1       32.90320950833
2       32.90322230833
2       32.90327100833
2       32.90328430000
2       32.90329944583
2       32.90334394167
2       32.90337866667
2       32.90339222917
4       32.90339224583
1       32.90339236667
2       32.90351119167
2       32.90370455417
4       32.90370457500
1       32.90370469583
2       32.90380324583
2       32.90380596667
2       32.90389732083
4       32.90389733750
1       32.90389745833
2       32.90390292500
2       32.90395592917
2       32.90403612917
2       32.90406526250
2       32.90409380417
4       32.90409382500
1       32.90409394583
2       32.90412613750
2       32.90420965417
2       32.90421199583
2       32.90421397083
2       32.90435242917
4       32.90435245000
1       32.90435256667
2       32.90436338333
2       32.90437764167
2       32.90452865417
2       32.90472679167
4       32.90472681250
1       32.90472692917
2       32.90474892083
2       32.90484961250
2       32.90494074583
4       32.90494074583
1       32.90494088333
2       32.90495695417
2       32.90519845417
4       32.90519847500
1       32.90519859583
2       32.90520202500
2       32.90520398750
2       32.90521965417
2       32.90529022917
2       32.90530044583
2       32.90531801250
2       32.90532154583
2       32.90532791667
2       32.90534715417
2       32.90536802083
4       32.90536803750
1       32.90536815833
2       32.90536938750
2       32.90543678750
2       32.90546871250
2       32.90555609167
4       32.90555611250
1       32.90555623333
2       32.90555681250
2       32.90560517500
2       32.90564724583
2       32.90574917500
4       32.90574917500
1       32.90574931250
2       32.90577672917
2       32.90593009583
2       32.90594206667
4       32.90594206667
1       32.90594220417
2       32.90595492083
2       32.90598637083
2       32.90602483750
2       32.90615862083
4       32.90615864167
1       32.90615875833
2       32.90616459583
2       32.90628055417
2       32.90630733333
2       32.90644289583
4       32.90644291667
1       32.90644303750
2       32.90656503333
2       32.90667237500
4       32.90667237500
1       32.90667251250
2       32.90667629583
2       32.90671805417
2       32.90676839583
2       32.90679467500
2       32.90681445000
2       32.90686712083
4       32.90686714167
1       32.90686726250
2       32.90687539167
2       32.90702014583
2       32.90705393750
2       32.90706887917
2       32.90719204583
4       32.90719206667
1       32.90719218750
2       32.90723051667
2       32.90726827917
2       32.90738982500
4       32.90738984583
1       32.90738996250
2       32.90754483750
2       32.90758224167
4       32.90758226250
1       32.90758238333
2       32.90785518333
4       32.90785520417
1       32.90785532500
2       32.90790320000
2       32.90799301667
2       32.90810796250
4       32.90810798333
1       32.90810810417
2       32.90812387083
2       32.90816321667
2       32.90829347083
2       32.90829676667
2       32.90832323333
4       32.90832325417
1       32.90832337500
2       32.90841296250
2       32.90846070000
2       32.90848821667
2       32.90850246667
2       32.90858558333
4       32.90858560000
1       32.90858572083
2       32.90860875833
2       32.90862461250
2       32.90863262083
2       32.90874252917
2       32.90893962917
4       32.90893964583
1       32.90893976667
2       32.90895186667
2       32.90906521250
2       32.90922515000
4       32.90922516667
1       32.90922528750
2       32.90924310417
2       32.90929761250
2       32.90930430000
2       32.90942654583
4       32.90942654583
1       32.90942668333
2       32.90950370417
2       32.90956423333
2       32.90962329167
4       32.90962330833
1       32.90962342917
2       32.90964612917
2       32.90965475000
2       32.90972072083
2       32.90975515417
2       32.90978852917
4       32.90978855000
1       32.90978866667
2       32.90982739167
2       32.90986444167
2       32.90988922500
2       32.90989353750
2       32.90990119583
2       32.90991440417
2       32.91003827917
4       32.91003829583
1       32.91003841667
2       32.91004457500
2       32.91010950000
2       32.91011122917
2       32.91017675417
2       32.91020426667
2       32.91032580417
4       32.91032580417
1       32.91032594167
2       32.91043045833
2       32.91045737500
2       32.91053511250
4       32.91053512917
1       32.91053525000
2       32.91064210417
2       32.91072660417
4       32.91072660417
1       32.91072674167
2       32.91075772500
2       32.91078325000
2       32.91080806667
2       32.91082195000
2       32.91085912917
2       32.91086738333
2       32.91086866667
2       32.91098817500
4       32.91098817500
1       32.91098831250
2       32.91104428333
2       32.91106609583
2       32.91119799167
4       32.91119800833
1       32.91119812917
2       32.91122736250
2       32.91126946667
2       32.91128673750
2       32.91131348750
2       32.91133637083
2       32.91135992083
2       32.91142817917
4       32.91142820000
1       32.91142831667
2       32.91145162917
2       32.91154405833
2       32.91154807917
2       32.91158750417
2       32.91162154583
4       32.91162156667
1       32.91162168333
2       32.91192364583
4       32.91192364583
1       32.91192378333
2       32.91202071667
2       32.91203692083
2       32.91204464583
2       32.91211674583
4       32.91211676667
1       32.91211688750
2       32.91211813750
2       32.91213836250
2       32.91214462083
2       32.91214857500
2       32.91222140833
2       32.91242920417
4       32.91242920417
1       32.91242934167
2       32.91256461667
2       32.91262420000
4       32.91262421667
1       32.91262433750
2       32.91262888750
2       32.91276203333
2       32.91281497083
4       32.91281499167
1       32.91281511250
2       32.91285902083
2       32.91290108750
2       32.91291013750
2       32.91314033333
4       32.91314035417
1       32.91314047500
2       32.91324067917
2       32.91365664583
4       32.91365664583
1       32.91365678333
2       32.91366656250
2       32.91368542083
2       32.91370066667
2       32.91374406667
2       32.91374745417
2       32.91385533333
2       32.91391205000
4       32.91391207083
1       32.91391218750
2       32.91408387917
2       32.91410692500
2       32.91440685000
4       32.91440686667
1       32.91440698750
2       32.91444692917
2       32.91456955000
2       32.91461292083
2       32.91462277917
2       32.91473642917
4       32.91473644583
1       32.91473656667
2       32.91474237500
2       32.91474869583
2       32.91476126667
2       32.91495079583
4       32.91495079583
1       32.91495093333
2       32.91497525000
2       32.91509121250
2       32.91513454167
2       32.91517605417
4       32.91517605417
1       32.91517619167
2       32.91528359167
2       32.91528991667
2       32.91535060417
2       32.91552640833
4       32.91552642500
1       32.91552654583
2       32.91557977083
2       32.91562112083
2       32.91565260833
2       32.91567220000
2       32.91573406667
2       32.91575563333
4       32.91575565417
1       32.91575577083
2       32.91587525833
2       32.91592787500
2       32.91592862083
2       32.91601127917
4       32.91601129583
1       32.91601141667
2       32.91602955000
2       32.91615610833
2       32.91622702917
4       32.91622705000
1       32.91622716667
2       32.91629055833
2       32.91630153333
2       32.91630917083
2       32.91634895833
2       32.91639126250
2       32.91643530000
4       32.91643532083
1       32.91643544167
2       32.91643727083
2       32.91651317500
2       32.91687625000
4       32.91687627083
1       32.91687639167
2       32.91693843333
2       32.91696559167
2       32.91700766250
2       32.91707090417
4       32.91707090417
1       32.91707104167
2       32.91707491250
2       32.91713225000
2       32.91713981667
2       32.91720310417
2       32.91720476667
2       32.91742896667
4       32.91742896667
1       32.91742910417
2       32.91751081250
2       32.91751380833
2       32.91759481667
2       32.91765856250
4       32.91765857917
1       32.91765870000
2       32.91767635833
2       32.91777695000
2       32.91802275833
4       32.91802277500
1       32.91802289583
2       32.91817978333
2       32.91818492500
2       32.91830178333
4       32.91830180000
1       32.91830192083
2       32.91832461250
2       32.91837141667
2       32.91846576250
2       32.91866481250
4       32.91866483333
1       32.91866495417
2       32.91867670833
2       32.91868965417
2       32.91870616250
2       32.91885326667
4       32.91885328750
1       32.91885340833
2       32.91890990833
2       32.91892878333
2       32.91894165417
2       32.91895398750
2       32.91895534167
2       32.91897870417
2       32.91927294167
4       32.91927295833
1       32.91927307917
2       32.91928285417
2       32.91930245000
2       32.91935013333
2       32.91939019167
2       32.91939882500
2       32.91944245000
2       32.91945881667
4       32.91945881667
1       32.91945895417
2       32.91952701667
2       32.91965054167
4       32.91965056250
1       32.91965068333
2       32.91978866667
2       32.91982875833
4       32.91982877917
1       32.91982890000
2       32.91985785000
2       32.92008011667
4       32.92008013750
1       32.92008025833
2       32.92024515833
2       32.92027093750
4       32.92027095417
1       32.92027107500
2       32.92041960000
2       32.92057894167
4       32.92057896250
1       32.92057908333
2       32.92068500417
2       32.92083299583
4       32.92083301667
1       32.92083313750
2       32.92085458333
2       32.92092975000
2       32.92094430833
2       32.92095457083
2       32.92096122500
2       32.92097771667
2       32.92102377500
4       32.92102379583
1       32.92102391250
2       32.92117287083
2       32.92123974583
4       32.92123974583
1       32.92123988333
2       32.92132589167
2       32.92145846667
4       32.92145846667
1       32.92145860417
2       32.92156008750
2       32.92163820833
4       32.92163822500
1       32.92163834583
2       32.92176908750
2       32.92187305417
4       32.92187307500
1       32.92187319583
2       32.92191316250
2       32.92199065417
2       32.92209039167
4       32.92209040833
1       32.92209052917
2       32.92233155417
4       32.92233157500
1       32.92233169167
2       32.92237449167
2       32.92252125417
4       32.92252125417
1       32.92252139167
2       32.92262627917
2       32.92267861667
2       32.92268254167
2       32.92269291667
2       32.92278759583
4       32.92278759583
1       32.92278773333
2       32.92279860000
2       32.92281105000
2       32.92288104583
2       32.92290715417
2       32.92294059583
2       32.92295923333
2       32.92302708333
4       32.92302710417
1       32.92302722500
2       32.92310656250
2       32.92320329167
4       32.92320330833
1       32.92320342917
2       32.92322182917
2       32.92346097917
4       32.92346100000
1       32.92346112083
2       32.92349043750
2       32.92357192500
2       32.92366041250
4       32.92366042917
1       32.92366055000
2       32.92378822083
2       32.92383463333
4       32.92383465000
1       32.92383477083
2       32.92396678333
2       32.92400290417
2       32.92410885833
4       32.92410887917
1       32.92410900000
2       32.92417807500
2       32.92432816667
4       32.92432816667
1       32.92432830417
2       32.92436722083
2       32.92437550417
2       32.92441759167
2       32.92444050833
2       32.92446028333
2       32.92450637500
4       32.92450639583
1       32.92450651667
2       32.92452062083
2       32.92469217500
4       32.92469217500
1       32.92469231250
2       32.92472129583
2       32.92473388333
2       32.92479680000
2       32.92486604167
2       32.92487427083
2       32.92489945000
4       32.92489947083
1       32.92489959167
2       32.92493766667
2       32.92508701667
4       32.92508701667
1       32.92508715417
2       32.92509296667
2       32.92516720417
2       32.92519331667
2       32.92521522083
2       32.92523606250
2       32.92532741667
4       32.92532741667
1       32.92532755417
2       32.92550935000
4       32.92550937083
1       32.92550949167
2       32.92558778750
2       32.92562125417
2       32.92563620000
2       32.92573290833
4       32.92573292500
1       32.92573304583
2       32.92583790833
2       32.92587892083
2       32.92598227917
4       32.92598229583
1       32.92598241667
2       32.92603137500
2       32.92605316250
2       32.92606375000
2       32.92616214167
4       32.92616215833
1       32.92616227917
2       32.92622737500
2       32.92628567083
2       32.92630492083
2       32.92630527083
2       32.92634069583
2       32.92638437500
4       32.92638439583
1       32.92638451667
2       32.92642049583
2       32.92642328750
2       32.92648976250
2       32.92656491667
4       32.92656491667
1       32.92656505417
2       32.92658179583
2       32.92669906250
2       32.92670728750
2       32.92699483750
4       32.92699485833
1       32.92699497917
2       32.92719820833
4       32.92719822500
1       32.92719834583
2       32.92724565000
2       32.92726220000
2       32.92726490000
2       32.92733236250
2       32.92743935000
4       32.92743937083
1       32.92743949167
2       32.92745768750
2       32.92746096250
2       32.92751719583
2       32.92761195417
4       32.92761197500
1       32.92761209583
2       32.92765339583
2       32.92782161667
4       32.92782161667
1       32.92782175417
2       32.92784410417
2       32.92784877500
2       32.92789513750
2       32.92793456250
2       32.92800212500
4       32.92800214583
1       32.92800226667
2       32.92804188333
2       32.92815587083
2       32.92858374583
4       32.92858374583
1       32.92858388333
2       32.92887802917
4       32.92887804583
1       32.92887816667
2       32.92900314583
2       32.92930182917
4       32.92930185000
1       32.92930197083
2       32.92932270000
2       32.92935194583
2       32.92941316250
2       32.92945325417
2       32.92952642917
4       32.92952645000
1       32.92952657083
2       32.92959763750
2       32.92965822500
2       32.92967282917
2       32.92978444583
4       32.92978444583
1       32.92978458333
2       32.92994376250
2       32.93000870000
4       32.93000872083
1       32.93000884167
2       32.93023512083
4       32.93023514167
1       32.93023525833
2       32.93038535417
2       32.93040745417
2       32.93041216250
2       32.93045943333
4       32.93045945417
1       32.93045957500
2       32.93055657917
2       32.93078870000
4       32.93078871667
1       32.93078883750
2       32.93078907500
2       32.93081657083
2       32.93081821250
2       32.93102863750
4       32.93102865833
1       32.93102877917
2       32.93106634583
2       32.93129227917
4       32.93129229583
1       32.93129241667
2       32.93135316250
2       32.93137167917
2       32.93141641667
2       32.93142832083
2       32.93149750417
4       32.93149750417
1       32.93149764167
2       32.93154066250
2       32.93157445417
2       32.93158371667
2       32.93172213333
4       32.93172215417
1       32.93172227500
2       32.93179760833
2       32.93192981667
4       32.93192981667
1       32.93192995417
2       32.93195802500
2       32.93217328750
4       32.93217330417
1       32.93217342500
2       32.93220440000
2       32.93227162083
2       32.93243524167
4       32.93243525833
1       32.93243537917
2       32.93247077500
2       32.93253434583
2       32.93255027500
2       32.93272043750
4       32.93272045833
1       32.93272057917
2       32.93279463750
2       32.93282917083
2       32.93284825833
2       32.93287780000
2       32.93290689167
2       32.93292576250
4       32.93292578333
1       32.93292590417
2       32.93301297917
2       32.93306926250
2       32.93312087500
4       32.93312089583
1       32.93312101667
2       32.93320305417
2       32.93330540000
2       32.93334980000
4       32.93334981667
1       32.93334993750
2       32.93348190000
2       32.93352540000
4       32.93352545833
1       32.93352557917
2       32.93353858750
2       32.93356843750
2       32.93361841667
2       32.93368834583
2       32.93380034167
4       32.93380035833
1       32.93380047917
2       32.93381515000
2       32.93388042917
2       32.93388438333
2       32.93406885417
4       32.93406887500
1       32.93406899583
2       32.93408577083
2       32.93415473750
2       32.93429605833
4       32.93429607917
1       32.93429620000
2       32.93439608750
2       32.93440813333
2       32.93441067500
2       32.93470914167
4       32.93470916250
1       32.93470928333
2       32.93483468750
2       32.93485857083
2       32.93501693333
4       32.93501695000
1       32.93501707083
2       32.93503176250
2       32.93517287500
2       32.93541960833
4       32.93541962917
1       32.93541975000
2       32.93547101250
2       32.93551012917
2       32.93559381667
2       32.93562100000
4       32.93562101667
1       32.93562113750
2       32.93562533750
2       32.93576087500
2       32.93577835000
2       32.93585525833
4       32.93585527500
1       32.93585539583
2       32.93586842083
2       32.93594339167
2       32.93617285417
4       32.93617287500
1       32.93617299167
2       32.93632391250
2       32.93660813333
4       32.93660815417
1       32.93660827500
2       32.93664447083
2       32.93665512917
2       32.93673494167
2       32.93677231250
2       32.93680919167
4       32.93680920833
1       32.93680932917
2       32.93681251250
2       32.93686512083
2       32.93696183333
2       32.93699690833
4       32.93699692500
1       32.93699704583
2       32.93716515417
2       32.93724703750
4       32.93724705833
1       32.93724717917
2       32.93739611667
2       32.93751099167
4       32.93751100833
1       32.93751112917
2       32.93753685417
2       32.93757534583
2       32.93761372500
2       32.93762231667
2       32.93762663333
2       32.93785877500
4       32.93785879583
1       32.93785891667
2       32.93791147500
2       32.93794095000
2       32.93816950417
4       32.93816950417
1       32.93816964167
2       32.93824502917
2       32.93830995417
2       32.93831389583
2       32.93831459167
2       32.93836457917
2       32.93836853333
2       32.93838580833
4       32.93838582917
1       32.93838595000
2       32.93841657917
2       32.93842519583
2       32.93848423333
2       32.93874022083
4       32.93874024167
1       32.93874036250
2       32.93875711667
2       32.93891713333
2       32.93903834167
4       32.93903836250
1       32.93903848333
2       32.93905022500
2       32.93907305833
2       32.93912212083
2       32.93913832917
2       32.93915488333
2       32.93926297083
4       32.93926298750
1       32.93926310833
2       32.93926420000
2       32.93933540417
2       32.93947921250
4       32.93947923333
1       32.93947935417
2       32.93959539583
2       32.93960802917
2       32.93969815417
4       32.93969817500
1       32.93969829583
2       32.93981964167
2       32.93985544167
2       32.93994918333
4       32.93994920000
1       32.93994932083
2       32.93996637500
2       32.94006085000
2       32.94008596250
2       32.94010717500
2       32.94013502500
4       32.94013502500
1       32.94013516250
2       32.94055598750
4       32.94055600833
1       32.94055612500
2       32.94061297083
2       32.94067949583
2       32.94071134583
2       32.94071567500
2       32.94103924583
4       32.94103924583
1       32.94103938333
2       32.94107971250
2       32.94140430000
4       32.94140432083
1       32.94140443750
2       32.94145065417
2       32.94148969167
2       32.94150895833
2       32.94151659167
2       32.94154473750
2       32.94175343333
4       32.94175345000
1       32.94175357083
2       32.94185435833
2       32.94193450417
4       32.94193452500
1       32.94193464583
2       32.94196503333
2       32.94223557083
4       32.94223559167
1       32.94223571250
2       32.94239829583
2       32.94265372500
4       32.94265372500
1       32.94265386250
2       32.94267917917
2       32.94273512500
2       32.94274606667
2       32.94295728750
4       32.94295730833
1       32.94295742917
2       32.94298643333
2       32.94304584167
2       32.94304855417
2       32.94314754167
2       32.94336607500
4       32.94336607500
1       32.94336621250
2       32.94341784167
2       32.94342305000
2       32.94357179583
2       32.94364094167
4       32.94364096250
1       32.94364108333
2       32.94365985417
2       32.94379205833
2       32.94380499583
2       32.94409413750
4       32.94409415833
1       32.94409427917
2       32.94413387500
2       32.94435880417
4       32.94435882500
1       32.94435894167
2       32.94441582500
2       32.94446746250
2       32.94461821250
4       32.94461822917
1       32.94461835000
2       32.94475924583
2       32.94480769583
2       32.94526238333
4       32.94526240417
1       32.94526252500
2       32.94536934167
2       32.94549434583
4       32.94549434583
1       32.94549448333
2       32.94555584167
2       32.94564466667
2       32.94592947917
4       32.94592950000
1       32.94592962083
2       32.94593975000
2       32.94594213750
2       32.94594349167
2       32.94608295000
2       32.94616000833
4       32.94616002500
1       32.94616014583
2       32.94617795833
2       32.94618087500
2       32.94618557917
2       32.94622630417
2       32.94628990833
2       32.94646210833
4       32.94646212500
1       32.94646224583
2       32.94646244583
2       32.94658203333
2       32.94661908750
2       32.94664492917
2       32.94671149583
4       32.94671149583
1       32.94671163333
2       32.94680195000
2       32.94688843333
2       32.94691397083
4       32.94691399167
1       32.94691410833
2       32.94699902917
2       32.94701159583
2       32.94716170833
4       32.94716172917
1       32.94716185000
2       32.94721066667
2       32.94734947917
4       32.94734949583
1       32.94734961667
2       32.94738687500
2       32.94753305417
2       32.94755417083
4       32.94755419167
1       32.94755430833
2       32.94755677917
2       32.94759221250
2       32.94771018333
2       32.94771182917
2       32.94772646667
2       32.94773696250
4       32.94773697917
1       32.94773710000
2       32.94777544167
2       32.94779172083
2       32.94797412500
4       32.94797412500
1       32.94797426250
2       32.94798241667
2       32.94799907917
2       32.94804173333
2       32.94815105000
2       32.94818588333
4       32.94818590417
1       32.94818602500
2       32.94828685000
2       32.94839621250
4       32.94839622917
1       32.94839635000
2       32.94840044167
2       32.94842967500
2       32.94843267083
2       32.94845219583
2       32.94865148750
4       32.94865150417
1       32.94865162500
2       32.94892014167
4       32.94892016250
1       32.94892028333
2       32.94896851667
2       32.94900056250
2       32.94901652500
2       32.94912386250
4       32.94912388333
1       32.94912400417
2       32.94916135833
2       32.94919540833
2       32.94945273333
4       32.94945275000
1       32.94945287083
2       32.94945941667
2       32.94951297500
2       32.94973501667
4       32.94973503750
1       32.94973515833
2       32.94974656667
2       32.94982800417
2       32.94988466667
2       32.94995820417
4       32.94995820417
1       32.94995834167
2       32.95023512917
4       32.95023514583
1       32.95023526667
2       32.95035468750
2       32.95058125417
4       32.95058125417
1       32.95058139167
2       32.95077240000
4       32.95077242083
1       32.95077253750
2       32.95096050833
4       32.95096052917
1       32.95096064583
2       32.95097616250
2       32.95099025000
2       32.95110598750
2       32.95122722500
4       32.95122724583
1       32.95122736250
2       32.95151007500
4       32.95151007500
1       32.95151021250
2       32.95152097083
2       32.95154445417
2       32.95161303750
2       32.95161502083
2       32.95164646250
2       32.95165905833
2       32.95181045000
4       32.95181046667
1       32.95181058750
2       32.95199261250
2       32.95214761250
4       32.95214762917
1       32.95214775000
2       32.95225027500
2       32.95237522083
2       32.95239640833
4       32.95239642917
1       32.95239655000
2       32.95241225833
2       32.95245147500
2       32.95250935417
2       32.95251368333
2       32.95251657917
2       32.95260271667
4       32.95260273750
1       32.95260285833
2       32.95260502083
2       32.95260901250
2       32.95264712500
2       32.95274347083
2       32.95280882500
4       32.95280884583
1       32.95280896667
2       32.95300358750
4       32.95300360417
1       32.95300372500
2       32.95316223750
2       32.95325089583
4       32.95325091667
1       32.95325103750
2       32.95329286250
2       32.95340665417
2       32.95345397500
2       32.95354672917
4       32.95354675000
1       32.95354687083
2       32.95358387500
2       32.95359510833
2       32.95362652083
2       32.95384192917
4       32.95384194583
1       32.95384206667
2       32.95403433750
4       32.95403435833
1       32.95403447917
2       32.95410392500
2       32.95421186250
2       32.95429757917
4       32.95429760000
1       32.95429772083
2       32.95430784167
2       32.95430890833
2       32.95436883333
2       32.95445135417
2       32.95446753750
2       32.95446883333
2       32.95447161667
4       32.95447163750
1       32.95447175833
2       32.95450095417
2       32.95466065833
4       32.95466067917
1       32.95466080000
2       32.95488255833
4       32.95488257917
1       32.95488270000
2       32.95490211250
2       32.95491004583
2       32.95495676250
2       32.95498920000
2       32.95499780417
2       32.95517015417
4       32.95517017500
1       32.95517029583
2       32.95557283333
4       32.95557285417
1       32.95557297500
2       32.95559838333
2       32.95565468333
2       32.95570043750
2       32.95578683333
4       32.95578685000
1       32.95578697083
2       32.95580012500
2       32.95590045000
2       32.95594491250
2       32.95596702083
2       32.95604681667
4       32.95604681667
1       32.95604695417
2       32.95604917500
2       32.95628365833
4       32.95628367917
1       32.95628380000
2       32.95635285833
2       32.95648245000
4       32.95648246667
1       32.95648258750
2       32.95650891667
2       32.95660659583
2       32.95670136667
4       32.95670136667
1       32.95670150417
2       32.95684147083
2       32.95694839583
4       32.95694839583
1       32.95694853333
2       32.95699482083
2       32.95703689167
2       32.95705613333
2       32.95715809167
4       32.95715811250
1       32.95715822917
2       32.95716975000
2       32.95729652500
2       32.95762879583
4       32.95762879583
1       32.95762893333
2       32.95767251250
2       32.95767392083
2       32.95769805833
2       32.95777913750
2       32.95791467083
4       32.95791468750
1       32.95791480833
2       32.95791564167
2       32.95799020000
2       32.95816512500
4       32.95816514583
1       32.95816526250
2       32.95836843333
4       32.95836845000
1       32.95836857083
2       32.95863080417
4       32.95863080417
1       32.95863094167
2       32.95867478333
2       32.95878448333
2       32.95878577500
2       32.95886360000
4       32.95886362083
1       32.95886374167
2       32.95897167500
2       32.95898276667
2       32.95898517083
2       32.95939853750
4       32.95939853750
1       32.95939867500
2       32.95943107083
2       32.95943595833
2       32.95945690417
2       32.95959133333
4       32.95959135000
1       32.95959147083
2       32.95962043750
2       32.95965761250
2       32.95989141667
4       32.95989143750
1       32.95989155417
2       32.95995171250
2       32.96016163333
4       32.96016165417
1       32.96016177500
2       32.96025176667
2       32.96027460417
2       32.96032968750
2       32.96034214167
4       32.96034216250
1       32.96034228333
2       32.96035049167
2       32.96035513750
2       32.96041775417
2       32.96047599583
2       32.96053300417
4       32.96053300417
1       32.96053314167
2       32.96053498750
2       32.96061049583
2       32.96070295833
2       32.96071756667
4       32.96071758750
1       32.96071770833
2       32.96084702500
2       32.96085990833
2       32.96090591667
4       32.96090593750
1       32.96090605833
2       32.96099832500
2       32.96105104583
2       32.96109115000
4       32.96109117083
1       32.96109129167
2       32.96109741667
2       32.96122258750
2       32.96122922500
2       32.96125637917
2       32.96130708750
4       32.96130710417
1       32.96130722500
2       32.96148528333
4       32.96148530417
1       32.96148542500
2       32.96183080833
4       32.96183082500
1       32.96183094583
2       32.96185332917
2       32.96204010000
4       32.96204012083
1       32.96204024167
2       32.96206230000
2       32.96212563333
2       32.96228618750
4       32.96228620833
1       32.96228632500
2       32.96230701250
2       32.96248953750
4       32.96248955417
1       32.96248967500
2       32.96256844167
2       32.96276283750
4       32.96276285833
1       32.96276297917
2       32.96291318333
2       32.96301810833
4       32.96301812917
1       32.96301825000
2       32.96306492917
2       32.96362531667
4       32.96362531667
1       32.96362545417
2       32.96380987083
4       32.96380989167
1       32.96381001250
2       32.96412588750
4       32.96412590833
1       32.96412602500
2       32.96421789167
2       32.96425333333
2       32.96425765000
2       32.96431427917
4       32.96431430000
1       32.96431442083
2       32.96437920833
2       32.96443387083
2       32.96448490417
2       32.96469152917
4       32.96469155000
1       32.96469167083
2       32.96485982917
2       32.96488899167
2       32.96490327500
4       32.96490327500
1       32.96490341250
2       32.96492434167
2       32.96493441250
2       32.96493495000
2       32.96494614583
2       32.96511554167
2       32.96511858750
2       32.96524772500
4       32.96524772500
1       32.96524786250
2       32.96532515000
2       32.96539052917
2       32.96540072500
2       32.96546997500
4       32.96546997500
1       32.96547011250
2       32.96553556667
2       32.96559581667
2       32.96568759583
2       32.96586642917
4       32.96586644583
1       32.96586656667
2       32.96591650417
2       32.96599225417
2       32.96605959167
2       32.96607373750
4       32.96607375833
1       32.96607387917
2       32.96610360417
2       32.96611518750
2       32.96617013333
2       32.96618702917
2       32.96619998333
2       32.96620030833
2       32.96627315417
4       32.96627315417
1       32.96627329167
2       32.96630066667
2       32.96630268750
2       32.96642422500
2       32.96650902917
4       32.96650904583
1       32.96650916667
2       32.96651230417
2       32.96656500000
2       32.96658818333
2       32.96660877083
2       32.96682670000
4       32.96682672083
1       32.96682683750
2       32.96684793750
2       32.96688102083
2       32.96703035833
4       32.96703037917
1       32.96703050000
2       32.96713311250
2       32.96713343333
2       32.96720168333
2       32.96742522500
4       32.96742524583
1       32.96742536250
2       32.96750477500
2       32.96758952500
2       32.96764022500
4       32.96764022500
1       32.96764036250
2       32.96766599583
2       32.96770573750
2       32.96773789167
2       32.96774746250
2       32.96776236250
2       32.96777367500
2       32.96796876250
4       32.96796878333
1       32.96796890417
2       32.96802869167
2       32.96804952917
2       32.96809159167
2       32.96826257500
4       32.96826257500
1       32.96826271250
2       32.96832013333
2       32.96856033750
4       32.96856035417
1       32.96856047500
2       32.96868290417
2       32.96870170833
2       32.96879647083
4       32.96879648750
1       32.96879660833
2       32.96909493333
4       32.96909495417
1       32.96909507500
2       32.96921182083
2       32.96923932917
2       32.96929432917
4       32.96929434583
1       32.96929446667
2       32.96952251250
4       32.96952252917
1       32.96952265000
2       32.96963152500
2       32.96963908750
2       32.96980738333
4       32.96980740417
1       32.96980752083
2       32.96986004167
2       32.96987264583
2       32.96992461250
2       32.97003777500
4       32.97003777500
1       32.97003791250
2       32.97013101667
2       32.97027471250
4       32.97027473333
1       32.97027485417
2       32.97030328750
2       32.97036116667
2       32.97042412083
2       32.97043909167
2       32.97046119167
4       32.97046121250
1       32.97046133333
2       32.97056889167
2       32.97067354167
4       32.97067355833
1       32.97067367917
2       32.97068283333
2       32.97077820417
2       32.97086431667
4       32.97086433750
1       32.97086445833
2       32.97098762917
2       32.97102003333
2       32.97110107917
4       32.97110110000
1       32.97110122083
2       32.97113167083
2       32.97126977917
2       32.97144495417
4       32.97144495417
1       32.97144509167
2       32.97145561667
2       32.97147751667
2       32.97153678333
2       32.97166521667
4       32.97166523750
1       32.97166535417
2       32.97182824583
4       32.97182824583
1       32.97182838333
2       32.97184969583
2       32.97213127500
4       32.97213129583
1       32.97213141667
2       32.97223332500
2       32.97224187917
2       32.97224688333
2       32.97241843333
4       32.97241845000
1       32.97241857083
2       32.97257742500
2       32.97258597917
2       32.97263201667
4       32.97263203750
1       32.97263215833
2       32.97264076250
2       32.97280828750
4       32.97280830417
1       32.97280842500
2       32.97282321667
2       32.97308319167
4       32.97308320833
1       32.97308332917
2       32.97313750833
2       32.97322570417
2       32.97331374583
4       32.97331374583
1       32.97331388333
2       32.97342504583
2       32.97342700833
2       32.97345322083
2       32.97358633333
4       32.97358635000
1       32.97358647083
2       32.97376324583
2       32.97401227500
4       32.97401227500
1       32.97401241250
2       32.97403590417
2       32.97422600000
4       32.97422601667
1       32.97422613750
2       32.97427034583
2       32.97438665000
2       32.97452564583
4       32.97452566667
1       32.97452578750
2       32.97455353333
2       32.97461180417
2       32.97474495833
4       32.97474497500
1       32.97474509583
2       32.97488237917
2       32.97501365833
4       32.97501367500
1       32.97501379583
2       32.97507622917
2       32.97514710000
2       32.97518054583
2       32.97522989167
4       32.97522990833
1       32.97523002917
2       32.97528290000
2       32.97534918333
2       32.97536502083
2       32.97537535000
2       32.97542541667
4       32.97542541667
1       32.97542555417
2       32.97547737917
2       32.97551410000
2       32.97553864583
2       32.97555316667
2       32.97557029167
2       32.97561813333
2       32.97567186667
4       32.97567188750
1       32.97567200833
2       32.97568634583
2       32.97579930417
2       32.97582910000
2       32.97592584583
4       32.97592584583
1       32.97592598333
2       32.97602522083
2       32.97607815417
2       32.97611789167
2       32.97614774583
4       32.97614774583
1       32.97614788333
2       32.97629086667
2       32.97629413333
2       32.97634552500
4       32.97634554583
1       32.97634566667
2       32.97638360833
2       32.97674290417
4       32.97674292500
1       32.97674304167
2       32.97683098333
2       32.97703278750
4       32.97703280833
1       32.97703292500
2       32.97705400833
2       32.97732167500
4       32.97732169583
1       32.97732181250
2       32.97742298333
2       32.97744977917
2       32.97763923750
4       32.97763925833
1       32.97763937917
2       32.97765511667
2       32.97775125833
2       32.97822026250
4       32.97822028333
1       32.97822040417
2       32.97836134583
2       32.97847513333
4       32.97847515000
1       32.97847527083
2       32.97852300417
2       32.97856275833
2       32.97860345833
2       32.97864991250
4       32.97864993333
1       32.97865005000
2       32.97866405417
2       32.97878595833
2       32.97892232500
4       32.97892234583
1       32.97892246250
2       32.97901846667
2       32.97907278333
2       32.97910261667
2       32.97917776250
4       32.97917778333
1       32.97917790000
2       32.97923044583
2       32.97931270000
2       32.97950934167
4       32.97950935833
1       32.97950947917
2       32.97956004167
2       32.97964580417
2       32.97966866250
2       32.97973988333
4       32.97973990000
1       32.97974002083
2       32.97980513750
2       32.97981767083
2       32.98001244167
4       32.98001246250
1       32.98001258333
2       32.98012541667
2       32.98025436667
4       32.98025438750
1       32.98025450833
2       32.98038587500
2       32.98059777500
4       32.98059779583
1       32.98059791667
2       32.98067760417
2       32.98099425833
4       32.98099427500
1       32.98099439583
2       32.98105691667
2       32.98107078333
2       32.98118376250
4       32.98118377917
1       32.98118390000
2       32.98124200000
2       32.98126579167
2       32.98131914583
2       32.98133642083
2       32.98146264583
4       32.98146266667
1       32.98146278333
2       32.98154573750
2       32.98155005833
2       32.98155470000
2       32.98159366667
2       32.98164014167
2       32.98167427083
4       32.98167429167
1       32.98167441250
2       32.98182696667
2       32.98190551667
4       32.98190553750
1       32.98190565833
2       32.98223672917
4       32.98223675000
1       32.98223687083
2       32.98245466667
4       32.98245466667
1       32.98245480417
2       32.98253336250
2       32.98258016250
2       32.98277690417
4       32.98277692500
1       32.98277704583
2       32.98280644583
2       32.98281694583
2       32.98281922500
2       32.98293493333
2       32.98295305000
2       32.98295486250
2       32.98297666667
4       32.98297668750
1       32.98297680833
2       32.98306310833
2       32.98316709167
4       32.98316711250
1       32.98316723333
2       32.98321681250
2       32.98337116667
4       32.98337118750
1       32.98337130833
2       32.98367880833
4       32.98367882917
1       32.98367894583
2       32.98369353750
2       32.98373322083
2       32.98395836667
4       32.98395838750
1       32.98395850833
2       32.98403991667
2       32.98405317500
2       32.98414851667
2       32.98415353333
2       32.98416937917
4       32.98416940000
1       32.98416952083
2       32.98425262917
2       32.98430425417
2       32.98452180000
4       32.98452182083
1       32.98452194167
2       32.98460930000
2       32.98467085833
2       32.98484114583
4       32.98484116667
1       32.98484128750
2       32.98503658750
4       32.98503660833
1       32.98503672917
2       32.98510777917
2       32.98519947083
2       32.98528132917
4       32.98528134583
1       32.98528146667
2       32.98529392917
2       32.98539797083
2       32.98552081250
4       32.98552082917
1       32.98552095000
2       32.98562420417
2       32.98569473750
4       32.98569475417
1       32.98569487500
2       32.98576996250
2       32.98581565000
2       32.98601205417
4       32.98601207500
1       32.98601219583
2       32.98602495833
2       32.98615583333
2       32.98617335833
2       32.98624376667
4       32.98624376667
1       32.98624390417
2       32.98627602083
2       32.98630876250
2       32.98642643333
2       32.98646603750
4       32.98646603750
1       32.98646617500
2       32.98652707083
2       32.98653301250
2       32.98656514583
2       32.98658975000
2       32.98668009583
4       32.98668009583
1       32.98668023333
2       32.98673681250
2       32.98679373750
2       32.98688975417
4       32.98688977500
1       32.98688989583
2       32.98691491667
2       32.98708321667
4       32.98708321667
1       32.98708335417
2       32.98716577500
2       32.98731805000
4       32.98731806667
1       32.98731818750
2       32.98743561667
2       32.98764761250
4       32.98764763333
1       32.98764775417
2       32.98786095000
4       32.98786096667
1       32.98786108750
2       32.98791700833
2       32.98798015833
2       32.98800365833
2       32.98822469167
4       32.98822471250
1       32.98822483333
2       32.98824750417
2       32.98835378750
2       32.98837033750
2       32.98842104167
4       32.98842105833
1       32.98842117917
2       32.98849760000
2       32.98862870417
4       32.98862870417
1       32.98862884167
2       32.98864918333
2       32.98869138750
2       32.98876717500
2       32.98882378333
2       32.98887607083
4       32.98887608750
1       32.98887620833
2       32.98909405417
4       32.98909407500
1       32.98909419583
2       32.98937926667
4       32.98937926667
1       32.98937940417
2       32.98944489167
2       32.98955589583
2       32.98956213750
2       32.98963704583
4       32.98963704583
1       32.98963718333
2       32.98974101667
2       32.98984696667
4       32.98984698750
1       32.98984710833
2       32.98987275000
2       32.98990555417
2       32.99018284167
4       32.99018285833
1       32.99018297917
2       32.99022394167
2       32.99028318333
2       32.99037950000
4       32.99037951667
1       32.99037963750
2       32.99059154583
4       32.99059154583
1       32.99059168333
2       32.99076252917
2       32.99090622917
4       32.99090625000
1       32.99090637083
2       32.99092053333
2       32.99112590000
4       32.99112591667
1       32.99112603750
2       32.99124842083
2       32.99136804167
4       32.99136805833
1       32.99136817917
2       32.99145967917
2       32.99150410833
2       32.99152502917
2       32.99161735833
4       32.99161737917
1       32.99161750000
2       32.99176280417
2       32.99213110833
4       32.99213112917
1       32.99213125000
2       32.99220030000
2       32.99235100833
4       32.99235102500
1       32.99235114583
2       32.99238620000
2       32.99249951667
2       32.99251110000
2       32.99277465000
4       32.99277467083
1       32.99277478750
2       32.99278561667
2       32.99279982500
2       32.99283363750
2       32.99307280000
4       32.99307281667
1       32.99307293750
2       32.99311519167
2       32.99337882500
4       32.99337884583
1       32.99337896667
2       32.99340397917
2       32.99341765000
2       32.99352785833
2       32.99367892083
4       32.99367893750
1       32.99367905833
2       32.99403567917
4       32.99403570000
1       32.99403582083
2       32.99417414583
2       32.99424067917
4       32.99424069583
1       32.99424081667
2       32.99425525000
2       32.99429100833
2       32.99460707500
4       32.99460709583
1       32.99460721667
2       32.99461631250
2       32.99462263333
2       32.99465110417
2       32.99467295000
2       32.99471077083
2       32.99476105833
2       32.99488131250
4       32.99488133333
1       32.99488145417
2       32.99496875417
2       32.99513505417
4       32.99513505417
1       32.99513519167
2       32.99522947500
2       32.99526217500
2       32.99526254583
2       32.99528335000
2       32.99532117917
4       32.99532120000
1       32.99532132083
2       32.99533244583
2       32.99554772083
4       32.99554774167
1       32.99554786250
2       32.99560544583
2       32.99562696250
2       32.99571962917
4       32.99571965000
1       32.99571976667
2       32.99588467917
2       32.99629398333
4       32.99629400417
1       32.99629412500
2       32.99635921250
2       32.99643912917
2       32.99645561250
2       32.99652692083
4       32.99652693750
1       32.99652705833
2       32.99652914583
2       32.99664177500
2       32.99685675000
4       32.99685676667
1       32.99685688750
2       32.99706243333
4       32.99706245417
1       32.99706257500
2       32.99712072083
2       32.99712708750
2       32.99720449167
2       32.99723634167
2       32.99724228333
2       32.99724625000
2       32.99725250833
2       32.99732013750
4       32.99732013750
1       32.99732027500
2       32.99736582500
2       32.99736880417
2       32.99741848333
2       32.99746453333
2       32.99770175417
4       32.99770175417
1       32.99770189167
2       32.99783852500
2       32.99785232917
2       32.99787697500
2       32.99788686667
2       32.99838740000
4       32.99838741667
1       32.99838753750
2       32.99847713333
2       32.99864175833
4       32.99864177917
1       32.99864190000
2       32.99866919167
2       32.99869300417
2       32.99871692917
2       32.99874310833
2       32.99879274167
2       32.99883387917
2       32.99884319583
2       32.99888254583
4       32.99888254583
1       32.99888268333
2       32.99893049167
2       32.99901538333
2       32.99906870417
2       32.99916533333
4       32.99916535000
1       32.99916547083
2       32.99918182917
2       32.99920745000
2       32.99921607083
2       32.99933667083
2       32.99942107083
4       32.99942109167
1       32.99942121250
2       32.99943797083
2       32.99953273750
2       32.99960066250
2       32.99972981250
4       32.99972982917
1       32.99972995000
2       32.99985535417
2       32.99986395833
2       32.99992454583
2       32.99993981667
4       32.99993981667
1       32.99993995417
2       33.00009679583
2       33.00013023333
4       33.00013025417
1       33.00013037500
2       33.00025413750
2       33.00049992500
4       33.00049994583
1       33.00050006667
2       33.00053638333
2       33.00054955833
2       33.00055158333
2       33.00073440000
4       33.00073442083
1       33.00073453750
2       33.00078475833
2       33.00087259167
2       33.00099641250
4       33.00099642917
1       33.00099655000
2       33.00123321250
4       33.00123323333
1       33.00123335417
2       33.00130221250
2       33.00146581250
4       33.00146583333
1       33.00146595417
2       33.00158170000
2       33.00159429167
2       33.00175160000
4       33.00175162083
1       33.00175174167
2       33.00184996667
2       33.00186229167
2       33.00193714583
4       33.00193714583
1       33.00193728333
2       33.00211499167
4       33.00211500833
1       33.00211512917
2       33.00233256250
4       33.00233258333
1       33.00233270000
2       33.00233396667
2       33.00234320000
2       33.00240146667
2       33.00253363333
4       33.00253365000
1       33.00253377083
2       33.00253395417
2       33.00255517083
2       33.00267649167
2       33.00270554583
2       33.00286516250
4       33.00286518333
1       33.00286530417
2       33.00288708750
2       33.00290696250
2       33.00291856667
2       33.00291985833
2       33.00295797500
2       33.00301192917
2       33.00302253750
2       33.00310200000
4       33.00310201667
1       33.00310213750
2       33.00316435417
2       33.00318185000
2       33.00321967917
2       33.00328253750
4       33.00328253750
1       33.00328267500
2       33.00344656667
2       33.00354429167
4       33.00354430833
1       33.00354442917
2       33.00360782083
2       33.00363503750
2       33.00375034583
4       33.00375036667
1       33.00375048750
2       33.00385950833
2       33.00389894583
2       33.00394929583
4       33.00394931667
1       33.00394943333
2       33.00406093333
2       33.00409205833
2       33.00417594167
4       33.00417596250
1       33.00417607917
2       33.00419282083
2       33.00419611250
2       33.00422059167
2       33.00440183333
4       33.00440185000
1       33.00440197083
2       33.00447164167
2       33.00452063333
2       33.00454716667
2       33.00455584167
2       33.00498336250
4       33.00498337917
1       33.00498350000
2       33.00501682083
2       33.00507779583
2       33.00513010000
2       33.00517720000
4       33.00517721667
1       33.00517733750
2       33.00522097083
2       33.00529211667
2       33.00536296667
4       33.00536296667
1       33.00536310417
2       33.00537788333
2       33.00539676667
2       33.00553460833
4       33.00553462917
1       33.00553475000
2       33.00574488750
4       33.00574490833
1       33.00574502917
2       33.00583730000
2       33.00584592083
2       33.00599965417
4       33.00599965417
1       33.00599979167
2       33.00609932083
2       33.00620226667
4       33.00620228750
1       33.00620240417
2       33.00620294583
2       33.00630895417
2       33.00637423333
2       33.00651035000
4       33.00651037083
1       33.00651049167
2       33.00676052500
4       33.00676052500
1       33.00676066250
2       33.00681350417
2       33.00690220417
2       33.00692537500
2       33.00695484583
4       33.00695486667
1       33.00695498750
2       33.00705789583
2       33.00715189583
4       33.00715191667
1       33.00715203750
2       33.00716478333
2       33.00722112917
2       33.00743222500
4       33.00743222500
1       33.00743236250
2       33.00745074583
2       33.00745144167
2       33.00746658750
2       33.00749609167
2       33.00759247917
2       33.00761903333
4       33.00761905000
1       33.00761917083
2       33.00780515833
4       33.00780517917
1       33.00780530000
2       33.00782730000
2       33.00793834583
2       33.00799791667
4       33.00799793750
1       33.00799805833
2       33.00807181250
2       33.00810693333
2       33.00825524583
4       33.00825524583
1       33.00825538333
2       33.00842292917
2       33.00854475417
4       33.00854477500
1       33.00854489167
2       33.00883226667
4       33.00883228750
1       33.00883240833
2       33.00895555417
2       33.00906475417
4       33.00906475417
1       33.00906489167
2       33.00909192500
2       33.00920322500
2       33.00958947500
4       33.00958949583
1       33.00958961667
2       33.01000317917
4       33.01000320000
1       33.01000332083
2       33.01003966250
2       33.01016842917
2       33.01034597500
4       33.01034599583
1       33.01034611667
2       33.01035294583
2       33.01037182917
2       33.01070736667
4       33.01070738750
1       33.01070750833
2       33.01087500417
2       33.01088950833
4       33.01088952917
1       33.01088965000
2       33.01091278333
2       33.01094615833
2       33.01112667083
4       33.01112669167
1       33.01112681250
2       33.01115685417
2       33.01122147083
2       33.01137645417
4       33.01137645417
1       33.01137659167
2       33.01148343333
2       33.01163412500
4       33.01163412500
1       33.01163426250
2       33.01182292917
4       33.01182294583
1       33.01182306667
2       33.01190413750
2       33.01197825833
2       33.01210551250
4       33.01210553333
1       33.01210565417
2       33.01211440000
2       33.01216510000
2       33.01237044167
4       33.01237045833
1       33.01237057917
2       33.01237345833
2       33.01260681250
4       33.01260683333
1       33.01260695000
2       33.01273708333
2       33.01302262083
4       33.01302264167
1       33.01302275833
2       33.01302893333
2       33.01307605417
2       33.01308987083
2       33.01313787500
2       33.01318897917
2       33.01320478333
2       33.01333096250
4       33.01333098333
1       33.01333110417
2       33.01338609167
2       33.01342935833
2       33.01343602083
2       33.01355362500
4       33.01355362500
1       33.01355376250
2       33.01366326250
2       33.01368508333
2       33.01379274583
4       33.01379276667
1       33.01379288750
2       33.01384644583
2       33.01403061250
4       33.01403063333
1       33.01403075417
2       33.01403155417
2       33.01403749167
2       33.01403982917
2       33.01404717083
2       33.01410277500
2       33.01411569583
2       33.01415980833
2       33.01425177500
4       33.01425179583
1       33.01425191667
2       33.01432871667
2       33.01436906667
2       33.01440250833
2       33.01454002083
4       33.01454003750
1       33.01454015833
2       33.01460190417
2       33.01464849167
2       33.01468707083
2       33.01471395000
2       33.01473012500
4       33.01473012500
1       33.01473026250
2       33.01483546667
2       33.01491227500
2       33.01517660000
4       33.01517662083
1       33.01517674167
2       33.01531897083
2       33.01539496250
4       33.01539497917
1       33.01539510000
2       33.01543660000
2       33.01547941667
2       33.01548038750
2       33.01573472083
4       33.01573474167
1       33.01573486250
2       33.01581818750
2       33.01582875833
2       33.01585394583
2       33.01599679167
4       33.01599681250
1       33.01599693333
2       33.01602754167
2       33.01619747917
2       33.01626089167
4       33.01626090833
1       33.01626102917
2       33.01629453333
2       33.01639278750
2       33.01672674583
4       33.01672674583
1       33.01672688333
2       33.01674126667
2       33.01674165417
2       33.01681254167
2       33.01681916250
2       33.01702649167
4       33.01702651250
1       33.01702663333
2       33.01739150417
4       33.01739152083
1       33.01739164167
2       33.01748358333
2       33.01753392500
2       33.01760555833
4       33.01760557917
1       33.01760570000
2       33.01765384167
2       33.01777737083
2       33.01779834583
2       33.01782679583
4       33.01782681667
1       33.01782693750
2       33.01785092917
2       33.01790326667
2       33.01798207500
2       33.01814677083
4       33.01814678750
1       33.01814690833
2       33.01816748750
2       33.01818880417
2       33.01824308750
2       33.01825214167
2       33.01832450000
2       33.01846438333
4       33.01846440417
1       33.01846452500
2       33.01858491667
2       33.01873365833
4       33.01873367500
1       33.01873379583
2       33.01875287917
2       33.01878002500
2       33.01929875417
4       33.01929877500
1       33.01929889583
2       33.01941960000
2       33.01947823333
4       33.01947825000
1       33.01947837083
2       33.01955617083
2       33.01958100000
2       33.01960411667
2       33.01972960000
4       33.01972961667
1       33.01972973750
2       33.02001619583
4       33.02001619583
1       33.02001633333
2       33.02006820833
2       33.02031096667
4       33.02031096667
1       33.02031110417
2       33.02043482917
2       33.02047458333
2       33.02056861250
4       33.02056862917
1       33.02056875000
2       33.02069922917
2       33.02076440833
2       33.02117978750
4       33.02117980833
1       33.02117992917
2       33.02120625833
2       33.02138477500
4       33.02138477500
1       33.02138491250
2       33.02138645833
2       33.02138679583
2       33.02152591250
2       33.02154205000
2       33.02170144167
4       33.02170146250
1       33.02170158333
2       33.02186257083
2       33.02194726667
4       33.02194726667
1       33.02194740417
2       33.02196785417
2       33.02203336667
2       33.02206845833
2       33.02227879583
4       33.02227881667
1       33.02227893333
2       33.02230828750
2       33.02250665000
4       33.02250667083
1       33.02250679167
2       33.02279843333
4       33.02279845417
1       33.02279857500
2       33.02295116667
2       33.02301482500
4       33.02301484583
1       33.02301496250
2       33.02308238333
2       33.02316952083
2       33.02325743750
4       33.02325745417
1       33.02325757500
2       33.02329537917
2       33.02333180417
2       33.02333383333
2       33.02341918750
2       33.02348122917
4       33.02348124583
1       33.02348136667
2       33.02356989583
2       33.02364809167
2       33.02369176667
4       33.02369178750
1       33.02369190833
2       33.02386076250
4       33.02386077917
1       33.02386090000
2       33.02396112500
2       33.02397067917
2       33.02400982500
2       33.02407275833
4       33.02407277500
1       33.02407289583
2       33.02412870417
2       33.02421843750
2       33.02428043750
4       33.02428045417
1       33.02428057500
2       33.02434828333
2       33.02435225417
2       33.02436518750
2       33.02438642083
2       33.02474717083
4       33.02474719167
1       33.02474730833
2       33.02485937500
2       33.02495119583
4       33.02495119583
1       33.02495133333
2       33.02501084583
2       33.02511841250
2       33.02523634583
4       33.02523636667
1       33.02523648750
2       33.02530921667
2       33.02543276250
4       33.02543278333
1       33.02543290417
2       33.02556200000
2       33.02568608333
4       33.02568610417
1       33.02568622500
2       33.02572753333
2       33.02576860417
2       33.02587662083
2       33.02588794583
4       33.02588796667
1       33.02588808333
2       33.02608327083
4       33.02608329167
1       33.02608341250
2       33.02617145833
2       33.02632340833
4       33.02632342500
1       33.02632354583
2       33.02633889167
2       33.02643240417
2       33.02658406250
4       33.02658408333
1       33.02658420417
2       33.02669373333
2       33.02700537500
4       33.02700537500
1       33.02700551250
2       33.02706540417
2       33.02707598333
2       33.02719496667
4       33.02719498750
1       33.02719510833
2       33.02734493750
2       33.02738532500
4       33.02738532500
1       33.02738546250
2       33.02754662500
2       33.02761422083
4       33.02761424167
1       33.02761435833
2       33.02767314167
2       33.02780664583
4       33.02780664583
1       33.02780678333
2       33.02791162917
2       33.02791993333
2       33.02812327917
4       33.02812329583
1       33.02812341667
2       33.02829983750
2       33.02839293750
4       33.02839295417
1       33.02839307500
2       33.02840749583
2       33.02852137083
2       33.02852409583
2       33.02855121667
2       33.02856223750
2       33.02861283750
4       33.02861285417
1       33.02861297500
2       33.02870460000
2       33.02895272500
4       33.02895272500
1       33.02895286250
2       33.02898219583
2       33.02898548333
2       33.02900039583
2       33.02903221667
2       33.02903786250
2       33.02906565417
2       33.02909840000
2       33.02912000833
2       33.02919310417
4       33.02919310417
1       33.02919324167
2       33.02938786667
2       33.02942168333
4       33.02942170000
1       33.02942182083
2       33.02948064167
2       33.02948499583
2       33.02956977917
2       33.02976190000
4       33.02976192083
1       33.02976204167
2       33.02993739167
4       33.02993741250
1       33.02993753333
2       33.02995860833
2       33.03025414583
4       33.03025414583
1       33.03025428333
2       33.03035701250
2       33.03038418333
2       33.03044286250
4       33.03044287917
1       33.03044300000
2       33.03058394167
2       33.03059064583
2       33.03083345000
4       33.03083346667
1       33.03083358750
2       33.03092980000
2       33.03107848750
4       33.03107850417
1       33.03107862500
2       33.03108649583
2       33.03110245417
2       33.03123513333
2       33.03128826667
4       33.03128826667
1       33.03128840417
2       33.03128917083
2       33.03166611250
4       33.03166612917
1       33.03166625000
2       33.03174920833
2       33.03181085833
2       33.03192217917
4       33.03192220000
1       33.03192232083
2       33.03194462500
2       33.03216490417
4       33.03216492500
1       33.03216504167
2       33.03216793750
2       33.03222972917
2       33.03234508750
2       33.03238097917
4       33.03238100000
1       33.03238112083
2       33.03242593750
2       33.03249680000
2       33.03254252083
2       33.03259715417
2       33.03260343750
4       33.03260345833
1       33.03260357917
2       33.03264223333
2       33.03272605417
2       33.03280324583
4       33.03280326667
1       33.03280338750
2       33.03298692917
4       33.03298694583
1       33.03298706667
2       33.03306253750
2       33.03309375833
2       33.03312975833
2       33.03327253750
4       33.03327255833
1       33.03327267917
2       33.03338582500
2       33.03338781250
2       33.03360843750
4       33.03360845417
1       33.03360857500
2       33.03374490417
2       33.03379197083
2       33.03381875833
4       33.03381877917
1       33.03381890000
2       33.03413216667
4       33.03413218750
1       33.03413230417
2       33.03445335417
4       33.03445337083
1       33.03445349167
2       33.03445536250
2       33.03448882083
2       33.03455441250
2       33.03455477083
2       33.03457434583
2       33.03457493333
2       33.03465238333
4       33.03465240000
1       33.03465252083
2       33.03475709167
2       33.03488964583
4       33.03488966667
1       33.03488978750
2       33.03490519583
2       33.03515765833
4       33.03515767917
1       33.03515780000
2       33.03522547083
2       33.03547090000
4       33.03547092083
1       33.03547104167
2       33.03551833750
2       33.03553061667
2       33.03555240000
2       33.03586939167
4       33.03586940833
1       33.03586952917
2       33.03596816250
2       33.03600156250
2       33.03638942917
4       33.03638944583
1       33.03638956667
2       33.03653751667
2       33.03656923333
2       33.03659512083
2       33.03682364583
4       33.03682366667
1       33.03682378750
2       33.03696175417
2       33.03701907917
2       33.03717242917
4       33.03717244583
1       33.03717256667
2       33.03726548750
2       33.03737479583
4       33.03737481667
1       33.03737493333
2       33.03754831667
2       33.03755727917
2       33.03756625833
4       33.03756627500
1       33.03756639583
2       33.03760766667
2       33.03768152500
2       33.03789481250
4       33.03789483333
1       33.03789495417
2       33.03789517500
2       33.03791477917
2       33.03804385000
2       33.03824491667
4       33.03824493750
1       33.03824505417
2       33.03829764583
2       33.03837312917
2       33.03837683333
2       33.03848044167
4       33.03848045833
1       33.03848057917
2       33.03872519167
4       33.03872521250
1       33.03872533333
2       33.03908066667
4       33.03908066667
1       33.03908080417
2       33.03921410000
2       33.03933996250
4       33.03933998333
1       33.03934010417
2       33.03947020833
2       33.03957217083
4       33.03957218750
1       33.03957230833
2       33.03969602083
2       33.03982456667
4       33.03982456667
1       33.03982470417
2       33.03983547917
2       33.03987931667
2       33.03988511667
2       33.04001930833
4       33.04001932500
1       33.04001944583
2       33.04002466250
2       33.04008654583
2       33.04019552083
4       33.04019554167
1       33.04019566250
2       33.04020189583
2       33.04022570417
2       33.04030247917
2       33.04034463750
2       33.04060857083
4       33.04060858750
1       33.04060870833
2       33.04063804167
2       33.04068936667
2       33.04088184167
4       33.04088186250
1       33.04088197917
2       33.04118153333
4       33.04118155000
1       33.04118167083
2       33.04126340833
2       33.04140616667
4       33.04140616667
1       33.04140630417
2       33.04141442917
2       33.04159232083
4       33.04159234167
1       33.04159246250
2       33.04168903333
2       33.04174798750
2       33.04184810000
4       33.04184812083
1       33.04184824167
2       33.04185835417
2       33.04190136667
2       33.04196462917
2       33.04198121250
2       33.04199814583
2       33.04212328333
4       33.04212330417
1       33.04212342083
2       33.04216507500
2       33.04237363333
4       33.04237365000
1       33.04237377083
2       33.04248235000
2       33.04258192917
4       33.04258195000
1       33.04258207083
2       33.04262743333
2       33.04281557500
4       33.04281559583
1       33.04281571667
2       33.04287685417
2       33.04332331250
4       33.04332333333
1       33.04332345417
2       33.04332927500
2       33.04345089583
2       33.04371159167
4       33.04371160833
1       33.04371172917
2       33.04379137917
2       33.04379335417
2       33.04401990417
4       33.04401992083
1       33.04402004167
2       33.04411697500
2       33.04413481667
2       33.04432033333
4       33.04432035000
1       33.04432047083
2       33.04432362500
2       33.04440775000
2       33.04453491667
4       33.04453491667
1       33.04453505417
2       33.04456435833
2       33.04465587917
2       33.04470054583
2       33.04471352917
2       33.04473631667
2       33.04486650000
4       33.04486651667
1       33.04486663750
2       33.04503045000
2       33.04503643333
2       33.04509305833
4       33.04509307917
1       33.04509320000
2       33.04512857500
2       33.04521231250
2       33.04538290417
4       33.04538292500
1       33.04538304583
2       33.04550281667
2       33.04551110833
2       33.04559218333
4       33.04559220417
1       33.04559232500
2       33.04561737917
2       33.04574742917
2       33.04575323750
2       33.04578725417
4       33.04578725417
1       33.04578739167
2       33.04586091250
2       33.04613112083
4       33.04613113750
1       33.04613125833
2       33.04614639167
2       33.04618612083
2       33.04633950417
4       33.04633952500
1       33.04633964583
2       33.04645836250
2       33.04647993333
2       33.04656301667
4       33.04656301667
1       33.04656315417
2       33.04666736667
2       33.04678563750
4       33.04678565417
1       33.04678577500
2       33.04691618750
2       33.04694167083
2       33.04694762083
2       33.04695985833
2       33.04702312917
4       33.04702315000
1       33.04702327083
2       33.04714435833
2       33.04714739167
2       33.04742928333
4       33.04742930417
1       33.04742942500
2       33.04742997500
2       33.04745701667
2       33.04748419167
2       33.04754153333
2       33.04771669167
4       33.04771670833
1       33.04771682917
2       33.04774489167
2       33.04781015417
2       33.04787640417
2       33.04788664583
2       33.04793101667
4       33.04793103750
1       33.04793115833
2       33.04795592083
2       33.04801874167
2       33.04802769583
2       33.04803834583
2       33.04832119583
4       33.04832121667
1       33.04832133750
2       33.04846759167
2       33.04867760417
4       33.04867760417
1       33.04867774167
2       33.04886079167
2       33.04898240833
4       33.04898242500
1       33.04898254583
2       33.04902571667
2       33.04915284167
2       33.04921357083
4       33.04921359167
1       33.04921371250
2       33.04924271667
2       33.04930927500
2       33.04943444167
4       33.04943445833
1       33.04943457917
2       33.04959644167
2       33.04959847083
2       33.04970547917
4       33.04970550000
1       33.04970562083
2       33.04973487917
2       33.04980606250
2       33.04982033333
2       33.05001741667
4       33.05001741667
1       33.05001755417
2       33.05011808333
2       33.05032120833
4       33.05032122500
1       33.05032134583
2       33.05061000833
4       33.05061002500
1       33.05061014583
2       33.05065172083
2       33.05067733333
2       33.05069682500
2       33.05071395417
2       33.05072658750
2       33.05098890417
4       33.05098892500
1       33.05098904583
2       33.05107900833
2       33.05154010417
4       33.05154010417
1       33.05154024167
2       33.05156754583
2       33.05173688333
4       33.05173690417
1       33.05173702500
2       33.05175670417
2       33.05188920000
2       33.05198525000
4       33.05198527083
1       33.05198539167
2       33.05202892917
2       33.05203394167
2       33.05204152083
2       33.05210288333
2       33.05211703750
2       33.05216213333
2       33.05222206667
4       33.05222208750
1       33.05222220833
2       33.05234757917
2       33.05250462917
4       33.05250465000
1       33.05250476667
2       33.05255107500
2       33.05269180000
2       33.05287656667
4       33.05287658750
1       33.05287670833
2       33.05290536667
2       33.05290707917
2       33.05292270417
2       33.05301572917
2       33.05301742500
2       33.05307133750
4       33.05307135833
1       33.05307147917
2       33.05308027083
2       33.05313192917
2       33.05324331250
2       33.05324987083
4       33.05324989167
1       33.05325000833
2       33.05355590833
4       33.05355592917
1       33.05355605000
2       33.05396135000
4       33.05396137083
1       33.05396149167
2       33.05396495833
2       33.05398385833
2       33.05408955417
2       33.05419154583
4       33.05419156667
1       33.05419168750
2       33.05421043333
2       33.05421501250
2       33.05438008333
2       33.05440318333
4       33.05440320417
1       33.05440332500
2       33.05455819583
2       33.05497426250
4       33.05497428333
1       33.05497440417
2       33.05502030417
2       33.05507658750
2       33.05530547083
4       33.05530549167
1       33.05530561250
2       33.05541382917
2       33.05551746667
4       33.05551748750
1       33.05551760417
2       33.05564962500
2       33.05576326667
4       33.05576328750
1       33.05576340833
2       33.05580230833
2       33.05595670833
4       33.05595672917
1       33.05595685000
2       33.05624358333
4       33.05624360417
1       33.05624372500
2       33.05628457083
2       33.05637505833
2       33.05644162917
4       33.05644164583
1       33.05644176667
2       33.05649854167
2       33.05650481667
2       33.05670809167
4       33.05670811250
1       33.05670823333
2       33.05680358750
2       33.05686587917
2       33.05690724167
4       33.05690725833
1       33.05690737917
2       33.05697520833
2       33.05698215833
2       33.05717490833
4       33.05717492917
1       33.05717504583
2       33.05744250417
4       33.05744252083
1       33.05744264167
2       33.05749988333
2       33.05758062917
2       33.05764796667
4       33.05764796667
1       33.05764810417
2       33.05770849167
2       33.05780825000
2       33.05782641667
4       33.05782643750
1       33.05782655833
2       33.05790800833
2       33.05793803333
2       33.05802322917
4       33.05802325000
1       33.05802337083
2       33.05803680000
2       33.05805865833
2       33.05807739167
2       33.05820760833
2       33.05822725417
4       33.05822727500
1       33.05822739583
2       33.05827757500
2       33.05830437083
2       33.05843188750
4       33.05843190833
1       33.05843202917
2       33.05845736667
2       33.05847893333
2       33.05862637917
4       33.05862639583
1       33.05862651667
2       33.05915139167
4       33.05915141250
1       33.05915153333
2       33.05930935000
2       33.05933814167
4       33.05933816250
1       33.05933827917
2       33.05934314583
2       33.05936133333
2       33.05950244583
2       33.05974291667
4       33.05974293750
1       33.05974305833
2       33.05979926667
2       33.05984393333
2       33.06018215417
4       33.06018217500
1       33.06018229583
2       33.06047298333
4       33.06047300000
1       33.06047312083
2       33.06048123333
2       33.06053490417
2       33.06056733333
2       33.06058792500
2       33.06063589583
2       33.06070414583
4       33.06070414583
1       33.06070428333
2       33.06077535833
2       33.06078327500
2       33.06095716250
4       33.06095717917
1       33.06095730000
2       33.06099096667
2       33.06102220417
2       33.06106684583
2       33.06115529167
4       33.06115530833
1       33.06115542917
2       33.06117415417
2       33.06146466667
4       33.06146466667
1       33.06146480417
2       33.06165478750
4       33.06165478750
1       33.06165492500
2       33.06166769167
2       33.06167068333
2       33.06169023333
2       33.06174222917
2       33.06186770000
4       33.06186771667
1       33.06186783750
2       33.06188299583
2       33.06189859167
2       33.06198729167
2       33.06201910000
2       33.06206711667
4       33.06206713750
1       33.06206725833
2       33.06218832917
2       33.06223742500
4       33.06223742500
1       33.06223756250
2       33.06261569167
4       33.06261571250
1       33.06261583333
2       33.06267827083
2       33.06284320000
4       33.06284321667
1       33.06284333750
2       33.06287735000
2       33.06305424167
4       33.06305426250
1       33.06305438333
2       33.06328338750
4       33.06328340833
1       33.06328352917
2       33.06329003333
2       33.06339502083
2       33.06347850833
4       33.06347852500
1       33.06347864583
2       33.06383357500
4       33.06383357500
1       33.06383371250
2       33.06387599167
2       33.06389582083
2       33.06421081667
4       33.06421083750
1       33.06421095833
2       33.06424859167
2       33.06435756667
2       33.06458385000
4       33.06458386667
1       33.06458398750
2       33.06465767500
2       33.06466092917
2       33.06470300417
2       33.06470765417
2       33.06472829167
2       33.06478351250
2       33.06501011667
4       33.06501011667
1       33.06501025417
2       33.06505422083
2       33.06506010000
2       33.06506837083
2       33.06527569583
4       33.06527571667
1       33.06527583333
2       33.06534095000
2       33.06555925833
4       33.06555927500
1       33.06555939583
2       33.06556492083
2       33.06585971250
4       33.06585973333
1       33.06585985417
2       33.06608262500
4       33.06608264583
1       33.06608276667
2       33.06618195000
2       33.06638169583
4       33.06638169583
1       33.06638183333
2       33.06639395417
2       33.06657786667
4       33.06657786667
1       33.06657800417
2       33.06659928333
2       33.06661092500
2       33.06674207083
2       33.06679869583
4       33.06679871667
1       33.06679883750
2       33.06681325417
2       33.06691967917
2       33.06700505000
4       33.06700506667
1       33.06700518750
2       33.06703751667
2       33.06707762500
2       33.06710905000
2       33.06735055417
4       33.06735057083
1       33.06735069167
2       33.06751449167
2       33.06768440833
4       33.06768442500
1       33.06768454583
2       33.06771622917
2       33.06778874167
2       33.06779737083
2       33.06779902083
2       33.06790468750
4       33.06790470833
1       33.06790482500
2       33.06793255000
2       33.06802032083
2       33.06809047083
2       33.06817229167
4       33.06817230833
1       33.06817242917
2       33.06832827083
2       33.06837403333
4       33.06837405000
1       33.06837417083
2       33.06845979583
2       33.06848297500
2       33.06852703333
2       33.06863970833
4       33.06863972917
1       33.06863985000
2       33.06878308750
2       33.06888414167
4       33.06888415833
1       33.06888427917
2       33.06903687500
2       33.06911868750
4       33.06911870833
1       33.06911882917
2       33.06923826250
2       33.06924846250
2       33.06930312500
2       33.06938397917
4       33.06938400000
1       33.06938412083
2       33.06941475833
2       33.06951076667
2       33.06951667500
2       33.06977451667
4       33.06977451667
1       33.06977465417
2       33.06993903333
2       33.07004674167
4       33.07004676250
1       33.07004688333
2       33.07013651250
2       33.07038517500
4       33.07038519583
1       33.07038531667
2       33.07038861667
2       33.07049451250
2       33.07052007917
2       33.07078999167
4       33.07079000833
1       33.07079012917
2       33.07080797083
2       33.07090730417
2       33.07101196250
4       33.07101197917
1       33.07101210000
2       33.07109181250
2       33.07118845417
2       33.07124681667
4       33.07124683750
1       33.07124695833
2       33.07126361667
2       33.07135208750
2       33.07137061250
2       33.07141695417
2       33.07149050417
4       33.07149052500
1       33.07149064583
2       33.07165951667
2       33.07187875417
4       33.07187877500
1       33.07187889583
2       33.07191451667
2       33.07202685000
2       33.07203408750
2       33.07205130833
2       33.07215332917
4       33.07215334583
1       33.07215346667
2       33.07228092917
2       33.07228289583
2       33.07238092917
4       33.07238095000
1       33.07238107083
2       33.07261682083
4       33.07261684167
1       33.07261696250
2       33.07271332500
2       33.07278964167
2       33.07286452917
4       33.07286454583
1       33.07286466667
2       33.07290189583
2       33.07305362083
4       33.07305363750
1       33.07305375833
2       33.07339076667
4       33.07339078750
1       33.07339090833
2       33.07344941250
2       33.07360381667
4       33.07360381667
1       33.07360395417
2       33.07367595000
2       33.07371378750
2       33.07407443750
4       33.07407445833
1       33.07407457917
2       33.07410815000
2       33.07415459583
2       33.07418647500
2       33.07427383750
4       33.07427385833
1       33.07427397500
2       33.07431563750
2       33.07432159167
2       33.07493861250
4       33.07493862917
1       33.07493875000
2       33.07499525417
2       33.07505850833
2       33.07511784583
2       33.07519205833
4       33.07519207917
1       33.07519220000
2       33.07524899583
2       33.07525094167
2       33.07540336667
4       33.07540336667
1       33.07540350417
2       33.07541457917
2       33.07542456667
2       33.07547318333
2       33.07561863333
4       33.07561865000
1       33.07561877083
2       33.07561992500
2       33.07568125000
2       33.07592037917
4       33.07592040000
1       33.07592052083
2       33.07601208333
2       33.07607304583
2       33.07622012083
4       33.07622013750
1       33.07622025833
2       33.07625030000
2       33.07626125000
2       33.07626613750
2       33.07627643333
2       33.07654841250
4       33.07654842917
1       33.07654855000
2       33.07671832500
2       33.07675073333
2       33.07678219583
4       33.07678221667
1       33.07678233750
2       33.07679189167
2       33.07685315417
2       33.07702136250
4       33.07702137917
1       33.07702150000
2       33.07716611667
2       33.07728835833
4       33.07728837917
1       33.07728850000
2       33.07744069583
2       33.07754996667
4       33.07754996667
1       33.07755010417
2       33.07762117500
2       33.07778312083
4       33.07778314167
1       33.07778326250
2       33.07790117917
2       33.07807037500
4       33.07807039583
1       33.07807051667
2       33.07823077500
2       33.07823273333
2       33.07841457083
4       33.07841459167
1       33.07841471250
2       33.07854809583
2       33.07856459583
2       33.07862385417
4       33.07862387500
1       33.07862399583
2       33.07867748333
2       33.07869842083
2       33.07870799167
2       33.07871393333
2       33.07875131667
2       33.07898824583
4       33.07898826667
1       33.07898838750
2       33.07906041250
2       33.07910516250
2       33.07934290417
4       33.07934290417
1       33.07934304167
2       33.07939758333
2       33.07944860833
2       33.07951354167
2       33.07955128750
2       33.07956553750
4       33.07956553750
1       33.07956567500
2       33.07960295000
2       33.07973050417
2       33.07973220417
2       33.07977916250
4       33.07977917917
1       33.07977930000
2       33.07979837083
2       33.07991932500
2       33.08001430417
4       33.08001432500
1       33.08001444583
2       33.08003713750
2       33.08019880417
2       33.08020380417
2       33.08020876250
4       33.08020877917
1       33.08020890000
2       33.08025222083
2       33.08047339167
4       33.08047341250
1       33.08047353333
2       33.08047642500
2       33.08054928333
2       33.08056552083
2       33.08066987083
4       33.08066988750
1       33.08067000833
2       33.08071487917
2       33.08071589167
2       33.08079044167
2       33.08095405417
4       33.08095407500
1       33.08095419583
2       33.08098759167
2       33.08114281667
4       33.08114281667
1       33.08114295417
2       33.08127457083
2       33.08133954583
4       33.08133954583
1       33.08133968333
2       33.08140478750
2       33.08169472500
4       33.08169474583
1       33.08169486667
2       33.08172477917
2       33.08173444167
2       33.08173595000
2       33.08176559167
2       33.08207855000
4       33.08207856667
1       33.08207868750
2       33.08217793750
2       33.08219543333
2       33.08259460833
4       33.08259462917
1       33.08259475000
2       33.08262532083
2       33.08287879167
4       33.08287881250
1       33.08287893333
2       33.08297150000
2       33.08303382083
2       33.08310507083
4       33.08310509167
1       33.08310521250
2       33.08311996250
2       33.08312954583
2       33.08325668750
2       33.08329155417
2       33.08332950833
4       33.08332952917
1       33.08332965000
2       33.08346635833
2       33.08350086667
2       33.08353790833
4       33.08353792917
1       33.08353805000
2       33.08373538333
2       33.08376051250
4       33.08376052917
1       33.08376065000
2       33.08376485000
2       33.08378573750
2       33.08413217917
4       33.08413219583
1       33.08413231667
2       33.08426398333
2       33.08428325833
2       33.08440010833
4       33.08440012917
1       33.08440025000
2       33.08443945417
2       33.08445315833
2       33.08460021250
2       33.08473306250
4       33.08473308333
1       33.08473320417
2       33.08489004167
2       33.08489728333
2       33.08515261250
4       33.08515263333
1       33.08515275417
2       33.08519469167
2       33.08523445000
2       33.08525368750
2       33.08532255833
2       33.08557429167
4       33.08557431250
1       33.08557443333
2       33.08567336667
2       33.08567532500
2       33.08596483333
4       33.08596485000
1       33.08596497083
2       33.08602112500
2       33.08614697917
2       33.08615524583
2       33.08616355000
2       33.08638388750
4       33.08638390833
1       33.08638402917
2       33.08654545833
2       33.08656235000
2       33.08663057083
4       33.08663059167
1       33.08663071250
2       33.08678227083
2       33.08695024167
4       33.08695026250
1       33.08695038333
2       33.08716754583
4       33.08716756667
1       33.08716768750
2       33.08717241250
2       33.08725169167
2       33.08736558750
4       33.08736560417
1       33.08736572500
2       33.08737216250
2       33.08737385833
2       33.08748289167
2       33.08751171250
2       33.08756068333
2       33.08765550417
4       33.08765550417
1       33.08765564167
2       33.08769318750
2       33.08781442500
2       33.08790155000
4       33.08790157083
1       33.08790169167
2       33.08808310000
4       33.08808311667
1       33.08808323750
2       33.08815621250
2       33.08819165000
2       33.08819830000
2       33.08824637083
2       33.08824836250
2       33.08827285000
4       33.08827287083
1       33.08827299167
2       33.08838917500
2       33.08842459167
2       33.08847534583
4       33.08847534583
1       33.08847548333
2       33.08861797500
2       33.08869546667
4       33.08869546667
1       33.08869560417
2       33.08892837500
4       33.08892839583
1       33.08892851667
2       33.08892985833
2       33.08893430833
2       33.08918831667
4       33.08918831667
1       33.08918845417
2       33.08922145833
2       33.08931219167
2       33.08939170000
4       33.08939171667
1       33.08939183750
2       33.08945459167
2       33.08948089167
2       33.08949870000
2       33.08959505417
4       33.08959505417
1       33.08959519167
2       33.08960964583
2       33.08963419583
2       33.08974246667
2       33.09006076667
4       33.09006076667
1       33.09006090417
2       33.09022785417
2       33.09056226667
4       33.09056226667
1       33.09056240417
2       33.09060335833
2       33.09077394583
4       33.09077396667
1       33.09077408333
2       33.09078650417
2       33.09126445417
4       33.09126447083
1       33.09126459167
2       33.09126983750
2       33.09132532083
2       33.09135787917
2       33.09141746250
2       33.09158773333
4       33.09158775000
1       33.09158787083
2       33.09163717917
2       33.09208259167
4       33.09208260833
1       33.09208272917
2       33.09208456250
2       33.09209084583
2       33.09211212500
2       33.09211871250
2       33.09213560417
2       33.09214785000
2       33.09224695833
2       33.09245788333
4       33.09245790417
1       33.09245802500
2       33.09247382917
2       33.09251019167
2       33.09278710417
4       33.09278712500
1       33.09278724167
2       33.09300480417
2       33.09300677083
4       33.09300679167
1       33.09300691250
2       33.09326682083
4       33.09326684167
1       33.09326695833
2       33.09326735833
2       33.09327167917
2       33.09331085833
2       33.09345850417
4       33.09345850417
1       33.09345864167
2       33.09350057500
2       33.09351653333
2       33.09360326250
2       33.09360860833
2       33.09392256667
4       33.09392256667
1       33.09392270417
2       33.09401426667
2       33.09410639167
2       33.09410930833
4       33.09410932500
1       33.09410944583
2       33.09437897500
4       33.09437897500
1       33.09437911250
2       33.09483874583
4       33.09483876667
1       33.09483888750
2       33.09484899583
2       33.09499080000
2       33.09499373333
2       33.09513883333
4       33.09513885417
1       33.09513897500
2       33.09525609167
2       33.09539859583
4       33.09539861667
1       33.09539873750
2       33.09550781667
2       33.09567540000
4       33.09567542083
1       33.09567553750
2       33.09569464167
2       33.09591528750
4       33.09591530833
1       33.09591542917
2       33.09596489167
2       33.09616595417
4       33.09616597500
1       33.09616609167
2       33.09617496250
2       33.09618690833
2       33.09626604167
2       33.09626967917
2       33.09643828333
4       33.09643830000
1       33.09643842083
2       33.09659855417
2       33.09660122500
2       33.09666078333
4       33.09666080000
1       33.09666092083
2       33.09679594583
2       33.09682442083
2       33.09705606667
4       33.09705606667
1       33.09705620417
2       33.09708151667
2       33.09709072083
2       33.09719812500
2       33.09729151250
4       33.09729153333
1       33.09729165417
2       33.09742225833
2       33.09759860833
4       33.09759862917
1       33.09759875000
2       33.09760911667
2       33.09763532083
2       33.09766572500
2       33.09768431250
2       33.09775557083
2       33.09782075417
4       33.09782077500
1       33.09782089583
2       33.09783757083
2       33.09785687917
2       33.09790721250
2       33.09799206667
2       33.09803076250
4       33.09803077917
1       33.09803090000
2       33.09807757083
2       33.09817352917
2       33.09819474167
2       33.09822453333
2       33.09823521667
4       33.09823521667
1       33.09823535417
2       33.09848629167
4       33.09848631250
1       33.09848643333
2       33.09851280000
2       33.09854458333
2       33.09867666250
4       33.09867668333
1       33.09867680417
2       33.09873132083
2       33.09874554583
2       33.09886348333
4       33.09886350000
1       33.09886362083
2       33.09890693333
2       33.09891779167
2       33.09893770000
2       33.09906254583
4       33.09906254583
1       33.09906268333
2       33.09915727500
2       33.09916183333
2       33.09920531250
2       33.09968755417
4       33.09968757500
1       33.09968769583
2       33.09976344167
2       33.09980390000
2       33.09986154583
2       33.10000898333
4       33.10000900000
1       33.10000912083
2       33.10065385417
4       33.10065387500
1       33.10065399167
2       33.10083829583
4       33.10083831667
1       33.10083843333
2       33.10086708333
2       33.10089158333
2       33.10090649167
2       33.10096512083
2       33.10109296667
4       33.10109296667
1       33.10109310417
2       33.10121055000
2       33.10152859167
4       33.10152860833
1       33.10152872917
2       33.10180453750
4       33.10180453750
1       33.10180467500
2       33.10183203750
2       33.10186038333
2       33.10193191667
2       33.10205743333
4       33.10205745000
1       33.10205757083
2       33.10207474583
2       33.10233633333
4       33.10233635417
1       33.10233647500
2       33.10251094583
4       33.10251094583
1       33.10251108333
2       33.10270835833
4       33.10270837500
1       33.10270849583
2       33.10271665833
2       33.10275871667
2       33.10304430000
4       33.10304432083
1       33.10304443750
2       33.10307736667
2       33.10312967500
2       33.10325857083
4       33.10325858750
1       33.10325870833
2       33.10330500833
2       33.10338440833
2       33.10363916667
4       33.10363916667
1       33.10363930417
2       33.10368547917
2       33.10371461250
2       33.10382393333
2       33.10389288750
4       33.10389290833
1       33.10389302917
2       33.10401266250
2       33.10415551667
4       33.10415551667
1       33.10415565417
2       33.10417907917
2       33.10425789583
2       33.10431781667
2       33.10444044167
4       33.10444045833
1       33.10444057917
2       33.10455870417
2       33.10464339583
2       33.10465863750
4       33.10465865833
1       33.10465877917
2       33.10467716667
2       33.10479054167
2       33.10501113750
4       33.10501115833
1       33.10501127917
2       33.10515716667
2       33.10520651667
2       33.10523926667
4       33.10523926667
1       33.10523940417
2       33.10538469583
2       33.10544367917
4       33.10544369583
1       33.10544381667
2       33.10603818750
4       33.10603820417
1       33.10603832500
2       33.10607866250
2       33.10623266250
4       33.10623267917
1       33.10623280000
2       33.10635748333
2       33.10646412500
4       33.10646412500
1       33.10646426250
2       33.10662575000
2       33.10663250417
2       33.10668440417
4       33.10668442500
1       33.10668454583
2       33.10679536667
2       33.10680820000
2       33.10688180417
4       33.10688180417
1       33.10688194167
2       33.10707896250
4       33.10707898333
1       33.10707910000
2       33.10732571667
4       33.10732573750
1       33.10732585833
2       33.10749426667
4       33.10749428750
1       33.10749440833
2       33.10750251250
2       33.10766219167
2       33.10775729167
4       33.10775731250
1       33.10775743333
2       33.10778143750
2       33.10788674583
2       33.10795925417
4       33.10795925417
1       33.10795939167
2       33.10816298333
4       33.10816300417
1       33.10816312500
2       33.10835809167
4       33.10835811250
1       33.10835823333
2       33.10839189583
2       33.10862343750
4       33.10862345417
1       33.10862357500
2       33.10866756667
2       33.10882643333
4       33.10882645000
1       33.10882657083
2       33.10888148750
2       33.10934284583
4       33.10934286667
1       33.10934298750
2       33.10963958750
4       33.10963960833
1       33.10963972917
2       33.10979065000
2       33.10998176667
4       33.10998176667
1       33.10998190417
2       33.11005635000
2       33.11029841667
4       33.11029843750
1       33.11029855417
2       33.11037160833
2       33.11047499583
2       33.11047860417
2       33.11052735833
4       33.11052737500
1       33.11052749583
2       33.11059198333
2       33.11087111250
4       33.11087112917
1       33.11087125000
2       33.11094431667
2       33.11111017500
4       33.11111019583
1       33.11111031667
2       33.11114346667
2       33.11120892083
2       33.11125699167
2       33.11132391667
4       33.11132391667
1       33.11132405417
2       33.11135181667
2       33.11136001667
2       33.11139545417
2       33.11145249167
2       33.11159289167
4       33.11159290833
1       33.11159302917
2       33.11163762917
2       33.11164356667
2       33.11165185833
2       33.11170656250
2       33.11171876667
2       33.11174732917
2       33.11189765833
4       33.11189767917
1       33.11189779583
2       33.11211195417
4       33.11211197500
1       33.11211209167
2       33.11216165417
2       33.11223650833
2       33.11224579583
2       33.11231298333
4       33.11231300000
1       33.11231312083
2       33.11235339167
2       33.11241265417
2       33.11242435417
2       33.11276275417
4       33.11276277500
1       33.11276289167
2       33.11292741667
2       33.11300020417
4       33.11300022500
1       33.11300034583
2       33.11335433750
4       33.11335435417
1       33.11335447500
2       33.11336261250
2       33.11352432917
2       33.11355771250
4       33.11355773333
1       33.11355785000
2       33.11358087083
2       33.11360841250
2       33.11380940000
4       33.11380942083
1       33.11380954167
2       33.11389127083
2       33.11389720833
2       33.11397339167
2       33.11404624583
4       33.11404626667
1       33.11404638333
2       33.11421812083
4       33.11421814167
1       33.11421826250
2       33.11426876250
2       33.11434902917
2       33.11438015833
2       33.11447619167
4       33.11447620833
1       33.11447632917
2       33.11455404583
2       33.11459590833
2       33.11460047083
2       33.11460872917
2       33.11469023750
4       33.11469025833
1       33.11469037917
2       33.11514165417
4       33.11514165417
1       33.11514179167
2       33.11536458750
4       33.11536460833
1       33.11536472500
2       33.11547678333
2       33.11548243333
2       33.11550593750
2       33.11552087083
2       33.11560666667
4       33.11560668750
1       33.11560680833
2       33.11588030000
4       33.11588031667
1       33.11588043750
2       33.11614148333
4       33.11614150417
1       33.11614162500
2       33.11623706667
2       33.11624210833
2       33.11636625000
4       33.11636627083
1       33.11636638750
2       33.11650567500
2       33.11658186667
4       33.11658186667
1       33.11658200417
2       33.11672956250
2       33.11684053750
4       33.11684055833
1       33.11684067500
2       33.11685473333
2       33.11696206667
2       33.11700085417
2       33.11704153750
4       33.11704155833
1       33.11704167917
2       33.11714992500
2       33.11734398333
4       33.11734400417
1       33.11734412500
2       33.11744396667
2       33.11750922083
2       33.11756355000
4       33.11756357083
1       33.11756368750
2       33.11764711250
2       33.11768975833
2       33.11774707917
4       33.11774709583
1       33.11774721667
2       33.11782356250
2       33.11789906667
2       33.11789978750
2       33.11795814583
4       33.11795816667
1       33.11795828750
2       33.11811305000
2       33.11817471250
4       33.11817473333
1       33.11817485417
2       33.11818503333
2       33.11818858333
2       33.11869013333
4       33.11869015417
1       33.11869027500
2       33.11870265417
2       33.11870307500
2       33.11876561250
2       33.11879672917
2       33.11895436250
4       33.11895437917
1       33.11895450000
2       33.11910713333
2       33.11917999583
4       33.11917999583
1       33.11918013333
2       33.11921775000
2       33.11928716667
2       33.11933827500
2       33.11942582083
4       33.11942584167
1       33.11942595833
2       33.11942638333
2       33.11959167083
4       33.11959168750
1       33.11959180833
2       33.11984767500
4       33.11984769583
1       33.11984781667
2       33.11993420000
2       33.12026769583
4       33.12026771667
1       33.12026783750
2       33.12029194583
2       33.12067200417
4       33.12067202500
1       33.12067214583
2       33.12086091250
4       33.12086092917
1       33.12086105000
2       33.12095903333
2       33.12099704167
2       33.12100802500
2       33.12105865417
2       33.12106999583
4       33.12107001667
1       33.12107013750
2       33.12107292500
2       33.12129316667
4       33.12129316667
1       33.12129330417
2       33.12139162083
2       33.12154269583
4       33.12154271667
1       33.12154283750
2       33.12203585417
4       33.12203587083
1       33.12203599167
2       33.12208383333
2       33.12213382083
2       33.12227102917
4       33.12227105000
1       33.12227117083
2       33.12230052500
2       33.12230677917
2       33.12239517917
2       33.12247000000
4       33.12247002083
1       33.12247014167
2       33.12247435833
2       33.12250881250
2       33.12251449167
2       33.12252236250
2       33.12276319583
4       33.12276319583
1       33.12276333333
2       33.12276452083
2       33.12295462083
2       33.12318246667
4       33.12318248750
1       33.12318260417
2       33.12323249167
2       33.12368466667
4       33.12368466667
1       33.12368480417
2       33.12388139167
4       33.12388140833
1       33.12388152917
2       33.12420067917
4       33.12420070000
1       33.12420082083
2       33.12434236667
2       33.12459419583
4       33.12459419583
1       33.12459433333
2       33.12461303750
2       33.12486910417
4       33.12486912500
1       33.12486924583
2       33.12519037083
4       33.12519039167
1       33.12519050833
2       33.12542661667
4       33.12542661667
1       33.12542675417
2       33.12552628750
2       33.12602646250
4       33.12602648333
1       33.12602660417
2       33.12626753750
4       33.12626755417
1       33.12626767500
2       33.12639407083
2       33.12652588333
4       33.12652590000
1       33.12652602083
2       33.12657828333
2       33.12660771667
2       33.12662029583
2       33.12669785000
2       33.12695386250
4       33.12695388333
1       33.12695400417
2       33.12709394583
2       33.12726257500
4       33.12726257500
1       33.12726271250
2       33.12731023750
2       33.12747789167
4       33.12747790833
1       33.12747802917
2       33.12748015833
2       33.12752619167
2       33.12766896667
2       33.12769022917
2       33.12770276250
4       33.12770277917
1       33.12770290000
2       33.12781710833
2       33.12790452500
4       33.12790454583
1       33.12790466250
2       33.12801057917
2       33.12805853750
2       33.12809431250
4       33.12809433333
1       33.12809445000
2       33.12827509583
4       33.12827509583
1       33.12827523333
2       33.12834469167
2       33.12847452917
4       33.12847455000
1       33.12847467083
2       33.12849115000
2       33.12882070417
4       33.12882072500
1       33.12882084583
2       33.12882227500
2       33.12903032917
4       33.12903035000
1       33.12903047083
2       33.12905325833
2       33.12907036667
2       33.12908856667
2       33.12914951667
2       33.12919625417
2       33.12973284583
4       33.12973286667
1       33.12973298750
2       33.12977559167
2       33.12984821250
2       33.12985742083
2       33.12991498750
4       33.12991500417
1       33.12991512500
2       33.12999950000
2       33.13005574583
2       33.13011579167
4       33.13011580833
1       33.13011592917
2       33.13052885417
4       33.13052887500
1       33.13052899167
2       33.13062393750
2       33.13085934583
4       33.13085934583
1       33.13085948333
2       33.13100410417
2       33.13104348333
4       33.13104350000
1       33.13104362083
2       33.13110186667
2       33.13124325000
4       33.13124327083
1       33.13124339167
2       33.13125156667
2       33.13126480417
2       33.13163144167
4       33.13163146250
1       33.13163158333
2       33.13164143750
2       33.13166626250
2       33.13172749583
2       33.13193390417
4       33.13193390417
1       33.13193404167
2       33.13193652500
2       33.13218632500
4       33.13218634583
1       33.13218646667
2       33.13231706667
2       33.13250821250
4       33.13250822917
1       33.13250835000
2       33.13254000417
2       33.13283450833
4       33.13283452500
1       33.13283464583
2       33.13305708750
4       33.13305710833
1       33.13305722500
2       33.13307102917
2       33.13323228333
2       33.13326505417
2       33.13339686250
4       33.13339688333
1       33.13339700000
2       33.13348300000
2       33.13368704583
4       33.13368706667
1       33.13368718750
2       33.13371782083
2       33.13374101250
2       33.13398517083
4       33.13398519167
1       33.13398531250
2       33.13433293750
4       33.13433295417
1       33.13433307500
2       33.13435647500
2       33.13444527500
2       33.13450021250
2       33.13457968750
4       33.13457970417
1       33.13457982500
2       33.13468376667
2       33.13471846667
2       33.13503080417
4       33.13503080417
1       33.13503094167
2       33.13509546250
2       33.13546143750
4       33.13546145417
1       33.13546157500
2       33.13556310000
2       33.13557797917
2       33.13564559167
2       33.13570029167
4       33.13570031250
1       33.13570043333
2       33.13571548333
2       33.13573903333
2       33.13614672083
4       33.13614673750
1       33.13614685833
2       33.13637863750
4       33.13637863750
1       33.13637877500
2       33.13643390000
2       33.13657032083
4       33.13657033750
1       33.13657045833
2       33.13657861250
2       33.13681879583
4       33.13681881667
1       33.13681893750
2       33.13682674167
2       33.13686845417
2       33.13701285833
4       33.13701287917
1       33.13701300000
2       33.13734047917
4       33.13734050000
1       33.13734062083
2       33.13747030000
2       33.13755909167
4       33.13755910833
1       33.13755922917
2       33.13758364583
2       33.13764816250
2       33.13772011250
2       33.13780186667
4       33.13780186667
1       33.13780200417
2       33.13791850417
2       33.13813705000
4       33.13813707083
1       33.13813718750
2       33.13825335417
2       33.13825728750
2       33.13842032917
4       33.13842034583
1       33.13842046667
2       33.13848819167
2       33.13866362083
4       33.13866364167
1       33.13866375833
2       33.13878795833
2       33.13892612083
4       33.13892613750
1       33.13892625833
2       33.13897804167
2       33.13911751250
2       33.13913968333
4       33.13913970000
1       33.13913982083
2       33.13915231667
2       33.13925462500
2       33.13932050833
2       33.13932615000
4       33.13932616667
1       33.13932628750
2       33.13946170417
2       33.13956727917
4       33.13956729583
1       33.13956741667
2       33.13966797500
2       33.14000263750
4       33.14000265417
1       33.14000277500
2       33.14246223333
4       33.14246225000
1       33.14246237083
2       33.14256654583
2       33.14263320000
2       33.14273914167
4       33.14273916250
1       33.14273927917
2       33.14278188333
2       33.14281302500
2       33.14281466667
2       33.14293258750
2       33.14300276667
4       33.14300276667
1       33.14300290417
2       33.14300410000
2       33.14300978333
2       33.14302824583
2       33.14312799167
2       33.14324595417
4       33.14324595417
1       33.14324609167
2       33.14328830000
2       33.14397823333
4       33.14397825000
1       33.14397837083
2       33.14400246250
2       33.14400608333
2       33.14403588750
2       33.14408987083
2       33.14409651667
2       33.14412080000
2       33.14413433750
2       33.14416640833
4       33.14416642917
1       33.14416655000
2       33.14419557500
2       33.14429389167
2       33.14442538750
4       33.14442540417
1       33.14442552500
2       33.14500009167
4       33.14500011250
1       33.14500023333
2       33.14500213333
2       33.14521170833
4       33.14521172917
1       33.14521185000
2       33.14542008750
4       33.14542010833
1       33.14542022500
2       33.14550060833
2       33.14552149167
2       33.14617857917
4       33.14617859583
1       33.14617871667
2       33.14640720417
4       33.14640722500
1       33.14640734583
2       33.14641807917
2       33.14658872083
2       33.14659834583
2       33.14660360000
2       33.14684308333
4       33.14684310000
1       33.14684322083
2       33.14694440833
2       33.14694873333
2       33.14706502917
4       33.14706504583
1       33.14706516667
2       33.14712325417
2       33.14727891667
2       33.14733656250
4       33.14733657917
1       33.14733670000
2       33.14754264167
2       33.14757933333
4       33.14757935000
1       33.14757947083
2       33.14762940417
2       33.14775165833
2       33.14793279583
4       33.14793279583
1       33.14793293333
2       33.14796751667
2       33.14818051250
4       33.14818052917
1       33.14818065000
2       33.14824047083
2       33.14884892917
4       33.14884895000
1       33.14884906667
2       33.14889335417
2       33.14903680000
4       33.14903681667
1       33.14903693750
2       33.14909508333
2       33.14936499167
4       33.14936500833
1       33.14936512917
2       33.14938324167
2       33.14940007500
2       33.14957897917
2       33.14960375833
4       33.14960377500
1       33.14960389583
2       33.14977372500
2       33.14993438750
4       33.14993440417
1       33.14993452500
2       33.15004837500
2       33.15014702500
4       33.15014704583
1       33.15014716667
2       33.15031892083
2       33.15031960000
2       33.15043607917
4       33.15043610000
1       33.15043622083
2       33.15047103333
2       33.15053957500
2       33.15058132500
2       33.15073432500
4       33.15073434583
1       33.15073446250
2       33.15091515417
4       33.15091517500
1       33.15091529167
2       33.15100889583
2       33.15122748750
4       33.15122750417
1       33.15122762500
2       33.15125695000
2       33.15129006250
2       33.15140008333
4       33.15140010417
1       33.15140022500
2       33.15144215417
2       33.15152928750
2       33.15175579167
4       33.15175581250
1       33.15175593333
2       33.15180221667
2       33.15183130000
2       33.15213105417
4       33.15213105417
1       33.15213119167
2       33.15240763750
4       33.15240765833
1       33.15240777917
2       33.15256723333
2       33.15256960833
2       33.15265680417
4       33.15265682500
1       33.15265694583
2       33.15269151667
2       33.15278554167
2       33.15289890000
4       33.15289892083
1       33.15289904167
2       33.15301550833
2       33.15305619167
2       33.15310384583
4       33.15310384583
1       33.15310398333
2       33.15312773750
2       33.15326851667
2       33.15327412917
2       33.15731781667
4       33.15731783750
1       33.15731795833
2       33.15739364167
2       33.15744557083
2       33.15759759583
4       33.15759761667
1       33.15759773333
2       33.15762610417
2       33.15777220417
4       33.15777220417
1       33.15777234167
2       33.15781665833
2       33.15806861250
4       33.15806862917
1       33.15806875000
2       33.15811902500
2       33.15812000000
2       33.15812828333
2       33.15814957083
2       33.15835381250
4       33.15835383333
1       33.15835395000
2       33.15847447917
2       33.15848238333
2       33.15868969167
4       33.15868970833
1       33.15868982917
2       33.15896762083
4       33.15896763750
1       33.15896775833
2       33.15916563750
4       33.15916565833
1       33.15916577917
2       33.15917192500
2       33.15937602083
4       33.15937604167
1       33.15937616250
2       33.15939918750
2       33.15950029583
2       33.15967412083
4       33.15967413750
1       33.15967425833
2       33.15986424583
4       33.15986424583
1       33.15986438333
2       33.16038327083
4       33.16038329167
1       33.16038341250
2       33.16039656667
2       33.16043256667
2       33.16057699167
4       33.16057700833
1       33.16057712917
2       33.16067942917
2       33.16068404583
2       33.16069963750
2       33.16085889583
4       33.16085891667
1       33.16085903333
2       33.16087415000
2       33.16093837500
2       33.16104208333
2       33.16104310417
2       33.16104579167
4       33.16104581250
1       33.16104592917
2       33.16132821250
4       33.16132823333
1       33.16132835417
2       33.16136830833
2       33.16153233750
4       33.16153235833
1       33.16153247500
2       33.16164486250
2       33.16169991250
2       33.16181117500
4       33.16181119583
1       33.16181131667
2       33.16184066667
2       33.16186946250
2       33.16217543333
4       33.16217545000
1       33.16217557083
2       33.16252396250
4       33.16252397917
1       33.16252410000
2       33.16253490833
2       33.16280458333
4       33.16280460000
1       33.16280472083
2       33.16292147083
2       33.16300099583
4       33.16300101667
1       33.16300113750
2       33.16301420417
2       33.16311978750
2       33.16313242917
2       33.16314699583
2       33.16327250417
4       33.16327252500
1       33.16327264167
2       33.16330233333
2       33.16331855417
2       33.16352227500
4       33.16352229583
1       33.16352241667
2       33.16363123750
2       33.16377866250
4       33.16377868333
1       33.16377880417
2       33.16379290417
2       33.16391681250
2       33.16399263333
4       33.16399265417
1       33.16399277500
2       33.16429341667
4       33.16429343750
1       33.16429355833
2       33.16454912083
4       33.16454914167
1       33.16454926250
2       33.16455211667
2       33.16456731667
2       33.16488201250
4       33.16488203333
1       33.16488215417
2       33.16511846250
4       33.16511847917
1       33.16511860000
2       33.16533913333
4       33.16533915000
1       33.16533927083
2       33.16593001250
4       33.16593003333
1       33.16593015000
2       33.16630065417
4       33.16630067500
1       33.16630079583
2       33.16990307083
4       33.16990309167
1       33.16990321250
2       33.16995611250
2       33.17004349583
2       33.17006368333
2       33.17021306250
4       33.17021308333
1       33.17021320417
2       33.17037238750
2       33.17043793750
4       33.17043795417
1       33.17043807500
2       33.17066618333
4       33.17066620417
1       33.17066632083
2       33.17104284583
4       33.17104284583
1       33.17104298333
2       33.17136907500
4       33.17136907500
1       33.17136921250
2       33.17158010833
4       33.17158012917
1       33.17158024583
2       33.17167415833
2       33.17185673333
4       33.17185675000
1       33.17185687083
2       33.17185932083
2       33.17186261250
2       33.17189109583
2       33.17213781250
4       33.17213783333
1       33.17213795000
2       33.17224512500
2       33.17231571667
4       33.17231573750
1       33.17231585417
2       33.17242561250
2       33.17246347917
2       33.17253695000
4       33.17253697083
1       33.17253709167
2       33.17286717917
4       33.17286719583
1       33.17286731667
2       33.17295662917
2       33.17297313750
2       33.17313453333
4       33.17313455000
1       33.17313467083
2       33.17317490000
2       33.17320364583
2       33.17331402083
4       33.17331403750
1       33.17331415833
2       33.17332131667
2       33.17346603750
2       33.17360441667
4       33.17360443750
1       33.17360455833
2       33.17364659583
2       33.17366106250
2       33.17401030000
4       33.17401031667
1       33.17401043750
2       33.17405562083
2       33.17436932917
4       33.17436934583
1       33.17436946667
2       33.17437691250
2       33.17459681667
4       33.17459681667
1       33.17459695417
2       33.17483828750
4       33.17483830417
1       33.17483842500
2       33.17497581667
2       33.17506457500
4       33.17506457500
1       33.17506471250
2       33.17507281667
2       33.17519867917
2       33.17549677500
4       33.17549679583
1       33.17549691667
2       33.17558196667
2       33.17558292500
2       33.17634606250
4       33.17634607917
1       33.17634620000
2       33.17637859583
2       33.17639546667
2       33.17672332917
4       33.17672335000
1       33.17672347083
2       33.17679323333
2       33.17706389583
4       33.17706391667
1       33.17706403333
2       33.17710622917
2       33.17763387083
4       33.17763388750
1       33.17763400833
2       33.17778962917
2       33.17785816667
4       33.17785818750
1       33.17785830833
2       33.17802110833
2       33.17807474167
4       33.17807475833
1       33.17807487917
2       33.17816843333
2       33.17822906250
2       33.17840164583
4       33.17840166667
1       33.17840178750
2       33.17849767917
2       33.17865072500
4       33.17865074583
1       33.17865086667
2       33.17867062500
2       33.17870104583
2       33.17871201667
2       33.17941759167
4       33.17941761250
1       33.17941773333
2       33.17942247917
2       33.17972393750
4       33.17972395417
1       33.17972407500
2       33.17988250833
2       33.17991836250
2       33.18028597500
4       33.18028599583
1       33.18028611250
2       33.18035757083
2       33.18040855000
2       33.18310001667
2       33.18313853750
4       33.18313855833
1       33.18313867917
2       33.18315175000
2       33.18316974583
2       33.18320639167
2       33.18343998333
4       33.18344000000
1       33.18344012083
2       33.18356312500
2       33.18374867083
4       33.18374868750
1       33.18374880833
2       33.18379167500
2       33.18379202917
2       33.18400332917
4       33.18400335000
1       33.18400346667
2       33.18453695417
4       33.18453697500
1       33.18453709583
2       33.18456543333
2       33.18462414583
2       33.18476382083
4       33.18476384167
1       33.18476396250
2       33.18498307917
4       33.18498310000
1       33.18498321667
2       33.18504671250
2       33.18507386250
2       33.18510302083
2       33.18512390417
2       33.18541736250
4       33.18541738333
1       33.18541750000
2       33.18551570833
2       33.18559753333
4       33.18559755000
1       33.18559767083
2       33.18586453333
4       33.18586455000
1       33.18586467083
2       33.18609737500
4       33.18609739583
1       33.18609751667
2       33.18614407917
2       33.18669454583
4       33.18669454583
1       33.18669468333
2       33.18726720417
4       33.18726722500
1       33.18726734583
2       33.18766012083
4       33.18766014167
1       33.18766026250
2       33.18767467500
2       33.18770550000
2       33.18778234583
2       33.18785090833
2       33.18786904167
2       33.18796777917
4       33.18796779583
1       33.18796791667
2       33.18797050833
2       33.18797242917
2       33.18801582083
2       33.18802183333
2       33.18816290417
2       33.18845511667
4       33.18845511667
1       33.18845525417
2       33.18845546667
2       33.18846260417
2       33.18850442083
2       33.18852763750
2       33.18886111667
4       33.18886113750
1       33.18886125833
2       33.18894758750
2       33.18900190000
2       33.18910592917
4       33.18910594583
1       33.18910606667
2       33.18912782500
2       33.18920465000
2       33.18945069167
4       33.18945070833
1       33.18945082917
2       33.18947984583
2       33.18957166667
2       33.18967129583
4       33.18967129583
1       33.18967143333
2       33.18983199583
2       33.18991548333
4       33.18991550000
1       33.18991562083
2       33.19001512083
2       33.19002930833
2       33.19005451667
2       33.19009432500
2       33.19023177917
4       33.19023179583
1       33.19023191667
2       33.19026226250
2       33.19035692917
2       33.19064683750
4       33.19064685833
1       33.19064697500
2       33.19078452917
2       33.19081938750
2       33.19086743750
4       33.19086745833
1       33.19086757500
2       33.19110817083
4       33.19110819167
1       33.19110831250
2       33.19146100833
4       33.19146102500
1       33.19146114583
2       33.19151127083
2       33.19157880417
2       33.19170045000
4       33.19170046667
1       33.19170058750
2       33.19182525417
2       33.19201770000
4       33.19201772083
1       33.19201784167
2       33.19211307083
2       33.19233474583
4       33.19233474583
1       33.19233488333
2       33.19247415417
2       33.19249900000
2       33.19250851667
2       33.19264704583
4       33.19264704583
1       33.19264718333
2       33.19267754583
2       33.19276826250
2       33.19279807917
2       33.19294180833
4       33.19294182500
1       33.19294194583
2       33.19305018333
2       33.19313237917
4       33.19313240000
1       33.19313251667
2       33.19316082500
2       33.19321937083
2       33.19344057500
4       33.19344059583
1       33.19344071667
2       33.19346478750
2       33.19399345833
4       33.19399347917
1       33.19399360000
2       33.19416474167
2       33.19425720417
4       33.19425722500
1       33.19425734583
2       33.19441778333
2       33.19444460833
4       33.19444462500
1       33.19444474583
2       33.19500079167
4       33.19500080833
1       33.19500092917
2       33.19520678333
4       33.19520680000
1       33.19520692083
2       33.19530816667
2       33.19540452500
2       33.19561620000
4       33.19561621667
1       33.19561633750
2       33.19571291667
2       33.19578381250
2       33.19596495417
4       33.19596497500
1       33.19596509583
2       33.19607615000
2       33.19608880833
2       33.19620010000
4       33.19620012083
1       33.19620024167
2       33.19628623333
2       33.19640846250
4       33.19640847917
1       33.19640860000
2       33.19662804167
4       33.19662805833
1       33.19662817917
2       33.19666049583
2       33.19688137917
4       33.19688140000
1       33.19688152083
2       33.19692121667
2       33.19693675833
2       33.19733252500
4       33.19733252500
1       33.19733266250
2       33.19745313750
2       33.19751018750
4       33.19751020833
1       33.19751032917
2       33.19818915833
4       33.19818917917
1       33.19818930000
2       33.19868987917
4       33.19868990000
1       33.19869002083
2       33.19883037500
2       33.19903009583
4       33.19903009583
1       33.19903023333
2       33.19905027083
2       33.19911750000
2       33.19919974167
2       33.19922424167
2       33.19940184583
4       33.19940184583
1       33.19940198333
2       33.19945543333
2       33.19946436667
2       33.19987840833
4       33.19987842917
1       33.19987855000
2       33.19993962500
2       33.20000291667
2       33.20037394167
4       33.20037395833
1       33.20037407917
2       33.20048155000
2       33.20052549583
2       33.20060507917
4       33.20060509583
1       33.20060521667
2       33.20123046667
4       33.20123046667
1       33.20123060417
2       33.20127418750
2       33.20127448750
2       33.20160735417
4       33.20160737083
1       33.20160749167
2       33.20182003750
4       33.20182005833
1       33.20182017917
2       33.20203557500
4       33.20203559583
1       33.20203571667
2       33.20210449583
2       33.20227205417
4       33.20227207500
1       33.20227219583
2       33.20227247083
2       33.20228975000
2       33.20230797917
2       33.20241331667
2       33.20241455000
2       33.20255535000
4       33.20255536667
1       33.20255548750
2       33.20263750417
2       33.20279782917
4       33.20279784583
1       33.20279796667
2       33.20280346667
2       33.20288486667
2       33.20303828333
4       33.20303830000
1       33.20303842083
2       33.20326247500
4       33.20326249583
1       33.20326261667
2       33.20327907083
2       33.20334898750
2       33.20348279167
4       33.20348280833
1       33.20348292917
2       33.20350000417
2       33.20352917083
2       33.20370175000
4       33.20370177083
1       33.20370188750
2       33.20378225000
2       33.20386709167
2       33.20390177083
4       33.20390179167
1       33.20390191250
2       33.20396641667
2       33.20408263333
4       33.20408265000
1       33.20408277083
2       33.20894205833
4       33.20894207917
1       33.20894220000
2       33.20897158750
2       33.20911860000
2       33.20914377500
4       33.20914377500
1       33.20914391250
2       33.20926732083
2       33.20938457083
4       33.20938459167
1       33.20938470833
2       33.20946007500
2       33.20958595000
2       33.20978301667
4       33.20978301667
1       33.20978315417
2       33.20979593333
2       33.20991549167
2       33.20994342917
2       33.21016290833
4       33.21016292500
1       33.21016304583
2       33.21018189167
2       33.21031899167
2       33.21053227500
4       33.21053229583
1       33.21053241667
2       33.21056840000
2       33.21085685417
4       33.21085685417
1       33.21085699167
2       33.21087445000
2       33.21088601250
2       33.21105104167
4       33.21105106250
1       33.21105117917
2       33.21119938333
2       33.21137980417
4       33.21137982500
1       33.21137994583
2       33.21146536667
2       33.21166745833
4       33.21166747917
1       33.21166759583
2       33.21180285000
2       33.21200100000
4       33.21200102083
1       33.21200113750
2       33.21264456667
4       33.21264456667
1       33.21264470417
2       33.21265047500
2       33.21280819167
2       33.21309074167
4       33.21309076250
1       33.21309088333
2       33.21368721250
4       33.21368723333
1       33.21368735417
2       33.21374057917
2       33.21392835000
4       33.21392837083
1       33.21392849167
2       33.21473952083
4       33.21473954167
1       33.21473966250
2       33.21477528333
2       33.21486697917
2       33.21492902500
2       33.21528441250
4       33.21528442917
1       33.21528455000
2       33.21539366250
2       33.21556470000
4       33.21556472083
1       33.21556483750
2       33.21619495833
4       33.21619497500
1       33.21619509583
2       33.21624131667
2       33.21627613750
2       33.21627972917
2       33.21630572500
2       33.21635034167
2       33.21636050417
2       33.21637287500
2       33.21639628333
2       33.21643740417
4       33.21643742500
1       33.21643754583
2       33.21659207500
2       33.21660233333
2       33.21664405417
2       33.21666060417
4       33.21666060417
1       33.21666074167
2       33.21679319167
2       33.21726243333
4       33.21726245000
1       33.21726257083
2       33.21738632500
2       33.21746813333
2       33.21747847083
4       33.21747849167
1       33.21747861250
2       33.21765128750
2       33.21771132083
4       33.21771134167
1       33.21771146250
2       33.21781301667
2       33.21799685417
4       33.21799687500
1       33.21799699583
2       33.21800548750
2       33.21811049167
2       33.21815946667
2       33.21817822500
4       33.21817824583
1       33.21817836667
2       33.21824384583
2       33.21825650417
2       33.21849592500
4       33.21849592500
1       33.21849606250
2       33.21863077500
2       33.21868275000
4       33.21868276667
1       33.21868288750
2       33.21876287083
2       33.22276514167
4       33.22276515833
1       33.22276527917
2       33.22300951667
4       33.22300953750
1       33.22300965833
2       33.22318210417
2       33.22326954583
4       33.22326956667
1       33.22326968750
2       33.22329503750
2       33.22336339583
2       33.22342294583
2       33.22369855417
4       33.22369855417
1       33.22369869167
2       33.22389463750
2       33.22415064167
4       33.22415065833
1       33.22415077917
2       33.22428674583
2       33.22431692917
2       33.22440964583
4       33.22440964583
1       33.22440978333
2       33.22451270833
2       33.22457700000
2       33.22466340000
4       33.22466341667
1       33.22466353750
2       33.22471667917
2       33.22494557500
4       33.22494557500
1       33.22494571250
2       33.22514067500
4       33.22514069583
1       33.22514081667
2       33.22517317083
2       33.22523609583
2       33.22568695833
4       33.22568697917
1       33.22568709583
2       33.22570856667
2       33.22572435833
2       33.22573818333
2       33.22578958333
2       33.22587500417
2       33.22589124167
4       33.22589125833
1       33.22589137917
2       33.22589660000
2       33.22591043333
2       33.22605285417
2       33.22643503333
4       33.22643505417
1       33.22643517083
2       33.22649408333
2       33.22667397500
4       33.22667399583
1       33.22667411667
2       33.22685775000
2       33.22703530417
4       33.22703532500
1       33.22703544167
2       33.22709858333
2       33.22727149167
4       33.22727151250
1       33.22727163333
2       33.22761070000
4       33.22761071667
1       33.22761083750
2       33.22773250833
2       33.22786697500
4       33.22786699583
1       33.22786711250
2       33.22793025417
2       33.22799817083
2       33.22800808333
2       33.22820459583
4       33.22820461667
1       33.22820473750
2       33.22820750417
2       33.22827598750
2       33.22829300833
2       33.22871655833
4       33.22871657500
1       33.22871669583
2       33.22877788750
2       33.22905875833
4       33.22905877500
1       33.22905889583
2       33.22912040000
2       33.22913562500
2       33.22933368333
4       33.22933370417
1       33.22933382500
2       33.22935254583
2       33.22960670000
4       33.22960671667
1       33.22960683750
2       33.22966523333
2       33.22990006667
4       33.22990008750
1       33.22990020833
2       33.22990900417
2       33.23009719583
4       33.23009719583
1       33.23009733333
2       33.23021910000
2       33.23032939167
4       33.23032941250
1       33.23032953333
2       33.23034492083
2       33.23039727917
2       33.23039964583
2       33.23050785833
2       33.23057580000
4       33.23057582083
1       33.23057594167
2       33.23076163750
2       33.23082719583
4       33.23082721667
1       33.23082733333
2       33.23085899583
2       33.23086363333
2       33.23091888750
2       33.23163237083
4       33.23163238750
1       33.23163250833
2       33.23200835000
4       33.23200837083
1       33.23200848750
2       33.23203478333
2       33.23207684583
2       33.23210802500
2       33.23215473333
2       33.23218126250
2       33.23231275000
4       33.23231277083
1       33.23231289167
2       33.23255914167
4       33.23255915833
1       33.23255927917
2       33.23275222083
2       33.23276982083
4       33.23276984167
1       33.23276996250
2       33.23286750833
2       33.23288642500
2       33.23296488333
4       33.23296490417
1       33.23296502083
2       33.23693232500
2       33.23697870417
2       33.23728475833
4       33.23728477500
1       33.23728489583
2       33.23746602083
2       33.23769122083
4       33.23769124167
1       33.23769135833
2       33.23772137917
2       33.23781740417
2       33.23790547500
4       33.23790549583
1       33.23790561250
2       33.23816780417
4       33.23816780417
1       33.23816794167
2       33.23828339167
2       33.23847787917
4       33.23847789583
1       33.23847801667
2       33.23850541667
2       33.23883325000
4       33.23883327083
1       33.23883339167
2       33.23891142917
2       33.23901973333
4       33.23901975000
1       33.23901987083
2       33.23906877083
2       33.23909265000
2       33.23947949583
4       33.23947951667
1       33.23947963750
2       33.23957318333
2       33.23984614167
4       33.23984616250
1       33.23984628333
2       33.23992199583
2       33.24008692500
4       33.24008694583
1       33.24008706667
2       33.24020053333
2       33.24029925833
4       33.24029927917
1       33.24029939583
2       33.24036184583
2       33.24045334583
2       33.24071658750
4       33.24071660417
1       33.24071672500
2       33.24088722500
2       33.24104584583
4       33.24104586667
1       33.24104598750
2       33.24112635000
2       33.24125449167
4       33.24125450833
1       33.24125462917
2       33.24144463333
2       33.24183844167
4       33.24183846250
1       33.24183857917
2       33.24184311250
2       33.24203821250
4       33.24203823333
1       33.24203835417
2       33.24204121667
2       33.24214677917
2       33.24226910833
4       33.24226912500
1       33.24226924583
2       33.24241949167
2       33.24247641667
4       33.24247641667
1       33.24247655417
2       33.24258012917
2       33.24280770000
4       33.24280771667
1       33.24280783750
2       33.24288151250
2       33.24292162917
2       33.24300771667
4       33.24300771667
1       33.24300785417
2       33.24309152083
2       33.24321670000
4       33.24321672083
1       33.24321684167
2       33.24321902500
2       33.24322064583
2       33.24329445000
2       33.24404645833
4       33.24404647500
1       33.24404659583
2       33.24413583750
2       33.24433331250
4       33.24433333333
1       33.24433345417
2       33.24463632917
4       33.24463635000
1       33.24463647083
2       33.24467016250
2       33.24488206667
4       33.24488206667
1       33.24488220417
2       33.24512889167
4       33.24512891250
1       33.24512902917
2       33.24520503750
2       33.24529844167
2       33.24538322917
4       33.24538324583
1       33.24538336667
2       33.24538857500
2       33.24545246250
2       33.24545286667
2       33.24548987500
2       33.24560384583
4       33.24560386667
1       33.24560398750
2       33.24564495000
2       33.24573797917
2       33.24615258333
4       33.24615260000
1       33.24615272083
2       33.25112807917
4       33.25112810000
1       33.25112822083
2       33.25112938333
2       33.25116948333
2       33.25120591250
2       33.25148743750
4       33.25148745833
1       33.25148757917
2       33.25198422083
4       33.25198423750
1       33.25198435833
2       33.25204055000
2       33.25210776667
2       33.25231321250
4       33.25231323333
1       33.25231335000
2       33.25234927917
2       33.25237678333
2       33.25250630417
2       33.25282324167
4       33.25282326250
1       33.25282338333
2       33.25289220000
2       33.25313231250
4       33.25313233333
1       33.25313245417
2       33.25315551667
2       33.25321839167
2       33.25373120417
4       33.25373120417
1       33.25373134167
2       33.25374874583
2       33.25376062083
2       33.25386897083
2       33.25407818750
4       33.25407820417
1       33.25407832500
2       33.25415477917
2       33.25422268750
2       33.25432736667
4       33.25432736667
1       33.25432750417
2       33.25439692917
2       33.25484081250
4       33.25484082917
1       33.25484095000
2       33.25495012083
2       33.25496696667
2       33.25509050000
4       33.25509051667
1       33.25509063750
2       33.25510505000
2       33.25533030417
4       33.25533030417
1       33.25533044167
2       33.25546775000
2       33.25549297083
2       33.25555388333
4       33.25555390417
1       33.25555402083
2       33.25555887917
2       33.25557208750
2       33.25567117917
2       33.25582015833
4       33.25582017500
1       33.25582029583
2       33.25582819583
2       33.25588545000
2       33.25591557083
2       33.25617095833
4       33.25617097917
1       33.25617109583
2       33.25625630833
2       33.25663070417
4       33.25663072500
1       33.25663084583
2       33.25666114583
2       33.25673667917
2       33.25675223333
2       33.25696888750
4       33.25696890417
1       33.25696902500
2       33.25697382917
2       33.25740346250
4       33.25740347917
1       33.25740360000
2       33.25763499167
4       33.25763501250
1       33.25763513333
2       33.25785257083
4       33.25785259167
1       33.25785271250
2       33.25787576250
2       33.25789265417
2       33.25802712500
2       33.25803808333
4       33.25803810417
1       33.25803822083
2       33.25829776250
4       33.25829778333
1       33.25829790417
2       33.25847866250
4       33.25847867917
1       33.25847880000
2       33.25850706250
2       33.25853232500
2       33.25868096667
4       33.25868096667
1       33.25868110417
2       33.25948290000
4       33.25948292083
1       33.25948304167
2       33.25951795417
2       33.25964417917
2       33.25975814583
4       33.25975814583
1       33.25975828333
2       33.25986814583
2       33.26013900417
4       33.26013900417
1       33.26013914167
2       33.26032585833
4       33.26032587917
1       33.26032599583
2       33.26051931250
4       33.26051932917
1       33.26051945000
2       33.26060307500
2       33.26086435833
4       33.26086437917
1       33.26086449583
2       33.26099457500
2       33.26561708750
4       33.26561710417
1       33.26561722500
2       33.26574275833
2       33.26608950417
4       33.26608952500
1       33.26608964583
2       33.26620614167
2       33.26645457083
4       33.26645458750
1       33.26645470833
2       33.26698123750
4       33.26698125833
1       33.26698137500
2       33.26771422083
4       33.26771423750
1       33.26771435833
2       33.26849889583
4       33.26849889583
1       33.26849903333
2       33.26861675833
2       33.26866479583
2       33.26932628333
4       33.26932630000
1       33.26932642083
2       33.26937661250
2       33.26947799583
2       33.27007715000
4       33.27007716667
1       33.27007728750
2       33.27079189583
4       33.27079191667
1       33.27079203750
2       33.27098067917
4       33.27098070000
1       33.27098081667
2       33.27176676667
4       33.27176678750
1       33.27176690833
2       33.27228747500
4       33.27228749583
1       33.27228761667
2       33.27272660833
4       33.27272662500
1       33.27272674583
2       33.27332149167
4       33.27332151250
1       33.27332163333
2       33.27358725833
4       33.27358727917
1       33.27358739583
2       33.27430358750
4       33.27430360833
1       33.27430372917
2       33.27527406667
4       33.27527406667
1       33.27527420417
2       33.27590538750
4       33.27590540833
1       33.27590552917
2       33.27975024583
4       33.27975024583
1       33.27975038333
2       33.28001722083
4       33.28001723750
1       33.28001735833
2       33.28065684167
4       33.28065686250
1       33.28065698333
2       33.28140933333
4       33.28140935000
1       33.28140947083
2       33.28155447500
2       33.28156378333
2       33.28321589583
4       33.28321589583
1       33.28321603333
2       33.28439435833
4       33.28439437500
1       33.28439449583
2       33.28445465833
2       33.28499620417
4       33.28499620417
1       33.28499634167
2       33.28518265833
2       33.28557951250
4       33.28557952917
1       33.28557965000
2       33.28678980833
4       33.28678982917
1       33.28678994583
2       33.28681067500
2       33.28759269583
4       33.28759269583
1       33.28759283333
2       33.28760365417
2       33.28775235833
2       33.28806012083
4       33.28806013750
1       33.28806025833
2       33.28924055833
4       33.28924057917
1       33.28924070000
2       33.28929923750
2       33.29055752500
4       33.29055754583
1       33.29055766667
2       33.29251173750
4       33.29251175833
1       33.29251187500
2       33.29277016250
4       33.29277018333
1       33.29277030417
2       33.29400990833
4       33.29400992917
1       33.29401005000
2       33.29531785417
4       33.29531787500
1       33.29531799167
2       33.30055523750
4       33.30055525833
1       33.30055537500
2       33.30333119583
4       33.30333121667
1       33.30333133333
2       33.30574292083
4       33.30574294167
1       33.30574305833
2       33.30752089583
4       33.30752091667
1       33.30752103750
2       33.32877907083
4       33.32877909167
1       33.32877920833
2       48.42624338333
4       48.42624340000
1       48.42624352083
2       48.43355691667
4       48.43355691667
1       48.43355705417
2       48.43790247500
4       48.43790249583
1       48.43790261667
2       48.43901193750
4       48.43901195833
1       48.43901207917
2       48.44161502917
4       48.44161505000
1       48.44161517083
2       48.44231998333
4       48.44232000417
1       48.44232012500
2       48.44303258750
4       48.44303260417
1       48.44303272500
2       48.44390075417
4       48.44390075417
1       48.44390089167
2       48.44927205833
4       48.44927207500
1       48.44927219583
2       48.44995995000
4       48.44995996667
1       48.44996008750
2       48.45372278333
4       48.45372280000
1       48.45372292083
2       48.45691850000
4       48.45691851667
1       48.45691863750
2       48.45763264167
4       48.45763266250
1       48.45763277917
2       48.45807058333
4       48.45807060417
1       48.45807072500
2       48.45817556667
2       48.45822652500
2       48.46125699583
4       48.46125701667
1       48.46125713750
2       48.46314654583
4       48.46314656667
1       48.46314668333
2       48.46421084167
4       48.46421086250
1       48.46421098333
2       48.46511412917
4       48.46511415000
1       48.46511427083
2       48.46515551667
2       48.46642534583
4       48.46642536667
1       48.46642548750
2       48.46656520833
2       48.46682917917
4       48.46682919583
1       48.46682931667
2       48.46743271667
4       48.46743273750
1       48.46743285833
2       48.46814852500
4       48.46814854583
1       48.46814866667
2       48.46910397083
4       48.46910398750
1       48.46910410833
2       48.46959619583
4       48.46959621667
1       48.46959633333
2       48.46968532500
2       48.46987342917
4       48.46987345000
1       48.46987357083
2       48.47059460000
4       48.47059462083
1       48.47059474167
2       48.47084763333
4       48.47084765417
1       48.47084777500
2       48.47121548750
4       48.47121550833
1       48.47121562917
2       48.47192749167
4       48.47192751250
1       48.47192763333
2       48.47210800000
2       48.47273297917
4       48.47273300000
1       48.47273312083
2       48.47298772083
4       48.47298774167
1       48.47298785833
2       48.47324165000
4       48.47324167083
1       48.47324178750
2       48.47437427083
4       48.47437429167
1       48.47437441250
2       48.47518807917
4       48.47518810000
1       48.47518822083
2       48.47650130833
4       48.47650132917
1       48.47650145000
2       48.47798353750
4       48.47798355833
1       48.47798367917
2       48.47824192500
4       48.47824192500
1       48.47824206250
2       48.47835064583
2       48.47870272917
4       48.47870274583
1       48.47870286667
2       48.47883426250
2       48.47898710000
4       48.47898711667
1       48.47898723750
2       48.47936807917
4       48.47936810000
1       48.47936822083
2       48.47949000417
2       48.47979912083
4       48.47979914167
1       48.47979926250
2       48.47980701667
2       48.48050525833
4       48.48050527500
1       48.48050539583
2       48.48097725417
4       48.48097725417
1       48.48097739167
2       48.48105842917
2       48.48121710833
4       48.48121712500
1       48.48121724583
2       48.48213064167
4       48.48213066250
1       48.48213078333
2       48.48213527083
2       48.48255693333
4       48.48255695000
1       48.48255707083
2       48.48266511667
2       48.48295570000
4       48.48295572083
1       48.48295584167
2       48.48349228333
4       48.48349230000
1       48.48349242083
2       48.48411701667
4       48.48411703750
1       48.48411715833
2       48.48439154167
4       48.48439156250
1       48.48439168333
2       48.48495662500
4       48.48495664583
1       48.48495676667
2       48.48497448333
2       48.48516797917
2       48.48570487917
4       48.48570490000
1       48.48570502083
2       48.48574655833
2       48.48584530833
2       48.48602321667
4       48.48602321667
1       48.48602335417
2       48.48618280833
2       48.48643092917
4       48.48643094583
1       48.48643106667
2       48.48651042917
2       48.48673162500
4       48.48673162500
1       48.48673176250
2       48.48680293333
2       48.48758486667
4       48.48758486667
1       48.48758500417
2       48.48791708333
4       48.48791710000
1       48.48791722083
2       48.48825930000
4       48.48825931667
1       48.48825943750
2       48.48858093333
4       48.48858095000
1       48.48858107083
2       48.48858914583
2       48.48881678333
4       48.48881680417
1       48.48881692500
2       48.48883126250
2       48.48887499583
2       48.48901738750
4       48.48901740417
1       48.48901752500
2       48.48930958750
4       48.48930960833
1       48.48930972917
2       48.48942687500
2       48.48947747500
2       48.48967623750
4       48.48967625417
1       48.48967637500
2       48.48968218750
2       48.48972895417
2       48.48974505833
2       48.48976971667
2       48.48993933333
4       48.48993935417
1       48.48993947500
2       48.49001572083
2       48.49017934167
4       48.49017935833
1       48.49017947917
2       48.49021746250
2       48.49027177917
2       48.49038642083
4       48.49038644167
1       48.49038656250
2       48.49038739583
2       48.49039869583
2       48.49083126667
4       48.49083126667
1       48.49083140417
2       48.49085075833
2       48.49096181250
2       48.49115427083
4       48.49115428750
1       48.49115440833
2       48.49116105417
2       48.49131522500
2       48.49141584167
4       48.49141585833
1       48.49141597917
2       48.49142617917
2       48.49142941667
2       48.49147383333
2       48.49162324167
4       48.49162326250
1       48.49162338333
2       48.49185876250
4       48.49185877917
1       48.49185890000
2       48.49194117500
2       48.49196635833
2       48.49212766250
4       48.49212767917
1       48.49212780000
2       48.49248768750
4       48.49248770833
1       48.49248782500
2       48.49252608750
2       48.49267750833
4       48.49267752917
1       48.49267765000
2       48.49272691250
2       48.49273119167
2       48.49277820000
2       48.49297495000
4       48.49297496667
1       48.49297508750
2       48.49305041250
2       48.49305510000
2       48.49325642083
4       48.49325644167
1       48.49325656250
2       48.49326346667
2       48.49342408333
2       48.49363405417
4       48.49363407500
1       48.49363419583
2       48.49368605000
2       48.49389375833
4       48.49389377917
1       48.49389390000
2       48.49409722500
2       48.49417463333
4       48.49417465417
1       48.49417477500
2       48.49418035000
2       48.49424258333
2       48.49426216250
2       48.49449269167
4       48.49449270833
1       48.49449282917
2       48.49450818750
2       48.49451122917
2       48.49453169583
2       48.49454697917
2       48.49465727083
2       48.49467415833
2       48.49470728750
4       48.49470730833
1       48.49470742917
2       48.49475829167
2       48.49487752083
2       48.49492130000
4       48.49492132083
1       48.49492143750
2       48.49515407083
4       48.49515409167
1       48.49515421250
2       48.49529050833
2       48.49555325833
4       48.49555327500
1       48.49555339583
2       48.49559998333
2       48.49569636667
2       48.49575792917
4       48.49575794583
1       48.49575806667
2       48.49576330833
2       48.49584042917
2       48.49598324583
4       48.49598324583
1       48.49598338333
2       48.49632076667
4       48.49632076667
1       48.49632090417
2       48.49637139583
2       48.49653275000
4       48.49653276667
1       48.49653288750
2       48.49654898750
2       48.49666881667
2       48.49675854583
4       48.49675856667
1       48.49675868750
2       48.49685795833
2       48.49700738333
4       48.49700740417
1       48.49700752083
2       48.49711923750
2       48.49713849167
2       48.49716898750
2       48.49717029583
2       48.49729815000
4       48.49729817083
1       48.49729828750
2       48.49731142083
2       48.49747833333
2       48.49751646667
4       48.49751646667
1       48.49751660417
2       48.49759430833
2       48.49761015000
2       48.49781025417
4       48.49781025417
1       48.49781039167
2       48.49785591667
2       48.49787321250
2       48.49788272917
2       48.49818950833
4       48.49818952917
1       48.49818965000
2       48.49822329583
2       48.49828913750
2       48.49855845833
4       48.49855847500
1       48.49855859583
2       48.49858526250
2       48.49862440833
2       48.49866778333
2       48.49868199583
2       48.49871155833
2       48.49913385417
4       48.49913385417
1       48.49913399167
2       48.49917458750
2       48.49952569167
4       48.49952571250
1       48.49952582917
2       48.49955643750
2       48.49960049583
2       48.49981914167
4       48.49981915833
1       48.49981927917
2       48.49986283750
2       48.49990453333
2       48.49996119583
2       48.49999137917
2       48.49999930833
2       48.50019506667
4       48.50019508750
1       48.50019520417
2       48.50039543333
4       48.50039545000
1       48.50039557083
2       48.50040042083
2       48.50065742917
4       48.50065745000
1       48.50065757083
2       48.50077897917
2       48.50106722917
4       48.50106725000
1       48.50106737083
2       48.50110629167
2       48.50120062917
2       48.50135799167
4       48.50135800833
1       48.50135812917
2       48.50140078750
2       48.50145238750
2       48.50168532083
4       48.50168533750
1       48.50168545833
2       48.50171474167
2       48.50179390417
2       48.50181742500
2       48.50184457917
2       48.50185120417
2       48.50189301667
2       48.50193766667
4       48.50193766667
1       48.50193780417
2       48.50195121250
2       48.50248849167
4       48.50248850833
1       48.50248862917
2       48.50249944583
2       48.50250500417
2       48.50264581250
2       48.50273820833
4       48.50273822500
1       48.50273834583
2       48.50287307500
2       48.50293560833
4       48.50293562917
1       48.50293575000
2       48.50304857500
2       48.50309027917
2       48.50315032500
4       48.50315034583
1       48.50315046667
2       48.50322677500
2       48.50326013750
2       48.50331065833
2       48.50334438333
4       48.50334440417
1       48.50334452500
2       48.50340300417
2       48.50340344167
2       48.50353319167
4       48.50353321250
1       48.50353333333
2       48.50353410417
2       48.50364603750
2       48.50370274583
2       48.50378023750
4       48.50378025417
1       48.50378037500
2       48.50382856667
2       48.50383630417
2       48.50388597083
2       48.50392509167
2       48.50398240833
4       48.50398242917
1       48.50398254583
2       48.50398999167
2       48.50406543333
2       48.50409792500
2       48.50416417500
4       48.50416417500
1       48.50416431250
2       48.50423843750
2       48.50426287083
2       48.50427347917
2       48.50435922917
4       48.50435924583
1       48.50435936667
2       48.50436554167
2       48.50438642500
2       48.50441194167
2       48.50449533750
2       48.50463577917
4       48.50463579583
1       48.50463591667
2       48.50469747083
2       48.50477067500
2       48.50479188750
2       48.50479782083
2       48.50482997917
4       48.50483000000
1       48.50483012083
2       48.50486704583
2       48.50493667500
2       48.50501442917
4       48.50501445000
1       48.50501457083
2       48.50507634167
2       48.50513532500
2       48.50514102083
2       48.50525455833
4       48.50525457917
1       48.50525470000
2       48.50527773750
2       48.50531422083
2       48.50537052500
2       48.50550664583
4       48.50550666667
1       48.50550678750
2       48.50556721667
2       48.50560136667
2       48.50570640000
4       48.50570641667
1       48.50570653750
2       48.50574386667
2       48.50580010417
2       48.50587397917
2       48.50589287500
4       48.50589289583
1       48.50589301667
2       48.50589682917
2       48.50593027917
2       48.50594086250
2       48.50599124167
2       48.50599321667
2       48.50602621250
2       48.50611674583
4       48.50611674583
1       48.50611688333
2       48.50614885833
2       48.50625287500
2       48.50633410417
4       48.50633412083
1       48.50633424167
2       48.50642117917
2       48.50646253333
2       48.50658444583
4       48.50658444583
1       48.50658458333
2       48.50668711667
2       48.50673720833
2       48.50695374167
4       48.50695376250
1       48.50695388333
2       48.50697732083
2       48.50704290833
2       48.50707931250
2       48.50714025000
4       48.50714026667
1       48.50714038750
2       48.50723662500
2       48.50737514583
4       48.50737516667
1       48.50737528750
2       48.50767124583
4       48.50767126667
1       48.50767138750
2       48.50769482083
2       48.50772991667
2       48.50781994167
2       48.50784907500
2       48.50790046667
4       48.50790048750
1       48.50790060833
2       48.50803787083
2       48.50820971667
4       48.50820973750
1       48.50820985833
2       48.50851755833
4       48.50851757500
1       48.50851769583
2       48.50852472917
2       48.50852948750
2       48.50855593750
2       48.50857120000
2       48.50861057500
2       48.50864632917
2       48.50868679583
2       48.50873249583
4       48.50873249583
1       48.50873263333
2       48.50878877917
2       48.50882695417
2       48.50883352083
2       48.50892490000
4       48.50892492083
1       48.50892504167
2       48.50892758333
2       48.50895634583
2       48.50910741250
4       48.50910743333
1       48.50910755417
2       48.50918663750
2       48.50939654583
4       48.50939654583
1       48.50939668333
2       48.50945390417
2       48.50945750833
2       48.50952710000
2       48.50954993750
2       48.50957150833
4       48.50957152500
1       48.50957164583
2       48.50958535417
2       48.50961681250
2       48.50963042917
2       48.50963475417
2       48.50970328750
2       48.50971193333
2       48.50983305833
4       48.50983307500
1       48.50983319583
2       48.50983581250
2       48.50992555000
2       48.50994151250
2       48.50994278333
2       48.50996565000
2       48.50998615000
2       48.51000697917
2       48.51007460417
4       48.51007462083
1       48.51007474167
2       48.51007620417
2       48.51008324583
2       48.51012531667
2       48.51028626250
4       48.51028627917
1       48.51028640000
2       48.51031804583
2       48.51051709167
4       48.51051711250
1       48.51051723333
2       48.51055722917
2       48.51057180833
2       48.51074800417
4       48.51074802500
1       48.51074814583
2       48.51077914583
2       48.51080195833
2       48.51081294583
2       48.51082084583
2       48.51084006250
2       48.51086686667
2       48.51090499167
2       48.51098016667
4       48.51098018750
1       48.51098030833
2       48.51102162500
2       48.51107328333
2       48.51107490833
2       48.51112685417
2       48.51116063333
2       48.51121639167
4       48.51121640833
1       48.51121652917
2       48.51121707500
2       48.51124051667
2       48.51126937083
2       48.51135812500
2       48.51137071250
2       48.51142066250
4       48.51142068333
1       48.51142080417
2       48.51145252917
2       48.51154222500
2       48.51154793750
2       48.51161381667
4       48.51161383750
1       48.51161395833
2       48.51192624167
4       48.51192626250
1       48.51192638333
2       48.51216832917
4       48.51216835000
1       48.51216847083
2       48.51216925833
2       48.51224909583
2       48.51228247083
2       48.51228292083
2       48.51233482500
2       48.51234815000
2       48.51245476667
4       48.51245478750
1       48.51245490833
2       48.51253897500
2       48.51254490833
2       48.51255353333
2       48.51255982917
2       48.51258069167
2       48.51261846667
2       48.51263007083
4       48.51263008750
1       48.51263020833
2       48.51265223333
2       48.51265620417
2       48.51276083750
2       48.51278611667
2       48.51283832500
4       48.51283834583
1       48.51283846667
2       48.51288636250
2       48.51299544583
2       48.51299605833
2       48.51300432917
2       48.51301965833
2       48.51302622917
2       48.51313320833
4       48.51313322500
1       48.51313334583
2       48.51318391667
2       48.51326270833
2       48.51326632083
2       48.51331467917
4       48.51331470000
1       48.51331481667
2       48.51334187917
2       48.51341736667
2       48.51343819583
2       48.51345884167
2       48.51371942917
4       48.51371944583
1       48.51371956667
2       48.51375461667
2       48.51390495417
2       48.51390729583
4       48.51390731667
1       48.51390743750
2       48.51399073333
2       48.51408407083
4       48.51408409167
1       48.51408421250
2       48.51413049583
2       48.51414343750
2       48.51415998333
2       48.51431066250
4       48.51431067917
1       48.51431080000
2       48.51435910417
2       48.51442790417
2       48.51442860833
2       48.51443455417
2       48.51454980000
4       48.51454982083
1       48.51454994167
2       48.51464025000
2       48.51466077083
2       48.51468500417
2       48.51471245417
2       48.51471577500
2       48.51483930417
4       48.51483932500
1       48.51483944583
2       48.51485190833
2       48.51489783333
2       48.51492543333
2       48.51498172083
2       48.51499862083
2       48.51507217083
4       48.51507218750
1       48.51507230833
2       48.51519246667
2       48.51529779583
4       48.51529779583
1       48.51529793333
2       48.51529909583
2       48.51533415833
2       48.51537624583
2       48.51540573750
2       48.51543288333
2       48.51544114583
2       48.51546829167
2       48.51547092500
4       48.51547094583
1       48.51547106667
2       48.51559021667
2       48.51563892917
2       48.51569590000
4       48.51569592083
1       48.51569603750
2       48.51574695000
2       48.51578555833
2       48.51594066667
4       48.51594068750
1       48.51594080833
2       48.51601150833
2       48.51607515000
2       48.51615495833
4       48.51615497500
1       48.51615509583
2       48.51618808333
2       48.51625490417
2       48.51626756667
2       48.51635010417
4       48.51635012500
1       48.51635024583
2       48.51640175417
2       48.51644753333
2       48.51645446667
2       48.51651930000
2       48.51652165417
4       48.51652167500
1       48.51652179583
2       48.51654871667
2       48.51657360833
2       48.51660544583
2       48.51670370417
4       48.51670372500
1       48.51670384583
2       48.51671147917
2       48.51678755000
2       48.51682475833
2       48.51683235000
2       48.51695955000
4       48.51695956667
1       48.51695968750
2       48.51699992917
2       48.51701612500
2       48.51701846250
2       48.51704769167
2       48.51704793750
2       48.51711720417
2       48.51715692083
4       48.51715694167
1       48.51715706250
2       48.51721986667
2       48.51741136250
4       48.51741138333
1       48.51741150417
2       48.51741330833
2       48.51752390833
2       48.51753482500
2       48.51759113750
2       48.51765373750
4       48.51765375833
1       48.51765387917
2       48.51767732500
2       48.51769091250
2       48.51778825833
2       48.51783614583
4       48.51783614583
1       48.51783628333
2       48.51786970833
2       48.51789487500
2       48.51789919583
2       48.51790549167
2       48.51792073750
2       48.51793529583
2       48.51793765417
2       48.51793969167
2       48.51797575833
2       48.51798575000
2       48.51803206250
4       48.51803207917
1       48.51803220000
2       48.51803332083
2       48.51803641250
2       48.51814229583
2       48.51820559167
2       48.51823707500
4       48.51823707500
1       48.51823721250
2       48.51827282917
2       48.51832714167
2       48.51836329167
2       48.51836525000
2       48.51842155000
4       48.51842157083
1       48.51842169167
2       48.51853682083
2       48.51857457917
2       48.51859184167
2       48.51860602917
4       48.51860605000
1       48.51860617083
2       48.51865674167
2       48.51867631667
2       48.51881372500
4       48.51881374583
1       48.51881386667
2       48.51887630000
2       48.51898202083
2       48.51909330417
4       48.51909332500
1       48.51909344583
2       48.51912607917
2       48.51932340833
4       48.51932342500
1       48.51932354583
2       48.51932745417
2       48.51953985833
4       48.51953987917
1       48.51954000000
2       48.51957721667
2       48.51979512500
4       48.51979514583
1       48.51979526667
2       48.51996938750
2       48.52006177917
4       48.52006180000
1       48.52006191667
2       48.52011846250
2       48.52014129167
2       48.52015189583
2       48.52015655833
2       48.52021256250
2       48.52038241250
4       48.52038242917
1       48.52038255000
2       48.52039174167
2       48.52046789167
2       48.52047622500
2       48.52049766667
2       48.52062984583
4       48.52062984583
1       48.52062998333
2       48.52071898750
2       48.52075605000
2       48.52077370000
2       48.52095907917
4       48.52095909583
1       48.52095921667
2       48.52098892083
2       48.52099917500
2       48.52106943333
2       48.52115022917
4       48.52115025000
1       48.52115037083
2       48.52115847500
2       48.52121925833
2       48.52125297083
2       48.52127582083
2       48.52132608333
4       48.52132610000
1       48.52132622083
2       48.52146051667
2       48.52149312083
2       48.52154438333
4       48.52154440000
1       48.52154452083
2       48.52154478750
2       48.52155800833
2       48.52157252917
2       48.52165370833
2       48.52170562917
2       48.52183154167
4       48.52183156250
1       48.52183167917
2       48.52198125000
2       48.52198525417
2       48.52202665833
4       48.52202667917
1       48.52202680000
2       48.52233176250
4       48.52233177917
1       48.52233190000
2       48.52244407083
2       48.52255329583
4       48.52255331667
1       48.52255343333
2       48.52265141250
2       48.52281529167
4       48.52281531250
1       48.52281543333
2       48.52281758333
2       48.52282626250
2       48.52289278750
2       48.52290965417
2       48.52291234583
2       48.52291830000
2       48.52296032500
2       48.52301866250
4       48.52301867917
1       48.52301880000
2       48.52302996250
2       48.52309055833
2       48.52311930417
2       48.52313028750
2       48.52313190833
2       48.52314055417
2       48.52315781667
2       48.52320786667
2       48.52324326667
4       48.52324326667
1       48.52324340417
2       48.52325850417
2       48.52331049583
2       48.52336513750
2       48.52338272917
2       48.52340056667
2       48.52350825417
4       48.52350827500
1       48.52350839583
2       48.52366259167
2       48.52371827083
4       48.52371829167
1       48.52371841250
2       48.52378843750
2       48.52381862500
2       48.52382583333
2       48.52397428333
4       48.52397430417
1       48.52397442500
2       48.52399551250
2       48.52411830000
2       48.52413222917
2       48.52417403750
4       48.52417405417
1       48.52417417500
2       48.52419949583
2       48.52426051667
2       48.52428131250
2       48.52430647917
2       48.52442406667
4       48.52442408750
1       48.52442420833
2       48.52445588750
2       48.52447279583
2       48.52451656250
2       48.52456055000
2       48.52457816667
2       48.52457899167
2       48.52474538750
4       48.52474540417
1       48.52474552500
2       48.52474640833
2       48.52483974167
2       48.52497553333
4       48.52497555417
1       48.52497567083
2       48.52497951250
2       48.52498573333
2       48.52499580833
2       48.52506168333
2       48.52521901667
4       48.52521903750
1       48.52521915833
2       48.52530220833
2       48.52533333750
2       48.52543006667
4       48.52543008750
1       48.52543020417
2       48.52544557500
2       48.52552111667
2       48.52554435417
2       48.52560530417
4       48.52560532500
1       48.52560544167
2       48.52561318333
2       48.52564030417
2       48.52569663333
2       48.52576223750
2       48.52580301667
4       48.52580301667
1       48.52580315417
2       48.52585629583
2       48.52586136250
2       48.52601625833
4       48.52601627500
1       48.52601639583
2       48.52629951250
4       48.52629953333
1       48.52629965417
2       48.52637432083
2       48.52639517917
2       48.52658536667
4       48.52658536667
1       48.52658550417
2       48.52679796250
4       48.52679797917
1       48.52679810000
2       48.52687340000
2       48.52688210417
2       48.52691356667
2       48.52693713333
2       48.52706832917
4       48.52706835000
1       48.52706847083
2       48.52709141250
2       48.52711567083
2       48.52715272500
2       48.52726332500
4       48.52726332500
1       48.52726346250
2       48.52726600000
2       48.52729117917
2       48.52729153750
2       48.52733882917
2       48.52734944583
2       48.52749858750
4       48.52749860833
1       48.52749872917
2       48.52767869583
2       48.52774198333
4       48.52774200417
1       48.52774212500
2       48.52775887917
2       48.52778800417
2       48.52790095833
2       48.52796227500
4       48.52796229583
1       48.52796241250
2       48.52817295417
4       48.52817297500
1       48.52817309583
2       48.52828889167
2       48.52844216667
4       48.52844216667
1       48.52844230417
2       48.52847270000
2       48.52851966667
2       48.52862842500
4       48.52862844583
1       48.52862856667
2       48.52877244583
2       48.52891289167
4       48.52891291250
1       48.52891303333
2       48.52892418333
2       48.52898178333
2       48.52908607917
4       48.52908610000
1       48.52908621667
2       48.52912814167
2       48.52921337083
2       48.52923910000
2       48.52938495000
4       48.52938497083
1       48.52938509167
2       48.52940083750
2       48.52942160417
2       48.52945505833
2       48.52952930833
2       48.52957496667
4       48.52957496667
1       48.52957510417
2       48.52962928750
2       48.52967800833
2       48.52971574167
2       48.52974093750
2       48.52976612917
2       48.52979559583
4       48.52979561667
1       48.52979573333
2       48.52980350417
2       48.53015358333
4       48.53015360417
1       48.53015372500
2       48.53018075833
2       48.53021457917
2       48.53031330000
2       48.53033219167
2       48.53042192500
4       48.53042192500
1       48.53042206250
2       48.53045409167
2       48.53054655000
2       48.53068635000
4       48.53068636667
1       48.53068648750
2       48.53068694167
2       48.53074225833
2       48.53083760417
2       48.53115824583
4       48.53115824583
1       48.53115838333
2       48.53120661667
2       48.53122653750
2       48.53132921667
4       48.53132923750
1       48.53132935833
2       48.53134110417
2       48.53142554167
2       48.53152092083
2       48.53152512083
4       48.53152514167
1       48.53152525833
2       48.53157557917
2       48.53162593750
2       48.53171938750
2       48.53178323333
4       48.53178325000
1       48.53178337083
2       48.53191974167
2       48.53208967917
4       48.53208969583
1       48.53208981667
2       48.53215026250
2       48.53221122500
2       48.53223350833
2       48.53235915833
4       48.53235917917
1       48.53235929583
2       48.53243323333
2       48.53249408333
2       48.53253917500
4       48.53253917500
1       48.53253931250
2       48.53271664167
4       48.53271666250
1       48.53271678333
2       48.53274091667
2       48.53282772083
2       48.53287543750
2       48.53289682917
4       48.53289684583
1       48.53289696667
2       48.53291049167
2       48.53294091250
2       48.53301782500
2       48.53308441667
4       48.53308441667
1       48.53308455417
2       48.53313307917
2       48.53327678750
4       48.53327680417
1       48.53327692500
2       48.53340730417
2       48.53342945417
2       48.53344904583
2       48.53346521667
4       48.53346523750
1       48.53346535417
2       48.53349474167
2       48.53350726667
2       48.53354579167
2       48.53360740000
2       48.53367956250
4       48.53367958333
1       48.53367970417
2       48.53379015417
2       48.53382198750
2       48.53386476667
4       48.53386478750
1       48.53386490833
2       48.53396511667
2       48.53415553750
4       48.53415555417
1       48.53415567500
2       48.53419492083
2       48.53431449583
2       48.53435460000
4       48.53435461667
1       48.53435473750
2       48.53443838333
2       48.53444900000
2       48.53448649583
2       48.53457087500
4       48.53457089583
1       48.53457101667
2       48.53460696250
2       48.53462792500
2       48.53472695000
2       48.53492522083
4       48.53492524167
1       48.53492536250
2       48.53497097500
2       48.53500119583
2       48.53500911250
2       48.53504452917
2       48.53508334583
2       48.53521786250
4       48.53521787917
1       48.53521800000
2       48.53528937500
2       48.53550172083
4       48.53550174167
1       48.53550186250
2       48.53551853333
2       48.53552591667
2       48.53560541250
2       48.53564907083
2       48.53580242500
4       48.53580244583
1       48.53580256667
2       48.53585043750
2       48.53610572917
4       48.53610574583
1       48.53610586667
2       48.53617070417
2       48.53619065833
2       48.53619624583
2       48.53622737500
2       48.53627572083
2       48.53636848333
4       48.53636850000
1       48.53636862083
2       48.53639995000
2       48.53649596667
2       48.53657147917
2       48.53688652917
4       48.53688654583
1       48.53688666667
2       48.53693185417
2       48.53694492083
2       48.53700970417
2       48.53704314583
2       48.53714185417
4       48.53714187500
1       48.53714199167
2       48.53722566667
2       48.53734759583
4       48.53734759583
1       48.53734773333
2       48.53739127083
2       48.53743333750
2       48.53744731667
2       48.53753907500
4       48.53753909583
1       48.53753921667
2       48.53757880833
2       48.53810082083
4       48.53810083750
1       48.53810095833
2       48.53810244167
2       48.53819485417
2       48.53832897083
4       48.53832899167
1       48.53832911250
2       48.53833601667
2       48.53848235417
2       48.53848398333
2       48.53850288750
2       48.53872419167
4       48.53872421250
1       48.53872433333
2       48.53895170000
4       48.53895171667
1       48.53895183750
2       48.53906996250
2       48.53907393750
2       48.53915739583
4       48.53915741667
1       48.53915753750
2       48.53929958333
2       48.53940048750
4       48.53940050833
1       48.53940062917
2       48.53940515000
2       48.53950818750
2       48.53955423333
2       48.53957915000
2       48.53960223750
4       48.53960225833
1       48.53960237917
2       48.53962077917
2       48.53963570833
2       48.53965260417
2       48.53975167083
2       48.53986692917
4       48.53986694583
1       48.53986706667
2       48.54005528333
2       48.54012296667
4       48.54012298750
1       48.54012310833
2       48.54012892917
2       48.54034252917
4       48.54034254583
1       48.54034266667
2       48.54035279583
2       48.54040224167
2       48.54042005000
2       48.54045775417
2       48.54061549167
4       48.54061551250
1       48.54061563333
2       48.54074299167
2       48.54090431250
4       48.54090433333
1       48.54090445417
2       48.54093840833
2       48.54095730000
2       48.54096324167
2       48.54096592917
2       48.54104895000
2       48.54121006250
4       48.54121008333
1       48.54121020417
2       48.54122089167
2       48.54149385417
4       48.54149387083
1       48.54149399167
2       48.54159656250
2       48.54164527500
2       48.54166449583
4       48.54166449583
1       48.54166463333
2       48.54171180833
2       48.54172006667
2       48.54190790000
4       48.54190791667
1       48.54190803750
2       48.54191554167
2       48.54195995833
2       48.54209966667
2       48.54210866250
2       48.54228020000
4       48.54228021667
1       48.54228033750
2       48.54232029583
2       48.54243123333
2       48.54250951667
4       48.54250953750
1       48.54250965833
2       48.54262002083
2       48.54268400833
2       48.54284427917
4       48.54284430000
1       48.54284442083
2       48.54286790000
2       48.54296369583
2       48.54300197500
2       48.54302947500
2       48.54325801667
4       48.54325803750
1       48.54325815833
2       48.54328479167
2       48.54333185833
2       48.54345114583
4       48.54345116667
1       48.54345128750
2       48.54349674583
2       48.54352200417
2       48.54364391250
4       48.54364392917
1       48.54364405000
2       48.54367309583
2       48.54389300000
4       48.54389302083
1       48.54389314167
2       48.54390553333
2       48.54393967083
2       48.54397352083
2       48.54397780417
2       48.54405029583
2       48.54417182083
4       48.54417183750
1       48.54417195833
2       48.54439746250
4       48.54439747917
1       48.54439760000
2       48.54443219167
2       48.54450737083
2       48.54467403750
4       48.54467405417
1       48.54467417500
2       48.54483730833
2       48.54489792917
4       48.54489794583
1       48.54489806667
2       48.54495255417
2       48.54511525000
4       48.54511527083
1       48.54511539167
2       48.54526061667
2       48.54530000000
4       48.54530001667
1       48.54530013750
2       48.54530860417
2       48.54532355000
2       48.54535069583
2       48.54539043333
2       48.54540511250
2       48.54541991250
2       48.54556304167
4       48.54556305833
1       48.54556317917
2       48.54557802083
2       48.54580055000
4       48.54580057083
1       48.54580069167
2       48.54620658333
4       48.54620660417
1       48.54620672083
2       48.54626087917
2       48.54630296667
2       48.54635496250
2       48.54638615417
4       48.54638617500
1       48.54638629583
2       48.54659516667
4       48.54659516667
1       48.54659530417
2       48.54660309583
2       48.54665645000
2       48.54669154583
2       48.54670971250
2       48.54681668750
4       48.54681670417
1       48.54681682500
2       48.54686939167
2       48.54690512917
2       48.54721750000
4       48.54721752083
1       48.54721763750
2       48.54732682083
2       48.54733906667
2       48.54747923333
4       48.54747925417
1       48.54747937500
2       48.54762658333
2       48.54774149583
4       48.54774151667
1       48.54774163750
2       48.54774650000
2       48.54784096250
2       48.54797340833
4       48.54797342917
1       48.54797355000
2       48.54803097917
2       48.54803332083
2       48.54806944583
2       48.54812970417
2       48.54819460833
4       48.54819462500
1       48.54819474583
2       48.54821254167
2       48.54840458750
4       48.54840460833
1       48.54840472917
2       48.54844832500
2       48.54846986667
2       48.54850299583
2       48.54860791250
4       48.54860793333
1       48.54860805417
2       48.54863281250
2       48.54885307917
4       48.54885309583
1       48.54885321667
2       48.54891043750
2       48.54913196667
4       48.54913198750
1       48.54913210833
2       48.54915786667
2       48.54919499167
2       48.54920120000
2       48.54928407500
2       48.54943045000
4       48.54943046667
1       48.54943058750
2       48.54947950417
2       48.54949344167
2       48.54962087917
4       48.54962090000
1       48.54962102083
2       48.54991701250
4       48.54991703333
1       48.54991715417
2       48.54994777083
2       48.54999811250
2       48.55001874583
2       48.55003659583
2       48.55007564167
2       48.55011082917
4       48.55011084583
1       48.55011096667
2       48.55015149167
2       48.55016374583
2       48.55016500000
2       48.55018134583
2       48.55019125833
2       48.55023332917
2       48.55042316667
4       48.55042316667
1       48.55042330417
2       48.55044727917
2       48.55057909167
2       48.55075841667
4       48.55075841667
1       48.55075855417
2       48.55079074583
2       48.55095042083
4       48.55095044167
1       48.55095056250
2       48.55101533333
2       48.55102232500
2       48.55112936250
2       48.55116437917
4       48.55116440000
1       48.55116451667
2       48.55118557083
2       48.55119585833
2       48.55121113333
2       48.55123561250
2       48.55130915000
2       48.55132102500
2       48.55137476667
2       48.55142442083
4       48.55142443750
1       48.55142455833
2       48.55155657917
2       48.55161978333
2       48.55162776667
2       48.55173454583
4       48.55173456667
1       48.55173468750
2       48.55173744583
2       48.55176561250
2       48.55185073333
2       48.55185538333
2       48.55199944583
4       48.55199944583
1       48.55199958333
2       48.55200340417
2       48.55213125833
2       48.55215281250
2       48.55218192500
4       48.55218192500
1       48.55218206250
2       48.55218988750
2       48.55244790000
4       48.55244791667
1       48.55244803750
2       48.55253205417
2       48.55259661667
2       48.55264533333
4       48.55264535417
1       48.55264547500
2       48.55290535833
4       48.55290537917
1       48.55290550000
2       48.55305446250
2       48.55309552500
4       48.55309552500
1       48.55309566250
2       48.55310447500
2       48.55310482083
2       48.55313792083
2       48.55314210833
2       48.55320517500
2       48.55321207500
2       48.55324718333
2       48.55331008333
4       48.55331010000
1       48.55331022083
2       48.55338558750
2       48.55338994583
2       48.55340588333
2       48.55352406250
4       48.55352408333
1       48.55352420000
2       48.55366881250
2       48.55371647500
4       48.55371649583
1       48.55371661667
2       48.55371682917
2       48.55389935000
2       48.55397684167
4       48.55397686250
1       48.55397697917
2       48.55413616250
2       48.55414045417
2       48.55429979167
4       48.55429981250
1       48.55429992917
2       48.55430875833
2       48.55455584167
4       48.55455585833
1       48.55455597917
2       48.55457542917
2       48.55468134583
2       48.55468472500
2       48.55480197500
4       48.55480197500
1       48.55480211250
2       48.55485790417
2       48.55508319583
4       48.55508319583
1       48.55508333333
2       48.55517521667
2       48.55521030417
2       48.55527795833
4       48.55527797917
1       48.55527809583
2       48.55529755417
2       48.55544624167
2       48.55546312500
2       48.55551214167
4       48.55551216250
1       48.55551228333
2       48.55554152500
2       48.55556280417
2       48.55558130000
2       48.55582341250
4       48.55582343333
1       48.55582355417
2       48.55585493333
2       48.55595263750
2       48.55618256667
4       48.55618256667
1       48.55618270417
2       48.55622719167
2       48.55633921250
2       48.55652040000
4       48.55652042083
1       48.55652054167
2       48.55652635417
2       48.55655222083
2       48.55667147083
2       48.55717745417
4       48.55717745417
1       48.55717759167
2       48.55722749583
2       48.55724710000
2       48.55732226250
2       48.55765546250
4       48.55765547917
1       48.55765560000
2       48.55776116667
2       48.55778238333
2       48.55779858333
2       48.55784138750
2       48.55785882500
4       48.55785882500
1       48.55785896250
2       48.55786351250
2       48.55791186250
2       48.55817972500
4       48.55817972500
1       48.55817986250
2       48.55820927500
2       48.55824704167
2       48.55830039583
2       48.55836230000
2       48.55840445417
4       48.55840447500
1       48.55840459583
2       48.55841498750
2       48.55866047500
4       48.55866047500
1       48.55866061250
2       48.55896412083
4       48.55896413750
1       48.55896425833
2       48.55897706667
2       48.55936963333
4       48.55936965000
1       48.55936977083
2       48.55966970000
4       48.55966972083
1       48.55966984167
2       48.55980312083
2       48.55988893333
4       48.55988895417
1       48.55988907500
2       48.55997774583
2       48.56028084583
4       48.56028086667
1       48.56028098750
2       48.56030897083
2       48.56032293333
2       48.56038511667
2       48.56047126667
2       48.56055670417
4       48.56055672500
1       48.56055684167
2       48.56059179583
2       48.56060077500
2       48.56079912917
4       48.56079915000
1       48.56079927083
2       48.56082659167
2       48.56088362917
2       48.56107839583
4       48.56107841667
1       48.56107853750
2       48.56109959167
2       48.56115425000
2       48.56122508333
2       48.56128802917
2       48.56143038333
4       48.56143040417
1       48.56143052500
2       48.56143276667
2       48.56154609167
2       48.56160610000
2       48.56169514167
4       48.56169516250
1       48.56169528333
2       48.56175280417
2       48.56183789583
2       48.56192997083
4       48.56192998750
1       48.56193010833
2       48.56210022500
2       48.56240068333
4       48.56240070000
1       48.56240082083
2       48.56240232500
2       48.56248378333
2       48.56274144583
4       48.56274144583
1       48.56274158333
2       48.56274811667
2       48.56278353333
2       48.56278550833
2       48.56282130000
2       48.56283780000
2       48.56286478750
2       48.56294287083
4       48.56294288750
1       48.56294300833
2       48.56308700000
2       48.56312541250
4       48.56312542917
1       48.56312555000
2       48.56321512500
2       48.56327242917
2       48.56330391250
4       48.56330392917
1       48.56330405000
2       48.56335820417
2       48.56344397917
2       48.56345062500
2       48.56355760417
4       48.56355762083
1       48.56355774167
2       48.56357257917
2       48.56363279167
2       48.56366261250
2       48.56366854167
2       48.56373151667
2       48.56375141250
4       48.56375143333
1       48.56375155417
2       48.56393488750
4       48.56393490833
1       48.56393502917
2       48.56397065000
2       48.56398359583
2       48.56400441250
2       48.56428496667
4       48.56428498750
1       48.56428510833
2       48.56431281250
2       48.56435292917
2       48.56437807083
2       48.56449506667
4       48.56449508750
1       48.56449520833
2       48.56450093750
2       48.56458705000
2       48.56459568333
2       48.56461165000
2       48.56463105000
2       48.56468144167
4       48.56468146250
1       48.56468157917
2       48.56468647917
2       48.56475691667
2       48.56475706250
2       48.56486396250
4       48.56486398333
1       48.56486410417
2       48.56488588750
2       48.56501862083
2       48.56507794167
4       48.56507796250
1       48.56507808333
2       48.56521432917
2       48.56530528750
4       48.56530530417
1       48.56530542500
2       48.56531547917
2       48.56535659583
2       48.56541982917
2       48.56550393333
4       48.56550395000
1       48.56550407083
2       48.56551846667
2       48.56560337917
2       48.56564831250
2       48.56565996667
2       48.56574574167
4       48.56574575833
1       48.56574587917
2       48.56585397500
2       48.56587289583
2       48.56589015417
2       48.56593057083
4       48.56593058750
1       48.56593070833
2       48.56593652917
2       48.56600737917
2       48.56601006667
2       48.56612465000
4       48.56612466667
1       48.56612478750
2       48.56632833750
4       48.56632835417
1       48.56632847500
2       48.56632993750
2       48.56633930833
2       48.56639357083
2       48.56654394583
4       48.56654396667
1       48.56654408333
2       48.56657962083
2       48.56671424583
4       48.56671426667
1       48.56671438750
2       48.56688380833
2       48.56689406250
4       48.56689408333
1       48.56689420417
2       48.56692029167
2       48.56705175417
2       48.56712002083
4       48.56712004167
1       48.56712015833
2       48.56727536667
2       48.56743599167
4       48.56743600833
1       48.56743612917
2       48.56764699167
4       48.56764700833
1       48.56764712917
2       48.56768112083
2       48.56773610417
2       48.56785065833
4       48.56785067500
1       48.56785079583
2       48.56792790833
2       48.56803279167
2       48.56804680833
4       48.56804682917
1       48.56804695000
2       48.56815938333
2       48.56816097917
2       48.56818819167
2       48.56823058750
4       48.56823060833
1       48.56823072917
2       48.56823492500
2       48.56828262083
2       48.56829947500
2       48.56835878333
2       48.56846213333
4       48.56846215000
1       48.56846227083
2       48.56850552083
2       48.56872705417
4       48.56872707500
1       48.56872719167
2       48.56892715000
4       48.56892717083
1       48.56892729167
2       48.56894803750
2       48.56902285417
2       48.56910467083
2       48.56912751667
4       48.56912751667
1       48.56912765417
2       48.56919081250
2       48.56928917083
2       48.56932960417
4       48.56932962500
1       48.56932974583
2       48.56940876250
2       48.56947472500
2       48.56974368333
4       48.56974370417
1       48.56974382500
2       48.56980090417
2       48.56996829167
4       48.56996831250
1       48.56996843333
2       48.57001427083
2       48.57003014167
2       48.57005497500
2       48.57009669583
2       48.57027095417
4       48.57027095417
1       48.57027109167
2       48.57027926667
2       48.57029421667
2       48.57035550417
2       48.57035939167
2       48.57060982917
4       48.57060984583
1       48.57060996667
2       48.57077710417
2       48.57080784583
4       48.57080784583
1       48.57080798333
2       48.57085420417
2       48.57090692500
2       48.57097920417
2       48.57102617083
4       48.57102618750
1       48.57102630833
2       48.57111030833
2       48.57121290417
4       48.57121290417
1       48.57121304167
2       48.57132762083
2       48.57139746667
4       48.57139748750
1       48.57139760833
2       48.57148196250
2       48.57151866667
2       48.57152690833
2       48.57167407500
4       48.57167409583
1       48.57167421667
2       48.57172802917
2       48.57173969167
2       48.57194340417
4       48.57194342500
1       48.57194354167
2       48.57196549167
2       48.57201428333
2       48.57208578750
2       48.57209763750
2       48.57212750000
4       48.57212751667
1       48.57212763750
2       48.57215662500
2       48.57218875417
2       48.57230732917
4       48.57230734583
1       48.57230746667
2       48.57241862917
2       48.57259878750
4       48.57259880417
1       48.57259892500
2       48.57297636250
4       48.57297637917
1       48.57297650000
2       48.57309794583
2       48.57335038333
4       48.57335040417
1       48.57335052500
2       48.57338149583
2       48.57354282917
4       48.57354284583
1       48.57354296667
2       48.57355299167
2       48.57361636667
2       48.57376739167
4       48.57376741250
1       48.57376753333
2       48.57410686667
4       48.57410686667
1       48.57410700417
2       48.57414697500
2       48.57435007500
4       48.57435007500
1       48.57435021250
2       48.57439042500
2       48.57439832917
2       48.57440662917
2       48.57444243333
2       48.57466897500
4       48.57466897500
1       48.57466911250
2       48.57473145000
2       48.57479713333
2       48.57481406667
2       48.57482632917
2       48.57489789583
4       48.57489791667
1       48.57489803750
2       48.57491089583
2       48.57503605833
2       48.57519097500
4       48.57519099583
1       48.57519111667
2       48.57546395000
4       48.57546396667
1       48.57546408750
2       48.57560407500
2       48.57584026250
4       48.57584027917
1       48.57584040000
2       48.57605384583
4       48.57605384583
1       48.57605398333
2       48.57605517500
2       48.57629002083
4       48.57629003750
1       48.57629015833
2       48.57630130417
2       48.57631593333
2       48.57642320833
2       48.57650199167
2       48.57660033333
4       48.57660035000
1       48.57660047083
2       48.57662131250
2       48.57670970000
2       48.57675013333
2       48.57683588333
4       48.57683590417
1       48.57683602500
2       48.57686071667
2       48.57686269583
2       48.57702235833
4       48.57702237917
1       48.57702250000
2       48.57703528750
2       48.57705545833
2       48.57710020833
2       48.57726941667
4       48.57726943750
1       48.57726955833
2       48.57731390000
2       48.57735124167
2       48.57740157500
2       48.57741881250
2       48.57747343750
4       48.57747345417
1       48.57747357500
2       48.57747905833
2       48.57756198333
2       48.57769541250
4       48.57769543333
1       48.57769555417
2       48.57770868333
2       48.57785540417
2       48.57785669583
2       48.57818105000
4       48.57818107083
1       48.57818119167
2       48.57843605417
4       48.57843607500
1       48.57843619167
2       48.57864209583
4       48.57864211667
1       48.57864223750
2       48.57872914167
2       48.57877392083
2       48.57883183333
4       48.57883185417
1       48.57883197500
2       48.57885118750
2       48.57885245000
2       48.57887425833
2       48.57890210833
2       48.57892229167
2       48.57893090833
2       48.57899691250
4       48.57899693333
1       48.57899705417
2       48.57910910417
2       48.57911108333
2       48.57916082917
2       48.57917600417
4       48.57917600417
1       48.57917614167
2       48.57923802083
2       48.57925256250
2       48.57936910417
4       48.57936912500
1       48.57936924167
2       48.57939932083
2       48.57944662083
2       48.57958214167
4       48.57958215833
1       48.57958227917
2       48.57964799583
2       48.57979038333
4       48.57979040417
1       48.57979052500
2       48.58029422500
4       48.58029422500
1       48.58029436250
2       48.58042172083
2       48.58054630417
4       48.58054632500
1       48.58054644167
2       48.58060727083
2       48.58078847917
4       48.58078850000
1       48.58078862083
2       48.58084176250
2       48.58088886667
2       48.58092030833
2       48.58106305417
4       48.58106307083
1       48.58106319167
2       48.58110015000
2       48.58113131667
2       48.58137598333
4       48.58137600417
1       48.58137612083
2       48.58143375000
2       48.58161358333
4       48.58161360000
1       48.58161372083
2       48.58166120417
2       48.58171026667
2       48.58183385000
2       48.58184675833
4       48.58184677917
1       48.58184690000
2       48.58185804583
2       48.58185827083
2       48.58186257083
2       48.58188141250
2       48.58196793750
2       48.58209847917
4       48.58209850000
1       48.58209862083
2       48.58215272917
2       48.58219252500
2       48.58225317917
2       48.58242337083
4       48.58242339167
1       48.58242351250
2       48.58254260833
2       48.58257609167
2       48.58266814167
4       48.58266816250
1       48.58266827917
2       48.58274165417
2       48.58274400833
2       48.58296360833
4       48.58296362917
1       48.58296375000
2       48.58300600000
2       48.58304772083
2       48.58307621667
2       48.58320774583
4       48.58320776667
1       48.58320788750
2       48.58324710833
2       48.58330807917
2       48.58332496250
2       48.58345047917
4       48.58345049583
1       48.58345061667
2       48.58349687917
2       48.58349883333
2       48.58352600000
2       48.58402910833
4       48.58402912917
1       48.58402924583
2       48.58409199583
2       48.58424613750
4       48.58424615417
1       48.58424627500
2       48.58424774583
2       48.58430511250
2       48.58447595000
4       48.58447597083
1       48.58447609167
2       48.58450580000
2       48.58460323333
2       48.58465152917
2       48.58473440417
4       48.58473442500
1       48.58473454583
2       48.58474932083
2       48.58476814583
2       48.58478003750
2       48.58510436667
4       48.58510438750
1       48.58510450833
2       48.58510530833
2       48.58517523750
2       48.58528755833
4       48.58528757917
1       48.58528770000
2       48.58542391667
2       48.58548874167
2       48.58554417500
4       48.58554419583
1       48.58554431667
2       48.58555844583
2       48.58556870833
2       48.58567999583
2       48.58579189167
4       48.58579191250
1       48.58579203333
2       48.58587344583
2       48.58595888750
2       48.58599627917
4       48.58599630000
1       48.58599642083
2       48.58614048333
2       48.58635268750
4       48.58635270833
1       48.58635282500
2       48.58660313333
4       48.58660315417
1       48.58660327500
2       48.58675647083
2       48.58680814167
4       48.58680816250
1       48.58680828333
2       48.58705193750
4       48.58705195417
1       48.58705207500
2       48.58709400833
2       48.58709599583
2       48.58711722917
2       48.58715963750
2       48.58721524583
4       48.58721526667
1       48.58721538750
2       48.58723916250
2       48.58726766250
2       48.58740938333
4       48.58740940000
1       48.58740952083
2       48.58753224583
2       48.58755118333
2       48.58772897083
4       48.58772898750
1       48.58772910833
2       48.58779386250
2       48.58794287917
4       48.58794290000
1       48.58794301667
2       48.58795230000
2       48.58804602083
2       48.58808339583
2       48.58809563333
2       48.58832392083
4       48.58832394167
1       48.58832406250
2       48.58836891250
2       48.58838847917
2       48.58840072083
2       48.58843846667
2       48.58853088333
4       48.58853090000
1       48.58853102083
2       48.58853917500
2       48.58854081667
2       48.58869883750
2       48.58875779167
4       48.58875781250
1       48.58875793333
2       48.58884030000
2       48.58885081667
2       48.58887204583
2       48.58902502500
4       48.58902504583
1       48.58902516667
2       48.58902735417
2       48.58911515000
2       48.58945135417
4       48.58945137500
1       48.58945149583
2       48.58947186250
2       48.58948212917
2       48.58949083750
2       48.58966405417
4       48.58966407500
1       48.58966419583
2       48.58987429583
4       48.58987429583
1       48.58987443333
2       48.59003397083
2       48.59011344583
4       48.59011344583
1       48.59011358333
2       48.59023175833
2       48.59040297500
4       48.59040297500
1       48.59040311250
2       48.59046993750
2       48.59051263750
2       48.59061570417
4       48.59061572500
1       48.59061584583
2       48.59062951250
2       48.59063147083
2       48.59086772083
4       48.59086773750
1       48.59086785833
2       48.59088630417
2       48.59091469583
2       48.59100479167
2       48.59103600000
2       48.59114758333
4       48.59114760417
1       48.59114772500
2       48.59136160417
4       48.59136160417
1       48.59136174167
2       48.59157118750
2       48.59159203750
4       48.59159205417
1       48.59159217500
2       48.59162093750
2       48.59171825417
2       48.59178551667
4       48.59178551667
1       48.59178565417
2       48.59201010833
4       48.59201012917
1       48.59201025000
2       48.59202735833
2       48.59203095833
2       48.59225050833
4       48.59225052917
1       48.59225065000
2       48.59228503750
2       48.59235885417
2       48.59251289583
4       48.59251291667
1       48.59251303750
2       48.59252383333
2       48.59261986667
2       48.59271227500
4       48.59271229583
1       48.59271241667
2       48.59289440000
2       48.59303089583
4       48.59303089583
1       48.59303103333
2       48.59324064583
4       48.59324066667
1       48.59324078750
2       48.59331644583
2       48.59338205000
2       48.59343017917
2       48.59354301667
4       48.59354301667
1       48.59354315417
2       48.59354568333
2       48.59368574167
2       48.59378017917
4       48.59378020000
1       48.59378032083
2       48.59401867083
4       48.59401868750
1       48.59401880833
2       48.59404846250
2       48.59429425833
4       48.59429427917
1       48.59429440000
2       48.59436319583
2       48.59443905833
2       48.59446384167
4       48.59446385833
1       48.59446397917
2       48.59453243750
2       48.59457712083
2       48.59464804167
2       48.59466292500
4       48.59466294583
1       48.59466306667
2       48.59468374167
2       48.59470167917
2       48.59481589167
2       48.59485106667
4       48.59485106667
1       48.59485120417
2       48.59488056667
2       48.59532705000
4       48.59532706667
1       48.59532718750
2       48.59535480417
2       48.59574108750
4       48.59574110833
1       48.59574122917
2       48.59599905000
4       48.59599906667
1       48.59599918750
2       48.59600303750
2       48.59629285833
4       48.59629287500
1       48.59629299583
2       48.59633334167
2       48.59644477083
2       48.59648295417
4       48.59648295417
1       48.59648309167
2       48.59675914583
4       48.59675914583
1       48.59675928333
2       48.59676449167
2       48.59678770417
2       48.59679106667
2       48.59680660000
2       48.59686683333
2       48.59696322917
4       48.59696325000
1       48.59696337083
2       48.59704942917
2       48.59722855833
4       48.59722857917
1       48.59722869583
2       48.59730108333
2       48.59735180417
2       48.59735340417
2       48.59738099583
2       48.59739547917
2       48.59754854167
4       48.59754855833
1       48.59754867917
2       48.59771715000
2       48.59772615000
2       48.59790628333
4       48.59790630000
1       48.59790642083
2       48.59795716250
2       48.59807682083
2       48.59811130417
2       48.59824311667
4       48.59824311667
1       48.59824325417
2       48.59828087500
2       48.59837081667
2       48.59838752083
2       48.59850186250
4       48.59850187917
1       48.59850200000
2       48.59857667917
2       48.59866209167
2       48.59869070000
2       48.59869266250
2       48.59880952917
4       48.59880955000
1       48.59880967083
2       48.59894707500
2       48.59906714583
4       48.59906714583
1       48.59906728333
2       48.59908375000
2       48.59912813333
2       48.59915694167
2       48.59916496667
2       48.59923808750
2       48.59926465417
4       48.59926467500
1       48.59926479583
2       48.59935635833
2       48.59938253333
2       48.59938815833
2       48.59947592917
4       48.59947595000
1       48.59947606667
2       48.59964095417
2       48.59988638750
4       48.59988640417
1       48.59988652500
2       48.60007019583
4       48.60007019583
1       48.60007033333
2       48.60022053750
2       48.60033579167
4       48.60033581250
1       48.60033593333
2       48.60035572500
2       48.60040534583
2       48.60042199167
2       48.60046304583
2       48.60069890000
4       48.60069891667
1       48.60069903750
2       48.60095680417
4       48.60095680417
1       48.60095694167
2       48.60108497500
2       48.60111022917
2       48.60147285833
4       48.60147287917
1       48.60147300000
2       48.60147490417
2       48.60185447917
4       48.60185449583
1       48.60185461667
2       48.60188824583
2       48.60210820417
4       48.60210820417
1       48.60210834167
2       48.60212078750
2       48.60215494583
2       48.60217940000
2       48.60225689167
2       48.60241657917
4       48.60241660000
1       48.60241672083
2       48.60246028750
2       48.60250644167
2       48.60251366667
2       48.60279227500
4       48.60279229583
1       48.60279241250
2       48.60294089583
2       48.60303866667
4       48.60303868750
1       48.60303880833
2       48.60307110417
2       48.60309564583
2       48.60324039583
4       48.60324039583
1       48.60324053333
2       48.60336848750
2       48.60340428750
2       48.60343085000
4       48.60343086667
1       48.60343098750
2       48.60352688333
2       48.60353848333
2       48.60362196667
4       48.60362198750
1       48.60362210833
2       48.60378527083
2       48.60382069167
2       48.60385316667
4       48.60385318750
1       48.60385330833
2       48.60389082500
2       48.60393991667
2       48.60395773333
2       48.60407966250
4       48.60407967917
1       48.60407980000
2       48.60419329583
2       48.60433276250
4       48.60433277917
1       48.60433290000
2       48.60435223750
2       48.60446156250
2       48.60467581667
4       48.60467581667
1       48.60467595417
2       48.60472465417
2       48.60485965833
4       48.60485967917
1       48.60485980000
2       48.60511771667
4       48.60511771667
1       48.60511785417
2       48.60515583750
2       48.60520387083
2       48.60541187500
4       48.60541189583
1       48.60541201667
2       48.60544695833
2       48.60552154583
2       48.60555663750
2       48.60562549167
4       48.60562550833
1       48.60562562917
2       48.60562944583
2       48.60581105000
4       48.60581106667
1       48.60581118750
2       48.60593387083
2       48.60597555417
2       48.60598758750
4       48.60598760833
1       48.60598772917
2       48.60610153333
2       48.60613716250
2       48.60616837917
4       48.60616840000
1       48.60616851667
2       48.60631505417
2       48.60633266250
2       48.60638072500
4       48.60638074583
1       48.60638086667
2       48.60644526667
2       48.60681863333
4       48.60681865000
1       48.60681877083
2       48.60697996667
2       48.60722800833
4       48.60722802500
1       48.60722814583
2       48.60741014583
4       48.60741016667
1       48.60741028333
2       48.60747114583
2       48.60754101250
2       48.60769926667
4       48.60769928750
1       48.60769940833
2       48.60787065000
2       48.60790327917
4       48.60790330000
1       48.60790342083
2       48.60796593333
2       48.60818000417
4       48.60818000417
1       48.60818014167
2       48.60820648333
2       48.60824192083
2       48.60827241250
2       48.60854926250
4       48.60854927917
1       48.60854940000
2       48.60864364583
2       48.60876909583
4       48.60876909583
1       48.60876923333
2       48.60883442917
2       48.60885503333
2       48.60891194583
2       48.60891624167
2       48.60891822917
2       48.60894307083
2       48.60897056667
4       48.60897058750
1       48.60897070833
2       48.60907324583
2       48.60928321250
4       48.60928322917
1       48.60928335000
2       48.60933100000
2       48.60935013333
2       48.60941478333
2       48.60947203750
4       48.60947205833
1       48.60947217917
2       48.60951583333
2       48.60959431667
2       48.60973506667
4       48.60973506667
1       48.60973520417
2       48.60974006667
2       48.60982413333
2       48.60990593750
2       48.60995205417
4       48.60995207500
1       48.60995219583
2       48.61029424167
4       48.61029426250
1       48.61029438333
2       48.61039881250
2       48.61069563750
4       48.61069565417
1       48.61069577500
2       48.61069700417
2       48.61078572083
2       48.61082354167
2       48.61082548333
2       48.61085030000
2       48.61102186250
4       48.61102188333
1       48.61102200417
2       48.61106889167
2       48.61121702917
4       48.61121705000
1       48.61121716667
2       48.61126536667
2       48.61131133750
2       48.61133722083
2       48.61135534167
2       48.61140180000
2       48.61146636250
4       48.61146637917
1       48.61146650000
2       48.61158791667
2       48.61159024167
2       48.61162600833
2       48.61174257917
4       48.61174259583
1       48.61174271667
2       48.61182845417
2       48.61195158333
4       48.61195160417
1       48.61195172500
2       48.61201027500
2       48.61202456250
2       48.61217257083
4       48.61217258750
1       48.61217270833
2       48.61218182500
2       48.61241460417
4       48.61241460417
1       48.61241474167
2       48.61263198333
4       48.61263200417
1       48.61263212500
2       48.61271778333
2       48.61315929167
4       48.61315931250
1       48.61315943333
2       48.61318780833
2       48.61344682500
4       48.61344682500
1       48.61344696250
2       48.61348689583
2       48.61351532500
2       48.61365255833
4       48.61365257917
1       48.61365270000
2       48.61367598750
2       48.61375047500
2       48.61391647083
4       48.61391648750
1       48.61391660833
2       48.61406454167
2       48.61408247917
2       48.61410492917
2       48.61414069583
4       48.61414071667
1       48.61414083750
2       48.61432456250
4       48.61432457917
1       48.61432470000
2       48.61437627917
2       48.61441170833
2       48.61446201667
2       48.61450967917
4       48.61450969583
1       48.61450981667
2       48.61460414167
2       48.61469855417
4       48.61469855417
1       48.61469869167
2       48.61470709167
2       48.61475214583
2       48.61479029583
2       48.61479754583
2       48.61481603333
2       48.61482968750
2       48.61486310417
2       48.61489790000
2       48.61523970833
4       48.61523972500
1       48.61523984583
2       48.61524574167
2       48.61533418750
2       48.61537223750
2       48.61559288750
4       48.61559290833
1       48.61559302500
2       48.61559610417
2       48.61596705417
4       48.61596705417
1       48.61596719167
2       48.61600456250
2       48.61621878333
4       48.61621880417
1       48.61621892500
2       48.61631056667
2       48.61643743750
4       48.61643745833
1       48.61643757500
2       48.61653216667
2       48.61662822917
2       48.61671472083
4       48.61671473750
1       48.61671485833
2       48.61681345000
2       48.61689650000
4       48.61689652083
1       48.61689663750
2       48.61693192083
2       48.61693237917
2       48.61698992083
2       48.61718592917
4       48.61718595000
1       48.61718607083
2       48.61737875417
4       48.61737877500
1       48.61737889583
2       48.61742713750
2       48.61743608333
2       48.61758213333
4       48.61758215000
1       48.61758227083
2       48.61759834167
2       48.61778492083
4       48.61778494167
1       48.61778506250
2       48.61793060417
2       48.61798868333
4       48.61798870417
1       48.61798882083
2       48.61800057500
2       48.61814002917
2       48.61814860833
2       48.61830691250
4       48.61830693333
1       48.61830705417
2       48.61847307917
2       48.61855167917
4       48.61855170000
1       48.61855182083
2       48.61858939167
2       48.61864769583
2       48.61886365833
4       48.61886367500
1       48.61886379583
2       48.61899384583
2       48.61915425000
4       48.61915427083
1       48.61915439167
2       48.61920524583
2       48.61943608750
4       48.61943610417
1       48.61943622500
2       48.61952978750
2       48.61954203750
2       48.61955556667
2       48.61959836250
2       48.61960102500
2       48.61970407083
4       48.61970409167
1       48.61970421250
2       48.61978249583
2       48.61990007917
4       48.61990010000
1       48.61990022083
2       48.61994154167
2       48.61995181250
2       48.61996834583
2       48.62009120833
4       48.62009122500
1       48.62009134583
2       48.62020646250
2       48.62022267917
2       48.62030880000
4       48.62030882083
1       48.62030893750
2       48.62033864583
2       48.62034687917
2       48.62039293750
2       48.62040554167
2       48.62045154583
2       48.62057115833
4       48.62057117500
1       48.62057129583
2       48.62068845417
2       48.62071390000
2       48.62078347083
4       48.62078349167
1       48.62078361250
2       48.62087097500
2       48.62101666667
4       48.62101666667
1       48.62101680417
2       48.62103847500
2       48.62108088750
2       48.62118123333
2       48.62123825000
4       48.62123827083
1       48.62123839167
2       48.62150452083
4       48.62150454167
1       48.62150466250
2       48.62180465833
4       48.62180467500
1       48.62180479583
2       48.62195672083
2       48.62206007083
4       48.62206009167
1       48.62206021250
2       48.62214239583
2       48.62215908333
2       48.62217989583
2       48.62220903750
2       48.62257243750
4       48.62257245833
1       48.62257257917
2       48.62258501250
2       48.62270657917
2       48.62293150833
4       48.62293152917
1       48.62293165000
2       48.62302288750
2       48.62303124583
2       48.62314479583
4       48.62314481667
1       48.62314493333
2       48.62319870417
2       48.62335051250
2       48.62342502917
4       48.62342504583
1       48.62342516667
2       48.62342960000
2       48.62348427917
2       48.62353031667
2       48.62354558333
2       48.62366254167
4       48.62366256250
1       48.62366268333
2       48.62370652083
2       48.62380921667
2       48.62381549583
2       48.62385661667
2       48.62393142917
4       48.62393145000
1       48.62393157083
2       48.62397281250
2       48.62408982083
2       48.62435475833
4       48.62435477500
1       48.62435489583
2       48.62448095000
2       48.62448889583
2       48.62457870000
4       48.62457871667
1       48.62457883750
2       48.62462502500
2       48.62467974167
2       48.62482983750
4       48.62482985833
1       48.62482997917
2       48.62489995833
2       48.62503082083
4       48.62503083750
1       48.62503095833
2       48.62513710000
2       48.62514734583
2       48.62522086250
4       48.62522087917
1       48.62522100000
2       48.62522547917
2       48.62524445000
2       48.62526065000
2       48.62539117500
2       48.62544314583
4       48.62544314583
1       48.62544328333
2       48.62561702917
2       48.62563628750
4       48.62563628750
1       48.62563642500
2       48.62571179167
2       48.62573899583
2       48.62580620417
2       48.62586476667
4       48.62586478750
1       48.62586490833
2       48.62590598333
2       48.62606583333
4       48.62606585417
1       48.62606597500
2       48.62646502083
4       48.62646504167
1       48.62646516250
2       48.62655280417
2       48.62656740833
2       48.62661640000
2       48.62667392500
4       48.62667394583
1       48.62667406250
2       48.62674154167
2       48.62697606250
4       48.62697607917
1       48.62697620000
2       48.62704168333
2       48.62712590417
2       48.62719572083
4       48.62719574167
1       48.62719585833
2       48.62732029583
2       48.62735307500
2       48.62745014167
4       48.62745016250
1       48.62745028333
2       48.62766006667
4       48.62766006667
1       48.62766020417
2       48.62782170417
2       48.62786581667
4       48.62786583750
1       48.62786595833
2       48.62809464583
4       48.62809464583
1       48.62809478333
2       48.62815866667
2       48.62822717083
2       48.62828310417
4       48.62828312500
1       48.62828324583
2       48.62829755417
2       48.62831853750
2       48.62832250000
2       48.62843612500
2       48.62857006667
4       48.62857008750
1       48.62857020833
2       48.62858947500
2       48.62869219167
2       48.62871268333
2       48.62896477500
4       48.62896477500
1       48.62896491250
2       48.62968582500
4       48.62968582500
1       48.62968596250
2       48.62969650000
2       48.62984417083
2       48.62991603333
4       48.62991605417
1       48.62991617500
2       48.63006017083
2       48.63023375417
4       48.63023377500
1       48.63023389583
2       48.63030131250
2       48.63042216250
2       48.63050032917
4       48.63050035000
1       48.63050047083
2       48.63057123333
2       48.63057192083
2       48.63062355000
2       48.63065372917
2       48.63068681667
2       48.63074510833
4       48.63074512917
1       48.63074525000
2       48.63088388333
2       48.63092500417
4       48.63092500417
1       48.63092514167
2       48.63101208333
2       48.63106150417
2       48.63116780417
4       48.63116780417
1       48.63116794167
2       48.63123165417
2       48.63135753333
4       48.63135755417
1       48.63135767500
2       48.63153178750
4       48.63153180417
1       48.63153192500
2       48.63159472083
2       48.63169307083
2       48.63170995000
2       48.63181401667
4       48.63181403750
1       48.63181415833
2       48.63189947083
2       48.63197603333
2       48.63203558750
4       48.63203560833
1       48.63203572917
2       48.63204549583
2       48.63210013333
2       48.63248803750
4       48.63248805417
1       48.63248817500
2       48.63252609583
2       48.63273087917
4       48.63273089583
1       48.63273101667
2       48.63273252500
2       48.63290142500
2       48.63297164583
4       48.63297166667
1       48.63297178750
2       48.63306702083
2       48.63309583333
2       48.63312133333
2       48.63334333333
4       48.63334335000
1       48.63334347083
2       48.63344135000
2       48.63369776250
4       48.63369778333
1       48.63369790417
2       48.63371128333
2       48.63373080417
2       48.63376426250
2       48.63381162917
2       48.63381187500
2       48.63399214583
4       48.63399214583
1       48.63399228333
2       48.63400240000
2       48.63405077500
2       48.63408812500
2       48.63431940417
4       48.63431940417
1       48.63431954167
2       48.63452870000
4       48.63452871667
1       48.63452883750
2       48.63460259583
2       48.63463598750
2       48.63478237083
4       48.63478238750
1       48.63478250833
2       48.63481815833
2       48.63486589583
2       48.63487915000
2       48.63514578333
4       48.63514580417
1       48.63514592500
2       48.63517833333
2       48.63521701667
2       48.63536537917
4       48.63536540000
1       48.63536551667
2       48.63568011250
4       48.63568012917
1       48.63568025000
2       48.63596827083
4       48.63596829167
1       48.63596841250
2       48.63600177083
2       48.63601162917
2       48.63603481250
2       48.63626134583
4       48.63626134583
1       48.63626148333
2       48.63629051250
2       48.63643991667
2       48.63647791667
4       48.63647791667
1       48.63647805417
2       48.63656966250
2       48.63668605417
4       48.63668605417
1       48.63668619167
2       48.63673735000
2       48.63679735000
2       48.63694503333
4       48.63694505000
1       48.63694517083
2       48.63709907917
2       48.63717232917
4       48.63717234583
1       48.63717246667
2       48.63723056667
2       48.63726400417
2       48.63746556667
4       48.63746556667
1       48.63746570417
2       48.63749020417
2       48.63771677917
4       48.63771680000
1       48.63771692083
2       48.63774005000
2       48.63782375417
2       48.63804042500
4       48.63804042500
1       48.63804056250
2       48.63814040833
2       48.63815067500
2       48.63817292083
2       48.63820964167
4       48.63820966250
1       48.63820978333
2       48.63827257083
2       48.63830799583
2       48.63835005833
2       48.63851207917
4       48.63851209583
1       48.63851221667
2       48.63851241667
2       48.63867439583
2       48.63869755833
2       48.63870484167
4       48.63870485833
1       48.63870497917
2       48.63885025000
2       48.63889397083
2       48.63893378750
4       48.63893380833
1       48.63893392917
2       48.63909459167
2       48.63915735833
4       48.63915737917
1       48.63915750000
2       48.63922453750
2       48.63926028333
2       48.63926862083
2       48.63933651250
2       48.63937790000
4       48.63937791667
1       48.63937803750
2       48.63961109167
4       48.63961111250
1       48.63961123333
2       48.63985257917
4       48.63985260000
1       48.63985271667
2       48.63985359167
2       48.63989394167
2       48.64007608750
4       48.64007610833
1       48.64007622917
2       48.64013345417
2       48.64014402083
2       48.64025465417
4       48.64025467500
1       48.64025479583
2       48.64032152500
2       48.64033391250
2       48.64056101250
4       48.64056103333
1       48.64056115417
2       48.64070415417
2       48.64072426667
2       48.64078267500
4       48.64078269583
1       48.64078281667
2       48.64091114583
2       48.64095060000
2       48.64099890833
4       48.64099892500
1       48.64099904583
2       48.64105976250
2       48.64113105417
2       48.64123210417
4       48.64123210417
1       48.64123224167
2       48.64128944583
2       48.64133277917
2       48.64144727083
4       48.64144729167
1       48.64144741250
2       48.64147364167
2       48.64166867500
4       48.64166869583
1       48.64166881667
2       48.64195124167
4       48.64195125833
1       48.64195137917
2       48.64221189167
4       48.64221191250
1       48.64221203333
2       48.64225629583
2       48.64233936250
2       48.64239994167
4       48.64239996250
1       48.64240008333
2       48.64250533750
2       48.64251326667
2       48.64254776667
2       48.64254905000
2       48.64258621250
4       48.64258622917
1       48.64258635000
2       48.64286437083
4       48.64286438750
1       48.64286450833
2       48.64292938333
2       48.64293723750
2       48.64300553750
2       48.64303001250
2       48.64304227917
2       48.64317047083
4       48.64317048750
1       48.64317060833
2       48.64327150000
2       48.64340064583
4       48.64340066667
1       48.64340078333
2       48.64372989167
4       48.64372990833
1       48.64373002917
2       48.64386632917
2       48.64390909167
2       48.64407041250
4       48.64407043333
1       48.64407055417
2       48.64417670417
2       48.64421016667
2       48.64459410000
4       48.64459411667
1       48.64459423750
2       48.64461492083
2       48.64469966250
2       48.64471074583
2       48.64473682083
2       48.64477295000
2       48.64478391667
2       48.64492800417
4       48.64492802500
1       48.64492814583
2       48.64495478750
2       48.64503795417
2       48.64516782083
4       48.64516783750
1       48.64516795833
2       48.64518565000
2       48.64547242083
4       48.64547244167
1       48.64547256250
2       48.64559868750
2       48.64574537083
4       48.64574538750
1       48.64574550833
2       48.64589875000
2       48.64595147083
4       48.64595148750
1       48.64595160833
2       48.64599352083
2       48.64602997917
2       48.64611143750
2       48.64621212500
4       48.64621214583
1       48.64621226667
2       48.64626543333
2       48.64650691667
4       48.64650691667
1       48.64650705417
2       48.64653604167
2       48.64659965833
2       48.64673342500
4       48.64673344583
1       48.64673356250
2       48.64683519583
2       48.64684214583
2       48.64686668333
2       48.64693981667
4       48.64693981667
1       48.64693995417
2       48.64702631667
2       48.64703917500
2       48.64707716667
2       48.64708550000
2       48.64727075000
4       48.64727076667
1       48.64727088750
2       48.64742732500
2       48.64758074167
4       48.64758076250
1       48.64758087917
2       48.64770218333
2       48.64773609167
2       48.64783248750
4       48.64783250417
1       48.64783262500
2       48.64783842083
2       48.64797489167
2       48.64798188333
2       48.64799377083
2       48.64817628750
4       48.64817630417
1       48.64817642500
2       48.64824319167
2       48.64833272083
2       48.64834025417
4       48.64834027500
1       48.64834039583
2       48.64843533750
2       48.64854700833
4       48.64854702917
1       48.64854714583
2       48.64861789583
2       48.64864138750
2       48.64866085417
2       48.64868544583
2       48.64868639583
2       48.64902695000
4       48.64902697083
1       48.64902709167
2       48.64917026667
2       48.64939285000
4       48.64939286667
1       48.64939298750
2       48.64945380417
2       48.64950421250
2       48.64974795000
4       48.64974796667
1       48.64974808750
2       48.65006430417
4       48.65006430417
1       48.65006444167
2       48.65010867917
2       48.65035874167
4       48.65035876250
1       48.65035888333
2       48.65050644583
2       48.65057335833
4       48.65057337500
1       48.65057349583
2       48.65060714167
2       48.65070542917
2       48.65093691250
4       48.65093693333
1       48.65093705417
2       48.65099736250
2       48.65100304583
2       48.65110433333
2       48.65114835833
4       48.65114837917
1       48.65114850000
2       48.65131799167
2       48.65134586667
4       48.65134586667
1       48.65134600417
2       48.65137527917
2       48.65139051667
2       48.65139250000
2       48.65144184167
2       48.65148659583
2       48.65154857917
4       48.65154859583
1       48.65154871667
2       48.65165418750
2       48.65171674583
2       48.65173537500
4       48.65173539583
1       48.65173551667
2       48.65181944583
2       48.65186780833
2       48.65194985833
4       48.65194987500
1       48.65194999583
2       48.65203047083
2       48.65209041250
2       48.65229144583
4       48.65229144583
1       48.65229158333
2       48.65237093750
2       48.65247960417
4       48.65247962500
1       48.65247974583
2       48.65278104167
4       48.65278105833
1       48.65278117917
2       48.65286947083
2       48.65303378750
4       48.65303380833
1       48.65303392917
2       48.65312649167
2       48.65315899167
2       48.65316398333
2       48.65320164583
2       48.65338587500
4       48.65338587500
1       48.65338601250
2       48.65342066250
2       48.65357201250
4       48.65357203333
1       48.65357215417
2       48.65368628333
2       48.65371737917
2       48.65387177917
4       48.65387179583
1       48.65387191667
2       48.65392245833
2       48.65396092083
2       48.65396148750
2       48.65408235417
4       48.65408237500
1       48.65408249583
2       48.65426556250
2       48.65433215833
4       48.65433217917
1       48.65433230000
2       48.65440965417
2       48.65484820000
4       48.65484821667
1       48.65484833750
2       48.65492174583
2       48.65492833750
2       48.65507009167
4       48.65507010833
1       48.65507022917
2       48.65513439583
2       48.65538314583
4       48.65538316667
1       48.65538328750
2       48.65559243750
4       48.65559245833
1       48.65559257917
2       48.65561901250
2       48.65562425833
2       48.65564488750
2       48.65590316667
4       48.65590316667
1       48.65590330417
2       48.65595183750
2       48.65600190000
2       48.65610254167
2       48.65615455833
4       48.65615457917
1       48.65615469583
2       48.65633076250
2       48.65647550833
4       48.65647552500
1       48.65647564583
2       48.65652492917
2       48.65659185000
2       48.65671070833
4       48.65671072500
1       48.65671084583
2       48.65674750000
2       48.65702338333
4       48.65702340417
1       48.65702352500
2       48.65721087917
2       48.65744970000
4       48.65744971667
1       48.65744983750
2       48.65746985417
2       48.65750764167
2       48.65760796667
2       48.65767520417
4       48.65767520417
1       48.65767534167
2       48.65788487500
4       48.65788487500
1       48.65788501250
2       48.65794122917
2       48.65801807083
2       48.65806105833
2       48.65860005417
4       48.65860007500
1       48.65860019583
2       48.65879317917
4       48.65879320000
1       48.65879332083
2       48.65880405833
2       48.65888515833
2       48.65895707500
2       48.65896109167
2       48.65911510000
4       48.65911511667
1       48.65911523750
2       48.65912175417
2       48.65917140417
2       48.65920812500
2       48.65929363333
2       48.65930486250
2       48.65933537083
2       48.65948612083
4       48.65948614167
1       48.65948625833
2       48.65949434583
2       48.65956090417
2       48.65962115000
2       48.65963210417
2       48.65971390417
4       48.65971390417
1       48.65971404167
2       48.66021704583
4       48.66021704583
1       48.66021718333
2       48.66024058750
2       48.66031971667
2       48.66057145000
4       48.66057147083
1       48.66057159167
2       48.66067583750
2       48.66067647083
2       48.66085540000
4       48.66085541667
1       48.66085553750
2       48.66088585833
2       48.66089707917
2       48.66090500000
2       48.66091757500
2       48.66122164583
4       48.66122164583
1       48.66122178333
2       48.66127372083
2       48.66127667083
2       48.66133727083
2       48.66147767917
4       48.66147770000
1       48.66147782083
2       48.66190565000
4       48.66190566667
1       48.66190578750
2       48.66192288750
2       48.66205540417
2       48.66207126667
2       48.66221632500
4       48.66221634583
1       48.66221646667
2       48.66249531667
4       48.66249531667
1       48.66249545417
2       48.66249687917
2       48.66254521667
2       48.66254955000
2       48.66269232917
4       48.66269234583
1       48.66269246667
2       48.66343029167
4       48.66343031250
1       48.66343043333
2       48.66346649167
2       48.66348667917
2       48.66357301250
2       48.66363634167
4       48.66363636250
1       48.66363647917
2       48.66375132083
2       48.66379236667
2       48.66395462500
4       48.66395462500
1       48.66395476250
2       48.66398410833
2       48.66413781250
2       48.66427230417
4       48.66427232500
1       48.66427244583
2       48.66433591250
2       48.66440178750
2       48.66458593750
4       48.66458595833
1       48.66458607500
2       48.66466538750
2       48.66485656250
4       48.66485657917
1       48.66485670000
2       48.66500164583
2       48.66504725833
4       48.66504727500
1       48.66504739583
2       48.66521395833
2       48.66525733333
4       48.66525735417
1       48.66525747500
2       48.66550009167
4       48.66550010833
1       48.66550022917
2       48.66557203333
2       48.66568133750
2       48.66624082500
4       48.66624084583
1       48.66624096250
2       48.66630368750
2       48.66657194583
4       48.66657194583
1       48.66657208333
2       48.66666008333
2       48.66668593333
2       48.66672532917
2       48.66678503333
2       48.66691852083
4       48.66691854167
1       48.66691865833
2       48.66692974167
2       48.66695360833
2       48.66722649167
4       48.66722650833
1       48.66722662917
2       48.66731162500
2       48.66744474167
4       48.66744476250
1       48.66744488333
2       48.66744542500
2       48.66765011250
2       48.66792503333
4       48.66792505417
1       48.66792517083
2       48.66795520000
2       48.66796184583
2       48.66798043333
2       48.66809604167
2       48.66818297500
4       48.66818297500
2       48.66818308333
1       48.66818311250
2       48.66829039167
2       48.66832817500
2       48.66838245417
4       48.66838247083
1       48.66838259167
2       48.66849541250
2       48.66877860833
4       48.66877862917
1       48.66877875000
2       48.66878750000
2       48.66886731250
2       48.66889592917
2       48.66892807083
2       48.66895751667
2       48.66922579583
4       48.66922581667
1       48.66922593750
2       48.66932649167
2       48.66939532917
2       48.66942679167
4       48.66942680833
1       48.66942692917
2       48.66965873750
4       48.66965875833
1       48.66965887917
2       48.66969012917
2       48.66975548750
2       48.66981339583
2       48.66986736667
4       48.66986736667
1       48.66986750417
2       48.67009334167
4       48.67009335833
1       48.67009347917
2       48.67012966667
2       48.67025487917
2       48.67061194167
4       48.67061195833
1       48.67061207917
2       48.67063713333
2       48.67072194583
2       48.67073747083
2       48.67076137083
2       48.67109388333
4       48.67109390417
1       48.67109402500
2       48.67115681250
2       48.67120225000
2       48.67131052917
4       48.67131054583
1       48.67131066667
2       48.67137576667
2       48.67144628750
2       48.67153674167
4       48.67153676250
1       48.67153687917
2       48.67157211667
2       48.67162590417
2       48.67169147917
2       48.67171494167
4       48.67171496250
1       48.67171508333
2       48.67203160417
4       48.67203162500
1       48.67203174167
2       48.67203398333
2       48.67211374583
2       48.67235452083
4       48.67235454167
1       48.67235466250
2       48.67277220833
4       48.67277222500
1       48.67277234583
2       48.67285404583
2       48.67293259167
2       48.67347733333
4       48.67347735417
1       48.67347747083
2       48.67356925000
2       48.67358373333
2       48.67369771250
4       48.67369772917
1       48.67369785000
2       48.67370992917
2       48.67387716250
4       48.67387717917
1       48.67387730000
2       48.67408915000
4       48.67408916667
1       48.67408928750
2       48.67424393333
2       48.67425280417
2       48.67428700417
2       48.67450325833
4       48.67450327500
1       48.67450339583
2       48.67465394167
2       48.67474762500
4       48.67474762500
1       48.67474776250
2       48.67490929583
2       48.67492851667
4       48.67492851667
1       48.67492865417
2       48.67499088750
2       48.67527429583
4       48.67527431667
1       48.67527443750
2       48.67557173750
4       48.67557175833
1       48.67557187917
2       48.67557378333
2       48.67559962083
2       48.67564327917
2       48.67583351667
4       48.67583351667
1       48.67583365417
2       48.67587155417
2       48.67588242917
2       48.67606097917
4       48.67606099583
1       48.67606111667
2       48.67606891250
2       48.67634816250
4       48.67634817917
1       48.67634830000
2       48.67644555833
2       48.67645512917
2       48.67657470417
4       48.67657472500
1       48.67657484167
2       48.67660780000
2       48.67661615417
2       48.67663530833
2       48.67678400833
4       48.67678402917
1       48.67678415000
2       48.67678505417
2       48.67709735417
4       48.67709737500
1       48.67709749583
2       48.67717230000
2       48.67724117917
2       48.67732758333
4       48.67732760000
1       48.67732772083
2       48.67742663750
2       48.67762706250
4       48.67762708333
1       48.67762720417
2       48.67767534583
2       48.67771911250
2       48.67778641667
2       48.67785291667
4       48.67785293750
1       48.67785305833
2       48.67785527083
2       48.67786121250
2       48.67797742500
2       48.67799234167
2       48.67803210417
4       48.67803210417
1       48.67803224167
2       48.67816097500
2       48.67823052500
4       48.67823054583
1       48.67823066667
2       48.67826131667
2       48.67831400417
2       48.67835812500
2       48.67838522083
2       48.67840507500
2       48.67845572500
4       48.67845572500
1       48.67845586250
2       48.67862237917
2       48.67892282083
4       48.67892284167
1       48.67892296250
2       48.67893039167
2       48.67895787500
2       48.67896000000
2       48.67909794583
4       48.67909796667
1       48.67909808333
2       48.67926250000
2       48.67933285833
4       48.67933287500
1       48.67933299583
2       48.67945401250
2       48.67946498333
2       48.67951498333
2       48.67953388333
4       48.67953390417
1       48.67953402083
2       48.67957360000
2       48.67961803750
2       48.67968087917
2       48.67978560833
4       48.67978562917
1       48.67978575000
2       48.68008771250
4       48.68008772917
1       48.68008785000
2       48.68014965833
2       48.68018439167
2       48.68039941667
4       48.68039943750
1       48.68039955833
2       48.68049277500
2       48.68050406667
2       48.68063090000
4       48.68063092083
1       48.68063104167
2       48.68066272083
2       48.68071504167
2       48.68072008750
2       48.68088870000
4       48.68088871667
1       48.68088883750
2       48.68100127917
2       48.68128579583
4       48.68128579583
1       48.68128593333
2       48.68137840833
2       48.68143214583
2       48.68151899167
4       48.68151900833
1       48.68151912917
2       48.68152488750
2       48.68155310417
2       48.68165807917
2       48.68183361667
4       48.68183361667
1       48.68183375417
2       48.68194326250
2       48.68198630000
2       48.68199621667
2       48.68202337917
4       48.68202340000
1       48.68202352083
2       48.68205030417
2       48.68207645000
2       48.68211285417
2       48.68223440417
4       48.68223440417
1       48.68223454167
2       48.68224768333
2       48.68226588750
2       48.68227584167
2       48.68250002083
4       48.68250003750
1       48.68250015833
2       48.68254181667
2       48.68269387917
4       48.68269389583
1       48.68269401667
2       48.68289850417
4       48.68289850417
1       48.68289864167
2       48.68292529167
2       48.68302001250
2       48.68303304167
2       48.68320219167
4       48.68320221250
1       48.68320233333
2       48.68320954583
2       48.68331514167
2       48.68333436667
2       48.68335325417
2       48.68335635833
2       48.68339493333
4       48.68339495417
1       48.68339507500
2       48.68345532500
2       48.68352625000
2       48.68359006667
4       48.68359008750
1       48.68359020833
2       48.68360533333
2       48.68388061250
4       48.68388063333
1       48.68388075000
2       48.68406813333
4       48.68406815000
1       48.68406827083
2       48.68423663750
2       48.68465400417
4       48.68465402500
1       48.68465414583
2       48.68501473333
4       48.68501475417
1       48.68501487500
2       48.68512528750
2       48.68514289167
2       48.68523430417
4       48.68523432500
1       48.68523444583
2       48.68532037917
2       48.68553609167
4       48.68553610833
1       48.68553622917
2       48.68560891667
2       48.68574920833
4       48.68574922917
1       48.68574935000
2       48.68577587500
2       48.68577980000
2       48.68578799167
2       48.68580570000
2       48.68581557917
2       48.68584112917
2       48.68588984167
2       48.68611995000
4       48.68611996667
1       48.68612008750
2       48.68619118333
2       48.68622034583
2       48.68633350417
4       48.68633352083
1       48.68633364167
2       48.68645751667
2       48.68647668333
2       48.68652018333
2       48.68661294583
4       48.68661294583
1       48.68661308333
2       48.68665203333
2       48.68670037500
2       48.68678873333
2       48.68682650000
4       48.68682651667
1       48.68682663750
2       48.68684243333
2       48.68686892083
2       48.68689750417
2       48.68695237083
2       48.68707497083
4       48.68707499167
1       48.68707511250
2       48.68712367500
2       48.68716831667
2       48.68724390833
2       48.68735280000
4       48.68735282083
1       48.68735294167
2       48.68756047083
4       48.68756049167
1       48.68756061250
2       48.68756322917
2       48.68760291250
2       48.68781024167
4       48.68781025833
1       48.68781037917
2       48.68796195833
2       48.68824482917
4       48.68824484583
1       48.68824496667
2       48.68825699583
2       48.68832603750
2       48.68835484167
2       48.68845416250
4       48.68845418333
1       48.68845430417
2       48.68858672083
2       48.68878348333
4       48.68878350000
1       48.68878362083
2       48.68895166250
2       48.68918150417
4       48.68918152500
1       48.68918164167
2       48.68942536250
4       48.68942538333
1       48.68942550000
2       48.68952495417
2       48.68997084583
4       48.68997084583
1       48.68997098333
2       48.69012457083
2       48.69017532917
4       48.69017535000
1       48.69017546667
2       48.69028222917
2       48.69064187500
4       48.69064187500
1       48.69064201250
2       48.69088969583
4       48.69088971667
1       48.69088983750
2       48.69106617917
2       48.69107848333
2       48.69110297083
4       48.69110298750
1       48.69110310833
2       48.69144687917
4       48.69144689583
1       48.69144701667
2       48.69161217083
4       48.69161218750
1       48.69161230833
2       48.69185297917
4       48.69185300000
1       48.69185312083
2       48.69199695833
2       48.69206223750
4       48.69206223750
1       48.69206237500
2       48.69241226250
4       48.69241227917
1       48.69241240000
2       48.69263852500
4       48.69263854583
1       48.69263866667
2       48.69284353333
4       48.69284355417
1       48.69284367500
2       48.69284456250
2       48.69284928750
2       48.69293631667
2       48.69309362917
4       48.69309365000
1       48.69309377083
2       48.69320690000
2       48.69335077083
4       48.69335078750
1       48.69335090833
2       48.69337057083
2       48.69337482500
2       48.69351702500
4       48.69351702500
1       48.69351716250
2       48.69361837083
2       48.69364748750
2       48.69379687083
4       48.69379689167
1       48.69379701250
2       48.69411350833
4       48.69411352917
1       48.69411364583
2       48.69413957500
2       48.69414429583
2       48.69416713750
2       48.69424301250
2       48.69424452500
2       48.69431292083
4       48.69431293750
1       48.69431305833
2       48.69432023750
2       48.69441100833
2       48.69482197917
4       48.69482199583
1       48.69482211667
2       48.69485112917
2       48.69488732917
2       48.69525973750
4       48.69525975417
1       48.69525987500
2       48.69533739583
2       48.69559712917
4       48.69559715000
1       48.69559727083
2       48.69567322500
2       48.69579746250
2       48.69585348333
4       48.69585350417
1       48.69585362500
2       48.69587695417
2       48.69607637917
4       48.69607639583
1       48.69607651667
2       48.69617939167
2       48.69621447083
2       48.69636384167
4       48.69636386250
1       48.69636398333
2       48.69644532500
2       48.69655300833
4       48.69655302500
1       48.69655314583
2       48.69664474167
2       48.69672427083
4       48.69672428750
1       48.69672440833
2       48.69674580000
2       48.69684146667
2       48.69688319583
2       48.69694645000
4       48.69694647083
1       48.69694659167
2       48.69700079167
2       48.69709519583
2       48.69712266250
2       48.69716280000
4       48.69716282083
1       48.69716294167
2       48.69775605833
4       48.69775607917
1       48.69775620000
2       48.69777029167
2       48.69816381250
4       48.69816382917
1       48.69816395000
2       48.69827631667
2       48.69834325417
4       48.69834327500
1       48.69834339167
2       48.69840329583
2       48.69841639583
2       48.69885695417
4       48.69885695417
1       48.69885709167
2       48.69889370833
2       48.69892129583
2       48.69902165000
2       48.69909363750
4       48.69909365833
1       48.69909377917
2       48.69916837083
2       48.69923363750
2       48.69924318750
2       48.69929725000
2       48.69931440833
2       48.69935217917
4       48.69935219583
1       48.69935231667
2       48.69940216250
2       48.69946983333
2       48.69958499583
4       48.69958499583
1       48.69958513333
2       48.69976762917
4       48.69976764583
1       48.69976776667
2       48.69987021667
2       48.70005147917
4       48.70005149583
1       48.70005161667
2       48.70007233750
2       48.70055810417
4       48.70055812500
1       48.70055824583
2       48.70062145000
2       48.70081850417
4       48.70081852500
1       48.70081864583
2       48.70082320000
2       48.70089178750
2       48.70107596250
4       48.70107597917
1       48.70107610000
2       48.70113320000
2       48.70121332500
2       48.70129983750
4       48.70129985833
1       48.70129997917
2       48.70133764167
2       48.70135275833
2       48.70151475417
4       48.70151477500
1       48.70151489167
2       48.70156114583
2       48.70183733750
4       48.70183735833
1       48.70183747917
2       48.70185560417
2       48.70190296250
2       48.70197155833
2       48.70215005417
4       48.70215005417
1       48.70215019167
2       48.70215185000
2       48.70220610000
2       48.70247066250
4       48.70247068333
1       48.70247080417
2       48.70248592500
2       48.70253357500
2       48.70274395000
4       48.70274397083
1       48.70274408750
2       48.70276645000
2       48.70280059167
2       48.70281023333
2       48.70296254583
4       48.70296254583
1       48.70296268333
2       48.70311688333
2       48.70328286250
4       48.70328288333
1       48.70328300417
2       48.70328619167
2       48.70330965833
2       48.70333515000
2       48.70342735833
2       48.70343389583
2       48.70363960417
4       48.70363962500
1       48.70363974167
2       48.70400200000
4       48.70400202083
1       48.70400214167
2       48.70437659167
4       48.70437661250
1       48.70437672917
2       48.70448414167
2       48.70450997500
2       48.70461936667
4       48.70461938750
1       48.70461950833
2       48.70462184583
2       48.70462260833
2       48.70469127083
2       48.70484165417
4       48.70484167500
1       48.70484179583
2       48.70488822917
2       48.70490150417
2       48.70501955417
2       48.70514766667
4       48.70514768750
1       48.70514780417
2       48.70530268333
2       48.70550145417
4       48.70550147500
1       48.70550159583
2       48.70550809583
2       48.70551660417
2       48.70567260833
2       48.70570777917
2       48.70577664167
4       48.70577666250
1       48.70577678333
2       48.70579757083
2       48.70596080417
2       48.70611844167
4       48.70611846250
1       48.70611858333
2       48.70623969583
2       48.70637287917
4       48.70637290000
1       48.70637302083
2       48.70639504583
2       48.70641391667
2       48.70650272500
2       48.70654803333
2       48.70659247083
4       48.70659249167
1       48.70659261250
2       48.70662626250
2       48.70689558333
4       48.70689560417
1       48.70689572500
2       48.70702275417
2       48.70706213333
2       48.70712507917
4       48.70712510000
1       48.70712522083
2       48.70717084583
2       48.70727678333
2       48.70740627917
4       48.70740630000
1       48.70740642083
2       48.70751397917
2       48.70762187500
4       48.70762187500
1       48.70762201250
2       48.70775206667
2       48.70836885833
4       48.70836887917
1       48.70836899583
2       48.70842512083
2       48.70857218333
4       48.70857220000
1       48.70857232083
2       48.70876006250
4       48.70876007917
1       48.70876020000
2       48.70876368750
2       48.70889915417
2       48.70904258333
4       48.70904260417
1       48.70904272500
2       48.70906711250
2       48.70917275000
2       48.70933409583
4       48.70933411667
1       48.70933423333
2       48.70936059583
2       48.70950732500
2       48.70952650833
4       48.70952652917
1       48.70952665000
2       48.70953739167
2       48.70972024583
4       48.70972024583
1       48.70972038333
2       48.70978485833
2       48.70993751250
4       48.70993752917
1       48.70993765000
2       48.71010975833
2       48.71024460417
4       48.71024462083
1       48.71024474167
2       48.71027303750
2       48.71040120833
2       48.71046815417
4       48.71046815417
1       48.71046829167
2       48.71058766667
2       48.71073944583
4       48.71073946667
1       48.71073958333
2       48.71075565000
2       48.71079144167
2       48.71089375417
2       48.71107904583
4       48.71107904583
1       48.71107918333
2       48.71144325833
4       48.71144327917
1       48.71144340000
2       48.71149835833
2       48.71165128333
4       48.71165130417
1       48.71165142500
2       48.71178182917
2       48.71179211667
2       48.71182630833
2       48.71184640000
4       48.71184642083
1       48.71184654167
2       48.71219846667
4       48.71219846667
1       48.71219860417
2       48.71224587083
2       48.71232275417
2       48.71241279167
4       48.71241280833
1       48.71241292917
2       48.71253304583
2       48.71254099167
2       48.71254727917
2       48.71259660417
4       48.71259662500
1       48.71259674583
2       48.71275624583
2       48.71276883750
4       48.71276885833
1       48.71276897917
2       48.71285563750
2       48.71297591667
4       48.71297591667
1       48.71297605417
2       48.71304447500
2       48.71308221250
2       48.71311565000
2       48.71327630833
4       48.71327632500
1       48.71327644583
2       48.71328359167
2       48.71334222917
2       48.71335982083
2       48.71337065417
2       48.71342341667
2       48.71349292500
4       48.71349292500
1       48.71349306250
2       48.71349652083
2       48.71350283750
2       48.71353044167
2       48.71353998750
2       48.71395206250
4       48.71395208333
1       48.71395220000
2       48.71428131667
4       48.71428133750
1       48.71428145417
2       48.71428915833
2       48.71444656250
2       48.71457140000
4       48.71457141667
1       48.71457153750
2       48.71459461667
2       48.71483142500
4       48.71483142500
1       48.71483156250
2       48.71486684583
2       48.71486953333
2       48.71490032500
2       48.71499905000
2       48.71501788333
2       48.71513917500
4       48.71513919583
1       48.71513931667
2       48.71520238333
2       48.71553820833
4       48.71553822500
1       48.71553834583
2       48.71557137083
2       48.71557314167
2       48.71563338333
2       48.71589570000
4       48.71589572083
1       48.71589583750
2       48.71607683333
2       48.71648819167
4       48.71648820833
1       48.71648832917
2       48.71670684583
4       48.71670686667
1       48.71670698750
2       48.71674362083
2       48.71676483750
2       48.71676620417
2       48.71683830000
2       48.71684595833
2       48.71687572917
2       48.71697116250
4       48.71697118333
1       48.71697130000
2       48.71697250417
2       48.71703935000
2       48.71715797500
4       48.71715797500
1       48.71715811250
2       48.71729541250
2       48.71823446250
4       48.71823448333
1       48.71823460000
2       48.71848423333
4       48.71848425000
1       48.71848437083
2       48.71851200417
2       48.71859741250
2       48.71919926250
4       48.71919928333
1       48.71919940417
2       48.71929636250
2       48.71953119167
4       48.71953120833
1       48.71953132917
2       48.71973026250
4       48.71973027917
1       48.71973040000
2       48.71976833750
2       48.71992874167
4       48.71992875833
1       48.71992887917
2       48.71994491250
2       48.71998469583
2       48.72002937917
2       48.72012906250
4       48.72012908333
1       48.72012920417
2       48.72037648333
4       48.72037650417
1       48.72037662500
2       48.72038252917
2       48.72043113333
2       48.72045238333
2       48.72053183750
2       48.72054674167
4       48.72054676250
1       48.72054688333
2       48.72069086667
2       48.72084581250
4       48.72084582917
1       48.72084595000
2       48.72089719583
2       48.72097175000
2       48.72106640000
4       48.72106641667
1       48.72106653750
2       48.72129005417
4       48.72129007500
1       48.72129019583
2       48.72137677917
2       48.72151289583
4       48.72151289583
1       48.72151303333
2       48.72156131250
2       48.72248905417
4       48.72248907500
1       48.72248919583
2       48.72249230833
2       48.72252687500
2       48.72260630833
2       48.72265567500
2       48.72269169583
2       48.72273148333
4       48.72273150417
1       48.72273162083
2       48.72286363333
2       48.72305080000
4       48.72305081667
1       48.72305093750
2       48.72322099167
2       48.72322146667
2       48.72341751250
4       48.72341752917
1       48.72341765000
2       48.72365328750
4       48.72365330833
1       48.72365342500
2       48.72369634583
2       48.72379541667
2       48.72384018750
4       48.72384020417
1       48.72384032500
2       48.72397658333
2       48.72420084583
4       48.72420086667
1       48.72420098333
2       48.72425552500
2       48.72431207083
2       48.72437812083
2       48.72439688333
2       48.72447275000
4       48.72447277083
1       48.72447289167
2       48.72472149167
4       48.72472150833
1       48.72472162917
2       48.72491898333
4       48.72491900000
1       48.72491912083
2       48.72492950417
2       48.72502855833
2       48.72513089583
4       48.72513089583
1       48.72513103333
2       48.72524846250
2       48.72528562917
2       48.72539319167
4       48.72539320833
1       48.72539332917
2       48.72541404583
2       48.72570563333
4       48.72570565000
1       48.72570577083
2       48.72587980000
2       48.72590760833
4       48.72590762917
1       48.72590775000
2       48.72601369167
2       48.72609577083
4       48.72609579167
1       48.72609591250
2       48.72614814167
2       48.72623456667
2       48.72634189583
4       48.72634191667
1       48.72634203750
2       48.72646310417
2       48.72659259583
4       48.72659261667
1       48.72659273750
2       48.72662980000
2       48.72663269167
2       48.72684140417
4       48.72684142500
1       48.72684154167
2       48.72689475000
2       48.72697287917
2       48.72720771667
4       48.72720773750
1       48.72720785833
2       48.72728589167
2       48.72733655833
2       48.72739355833
4       48.72739357500
1       48.72739369583
2       48.72739691667
2       48.72739813750
2       48.72741532500
2       48.72742768750
2       48.72759989167
4       48.72759991250
1       48.72760003333
2       48.72761906667
2       48.72772014167
2       48.72779065833
4       48.72779067500
1       48.72779079583
2       48.72786551667
2       48.72790194583
2       48.72790981667
2       48.72809738750
4       48.72809738750
1       48.72809752500
2       48.72810962083
2       48.72815272500
2       48.72826105833
4       48.72826107917
1       48.72826120000
2       48.72831095833
2       48.72845418333
4       48.72845420417
1       48.72845432500
2       48.72852175833
2       48.72862405417
2       48.72865050417
2       48.72875782917
4       48.72875784583
1       48.72875796667
2       48.72877873333
2       48.72890818750
2       48.72898606667
4       48.72898608750
1       48.72898620833
2       48.72908379583
2       48.72920898750
4       48.72920898750
1       48.72920912500
2       48.72922511667
2       48.72944553333
4       48.72944555000
1       48.72944567083
2       48.72951575417
2       48.72983955833
4       48.72983957500
1       48.72983969583
2       48.72989659167
2       48.72999560417
2       48.73000262500
2       48.73005986667
4       48.73005986667
1       48.73006000417
2       48.73008938750
2       48.73009961250
2       48.73028713333
4       48.73028715417
1       48.73028727083
2       48.73053954583
4       48.73053956667
1       48.73053968750
2       48.73069384167
2       48.73081422083
4       48.73081424167
1       48.73081436250
2       48.73087508333
2       48.73096215833
2       48.73112415417
4       48.73112417500
1       48.73112429583
2       48.73124536250
2       48.73125961667
2       48.73135137083
4       48.73135139167
1       48.73135151250
2       48.73135433333
2       48.73141067500
2       48.73146337917
2       48.73152827917
4       48.73152829583
1       48.73152841667
2       48.73156195417
2       48.73175348333
4       48.73175350000
1       48.73175362083
2       48.73187935000
2       48.73206710833
4       48.73206712917
1       48.73206724583
2       48.73218307083
2       48.73226861667
4       48.73226863750
1       48.73226875833
2       48.73234637083
2       48.73260077083
4       48.73260079167
1       48.73260091250
2       48.73274388750
2       48.73284317917
4       48.73284320000
1       48.73284332083
2       48.73288989583
2       48.73297302917
2       48.73338675000
4       48.73338677083
1       48.73338689167
2       48.73346582083
2       48.73348712917
2       48.73364640000
4       48.73364641667
1       48.73364653750
2       48.73371268333
2       48.73382135833
2       48.73383033333
2       48.73395904167
4       48.73395906250
1       48.73395918333
2       48.73410608333
2       48.73419821667
4       48.73419823750
1       48.73419835833
2       48.73424064583
2       48.73426690833
2       48.73427374583
2       48.73437910000
2       48.73440592917
4       48.73440595000
1       48.73440607083
2       48.73475929583
4       48.73475931667
1       48.73475943750
2       48.73479351250
2       48.73521017083
4       48.73521018750
1       48.73521030833
2       48.73527274583
2       48.73532215833
2       48.73544930833
4       48.73544932500
1       48.73544944583
2       48.73552577500
2       48.73557515417
2       48.73559267500
2       48.73592658333
4       48.73592660000
1       48.73592672083
2       48.73637283333
4       48.73637285417
1       48.73637297500
2       48.73639192083
2       48.73642411667
2       48.73661221667
4       48.73661221667
1       48.73661235417
2       48.73663807917
2       48.73675397083
2       48.73682524583
4       48.73682526667
1       48.73682538750
2       48.73691133750
2       48.73702559167
4       48.73702561250
1       48.73702572917
2       48.73709788333
2       48.73720582083
2       48.73721401667
2       48.73725378750
4       48.73725380833
1       48.73725392917
2       48.73732869167
2       48.73733600417
2       48.73748966250
4       48.73748968333
1       48.73748980417
2       48.73751646667
2       48.73768774583
4       48.73768776667
1       48.73768788750
2       48.73781294167
2       48.73814615417
4       48.73814617500
1       48.73814629167
2       48.73834159583
4       48.73834159583
1       48.73834173333
2       48.73834254167
2       48.73867876250
4       48.73867877917
1       48.73867890000
2       48.73871220417
2       48.73907060833
4       48.73907062500
1       48.73907074583
2       48.73928424167
4       48.73928425833
1       48.73928437917
2       48.73929944583
2       48.73935443333
2       48.73937500000
2       48.73945553333
2       48.73952404583
4       48.73952404583
1       48.73952418333
2       48.73954758333
2       48.73957002917
2       48.73967709167
2       48.73974500833
4       48.73974502917
1       48.73974515000
2       48.73985133750
2       48.73993935833
4       48.73993937917
1       48.73993950000
2       48.74006132083
2       48.74007082917
2       48.74012982083
2       48.74015010000
4       48.74015011667
1       48.74015023750
2       48.74017820833
2       48.74027766667
2       48.74037491667
4       48.74037493750
1       48.74037505833
2       48.74040045833
2       48.74051804583
2       48.74063135000
4       48.74063137083
1       48.74063149167
2       48.74065184167
2       48.74077872500
2       48.74079569167
2       48.74105057500
4       48.74105057500
1       48.74105071250
2       48.74150109583
4       48.74150111667
1       48.74150123750
2       48.74150413333
2       48.74171112917
4       48.74171115000
1       48.74171127083
2       48.74180223333
2       48.74197541667
4       48.74197543750
1       48.74197555833
2       48.74207642500
2       48.74225830417
4       48.74225832500
1       48.74225844583
2       48.74228647083
2       48.74242921667
4       48.74242923750
1       48.74242935417
2       48.74269950417
4       48.74269952500
1       48.74269964167
2       48.74270543750
2       48.74273665417
2       48.74296122500
4       48.74296124583
1       48.74296136667
2       48.74304506667
2       48.74372663333
4       48.74372665417
1       48.74372677500
2       48.74396155000
4       48.74396157083
1       48.74396168750
2       48.74407309167
2       48.74409668750
2       48.74424205000
4       48.74424207083
1       48.74424219167
2       48.74443251250
4       48.74443253333
1       48.74443265417
2       48.74450534583
2       48.74458020833
2       48.74462962500
2       48.74464975417
4       48.74464977500
1       48.74464989583
2       48.74494128333
4       48.74494130000
1       48.74494142083
2       48.74499388750
2       48.74526155000
4       48.74526157083
1       48.74526169167
2       48.74527280000
2       48.74532280000
2       48.74558677917
4       48.74558680000
1       48.74558692083
2       48.74561403333
2       48.74577748750
2       48.74584223333
4       48.74584225000
1       48.74584237083
2       48.74588989583
2       48.74592607500
2       48.74608035000
4       48.74608037083
1       48.74608048750
2       48.74608964167
2       48.74615152083
2       48.74630852917
4       48.74630854583
1       48.74630866667
2       48.74637572917
2       48.74639007500
2       48.74649304583
4       48.74649304583
1       48.74649318333
2       48.74651401250
2       48.74653078750
2       48.74653877083
2       48.74659248333
2       48.74663347083
2       48.74670103750
4       48.74670103750
1       48.74670117500
2       48.74670277083
2       48.74685278333
2       48.74702001250
4       48.74702003333
1       48.74702015417
2       48.74708226250
2       48.74718138333
2       48.74720656667
4       48.74720658750
1       48.74720670417
2       48.74735030833
2       48.74736724583
2       48.74739932083
4       48.74739933750
1       48.74739945833
2       48.74743476667
2       48.74749340417
2       48.74752847917
2       48.74754178333
2       48.74764407500
4       48.74764407500
1       48.74764421250
2       48.74785201250
4       48.74785202917
1       48.74785215000
2       48.74789711667
2       48.74800144167
2       48.74805142083
4       48.74805144167
1       48.74805156250
2       48.74815123750
2       48.74821111667
2       48.74845855000
4       48.74845856667
1       48.74845868750
2       48.74850796250
2       48.74855497083
2       48.74894347500
4       48.74894349583
1       48.74894361667
2       48.74895733750
2       48.74902259583
2       48.74904217083
2       48.74926051667
4       48.74926051667
1       48.74926065417
2       48.74930384167
2       48.74949264583
4       48.74949264583
1       48.74949278333
2       48.74971878750
4       48.74971880417
1       48.74971892500
2       48.74993479583
4       48.74993481667
1       48.74993493333
2       48.74998314167
2       48.75035446667
4       48.75035448750
1       48.75035460833
2       48.75058297500
4       48.75058299583
1       48.75058311250
2       48.75069862083
2       48.75073441250
2       48.75083906250
4       48.75083908333
1       48.75083920000
2       48.75085566667
2       48.75092786667
2       48.75112460000
4       48.75112462083
1       48.75112474167
2       48.75143029167
4       48.75143031250
1       48.75143043333
2       48.75154727500
2       48.75187279583
4       48.75187279583
1       48.75187293333
2       48.75191678750
2       48.75199507083
2       48.75201428333
2       48.75212989167
4       48.75212991250
1       48.75213002917
2       48.75214212917
2       48.75222161250
2       48.75228383750
2       48.75246835833
4       48.75246837500
1       48.75246849583
2       48.75285456667
4       48.75285456667
1       48.75285470417
2       48.75293577083
2       48.75332656250
4       48.75332657917
1       48.75332670000
2       48.75336195000
2       48.75366872917
4       48.75366875000
1       48.75366887083
2       48.75375682083
2       48.75379630417
2       48.75763619167
2       48.75766797917
2       48.75767027500
2       48.75777601250
4       48.75777603333
1       48.75777615417
2       48.75785672917
2       48.75828899167
4       48.75828901250
1       48.75828913333
2       48.75853487917
4       48.75853490000
1       48.75853501667
2       48.75864944167
2       48.75868028333
2       48.75869375833
2       48.75876065000
4       48.75876066667
1       48.75876078750
2       48.75882461250
2       48.75882824167
2       48.75885506667
2       48.75886169583
2       48.75888427500
2       48.75925294167
4       48.75925296250
1       48.75925307917
2       48.75927410417
2       48.75932352083
2       48.75942879583
2       48.75989774583
4       48.75989776667
1       48.75989788750
2       48.76016007917
4       48.76016010000
1       48.76016021667
2       48.76050788750
4       48.76050790417
1       48.76050802500
2       48.76051054583
2       48.76051786250
2       48.76062216667
2       48.76063744583
2       48.76072552917
4       48.76072555000
1       48.76072567083
2       48.76081225833
2       48.76090628750
4       48.76090630417
1       48.76090642500
2       48.76090805000
2       48.76103260833
2       48.76127404583
4       48.76127406667
1       48.76127418333
2       48.76133662083
2       48.76134048333
2       48.76134488750
2       48.76153800417
4       48.76153802083
1       48.76153814167
2       48.76162251667
2       48.76162444167
2       48.76178772917
4       48.76178775000
1       48.76178787083
2       48.76185637500
2       48.76199253333
4       48.76199255000
1       48.76199267083
2       48.76200905417
2       48.76205602083
2       48.76212526250
2       48.76215516667
2       48.76218846250
4       48.76218847917
1       48.76218860000
2       48.76226335000
2       48.76239787500
4       48.76239789583
1       48.76239801250
2       48.76241045833
2       48.76242501667
2       48.76249098750
2       48.76270958750
4       48.76270960417
1       48.76270972500
2       48.76287383333
2       48.76296064167
4       48.76296065833
1       48.76296077917
2       48.76297685000
2       48.76310072083
2       48.76318252917
4       48.76318254583
1       48.76318266667
2       48.76324285833
2       48.76338592500
4       48.76338594583
1       48.76338606667
2       48.76338929167
2       48.76342905833
2       48.76344592917
2       48.76365755000
4       48.76365757083
1       48.76365769167
2       48.76369468333
2       48.76375725000
2       48.76375831667
2       48.76382877500
4       48.76382877500
1       48.76382891250
2       48.76392646250
2       48.76400102917
4       48.76400104583
1       48.76400116667
2       48.76415137500
2       48.76435253750
4       48.76435255833
1       48.76435267917
2       48.76437956667
2       48.76440670417
2       48.76444948750
2       48.76459356667
4       48.76459356667
1       48.76459370417
2       48.76513509583
4       48.76513511667
1       48.76513523750
2       48.76515037500
2       48.76515135000
2       48.76527324583
2       48.76527514167
2       48.76529314167
2       48.76534747083
4       48.76534749167
1       48.76534760833
2       48.76554255833
2       48.76555384167
4       48.76555386250
1       48.76555398333
2       48.76559386667
2       48.76567635417
2       48.76583766250
4       48.76583767917
1       48.76583780000
2       48.76601554167
2       48.76615299167
4       48.76615300833
1       48.76615312917
2       48.76619007917
2       48.76620799167
2       48.76648265000
4       48.76648267083
1       48.76648279167
2       48.76654843333
2       48.76657664167
2       48.76668330833
4       48.76668332917
1       48.76668345000
2       48.76671470833
2       48.76686109167
2       48.76718549583
4       48.76718549583
1       48.76718563333
2       48.76723676667
2       48.76747357500
4       48.76747357500
1       48.76747371250
2       48.76749019583
2       48.76751633750
2       48.76761832500
2       48.76772928333
4       48.76772930417
1       48.76772942500
2       48.76785155833
2       48.76786847500
2       48.77186672500
4       48.77186672500
1       48.77186686250
2       48.77189417500
2       48.77197902083
2       48.77199020833
2       48.77199352500
2       48.77209613750
4       48.77209615417
1       48.77209627500
2       48.77230919167
2       48.77232641250
2       48.77261991667
4       48.77261991667
1       48.77262005417
2       48.77271292083
2       48.77274414583
2       48.77278842083
2       48.77293515417
4       48.77293517500
1       48.77293529583
2       48.77295181667
2       48.77298538333
2       48.77311569583
2       48.77319321250
4       48.77319323333
1       48.77319335417
2       48.77321712917
2       48.77345255000
4       48.77345257083
1       48.77345269167
2       48.77346881250
2       48.77347113750
2       48.77348105000
2       48.77361485000
2       48.77385792500
4       48.77385794583
1       48.77385806667
2       48.77401202083
2       48.77419545000
4       48.77419547083
1       48.77419559167
2       48.77431838750
2       48.77436681667
4       48.77436681667
1       48.77436695417
2       48.77444126250
2       48.77445187500
2       48.77459194167
4       48.77459196250
1       48.77459208333
2       48.77460752917
2       48.77461021667
2       48.77474876250
2       48.77480465833
4       48.77480467500
1       48.77480479583
2       48.77481057917
2       48.77508747083
4       48.77508749167
1       48.77508760833
2       48.77519480000
2       48.77534317083
4       48.77534319167
1       48.77534331250
2       48.77540221667
2       48.77549257500
2       48.77566450000
4       48.77566451667
1       48.77566463750
2       48.77571716667
2       48.77596260417
4       48.77596262500
1       48.77596274167
2       48.77628923750
4       48.77628925833
1       48.77628937917
2       48.77652537500
4       48.77652539583
1       48.77652551250
2       48.77663366667
2       48.77680295417
4       48.77680295417
1       48.77680309167
2       48.77698184583
2       48.77707720417
4       48.77707722500
1       48.77707734167
2       48.77709665417
2       48.77713412083
2       48.77724213333
2       48.77751433750
4       48.77751435417
1       48.77751447500
2       48.77751805417
2       48.77763171667
2       48.77764230000
2       48.77764727917
2       48.77779232083
4       48.77779233750
1       48.77779245833
2       48.77782045000
2       48.77784199583
2       48.77790459583
2       48.77793966667
2       48.77820010833
4       48.77820012917
1       48.77820025000
2       48.77825899167
2       48.77831961250
2       48.77834277917
2       48.77843717917
4       48.77843719583
1       48.77843731667
2       48.77855677917
2       48.77859654583
2       48.77861806667
2       48.77890487500
4       48.77890489583
1       48.77890501250
2       48.77898635833
2       48.77902211667
2       48.77911021667
4       48.77911023750
1       48.77911035833
2       48.77926525000
2       48.77964249167
4       48.77964251250
1       48.77964263333
2       48.77964517917
2       48.77967802500
2       48.78020759167
4       48.78020761250
1       48.78020773333
2       48.78063557917
4       48.78063560000
1       48.78063572083
2       48.78068659167
2       48.78079615417
2       48.78080047083
2       48.78083230000
2       48.78101480000
4       48.78101482083
1       48.78101493750
2       48.78115627083
2       48.78126645000
4       48.78126647083
1       48.78126659167
2       48.78142386250
2       48.78472718333
2       48.78496009167
4       48.78496010833
1       48.78496022917
2       48.78502266667
2       48.78533070417
4       48.78533070417
1       48.78533084167
2       48.78543238750
2       48.78556986667
4       48.78556986667
1       48.78557000417
2       48.78596531250
4       48.78596532917
1       48.78596545000
2       48.78596600417
2       48.78600902083
2       48.78621438333
4       48.78621440000
1       48.78621452083
2       48.78640857500
2       48.78666455000
4       48.78666457083
1       48.78666469167
2       48.78666850000
2       48.78671727083
2       48.78697822500
4       48.78697824583
1       48.78697836667
2       48.78714119583
2       48.78716598333
2       48.78734657083
4       48.78734658750
1       48.78734670833
2       48.78760090000
4       48.78760092083
1       48.78760103750
2       48.78785823750
4       48.78785825417
1       48.78785837500
2       48.78798118333
2       48.78818549583
4       48.78818551667
1       48.78818563750
2       48.78830747083
2       48.78838688750
4       48.78838690417
1       48.78838702500
2       48.78843129583
2       48.78846205833
2       48.78848397500
2       48.78851783333
2       48.78860748333
4       48.78860750417
1       48.78860762500
2       48.78862577083
2       48.78872543333
2       48.78875058750
2       48.78884898333
4       48.78884900417
1       48.78884912083
2       48.78903082083
4       48.78903084167
1       48.78903096250
2       48.78919838750
2       48.78923218750
4       48.78923220417
1       48.78923232500
2       48.78932856667
2       48.78946803333
4       48.78946805000
1       48.78946817083
2       48.78957206250
2       48.79016661250
4       48.79016663333
1       48.79016675417
2       48.79035046667
4       48.79035048750
1       48.79035060417
2       48.79062637500
4       48.79062639583
1       48.79062651250
2       48.79065611250
2       48.79066273750
2       48.79067335833
2       48.79067540000
2       48.79078861250
2       48.79082475000
2       48.79094431250
4       48.79094432917
1       48.79094445000
2       48.79095987500
2       48.79112285000
4       48.79112287083
1       48.79112299167
2       48.79122517500
2       48.79127353333
2       48.79127651667
2       48.79164225000
4       48.79164226667
1       48.79164238750
2       48.79183531667
2       48.79197572500
4       48.79197574583
1       48.79197586667
2       48.79209995417
2       48.79213702500
2       48.79216014583
2       48.79234473333
4       48.79234475417
1       48.79234487500
2       48.79235299583
2       48.79242490833
2       48.79247956250
2       48.79277302500
4       48.79277302500
1       48.79277316250
2       48.79279157500
2       48.79289697500
2       48.79292942083
2       48.79330068333
4       48.79330070000
1       48.79330082083
2       48.79334500833
2       48.79357036250
4       48.79357037917
1       48.79357050000
2       48.79361596250
2       48.79364579167
2       48.79365536667
2       48.79385784167
4       48.79385786250
1       48.79385797917
2       48.79398500833
2       48.79405543750
2       48.79420751667
4       48.79420753750
1       48.79420765833
2       48.79433178333
2       48.79437718333
2       48.79869831667
4       48.79869833750
1       48.79869845833
2       48.79894684583
4       48.79894686667
1       48.79894698333
2       48.79910806667
2       48.79970457083
4       48.79970459167
1       48.79970470833
2       48.79985164167
2       48.79993777500
4       48.79993777500
1       48.79993791250
2       48.80021432917
4       48.80021434583
1       48.80021446667
2       48.80022692500
2       48.80034215000
2       48.80075123333
4       48.80075125417
1       48.80075137500
2       48.80076184583
2       48.80088177500
2       48.80111388750
4       48.80111390833
2       48.80111400417
1       48.80111402500
2       48.80138697500
4       48.80138697500
1       48.80138711250
2       48.80167282917
4       48.80167285000
1       48.80167297083
2       48.80194498333
4       48.80194500417
1       48.80194512500
2       48.80195527917
2       48.80197549167
2       48.80220170833
4       48.80220172917
1       48.80220185000
2       48.80252001250
4       48.80252003333
1       48.80252015417
2       48.80252397917
2       48.80254192083
2       48.80307746250
4       48.80307747917
1       48.80307760000
2       48.80319669167
2       48.80342715833
4       48.80342717500
1       48.80342729583
2       48.80343022500
2       48.80346099583
2       48.80347132500
2       48.80362462917
4       48.80362464583
1       48.80362476667
2       48.80388030417
4       48.80388032500
1       48.80388044583
2       48.80410297083
4       48.80410298750
1       48.80410310833
2       48.80412650000
2       48.80421033750
2       48.80423610833
2       48.80432748750
4       48.80432750417
1       48.80432762500
2       48.80445273750
2       48.80474786667
4       48.80474788750
1       48.80474800833
2       48.80478595000
2       48.80485987083
2       48.80522516667
4       48.80522518750
1       48.80522530417
2       48.80551496667
4       48.80551496667
1       48.80551510417
2       48.80556169583
2       48.80569082500
4       48.80569082500
1       48.80569096250
2       48.80598439583
4       48.80598439583
1       48.80598453333
2       48.80665371667
4       48.80665371667
1       48.80665385417
2       48.80706377917
4       48.80706379583
1       48.80706391667
2       48.80714456667
2       48.80718000833
2       48.80729458333
4       48.80729460417
1       48.80729472500
2       48.80737812500
2       48.80764640000
4       48.80764642083
1       48.80764653750
2       48.80783687083
4       48.80783688750
1       48.80783700833
2       48.80784245833
2       48.80784545000
2       48.80791640000
2       48.80802203750
2       48.80822506667
4       48.80822508750
1       48.80822520833
2       48.80845467500
4       48.80845469583
1       48.80845481667
2       48.81246771250
4       48.81246772917
1       48.81246785000
2       48.81254322917
2       48.81281978333
4       48.81281980417
1       48.81281992500
2       48.81288307083
2       48.81291824583
2       48.81304867917
4       48.81304870000
1       48.81304882083
2       48.81315335000
2       48.81316028750
2       48.81394234167
4       48.81394236250
1       48.81394248333
2       48.81397614167
2       48.81402637083
2       48.81411665000
2       48.81416296667
4       48.81416296667
1       48.81416310417
2       48.81418517083
2       48.81418546250
2       48.81430213333
2       48.81447564583
4       48.81447564583
1       48.81447578333
2       48.81451375417
2       48.81462905000
2       48.81470380417
4       48.81470382500
1       48.81470394583
2       48.81472433333
2       48.81477702083
2       48.81516523333
4       48.81516525000
1       48.81516537083
2       48.81516726250
2       48.81519632917
2       48.81529940000
2       48.81559155000
4       48.81559157083
1       48.81559169167
2       48.81559850417
2       48.81579889583
4       48.81579889583
1       48.81579903333
2       48.81583862500
2       48.81611585417
4       48.81611587500
1       48.81611599583
2       48.81614508750
2       48.81618250833
2       48.81624575833
2       48.81698238750
4       48.81698240417
1       48.81698252500
2       48.81715590833
2       48.81720960000
4       48.81720962083
1       48.81720973750
2       48.81731720000
2       48.81731787917
2       48.81746160000
4       48.81746161667
1       48.81746173750
2       48.81750769167
2       48.81754771250
2       48.81770380833
4       48.81770382500
1       48.81770394583
2       48.81771630833
2       48.81800912917
4       48.81800915000
1       48.81800926667
2       48.81856101667
4       48.81856101667
1       48.81856115417
2       48.81857455417
2       48.81857655000
2       48.81867780000
2       48.81894793750
4       48.81894795833
1       48.81894807917
2       48.81901378333
2       48.81932479583
4       48.81932479583
1       48.81932493333
2       48.81944796667
2       48.81946252500
2       48.81952780000
4       48.81952781667
1       48.81952793750
2       48.81954235417
2       48.81956564583
2       48.81959341667
2       48.81962588333
2       48.81963780000
2       48.81966561667
2       48.81983058333
4       48.81983060417
1       48.81983072500
2       48.81997402083
2       48.82001704167
2       48.82002893750
2       48.82004018750
4       48.82004020833
1       48.82004032917
2       48.82019592083
2       48.82040090417
4       48.82040092500
1       48.82040104583
2       48.82062084167
4       48.82062086250
1       48.82062098333
2       48.82099982083
4       48.82099984167
1       48.82099995833
2       48.82120647917
4       48.82120649583
1       48.82120661667
2       48.82121479167
2       48.82122408750
2       48.82133699167
2       48.82143700000
4       48.82143701667
1       48.82143713750
2       48.82166687917
4       48.82166690000
1       48.82166702083
2       48.82171394167
2       48.82204216250
4       48.82204218333
1       48.82204230417
2       48.82207394583
2       48.82213192500
2       48.82219255417
2       48.82223825000
4       48.82223826667
1       48.82223838750
2       48.82248402500
4       48.82248402500
1       48.82248416250
2       48.82257312917
2       48.82266112917
2       48.82291560833
4       48.82291562500
1       48.82291574583
2       48.82303643750
2       48.82306393750
2       48.82306599583
2       48.82314714167
4       48.82314716250
1       48.82314728333
2       48.82321901250
2       48.82669162917
2       48.82679716667
2       48.82683365417
4       48.82683367500
1       48.82683379167
2       48.82716489583
4       48.82716491667
1       48.82716503750
2       48.82727422083
2       48.82767936667
4       48.82767936667
1       48.82767950417
2       48.82780613750
2       48.82781510833
2       48.82816252083
4       48.82816253750
1       48.82816265833
2       48.82841630833
4       48.82841632500
1       48.82841644583
2       48.82846489167
2       48.82847564583
2       48.82863525417
4       48.82863527500
1       48.82863539583
2       48.82863715833
2       48.82877564167
2       48.82884451667
4       48.82884453750
1       48.82884465833
2       48.82902341667
2       48.82904959583
4       48.82904961667
1       48.82904973750
2       48.82907608333
2       48.82917804583
2       48.82973391250
4       48.82973393333
1       48.82973405417
2       48.82992504583
4       48.82992506667
1       48.82992518750
2       48.82994587083
2       48.83055468333
4       48.83055470000
1       48.83055482083
2       48.83057752917
2       48.83073354583
2       48.83096496667
4       48.83096496667
1       48.83096510417
2       48.83113960417
2       48.83114822500
2       48.83116445000
2       48.83148308750
4       48.83148310417
1       48.83148322500
2       48.83156026667
2       48.83157351667
2       48.83160331667
2       48.83172029167
4       48.83172030833
1       48.83172042917
2       48.83202426250
4       48.83202427917
1       48.83202440000
2       48.83222539167
4       48.83222540833
1       48.83222552917
2       48.83225317083
2       48.83236713750
2       48.83243603333
4       48.83243605000
1       48.83243617083
2       48.83248437917
2       48.83251157917
2       48.83251517500
2       48.83251686250
2       48.83287185417
4       48.83287185417
1       48.83287199167
2       48.83291765833
2       48.83292459167
2       48.83294905833
2       48.83295367083
2       48.83345751250
4       48.83345752917
1       48.83345765000
2       48.83346250833
2       48.83349855417
2       48.83351214583
2       48.83353041667
2       48.83354493333
2       48.83360957917
2       48.83366225417
4       48.83366227500
1       48.83366239167
2       48.83385729583
4       48.83385729583
1       48.83385743333
2       48.83393947083
2       48.83416039583
4       48.83416041667
1       48.83416053750
2       48.83418485833
2       48.83419980833
2       48.83424454167
2       48.83433461667
2       48.83453965417
4       48.83453967500
1       48.83453979583
2       48.83454917500
2       48.83455125417
2       48.83482709167
4       48.83482710833
1       48.83482722917
2       48.83497714167
2       48.83499842917
2       48.83503750417
4       48.83503750417
1       48.83503764167
2       48.83504610000
2       48.83516358333
2       48.83520112500
2       48.83535311667
4       48.83535313750
1       48.83535325833
2       48.83536372083
2       48.83540312500
2       48.83542200417
2       48.83568002917
4       48.83568004583
1       48.83568016667
2       48.83580692083
2       48.83583570000
2       48.83596542500
4       48.83596544583
1       48.83596556667
2       48.83597752083
2       48.83621531667
4       48.83621533750
1       48.83621545833
2       48.83630142500
2       48.83640877083
4       48.83640879167
1       48.83640891250
2       48.83649459167
2       48.83657799583
2       48.83676719583
4       48.83676721667
1       48.83676733333
2       48.83681085000
2       48.83706262917
4       48.83706264583
1       48.83706276667
2       48.83722155417
2       48.83736801250
4       48.83736803333
1       48.83736815417
2       48.83737292083
2       48.84100618333
4       48.84100620000
1       48.84100632083
2       48.84116282917
2       48.84118238750
2       48.84138937917
4       48.84138940000
1       48.84138951667
2       48.84145700833
2       48.84158153333
4       48.84158155417
1       48.84158167500
2       48.84168387500
2       48.84177065417
2       48.84188291667
4       48.84188291667
1       48.84188305417
2       48.84195482917
2       48.84199350417
2       48.84207103750
2       48.84217970000
4       48.84217972083
1       48.84217984167
2       48.84221782917
2       48.84223692500
2       48.84224529167
2       48.84233931667
2       48.84238507083
4       48.84238509167
1       48.84238520833
2       48.84258907917
4       48.84258909583
1       48.84258921667
2       48.84263915000
2       48.84266656250
2       48.84267951250
2       48.84269373750
2       48.84294916667
4       48.84294916667
1       48.84294930417
2       48.84314357917
4       48.84314359583
1       48.84314371667
2       48.84326045417
2       48.84336088750
4       48.84336090833
1       48.84336102917
2       48.84365662083
4       48.84365663750
1       48.84365675833
2       48.84407994583
4       48.84407996667
1       48.84408008750
2       48.84413694583
2       48.84422102917
2       48.84423859167
2       48.84484640833
4       48.84484642500
1       48.84484654583
2       48.84521769167
4       48.84521770833
1       48.84521782917
2       48.84552874167
4       48.84552875833
1       48.84552887917
2       48.84560003333
2       48.84604049583
4       48.84604049583
1       48.84604063333
2       48.84604910000
2       48.84612228750
2       48.84615808333
2       48.84630643333
4       48.84630645000
1       48.84630657083
2       48.84638627917
2       48.84643363750
2       48.84643499167
2       48.84646772083
2       48.84657439583
4       48.84657439583
1       48.84657453333
2       48.84657505833
2       48.84666250000
2       48.84677287917
4       48.84677289583
1       48.84677301667
2       48.84679492917
2       48.84707388750
4       48.84707390833
1       48.84707402917
2       48.84746800833
4       48.84746802917
1       48.84746815000
2       48.84748295000
2       48.84748691250
2       48.84748890833
2       48.84753863333
2       48.84755717917
2       48.84767373750
4       48.84767375417
1       48.84767387500
2       48.84791643750
4       48.84791645417
1       48.84791657500
2       48.84798409167
2       48.84826272083
4       48.84826273750
1       48.84826285833
2       48.84826926250
2       48.84839917083
2       48.84857606250
4       48.84857607917
1       48.84857620000
2       48.84870316667
2       48.84870590000
2       48.84894696250
4       48.84894698333
1       48.84894710417
2       48.84895430000
2       48.84899630000
2       48.84920698750
4       48.84920700833
1       48.84920712500
2       48.84924412500
2       48.84943752083
4       48.84943753750
1       48.84943765833
2       48.84986937917
4       48.84986940000
1       48.84986952083
2       48.85003140000
2       48.85010754583
4       48.85010756667
1       48.85010768750
2       48.85027253333
2       48.85030231667
4       48.85030233750
1       48.85030245833
2       48.85046729583
2       48.85071209167
4       48.85071210833
1       48.85071222917
2       48.85084857917
2       48.85088000417
2       48.85091081250
4       48.85091083333
1       48.85091095417
2       48.85111513333
4       48.85111515417
1       48.85111527083
2       48.85147097500
4       48.85147099583
1       48.85147111667
2       48.85403921250
4       48.85403923333
1       48.85403935417
2       48.85410214583
2       48.85413558750
2       48.85449140000
4       48.85449142083
1       48.85449153750
2       48.85449631250
2       48.85450498333
2       48.85463906250
2       48.85489507917
4       48.85489509583
1       48.85489521667
2       48.85524917917
4       48.85524920000
1       48.85524932083
2       48.85562584167
4       48.85562585833
1       48.85562597917
2       48.85601998333
4       48.85602000417
1       48.85602012083
2       48.85609084583
2       48.85621242083
2       48.85651182083
4       48.85651184167
1       48.85651196250
2       48.85672822083
2       48.85676786250
4       48.85676788333
1       48.85676800417
2       48.85696832083
4       48.85696833750
1       48.85696845833
2       48.85700900000
2       48.85701406667
2       48.85704244167
2       48.85704711250
2       48.85713260833
2       48.85726702083
4       48.85726704167
1       48.85726716250
2       48.85757512917
4       48.85757515000
1       48.85757527083
2       48.85761554167
2       48.85770360417
2       48.85772615833
2       48.85779537500
4       48.85779537500
1       48.85779551250
2       48.85786031250
2       48.85799542083
4       48.85799543750
1       48.85799555833
2       48.85807490417
2       48.85810007500
2       48.85814877500
2       48.85827696667
4       48.85827696667
1       48.85827710417
2       48.85828416667
2       48.85847302917
4       48.85847305000
1       48.85847316667
2       48.85849395417
2       48.85856845417
2       48.85857371250
2       48.85859724167
2       48.85893578750
4       48.85893580417
1       48.85893592500
2       48.85943562083
4       48.85943563750
1       48.85943575833
2       48.85943691250
2       48.85970523333
4       48.85970525417
1       48.85970537500
2       48.85983038333
2       48.85992683333
4       48.85992685417
1       48.85992697083
2       48.85995159167
2       48.86000758750
2       48.86002331250
2       48.86006160000
2       48.86006785417
2       48.86007158333
2       48.86039244583
4       48.86039246667
1       48.86039258750
2       48.86052137500
2       48.86056113750
2       48.86060918750
4       48.86060920417
1       48.86060932500
2       48.86071413750
2       48.86086450417
4       48.86086450417
1       48.86086464167
2       48.86089662500
2       48.86116758750
4       48.86116760417
1       48.86116772500
2       48.86122914583
2       48.86136830417
4       48.86136832500
1       48.86136844583
2       48.86155545000
4       48.86155547083
1       48.86155559167
2       48.86192301667
4       48.86192303750
1       48.86192315833
2       48.86217854167
4       48.86217855833
1       48.86217867917
2       48.86218281250
2       48.86222747083
2       48.86249213750
4       48.86249215833
1       48.86249227917
2       48.86251265000
2       48.86287401667
4       48.86287401667
1       48.86287415417
2       48.86331326250
4       48.86331328333
1       48.86331340000
2       48.86345570000
2       48.86350104583
4       48.86350106667
1       48.86350118750
2       48.86359312917
2       48.86372464583
4       48.86372466667
1       48.86372478750
2       48.86426122917
4       48.86426124583
1       48.86426136667
2       48.86433882500
2       48.86489152083
4       48.86489154167
1       48.86489166250
2       48.86711470000
4       48.86711472083
1       48.86711484167
2       48.86720055833
2       48.86746879167
4       48.86746880833
1       48.86746892917
2       48.86776598750
4       48.86776598750
1       48.86776612500
2       48.86780970417
2       48.86796169583
4       48.86796171667
1       48.86796183750
2       48.86812552083
2       48.86827268750
4       48.86827270417
1       48.86827282500
2       48.86867743750
4       48.86867745833
1       48.86867757917
2       48.86875257917
2       48.86879967917
2       48.86915871667
4       48.86915873750
1       48.86915885833
2       48.86921902500
2       48.86926115833
2       48.86927367917
2       48.86945420417
4       48.86945420417
1       48.86945434167
2       48.86951245417
2       48.86959596250
2       48.86960431250
2       48.87005966667
4       48.87005968750
1       48.87005980833
2       48.87053199167
4       48.87053201250
1       48.87053212917
2       48.87122590000
4       48.87122592083
1       48.87122604167
2       48.87140216667
2       48.87154020833
4       48.87154022917
1       48.87154035000
2       48.87186552917
4       48.87186554583
1       48.87186566667
2       48.87188039583
2       48.87202942500
2       48.87237163333
4       48.87237165417
1       48.87237177500
2       48.87288570417
4       48.87288572083
1       48.87288584167
2       48.87305924583
2       48.87336132083
4       48.87336134167
1       48.87336145833
2       48.87351396667
2       48.87401573750
4       48.87401575417
1       48.87401587500
2       48.87438947083
4       48.87438949167
1       48.87438961250
2       48.87538845000
4       48.87538846667
1       48.87538858750
2       48.87554705000
2       48.87562783333
4       48.87562785000
1       48.87562797083
2       48.87602066667
4       48.87602068750
1       48.87602080833
2       48.87618270000
2       48.87653944583
4       48.87653944583
1       48.87653958333
2       48.87706644583
4       48.87706644583
1       48.87706658333
2       48.87710686667
2       48.87728801667
4       48.87728803750
1       48.87728815833
2       48.87741851250
2       48.87748274167
4       48.87748276250
1       48.87748288333
2       48.87797524167
4       48.87797525833
1       48.87797537917
2       48.87805947083
2       48.87813861667
2       48.87841322083
4       48.87841323750
1       48.87841335833
2       48.87841715417
2       48.87890039167
4       48.87890040833
1       48.87890052917
2       48.87896305417
2       48.87897064583
2       48.87921212917
4       48.87921214583
1       48.87921226667
2       48.87987587083
4       48.87987588750
1       48.87987600833
2       48.88079740000
4       48.88079741667
1       48.88079753750
2       48.88097084583
2       48.88104045000
4       48.88104046667
1       48.88104058750
2       48.88156877083
4       48.88156879167
1       48.88156890833
2       48.88227196667
4       48.88227198750
1       48.88227210833
2       48.88234018333
2       48.88267041250
4       48.88267042917
1       48.88267055000
2       48.88328812917
4       48.88328814583
1       48.88328826667
2       48.88341826250
2       48.88346305417
2       48.88390193333
4       48.88390195417
1       48.88390207500
2       48.88400596250
2       48.88410029167
4       48.88410030833
1       48.88410042917
2       48.88532118750
4       48.88532120833
1       48.88532132917
2       48.88543483333
2       48.88553946250
4       48.88553947917
1       48.88553960000
2       48.88606114167
4       48.88606116250
1       48.88606127917
2       48.88746259167
4       48.88746260833
1       48.88746272917
2       48.88931943750
4       48.88931945417
1       48.88931957500
2       48.88961624583
4       48.88961624583
1       48.88961638333
2       48.89000232917
4       48.89000235000
1       48.89000247083
2       48.89024553333
4       48.89024555417
1       48.89024567500
2       48.89069892083
4       48.89069894167
1       48.89069906250
2       48.89104086250
4       48.89104087917
1       48.89104100000
2       48.89143099583
4       48.89143099583
1       48.89143113333
2       48.89360880000
4       48.89360881667
1       48.89360893750
2       48.89435926250
4       48.89435928333
1       48.89435940000
2       48.89449912083
2       48.89489397083
4       48.89489398750
1       48.89489410833
2       48.89609329167
4       48.89609330833
1       48.89609342917
2       48.89639972083
4       48.89639974167
1       48.89639986250
2       48.89784119583
4       48.89784121667
1       48.89784133750
2       48.89920615833
4       48.89920617917
1       48.89920630000
2       48.90067216250
4       48.90067218333
1       48.90067230417
2       48.90070569583
2       48.90575322917
4       48.90575324583
1       48.90575336667
2       48.90591227917
2       48.90628687917
4       48.90628689583
1       48.90628701667
2       48.90925824167
4       48.90925826250
1       48.90925837917
2       48.90927384583
2       48.91316768750
4       48.91316768750
1       48.91316782500
2       48.91496258750
4       48.91496260417
1       48.91496272500
2       48.91701817917
4       48.91701820000
1       48.91701831667
2       48.91981773750
4       48.91981775833
1       48.91981787500
2       48.92148179167
4       48.92148180833
1       48.92148192917
2       48.92951436250
4       48.92951437917
1       48.92951450000
2       48.95454737083
4       48.95454738750
1       48.95454750833
2       59.22556566667
4       59.22556568750
1       59.22556580833
2       59.22980553750
4       59.22980555833
1       59.22980567917
2       59.23479546250
4       59.23479548333
1       59.23479560417
2       59.23528851250
4       59.23528852917
1       59.23528865000
2       59.23871735000
4       59.23871736667
1       59.23871748750
2       59.23927051250
4       59.23927052917
1       59.23927065000
2       59.23976184167
4       59.23976186250
1       59.23976198333
2       59.23999363750
4       59.23999365417
1       59.23999377500
2       59.24038492500
4       59.24038492500
1       59.24038506250
2       59.24078460833
4       59.24078462500
1       59.24078474583
2       59.24125716250
4       59.24125718333
1       59.24125730417
2       59.24174789167
4       59.24174791250
1       59.24174803333
2       59.24230536250
4       59.24230537917
1       59.24230550000
2       59.24252593333
4       59.24252595417
1       59.24252607500
2       59.24278326667
4       59.24278328750
1       59.24278340417
2       59.24308315000
4       59.24308317083
1       59.24308329167
2       59.24523679583
4       59.24523681667
1       59.24523693333
2       59.24543892917
2       59.24554971250
4       59.24554973333
1       59.24554985417
2       59.24589350833
4       59.24589352917
1       59.24589364583
2       59.24623918750
4       59.24623920833
1       59.24623932917
2       59.24672729167
4       59.24672731250
1       59.24672743333
2       59.24700032500
4       59.24700034583
1       59.24700046250
2       59.25029411250
4       59.25029413333
1       59.25029425000
2       59.25036687500
2       59.25052718333
4       59.25052720000
1       59.25052732083
2       59.25074006667
2       59.25166390000
4       59.25166392083
1       59.25166404167
2       59.25197157917
4       59.25197160000
1       59.25197172083
2       59.25251187500
4       59.25251187500
1       59.25251201250
2       59.25538165000
4       59.25538166667
1       59.25538178750
2       59.25662532500
4       59.25662534583
1       59.25662546667
2       59.25701283750
4       59.25701285833
1       59.25701297917
2       59.25715364167
2       59.25740504167
4       59.25740506250
1       59.25740518333
2       59.25921662917
4       59.25921665000
1       59.25921676667
2       59.25967885000
4       59.25967887083
1       59.25967899167
2       59.26042351250
4       59.26042352917
1       59.26042365000
2       59.26046927917
2       59.26159610833
4       59.26159612500
1       59.26159624583
2       59.26454705833
4       59.26454707917
1       59.26454720000
2       59.26522439167
4       59.26522440833
1       59.26522452917
2       59.26551190833
4       59.26551192917
1       59.26551205000
2       59.26629783333
4       59.26629785000
1       59.26629797083
2       59.26654106667
4       59.26654108750
1       59.26654120833
2       59.26746141667
4       59.26746143750
1       59.26746155833
2       59.26796095000
4       59.26796097083
1       59.26796109167
2       59.26851282083
4       59.26851283750
1       59.26851295833
2       59.26901261250
4       59.26901263333
1       59.26901275417
2       59.26937068750
4       59.26937070417
1       59.26937082500
2       59.26949656250
2       59.27018321667
4       59.27018323750
1       59.27018335833
2       59.27048195833
4       59.27048197500
1       59.27048209583
2       59.27106792917
4       59.27106794583
1       59.27106806667
2       59.27107455000
2       59.27108445000
2       59.27109240417
2       59.27129317083
4       59.27129319167
1       59.27129331250
2       59.27140382500
2       59.27144488750
2       59.27169059583
4       59.27169059583
1       59.27169073333
2       59.27185718750
2       59.27233415833
4       59.27233417917
1       59.27233430000
2       59.27246408750
2       59.27314935417
4       59.27314937500
1       59.27314949167
2       59.27323536667
2       59.27355712083
4       59.27355714167
1       59.27355726250
2       59.27456240000
4       59.27456241667
1       59.27456253750
2       59.27510291667
4       59.27510293750
1       59.27510305833
2       59.27541697083
4       59.27541699167
1       59.27541710833
2       59.27632316250
4       59.27632318333
1       59.27632330417
2       59.27641826250
2       59.27648806250
2       59.27651995000
4       59.27651996667
1       59.27652008750
2       59.27674852083
4       59.27674853750
1       59.27674865833
2       59.27725294583
4       59.27725296667
1       59.27725308750
2       59.27729360833
2       59.27754510417
4       59.27754510417
1       59.27754524167
2       59.27788656667
4       59.27788658750
1       59.27788670833
2       59.27809527917
4       59.27809530000
1       59.27809542083
2       59.27824300417
2       59.27850567500
4       59.27850569583
1       59.27850581250
2       59.27860866250
2       59.27902637500
4       59.27902639583
1       59.27902651667
2       59.27913097083
2       59.27933862500
4       59.27933864583
1       59.27933876667
2       59.27940191667
2       59.27953052500
2       59.27996704167
4       59.27996706250
1       59.27996717917
2       59.28056820417
4       59.28056822500
1       59.28056834583
2       59.28062947917
2       59.28091036250
4       59.28091037917
1       59.28091050000
2       59.28091560833
2       59.28103128333
2       59.28126012083
4       59.28126014167
1       59.28126025833
2       59.28129623750
2       59.28147741667
4       59.28147741667
1       59.28147755417
2       59.28166752917
2       59.28180992500
4       59.28180994583
1       59.28181006667
2       59.28201270417
4       59.28201272500
1       59.28201284583
2       59.28212427917
2       59.28223564583
4       59.28223566667
1       59.28223578750
2       59.28281622083
4       59.28281623750
1       59.28281635833
2       59.28301960000
2       59.28302223750
4       59.28302225833
1       59.28302237917
2       59.28321735833
4       59.28321737500
1       59.28321749583
2       59.28327097083
2       59.28356980000
4       59.28356982083
1       59.28356994167
2       59.28357013750
2       59.28387444167
4       59.28387445833
1       59.28387457917
2       59.28391684167
2       59.28396993750
2       59.28404150000
2       59.28425798750
4       59.28425798750
1       59.28425812500
2       59.28426403750
2       59.28433293750
2       59.28456379583
4       59.28456381667
1       59.28456393750
2       59.28484837917
4       59.28484840000
1       59.28484851667
2       59.28487252917
2       59.28494501667
2       59.28496583333
2       59.28500165417
2       59.28502056250
4       59.28502057917
1       59.28502070000
2       59.28502980000
2       59.28506060417
2       59.28512095833
2       59.28532389167
4       59.28532391250
1       59.28532403333
2       59.28539347917
2       59.28550316250
4       59.28550318333
1       59.28550330417
2       59.28552145417
2       59.28557364167
2       59.28589900417
4       59.28589902500
1       59.28589914583
2       59.28629505833
4       59.28629507917
1       59.28629520000
2       59.28643230417
2       59.28643427917
2       59.28668089583
4       59.28668089583
1       59.28668103333
2       59.28676276667
2       59.28699797917
4       59.28699800000
1       59.28699811667
2       59.28703769167
2       59.28711950833
2       59.28729677500
4       59.28729679583
1       59.28729691667
2       59.28773131250
4       59.28773132917
1       59.28773145000
2       59.28778102083
2       59.28786442083
2       59.28797694583
4       59.28797696667
1       59.28797708750
2       59.28806744583
2       59.28807250000
2       59.28821762917
4       59.28821764583
1       59.28821776667
2       59.28824610417
2       59.28828385000
2       59.28835373750
2       59.28835502917
2       59.28861897083
4       59.28861898750
1       59.28861910833
2       59.28876565833
2       59.28880378750
4       59.28880380417
1       59.28880392500
2       59.28887243750
2       59.28903003750
4       59.28903005833
1       59.28903017500
2       59.28924762917
4       59.28924764583
1       59.28924776667
2       59.28933607083
2       59.28934272917
2       59.28939709167
2       59.28951633750
4       59.28951635833
1       59.28951647917
2       59.28959719583
2       59.28964515417
2       59.28965146667
2       59.28969383750
4       59.28969385833
1       59.28969397917
2       59.28971000833
2       59.28982893750
2       59.28993129167
4       59.28993130833
1       59.28993142917
2       59.28996110833
2       59.29006879583
2       59.29012871250
4       59.29012872917
1       59.29012885000
2       59.29026552500
2       59.29029502500
2       59.29036692083
4       59.29036694167
1       59.29036705833
2       59.29060966250
4       59.29060967917
1       59.29060980000
2       59.29064285417
2       59.29068251250
2       59.29072728333
2       59.29074450417
2       59.29076698750
2       59.29093761667
4       59.29093761667
1       59.29093775417
2       59.29099752500
2       59.29106008750
2       59.29116678750
4       59.29116680417
1       59.29116692500
2       59.29117340417
2       59.29129530417
2       59.29134870833
4       59.29134872500
1       59.29134884583
2       59.29139565417
2       59.29139775833
2       59.29150330417
2       59.29162920833
4       59.29162922917
1       59.29162935000
2       59.29168689167
2       59.29195774583
4       59.29195774583
1       59.29195788333
2       59.29211915000
2       59.29212015000
2       59.29225655000
4       59.29225657083
1       59.29225669167
2       59.29228732500
2       59.29232441667
2       59.29242740000
2       59.29245922917
4       59.29245925000
1       59.29245937083
2       59.29259846250
2       59.29262050000
2       59.29274013333
4       59.29274015000
1       59.29274027083
2       59.29277126250
2       59.29278017917
2       59.29282192917
2       59.29286834167
2       59.29286935000
2       59.29289420417
2       59.29290418333
2       59.29303395417
4       59.29303395417
1       59.29303409167
2       59.29305519583
2       59.29316376667
2       59.29329232500
4       59.29329234583
1       59.29329246667
2       59.29335479167
2       59.29344338333
2       59.29345929167
2       59.29361724167
4       59.29361725833
1       59.29361737917
2       59.29373484167
2       59.29374069167
2       59.29374286250
2       59.29375972083
2       59.29392527083
4       59.29392528750
1       59.29392540833
2       59.29394215000
2       59.29399845000
2       59.29403561667
2       59.29405113333
2       59.29409518750
2       59.29409949583
4       59.29409949583
1       59.29409963333
2       59.29414123333
2       59.29423957500
2       59.29427571250
4       59.29427573333
1       59.29427585000
2       59.29434027500
2       59.29441615000
2       59.29455789583
4       59.29455789583
1       59.29455803333
2       59.29470203750
2       59.29473816250
2       59.29474070833
4       59.29474072917
1       59.29474085000
2       59.29474304583
2       59.29483546667
2       59.29485470000
2       59.29507729583
4       59.29507731667
1       59.29507743750
2       59.29516472083
2       59.29531378750
4       59.29531380833
1       59.29531392500
2       59.29539663333
2       59.29540619583
2       59.29542282083
2       59.29553275417
4       59.29553277500
1       59.29553289583
2       59.29558073333
2       59.29562021250
2       59.29575691250
4       59.29575693333
1       59.29575705000
2       59.29581992083
2       59.29591760833
2       59.29595334583
4       59.29595336667
1       59.29595348750
2       59.29605405000
2       59.29605811667
2       59.29612897500
2       59.29614451667
4       59.29614453750
1       59.29614465417
2       59.29618929583
2       59.29625541667
2       59.29633925833
4       59.29633927917
1       59.29633940000
2       59.29637375417
2       59.29638004167
2       59.29641470417
2       59.29654892917
4       59.29654895000
1       59.29654907083
2       59.29660052917
2       59.29671451250
2       59.29679832500
4       59.29679832500
1       59.29679846250
2       59.29684865417
2       59.29686323750
2       59.29695670833
2       59.29700277917
4       59.29700280000
1       59.29700292083
2       59.29717896667
4       59.29717898750
1       59.29717910833
2       59.29720737917
2       59.29724913333
2       59.29744887083
4       59.29744888750
1       59.29744900833
2       59.29750714167
2       59.29752568750
2       59.29758068750
2       59.29761412083
2       59.29764128333
4       59.29764130417
1       59.29764142500
2       59.29766447917
2       59.29776086250
2       59.29793153333
4       59.29793155000
1       59.29793167083
2       59.29800630833
2       59.29800964583
2       59.29802553333
2       59.29807191667
2       59.29818052917
4       59.29818054583
1       59.29818066667
2       59.29819753333
2       59.29822227083
2       59.29827062917
2       59.29827501250
2       59.29840873333
4       59.29840875417
1       59.29840887500
2       59.29851607917
2       59.29854661250
2       59.29858098750
4       59.29858100833
1       59.29858112917
2       59.29858963333
2       59.29860590833
2       59.29874695000
2       59.29875556667
2       59.29879100000
4       59.29879102083
1       59.29879114167
2       59.29884096667
2       59.29903410833
4       59.29903412917
1       59.29903425000
2       59.29908679167
2       59.29910765417
2       59.29918455833
2       59.29926892500
4       59.29926892500
1       59.29926906250
2       59.29928550000
2       59.29936807083
2       59.29944226250
2       59.29947859583
4       59.29947861667
1       59.29947873750
2       59.29948059167
2       59.29953630000
2       59.29957299167
2       59.29961079167
2       59.29966309167
4       59.29966310833
1       59.29966322917
2       59.29967845000
2       59.29998442917
4       59.29998445000
1       59.29998456667
2       59.29999804583
2       59.30009927083
2       59.30011262083
2       59.30017553333
4       59.30017555417
1       59.30017567500
2       59.30021691667
2       59.30030913333
2       59.30032192083
2       59.30032589167
2       59.30055440833
4       59.30055442917
1       59.30055454583
2       59.30066610833
2       59.30083171250
4       59.30083172917
1       59.30083185000
2       59.30087902500
2       59.30105629167
4       59.30105630833
1       59.30105642917
2       59.30109801667
2       59.30111689167
2       59.30115695833
2       59.30116291667
2       59.30119402083
2       59.30120101250
2       59.30131829583
4       59.30131829583
1       59.30131843333
2       59.30142127500
2       59.30153185000
4       59.30153186667
1       59.30153198750
2       59.30156502500
2       59.30159394167
2       59.30165542083
2       59.30167035833
2       59.30171245000
4       59.30171247083
1       59.30171259167
2       59.30175018333
2       59.30175682083
2       59.30184693333
2       59.30185321667
2       59.30188002083
2       59.30197009583
4       59.30197011667
1       59.30197023750
2       59.30203924583
2       59.30204202917
2       59.30204900000
2       59.30221122917
4       59.30221124583
1       59.30221136667
2       59.30229678750
2       59.30230832500
2       59.30236030833
2       59.30240274583
4       59.30240276667
1       59.30240288750
2       59.30251530417
2       59.30254420833
2       59.30257661667
4       59.30257661667
1       59.30257675417
2       59.30272437917
2       59.30273360833
2       59.30277331667
2       59.30282838333
4       59.30282840000
1       59.30282852083
2       59.30291912083
2       59.30299722083
2       59.30307340833
4       59.30307342917
1       59.30307355000
2       59.30314464167
2       59.30319169167
2       59.30320791667
2       59.30326223750
2       59.30340968333
4       59.30340970000
1       59.30340982083
2       59.30346866250
2       59.30350571667
2       59.30351198750
2       59.30354081667
2       59.30369778333
4       59.30369780417
1       59.30369792083
2       59.30378861667
2       59.30389823333
4       59.30389825000
1       59.30389837083
2       59.30393763333
2       59.30398363333
2       59.30403597500
2       59.30405678750
2       59.30410357500
4       59.30410359583
1       59.30410371667
2       59.30413037917
2       59.30426300417
2       59.30430099167
4       59.30430100833
1       59.30430112917
2       59.30440333333
2       59.30442383333
2       59.30447092083
2       59.30451299167
4       59.30451301250
1       59.30451313333
2       59.30452487500
2       59.30452523333
2       59.30452790000
2       59.30453745417
2       59.30460472917
2       59.30462522917
2       59.30462757083
2       59.30463524583
2       59.30465670000
2       59.30467987917
2       59.30471544167
4       59.30471545833
1       59.30471557917
2       59.30478757500
2       59.30481310000
2       59.30483489583
2       59.30487532500
2       59.30492533333
2       59.30493137917
2       59.30500326667
4       59.30500326667
1       59.30500340417
2       59.30507671667
2       59.30520216250
2       59.30525000833
4       59.30525002500
1       59.30525014583
2       59.30525034583
2       59.30525987083
2       59.30543416250
2       59.30551691250
4       59.30551693333
1       59.30551705417
2       59.30554181250
2       59.30555768750
2       59.30571627917
4       59.30571630000
1       59.30571642083
2       59.30572854583
2       59.30578520417
2       59.30590118333
2       59.30591969583
4       59.30591969583
1       59.30591983333
2       59.30595950833
2       59.30599916667
2       59.30600114583
2       59.30600385417
2       59.30601570000
2       59.30604951667
2       59.30613004583
4       59.30613006667
1       59.30613018750
2       59.30620686667
2       59.30627611250
2       59.30635825417
4       59.30635827500
1       59.30635839583
2       59.30636645000
2       59.30638111250
2       59.30638343333
2       59.30641023750
2       59.30641792917
2       59.30666035000
4       59.30666037083
1       59.30666049167
2       59.30684052500
4       59.30684052500
1       59.30684066250
2       59.30697035000
2       59.30699588333
2       59.30701645417
2       59.30701835833
2       59.30706708333
4       59.30706710000
1       59.30706722083
2       59.30709422500
2       59.30715915833
2       59.30719764583
2       59.30723862917
2       59.30724569167
2       59.30738535417
4       59.30738535417
1       59.30738549167
2       59.30741193333
2       59.30742185417
2       59.30744435000
2       59.30756355833
4       59.30756357917
1       59.30756370000
2       59.30760105000
2       59.30766862917
2       59.30775471250
4       59.30775472917
1       59.30775485000
2       59.30780073333
2       59.30796734583
4       59.30796734583
1       59.30796748333
2       59.30799149583
2       59.30819557500
4       59.30819559583
1       59.30819571667
2       59.30825980000
2       59.30849495417
4       59.30849495417
1       59.30849509167
2       59.30849692083
2       59.30852014167
2       59.30853542917
2       59.30853740000
2       59.30860895000
2       59.30862714167
2       59.30873880000
4       59.30873881667
1       59.30873893750
2       59.30875498750
2       59.30893947500
2       59.30910579167
4       59.30910581250
1       59.30910592917
2       59.30933360417
4       59.30933362500
1       59.30933374583
2       59.30934892500
2       59.30944760417
2       59.30957746667
4       59.30957748750
1       59.30957760417
2       59.30981433333
4       59.30981435417
1       59.30981447500
2       59.30984771250
2       59.30985868750
2       59.30986424583
2       59.30992090000
2       59.30995144167
2       59.31005839583
4       59.31005839583
1       59.31005853333
2       59.31012786667
2       59.31013394583
2       59.31018325833
2       59.31023427083
4       59.31023429167
1       59.31023440833
2       59.31033671667
2       59.31046844583
4       59.31046844583
1       59.31046858333
2       59.31050027083
2       59.31052581250
2       59.31070326250
4       59.31070327917
1       59.31070340000
2       59.31078182500
2       59.31079137083
2       59.31080535833
2       59.31095502083
4       59.31095503750
1       59.31095515833
2       59.31097957917
2       59.31107890833
2       59.31112642917
2       59.31124027500
4       59.31124029583
1       59.31124041250
2       59.31144554583
4       59.31144554583
1       59.31144568333
2       59.31144796667
2       59.31150882083
2       59.31155054583
2       59.31162218750
2       59.31163902083
4       59.31163904167
1       59.31163916250
2       59.31165327083
2       59.31167747083
2       59.31169094167
2       59.31171650417
2       59.31172710000
2       59.31183309583
4       59.31183309583
1       59.31183323333
2       59.31186360000
2       59.31189668750
2       59.31190368750
2       59.31202685000
4       59.31202686667
1       59.31202698750
2       59.31206860417
2       59.31209212917
2       59.31210005000
2       59.31229859167
4       59.31229861250
1       59.31229873333
2       59.31232860000
2       59.31237532917
2       59.31263697500
4       59.31263697500
1       59.31263711250
2       59.31274601250
2       59.31275655417
2       59.31290564167
4       59.31290566250
1       59.31290577917
2       59.31298912917
2       59.31299144167
2       59.31326435833
4       59.31326437500
1       59.31326449583
2       59.31333122500
2       59.31333556667
2       59.31333951667
2       59.31350315833
4       59.31350317500
1       59.31350329583
2       59.31367107083
2       59.31370615417
4       59.31370617083
1       59.31370629167
2       59.31374229583
2       59.31380359167
2       59.31388938333
2       59.31389332917
2       59.31392047083
4       59.31392049167
1       59.31392060833
2       59.31398143333
2       59.31398481250
2       59.31399403750
2       59.31402888333
2       59.31405658750
2       59.31406083750
2       59.31409861667
2       59.31416567917
4       59.31416570000
1       59.31416582083
2       59.31422129583
2       59.31433351667
2       59.31442471667
4       59.31442471667
1       59.31442485417
2       59.31444677917
2       59.31454128333
2       59.31458267500
2       59.31473433750
4       59.31473435417
1       59.31473447500
2       59.31473823750
2       59.31477446667
2       59.31479597500
2       59.31485856250
2       59.31487311250
2       59.31494702917
4       59.31494704583
1       59.31494716667
2       59.31500331250
2       59.31514145417
4       59.31514147083
1       59.31514159167
2       59.31514700833
2       59.31514711250
2       59.31527553750
2       59.31528356667
2       59.31532214583
4       59.31532216667
1       59.31532228750
2       59.31538823750
2       59.31565784583
4       59.31565784583
1       59.31565798333
2       59.31583370833
2       59.31590367500
4       59.31590367500
1       59.31590381250
2       59.31592379583
2       59.31592415417
2       59.31595281667
2       59.31607516250
4       59.31607518333
1       59.31607530000
2       59.31615432917
2       59.31617317083
2       59.31622749583
2       59.31639813333
4       59.31639815417
1       59.31639827500
2       59.31657560417
4       59.31657562500
1       59.31657574583
2       59.31663725000
2       59.31665982917
2       59.31676971250
4       59.31676973333
1       59.31676985417
2       59.31689263333
2       59.31691584167
2       59.31696347917
4       59.31696350000
1       59.31696362083
2       59.31702674583
2       59.31703307083
2       59.31717780417
4       59.31717780417
1       59.31717794167
2       59.31718370000
2       59.31718802500
2       59.31734970000
2       59.31742067083
4       59.31742068750
1       59.31742080833
2       59.31753419167
2       59.31758922917
2       59.31764154167
4       59.31764156250
1       59.31764168333
2       59.31771237917
2       59.31775282083
2       59.31776938750
2       59.31797346667
4       59.31797348750
1       59.31797360417
2       59.31798109583
2       59.31799197500
2       59.31801681250
2       59.31820992500
4       59.31820992500
1       59.31821006250
2       59.31825399167
2       59.31826187083
2       59.31830594167
2       59.31843015417
4       59.31843015417
1       59.31843029167
2       59.31849872500
2       59.31863087500
4       59.31863089583
1       59.31863101667
2       59.31869849583
2       59.31870639583
2       59.31871700000
2       59.31875477083
2       59.31876735833
2       59.31878298750
2       59.31880979583
4       59.31880981667
1       59.31880993750
2       59.31885979167
2       59.31886212083
2       59.31893037500
2       59.31895415833
2       59.31919963750
4       59.31919965833
1       59.31919977917
2       59.31923738333
2       59.31934438333
2       59.31942722917
4       59.31942724583
1       59.31942736667
2       59.31944472083
2       59.31946432083
2       59.31963418750
4       59.31963420833
1       59.31963432917
2       59.31964645833
2       59.31972596667
2       59.31980972917
2       59.31981800417
4       59.31981802500
1       59.31981814583
2       59.31987939583
2       59.32004685000
4       59.32004687083
1       59.32004699167
2       59.32007801250
2       59.32009563333
2       59.32017670833
2       59.32028045000
4       59.32028047083
1       59.32028059167
2       59.32029395417
2       59.32029969167
2       59.32033210417
2       59.32043546250
2       59.32050829583
4       59.32050831667
1       59.32050843750
2       59.32050866667
2       59.32066275417
2       59.32087761250
4       59.32087763333
1       59.32087775417
2       59.32114005000
4       59.32114007083
1       59.32114019167
2       59.32138343750
4       59.32138345833
1       59.32138357917
2       59.32139672500
2       59.32140627500
2       59.32148576250
2       59.32152510833
2       59.32158483750
4       59.32158485417
1       59.32158497500
2       59.32161327500
2       59.32163086250
2       59.32170204583
2       59.32170767083
2       59.32172031667
2       59.32184844167
4       59.32184846250
1       59.32184858333
2       59.32193759167
2       59.32196368333
2       59.32197658333
2       59.32199313750
2       59.32200720833
2       59.32231848750
4       59.32231850833
1       59.32231862917
2       59.32241055833
2       59.32258121667
4       59.32258123750
1       59.32258135833
2       59.32262954167
2       59.32272087500
2       59.32277360417
2       59.32281297083
4       59.32281299167
1       59.32281311250
2       59.32287195000
2       59.32290540000
2       59.32297659583
2       59.32308633750
4       59.32308635833
1       59.32308647500
2       59.32312961667
2       59.32318337083
2       59.32324486667
2       59.32330024167
4       59.32330025833
1       59.32330037917
2       59.32330324167
2       59.32346084583
2       59.32347773333
2       59.32365070833
4       59.32365072917
1       59.32365084583
2       59.32368375000
2       59.32368972083
2       59.32376165417
2       59.32387423750
4       59.32387425417
1       59.32387437500
2       59.32395173750
2       59.32440984167
4       59.32440986250
1       59.32440997917
2       59.32442847917
2       59.32445952083
2       59.32457650833
2       59.32470260833
4       59.32470262500
1       59.32470274583
2       59.32471520417
2       59.32489576250
4       59.32489578333
1       59.32489590417
2       59.32498011250
2       59.32502989167
2       59.32505103750
2       59.32507896250
2       59.32517531667
4       59.32517533750
1       59.32517545833
2       59.32518327500
2       59.32521868750
2       59.32524852917
2       59.32528592917
2       59.32540095417
4       59.32540097500
1       59.32540109167
2       59.32545550417
2       59.32564228333
4       59.32564230000
1       59.32564242083
2       59.32564899583
2       59.32570723333
2       59.32572093333
2       59.32572645417
2       59.32585827917
4       59.32585830000
1       59.32585842083
2       59.32587087917
2       59.32596960417
2       59.32599417500
2       59.32609314167
4       59.32609315833
1       59.32609327917
2       59.32615876250
2       59.32618554583
2       59.32620407083
2       59.32622129167
2       59.32625045833
2       59.32630150000
4       59.32630152083
1       59.32630164167
2       59.32637971250
2       59.32648528333
4       59.32648530417
1       59.32648542500
2       59.32649158750
2       59.32662609583
2       59.32677713333
4       59.32677715000
1       59.32677727083
2       59.32693318750
2       59.32701067917
4       59.32701069583
1       59.32701081667
2       59.32718259583
4       59.32718259583
1       59.32718273333
2       59.32754687917
4       59.32754690000
1       59.32754702083
2       59.32784630417
4       59.32784632500
1       59.32784644583
2       59.32788647083
2       59.32801420417
2       59.32803744167
4       59.32803745833
1       59.32803757917
2       59.32812985417
2       59.32827027083
4       59.32827028750
1       59.32827040833
2       59.32830845000
2       59.32831002917
2       59.32831398750
2       59.32835875833
2       59.32870649583
4       59.32870649583
1       59.32870663333
2       59.32873835000
2       59.32876854167
2       59.32880088333
2       59.32916594167
4       59.32916596250
1       59.32916608333
2       59.32919701250
2       59.32929142917
2       59.32929379167
2       59.33001087083
4       59.33001089167
1       59.33001100833
2       59.33001426667
2       59.33007850000
2       59.33019535417
2       59.33020307500
2       59.33025630833
4       59.33025632500
1       59.33025644583
2       59.33032322917
2       59.33034247917
2       59.33041702917
2       59.33041793333
2       59.33045180000
2       59.33052497500
4       59.33052497500
1       59.33052511250
2       59.33072832500
2       59.33078696250
4       59.33078697917
1       59.33078710000
2       59.33081412500
2       59.33085420833
2       59.33092972500
2       59.33096513750
2       59.33109739167
4       59.33109740833
1       59.33109752917
2       59.33131699583
4       59.33131699583
1       59.33131713333
2       59.33133748333
2       59.33134466667
2       59.33140802917
2       59.33143951250
2       59.33156335833
4       59.33156337500
1       59.33156349583
2       59.33172770833
2       59.33189027500
4       59.33189029583
1       59.33189041667
2       59.33196975000
2       59.33199727917
2       59.33201775833
2       59.33203702083
2       59.33204960833
2       59.33226322500
4       59.33226324583
1       59.33226336667
2       59.33228583333
2       59.33231696250
2       59.33233281250
2       59.33235074167
2       59.33241029583
2       59.33266400833
4       59.33266402500
1       59.33266414583
2       59.33276705417
2       59.33292008750
4       59.33292010417
1       59.33292022500
2       59.33330989167
4       59.33330991250
1       59.33331003333
2       59.33337319167
2       59.33338107917
2       59.33338972083
2       59.33341529167
2       59.33350302917
2       59.33352622500
4       59.33352622500
1       59.33352636250
2       59.33363077083
2       59.33365213750
2       59.33369614167
2       59.33370476667
2       59.33378131250
4       59.33378133333
1       59.33378145417
2       59.33386480000
2       59.33392235417
2       59.33393961667
2       59.33395548333
2       59.33409659583
4       59.33409661667
1       59.33409673750
2       59.33423181250
2       59.33439006250
4       59.33439007917
1       59.33439020000
2       59.33448221667
2       59.33449017917
2       59.33451789167
2       59.33460437083
4       59.33460439167
1       59.33460450833
2       59.33460668333
2       59.33465077083
2       59.33465635833
2       59.33476375833
2       59.33481602083
4       59.33481603750
1       59.33481615833
2       59.33498432083
4       59.33498434167
1       59.33498446250
2       59.33503592500
2       59.33504490417
2       59.33508664167
2       59.33513068333
2       59.33519992500
4       59.33519994583
1       59.33520006250
2       59.33526417500
2       59.33526681667
2       59.33530883750
2       59.33551460417
4       59.33551462500
1       59.33551474583
2       59.33553579167
2       59.33557130000
2       59.33576594583
4       59.33576596667
1       59.33576608750
2       59.33576796250
2       59.33584117917
2       59.33606607917
4       59.33606609583
1       59.33606621667
2       59.33612477083
2       59.33619985833
2       59.33621350833
2       59.33630524167
4       59.33630525833
1       59.33630537917
2       59.33630558750
2       59.33647153333
2       59.33654403333
4       59.33654405000
1       59.33654417083
2       59.33661523750
2       59.33669740833
2       59.33691965833
4       59.33691967917
1       59.33691980000
2       59.33701367083
2       59.33702233750
2       59.33704355833
2       59.33716069583
4       59.33716071667
1       59.33716083750
2       59.33716940000
2       59.33722575833
2       59.33725717083
2       59.33725950417
2       59.33733104167
2       59.33734095417
2       59.33744298750
4       59.33744300833
1       59.33744312500
2       59.33745022083
2       59.33751089167
2       59.33766726667
4       59.33766728750
1       59.33766740833
2       59.33768510000
2       59.33773517500
2       59.33784677917
2       59.33787354167
4       59.33787356250
1       59.33787368333
2       59.33790770833
2       59.33792820833
2       59.33795538333
2       59.33808821250
4       59.33808822917
1       59.33808835000
2       59.33844427083
4       59.33844428750
1       59.33844440833
2       59.33845292083
2       59.33865821667
4       59.33865821667
1       59.33865835417
2       59.33872514167
2       59.33878681667
2       59.33896035833
4       59.33896037500
1       59.33896049583
2       59.33916766667
4       59.33916766667
1       59.33916780417
2       59.33921675000
2       59.33922036250
2       59.33938131667
4       59.33938133750
1       59.33938145833
2       59.33957279583
4       59.33957281667
1       59.33957293750
2       59.33964165417
2       59.33968842083
2       59.33998580833
4       59.33998582500
1       59.33998594583
2       59.34003812500
2       59.34004444167
2       59.34005574167
2       59.34014943333
2       59.34028558750
4       59.34028560833
1       59.34028572917
2       59.34046845000
2       59.34051016250
4       59.34051018333
1       59.34051030417
2       59.34052467917
2       59.34072842500
4       59.34072844583
1       59.34072856667
2       59.34074767083
2       59.34091526667
4       59.34091526667
1       59.34091540417
2       59.34102191250
2       59.34103412500
2       59.34103619167
2       59.34120476250
4       59.34120477917
1       59.34120490000
2       59.34121102500
2       59.34131770417
2       59.34134358333
2       59.34138063750
4       59.34138065417
1       59.34138077500
2       59.34140450417
2       59.34145357500
2       59.34148235000
2       59.34159659583
4       59.34159659583
1       59.34159673333
2       59.34164927500
2       59.34168505000
2       59.34174169167
2       59.34187618333
4       59.34187620000
1       59.34187632083
2       59.34188549167
2       59.34192582500
2       59.34198445000
2       59.34202219583
2       59.34204335833
2       59.34204375833
2       59.34216460833
4       59.34216462917
1       59.34216475000
2       59.34222162083
2       59.34226634583
2       59.34228681667
2       59.34230936250
2       59.34231962083
2       59.34232034167
2       59.34243594167
4       59.34243595833
1       59.34243607917
2       59.34250710417
2       59.34255282917
2       59.34261610417
2       59.34271880000
4       59.34271881667
1       59.34271893750
2       59.34288440417
2       59.34289699167
2       59.34295794583
4       59.34295796667
1       59.34295808333
2       59.34296155417
2       59.34307552917
2       59.34316070417
4       59.34316072500
1       59.34316084583
2       59.34325770417
2       59.34325840417
2       59.34329941250
2       59.34330570417
2       59.34333088333
4       59.34333090417
1       59.34333102500
2       59.34335347083
2       59.34342072500
2       59.34342307917
2       59.34344882083
2       59.34350476250
2       59.34353932500
4       59.34353934583
1       59.34353946667
2       59.34360970417
2       59.34375521667
4       59.34375521667
1       59.34375535417
2       59.34383201667
2       59.34385090000
2       59.34398933750
4       59.34398935833
1       59.34398947917
2       59.34407109583
2       59.34414109583
2       59.34435239167
4       59.34435240833
1       59.34435252917
2       59.34455946667
4       59.34455948750
1       59.34455960833
2       59.34483045833
4       59.34483047500
1       59.34483059583
2       59.34487380417
2       59.34491876667
2       59.34493776667
2       59.34500025833
2       59.34516260833
4       59.34516262917
1       59.34516275000
2       59.34523511250
2       59.34523940000
2       59.34526726667
2       59.34555916250
4       59.34555918333
1       59.34555930417
2       59.34559813750
2       59.34559849583
2       59.34561531250
2       59.34567237917
2       59.34592538333
4       59.34592540417
1       59.34592552500
2       59.34599532917
2       59.34600466667
2       59.34609927500
2       59.34611857083
2       59.34613180417
4       59.34613182500
1       59.34613194583
2       59.34621653333
2       59.34625069167
2       59.34635299583
4       59.34635301667
1       59.34635313750
2       59.34649612917
2       59.34655239167
2       59.34659015833
4       59.34659017500
1       59.34659029583
2       59.34666344583
2       59.34691545417
4       59.34691545417
1       59.34691559167
2       59.34692569583
2       59.34694027083
2       59.34694656250
2       59.34696805000
2       59.34751097917
4       59.34751100000
1       59.34751112083
2       59.34752296250
2       59.34770373750
2       59.34775712500
4       59.34775712500
1       59.34775726250
2       59.34778747917
2       59.34780513333
2       59.34792634167
2       59.34792900000
2       59.34798060000
4       59.34798062083
1       59.34798074167
2       59.34803101250
2       59.34806091667
2       59.34806445417
2       59.34817576250
2       59.34822997083
4       59.34822998750
1       59.34823010833
2       59.34826327500
2       59.34830361250
2       59.34830794167
2       59.34835828333
2       59.34841919583
4       59.34841919583
1       59.34841933333
2       59.34851757500
2       59.34860604583
2       59.34865170417
4       59.34865170417
1       59.34865184167
2       59.34865543750
2       59.34880712500
2       59.34883498333
2       59.34899979167
4       59.34899981250
1       59.34899993333
2       59.34907838750
2       59.34913002917
2       59.34926018333
4       59.34926020000
1       59.34926032083
2       59.34939004583
2       59.34944605833
4       59.34944607500
1       59.34944619583
2       59.34954140417
2       59.34959771667
2       59.34960598333
2       59.34972762917
4       59.34972764583
1       59.34972776667
2       59.34983921667
2       59.34989572917
2       59.34999222917
4       59.34999224583
1       59.34999236667
2       59.35002333333
2       59.35003590417
2       59.35009882083
2       59.35013295000
2       59.35018532917
4       59.35018535000
1       59.35018547083
2       59.35045955417
4       59.35045957500
1       59.35045969167
2       59.35047013333
2       59.35049930833
2       59.35072787500
4       59.35072787500
1       59.35072801250
2       59.35080010417
2       59.35093027917
4       59.35093030000
1       59.35093042083
2       59.35097360417
2       59.35101135833
2       59.35120988333
4       59.35120990000
1       59.35121002083
2       59.35121046667
2       59.35150765000
4       59.35150766667
1       59.35150778750
2       59.35155227500
2       59.35155369583
2       59.35166356667
2       59.35166752500
2       59.35202030417
4       59.35202032500
1       59.35202044583
2       59.35209550417
2       59.35209985000
2       59.35211869167
2       59.35216181250
2       59.35221740833
2       59.35265630000
4       59.35265632083
1       59.35265644167
2       59.35273743750
2       59.35282286667
2       59.35282553333
2       59.35300210417
4       59.35300212083
1       59.35300224167
2       59.35315909583
2       59.35321771250
4       59.35321772917
1       59.35321785000
2       59.35329321667
2       59.35331346250
2       59.35338270833
2       59.35346280833
4       59.35346282500
1       59.35346294583
2       59.35370236250
4       59.35370237917
1       59.35370250000
2       59.35373374167
2       59.35373570833
2       59.35373610417
2       59.35381126667
2       59.35392652917
4       59.35392654583
1       59.35392666667
2       59.35413655417
4       59.35413655417
1       59.35413669167
2       59.35420146250
2       59.35420214167
2       59.35424349167
2       59.35451612500
4       59.35451614583
1       59.35451626667
2       59.35462044583
2       59.35464598333
2       59.35470295000
4       59.35470296667
1       59.35470308750
2       59.35475683333
2       59.35477580000
2       59.35487128333
2       59.35496335417
4       59.35496337500
1       59.35496349583
2       59.35506529583
2       59.35529814583
4       59.35529816667
1       59.35529828750
2       59.35536540000
2       59.35543225000
2       59.35546215417
2       59.35549658750
4       59.35549660833
1       59.35549672500
2       59.35562737500
2       59.35570930000
4       59.35570932083
1       59.35570943750
2       59.35581420000
2       59.35587714167
2       59.35596884583
4       59.35596886667
1       59.35596898750
2       59.35620175000
4       59.35620177083
1       59.35620189167
2       59.35624412083
2       59.35632998333
2       59.35635781250
2       59.35644358750
4       59.35644360833
1       59.35644372917
2       59.35656284583
2       59.35663700417
4       59.35663702500
1       59.35663714583
2       59.35664027083
2       59.35664861667
2       59.35671485000
2       59.35672711250
2       59.35679130417
2       59.35697183750
4       59.35697185833
1       59.35697197917
2       59.35701122083
2       59.35704804583
2       59.35714172083
4       59.35714173750
1       59.35714185833
2       59.35717717500
2       59.35725970833
2       59.35736202500
4       59.35736204583
1       59.35736216667
2       59.35738055833
2       59.35744053333
2       59.35745479583
2       59.35756409583
4       59.35756411667
1       59.35756423333
2       59.35766569583
2       59.35780222083
4       59.35780224167
1       59.35780236250
2       59.35781314167
2       59.35793635000
2       59.35809801667
4       59.35809803750
1       59.35809815833
2       59.35830368750
4       59.35830370417
1       59.35830382500
2       59.35842398750
2       59.35846248333
2       59.35847957083
2       59.35851207917
4       59.35851209583
1       59.35851221667
2       59.35877021250
4       59.35877022917
1       59.35877035000
2       59.35881268333
2       59.35892442500
2       59.35894601667
4       59.35894601667
1       59.35894615417
2       59.35911123333
2       59.35915297083
4       59.35915298750
1       59.35915310833
2       59.35919697917
2       59.35920962500
2       59.35939280417
4       59.35939280417
1       59.35939294167
2       59.35952902500
2       59.35962498750
4       59.35962500833
1       59.35962512500
2       59.35965815417
2       59.35990326250
4       59.35990328333
1       59.35990340000
2       59.36000452917
2       59.36018540417
4       59.36018542500
1       59.36018554583
2       59.36019436250
2       59.36035370000
2       59.36047421250
4       59.36047422917
1       59.36047435000
2       59.36056467917
2       59.36056803333
2       59.36057096667
2       59.36062566250
2       59.36063029167
2       59.36064019583
2       59.36076908333
4       59.36076910000
1       59.36076922083
2       59.36099460833
4       59.36099462917
1       59.36099475000
2       59.36112316250
2       59.36117485000
2       59.36147360417
4       59.36147360417
1       59.36147374167
2       59.36148117083
2       59.36155900417
2       59.36165502083
2       59.36165643333
2       59.36166166250
2       59.36171170417
4       59.36171172500
1       59.36171184583
2       59.36198858750
4       59.36198860417
1       59.36198872500
2       59.36203459167
2       59.36205852917
2       59.36215490417
2       59.36238905417
4       59.36238905417
1       59.36238919167
2       59.36240595000
2       59.36241027500
2       59.36259382917
2       59.36274980000
4       59.36274982083
1       59.36274994167
2       59.36291942500
2       59.36298690417
4       59.36298692083
1       59.36298704167
2       59.36300652500
2       59.36303923333
2       59.36309965417
2       59.36328970000
4       59.36328972083
1       59.36328984167
2       59.36332680417
2       59.36341611667
2       59.36346917083
2       59.36366429167
4       59.36366431250
1       59.36366443333
2       59.36369247917
2       59.36374177917
2       59.36387336250
2       59.36391364583
4       59.36391366667
1       59.36391378750
2       59.36418633333
4       59.36418635417
1       59.36418647500
2       59.36423337083
2       59.36423696667
2       59.36433768333
2       59.36437507917
4       59.36437510000
1       59.36437522083
2       59.36445725833
2       59.36445761667
2       59.36445791667
2       59.36446096250
2       59.36449266250
2       59.36460000417
4       59.36460002500
1       59.36460014167
2       59.36474114583
2       59.36474444583
2       59.36479277917
4       59.36479280000
1       59.36479291667
2       59.36479347917
2       59.36479672083
2       59.36509056250
4       59.36509057917
1       59.36509070000
2       59.36515787500
2       59.36530884167
4       59.36530885833
1       59.36530897917
2       59.36542316667
2       59.36545420833
2       59.36548019167
2       59.36559903750
4       59.36559905833
1       59.36559917917
2       59.36561056667
2       59.36566716667
2       59.36568646667
2       59.36571361250
2       59.36578118750
4       59.36578120833
1       59.36578132500
2       59.36582886250
2       59.36602119167
4       59.36602120833
1       59.36602132917
2       59.36612034583
2       59.36614550833
2       59.36616544167
2       59.36632200833
4       59.36632202500
1       59.36632214583
2       59.36633036250
2       59.36646017917
2       59.36657740833
4       59.36657742500
1       59.36657754583
2       59.36668639583
2       59.36697194167
4       59.36697196250
1       59.36697207917
2       59.36713553750
2       59.36718626667
4       59.36718626667
1       59.36718640417
2       59.36735548333
2       59.36771925417
4       59.36771927500
1       59.36771939583
2       59.36783013750
2       59.36788082500
2       59.36797491667
4       59.36797491667
1       59.36797505417
2       59.36800963750
2       59.36814846250
2       59.36816140833
2       59.36816767917
2       59.36821140000
4       59.36821141667
1       59.36821153750
2       59.36846313750
4       59.36846315417
1       59.36846327500
2       59.36858066250
2       59.36864997500
2       59.36867114583
4       59.36867114583
1       59.36867128333
2       59.36867673333
2       59.36873604167
2       59.36889240833
4       59.36889242500
1       59.36889254583
2       59.36903256250
2       59.36923881250
4       59.36923883333
1       59.36923895417
2       59.36925246667
2       59.36934420000
2       59.36938132917
2       59.36949488333
4       59.36949490000
1       59.36949502083
2       59.36965852917
2       59.36995427917
4       59.36995429583
1       59.36995441667
2       59.36999835000
2       59.37009672083
2       59.37018516250
4       59.37018517917
1       59.37018530000
2       59.37025277500
2       59.37028030833
2       59.37031899167
2       59.37072604167
4       59.37072605833
1       59.37072617917
2       59.37082547917
2       59.37107651667
4       59.37107653750
1       59.37107665833
2       59.37108910000
2       59.37111532083
2       59.37113314167
2       59.37130267083
4       59.37130268750
1       59.37130280833
2       59.37132994583
2       59.37138126250
2       59.37145575417
2       59.37151737500
4       59.37151739583
1       59.37151751667
2       59.37178063333
4       59.37178065417
1       59.37178077083
2       59.37194230417
2       59.37216493750
4       59.37216495417
1       59.37216507500
2       59.37219679167
2       59.37236804167
4       59.37236805833
1       59.37236817917
2       59.37243422500
2       59.37256572917
2       59.37262631250
4       59.37262632917
1       59.37262645000
2       59.37301449583
4       59.37301449583
1       59.37301463333
2       59.37309624583
2       59.37310031250
2       59.37321428750
4       59.37321430417
1       59.37321442500
2       59.37334647917
2       59.37341831250
4       59.37341833333
1       59.37341845417
2       59.37345309167
2       59.37354317083
2       59.37357766250
2       59.37367571250
4       59.37367573333
1       59.37367585417
2       59.37368600417
2       59.37369154583
2       59.37375482500
2       59.37382770833
2       59.37385749583
2       59.37400851250
4       59.37400853333
1       59.37400865417
2       59.37410887917
2       59.37435898750
4       59.37435900833
1       59.37435912500
2       59.37440465000
2       59.37461632083
4       59.37461634167
1       59.37461646250
2       59.37476340833
2       59.37481375000
4       59.37481376667
1       59.37481388750
2       59.37495454583
2       59.37504865000
4       59.37504866667
1       59.37504878750
2       59.37509029167
2       59.37520370000
2       59.37550671667
4       59.37550671667
1       59.37550685417
2       59.37569223333
2       59.37584156250
4       59.37584157917
1       59.37584170000
2       59.37608470000
4       59.37608472083
1       59.37608484167
2       59.37609126667
2       59.37611050417
2       59.37619560833
2       59.37624234583
2       59.37627545000
4       59.37627546667
1       59.37627558750
2       59.37638045833
2       59.37642684583
2       59.37662194583
4       59.37662196667
1       59.37662208750
2       59.37674745417
2       59.37676741250
2       59.37687530000
4       59.37687532083
1       59.37687544167
2       59.37696970417
2       59.37707666667
4       59.37707666667
1       59.37707680417
2       59.37711282083
2       59.37720490417
2       59.37740159583
4       59.37740161667
1       59.37740173333
2       59.37766826667
4       59.37766826667
1       59.37766840417
2       59.37778655000
2       59.37780437917
2       59.37795614167
4       59.37795615833
1       59.37795627917
2       59.37802033333
2       59.37802069583
2       59.37803365833
2       59.37808525417
2       59.37813036667
4       59.37813036667
1       59.37813050417
2       59.37828660833
2       59.37847580833
4       59.37847582500
1       59.37847594583
2       59.37853349167
2       59.37871891667
4       59.37871891667
1       59.37871905417
2       59.37875543750
2       59.37876062083
2       59.37879516250
2       59.37903752917
4       59.37903754583
1       59.37903766667
2       59.37912402083
2       59.37921609167
2       59.37948472083
4       59.37948473750
1       59.37948485833
2       59.37949210000
2       59.37949765833
2       59.37965267083
2       59.37974870833
4       59.37974872500
1       59.37974884583
2       59.37976930417
2       59.37989880417
2       59.38001997083
4       59.38001999167
1       59.38002010833
2       59.38008422917
2       59.38021080000
4       59.38021081667
1       59.38021093750
2       59.38024623750
2       59.38030490833
2       59.38054131250
4       59.38054133333
1       59.38054145417
2       59.38063579583
2       59.38069270833
2       59.38070926667
2       59.38088781250
4       59.38088782917
1       59.38088795000
2       59.38092066667
2       59.38105303333
2       59.38154393750
4       59.38154395833
1       59.38154407917
2       59.38159826250
2       59.38160294583
2       59.38162145417
2       59.38183512083
4       59.38183513750
1       59.38183525833
2       59.38183811667
2       59.38188895417
2       59.38193053750
2       59.38206037500
4       59.38206037500
1       59.38206051250
2       59.38209985417
2       59.38263467917
4       59.38263470000
1       59.38263482083
2       59.38266320833
2       59.38300439583
4       59.38300439583
1       59.38300453333
2       59.38308151250
2       59.38317791667
2       59.38360153333
4       59.38360155417
1       59.38360167500
2       59.38400269167
4       59.38400271250
1       59.38400283333
2       59.38436176250
4       59.38436177917
1       59.38436190000
2       59.38441012917
2       59.38451850417
2       59.38453927083
4       59.38453928750
1       59.38453940833
2       59.38454126667
2       59.38465649167
2       59.38474858333
4       59.38474860417
1       59.38474872083
2       59.38477376250
2       59.38484474583
2       59.38487453750
2       59.38491023333
2       59.38497118750
4       59.38497120833
1       59.38497132917
2       59.38530307917
4       59.38530310000
1       59.38530322083
2       59.38562729167
4       59.38562731250
1       59.38562743333
2       59.38588839167
4       59.38588840833
1       59.38588852917
2       59.38616021250
4       59.38616023333
1       59.38616035000
2       59.38636832500
4       59.38636832500
1       59.38636846250
2       59.38636995000
2       59.38643725000
2       59.38643918333
2       59.38653161250
2       59.38657763333
4       59.38657765417
1       59.38657777500
2       59.38659063333
2       59.38662573333
2       59.38662590000
2       59.38668101667
2       59.38679358333
4       59.38679360000
1       59.38679372083
2       59.38690286250
2       59.38693472500
2       59.38699065417
4       59.38699065417
1       59.38699079167
2       59.38713308333
2       59.38716762083
4       59.38716764167
1       59.38716775833
2       59.38721757917
2       59.38724674583
2       59.38734414167
4       59.38734415833
1       59.38734427917
2       59.38781273750
4       59.38781275417
1       59.38781287500
2       59.38790554583
2       59.38791256250
2       59.38792544583
2       59.38806889583
4       59.38806891667
1       59.38806903750
2       59.38851565833
4       59.38851567500
1       59.38851579583
2       59.38862100417
2       59.38879220000
4       59.38879222083
1       59.38879233750
2       59.38910523750
4       59.38910525417
1       59.38910537500
2       59.38914460833
2       59.38917515000
2       59.38926620417
2       59.38939411250
4       59.38939412917
1       59.38939425000
2       59.38942557083
2       59.38961302083
2       59.38970675833
4       59.38970677917
1       59.38970689583
2       59.38976509167
2       59.38984720000
2       59.38987040000
2       59.38996244583
4       59.38996244583
1       59.38996258333
2       59.38998860417
2       59.39006813750
2       59.39013572083
2       59.39017874583
4       59.39017876667
1       59.39017888750
2       59.39022746250
2       59.39030660000
2       59.39038207083
4       59.39038208750
1       59.39038220833
2       59.39039272917
2       59.39040923750
2       59.39046167917
2       59.39055832500
4       59.39055834583
1       59.39055846667
2       59.39066529167
2       59.39078257500
4       59.39078257500
1       59.39078271250
2       59.39082460417
2       59.39085515000
2       59.39087172083
2       59.39092637917
2       59.39097765417
4       59.39097767500
1       59.39097779583
2       59.39109524167
2       59.39110148333
2       59.39111447917
2       59.39133008333
4       59.39133010000
1       59.39133022083
2       59.39135094583
2       59.39140600833
2       59.39145360417
2       59.39166362500
4       59.39166362500
1       59.39166376250
2       59.39171002083
2       59.39176200833
2       59.39180477083
2       59.39197199583
4       59.39197201667
1       59.39197213750
2       59.39205813750
2       59.39211244167
2       59.39218162500
4       59.39218162500
1       59.39218176250
2       59.39219691250
2       59.39228434167
2       59.39238337500
4       59.39238337500
1       59.39238351250
2       59.39254423750
2       59.39295875417
4       59.39295875417
1       59.39295889167
2       59.39297660833
2       59.39299087083
2       59.39335620000
4       59.39335622083
1       59.39335634167
2       59.39338768333
2       59.39346122083
2       59.39358947083
4       59.39358948750
1       59.39358960833
2       59.39363508750
2       59.39368742083
2       59.39379009167
4       59.39379011250
1       59.39379022917
2       59.39380012917
2       59.39401970000
4       59.39401971667
1       59.39401983750
2       59.39405745833
2       59.39425385000
4       59.39425386667
1       59.39425398750
2       59.39427468750
2       59.39433763750
2       59.39450988333
4       59.39450990417
1       59.39451002500
2       59.39460816667
2       59.39498387500
4       59.39498387500
1       59.39498401250
2       59.39501733333
2       59.39512697083
2       59.39519818750
4       59.39519820417
1       59.39519832500
2       59.39520319583
2       59.39533837500
2       59.39548267500
4       59.39548267500
1       59.39548281250
2       59.39561681667
2       59.39564639583
2       59.39567742500
4       59.39567744583
1       59.39567756667
2       59.39574667500
2       59.39579735417
2       59.39590200000
4       59.39590202083
1       59.39590213750
2       59.39593776667
2       59.39625711250
4       59.39625712917
1       59.39625725000
2       59.39640151667
2       59.39654393333
4       59.39654395417
1       59.39654407500
2       59.39666061250
2       59.39687262500
4       59.39687262500
1       59.39687276250
2       59.39688477917
2       59.39697421250
2       59.39702455833
2       59.39707423750
4       59.39707425417
1       59.39707437500
2       59.39715577083
2       59.39730310000
4       59.39730311667
1       59.39730323750
2       59.39738921250
2       59.39744887500
2       59.39755320000
4       59.39755322083
1       59.39755334167
2       59.39758032083
2       59.39772475000
2       59.39784862083
4       59.39784864167
1       59.39784876250
2       59.39794010833
2       59.39802686667
2       59.39816960417
4       59.39816962083
1       59.39816974167
2       59.39835408333
4       59.39835410000
1       59.39835422083
2       59.39836272917
2       59.39841273750
2       59.39885126250
4       59.39885127917
1       59.39885140000
2       59.39898775000
2       59.39924805000
4       59.39924807083
1       59.39924819167
2       59.39927721667
2       59.39932593750
2       59.39938923750
2       59.39961186667
4       59.39961188750
1       59.39961200833
2       59.39964134167
2       59.39968663333
2       59.39969799167
2       59.39971946667
2       59.40024643333
4       59.40024645417
1       59.40024657500
2       59.40027287083
2       59.40040504167
2       59.40076645000
4       59.40076646667
1       59.40076658750
2       59.40086678750
2       59.40092540000
2       59.40097973333
2       59.40113776250
4       59.40113778333
1       59.40113790417
2       59.40115195000
2       59.40117514583
2       59.40126566667
2       59.40178959167
4       59.40178960833
1       59.40178972917
2       59.40179157917
2       59.40181015833
2       59.40183500417
2       59.40186940833
2       59.40218570417
4       59.40218572500
1       59.40218584583
2       59.40234479167
2       59.40245903333
4       59.40245905000
1       59.40245917083
2       59.40255413333
2       59.40263326667
2       59.40275050833
4       59.40275052500
1       59.40275064583
2       59.40281705833
2       59.40282144167
2       59.40295153750
2       59.40298697083
4       59.40298698750
1       59.40298710833
2       59.40302040833
2       59.40305128750
2       59.40312576667
2       59.40314603750
2       59.40315697500
2       59.40341294583
4       59.40341294583
1       59.40341308333
2       59.40354183750
2       59.40366502083
4       59.40366503750
1       59.40366515833
2       59.40368355833
2       59.40376839583
2       59.40377899167
2       59.40378792500
2       59.40404623333
4       59.40404625417
1       59.40404637500
2       59.40406751250
2       59.40416918333
2       59.40423936667
2       59.40425195000
4       59.40425196667
1       59.40425208750
2       59.40436229167
2       59.40438805417
2       59.40439574167
2       59.40447426250
4       59.40447428333
1       59.40447440417
2       59.40447919583
2       59.40453898750
2       59.40456232917
2       59.40459841250
2       59.40464446250
2       59.40464712083
2       59.40468152083
2       59.40477900833
4       59.40477902917
1       59.40477915000
2       59.40506146667
4       59.40506146667
1       59.40506160417
2       59.40506576250
2       59.40517276250
2       59.40547812500
4       59.40547812500
1       59.40547826250
2       59.40565070000
2       59.40567226250
2       59.40569273333
4       59.40569275000
1       59.40569287083
2       59.40572424167
2       59.40586872083
2       59.40593227917
4       59.40593229583
1       59.40593241667
2       59.40594651250
2       59.40605784167
2       59.40608400000
2       59.40622771250
4       59.40622773333
1       59.40622785417
2       59.40624191667
2       59.40633830000
2       59.40644232083
4       59.40644234167
1       59.40644246250
2       59.40660771667
2       59.40662188750
2       59.40671240833
4       59.40671242500
1       59.40671254583
2       59.40672558750
2       59.40674775833
2       59.40691133333
4       59.40691135000
1       59.40691147083
2       59.40695612083
2       59.40700180833
2       59.40703257083
2       59.40730622500
4       59.40730622500
1       59.40730636250
2       59.40734301250
2       59.40738929583
2       59.40767488750
4       59.40767490833
1       59.40767502917
2       59.40770431250
2       59.40784707500
2       59.40792334583
4       59.40792336667
1       59.40792348750
2       59.40804351667
2       59.40815676667
4       59.40815676667
1       59.40815690417
2       59.40817006250
2       59.40818427917
2       59.40835682083
4       59.40835683750
1       59.40835695833
2       59.40859800417
4       59.40859802500
1       59.40859814583
2       59.40862782500
2       59.40866653333
2       59.40869401667
2       59.40873342500
2       59.40876229167
2       59.40885764167
4       59.40885766250
1       59.40885778333
2       59.40891498333
2       59.40891695000
2       59.40898317500
2       59.40900044167
2       59.40902364583
2       59.40910075833
4       59.40910077917
1       59.40910090000
2       59.40920846667
2       59.40931740417
4       59.40931742500
1       59.40931754583
2       59.40935522500
2       59.40943438750
2       59.40947876667
2       59.40952414167
4       59.40952416250
1       59.40952428333
2       59.40959360000
2       59.40974899167
4       59.40974900833
1       59.40974912917
2       59.40981860833
2       59.41011377083
4       59.41011379167
1       59.41011391250
2       59.41012095833
2       59.41028227500
2       59.41028660833
2       59.41029651667
4       59.41029651667
1       59.41029665417
2       59.41033384167
2       59.41039686667
2       59.41041418750
2       59.41063040417
4       59.41063040417
1       59.41063054167
2       59.41078502500
2       59.41081455417
4       59.41081457500
1       59.41081469167
2       59.41085427083
2       59.41085628333
2       59.41112025417
4       59.41112027500
1       59.41112039583
2       59.41116273333
2       59.41119809167
2       59.41151940000
4       59.41151941667
1       59.41151953750
2       59.41167005417
2       59.41168467500
2       59.41169366667
2       59.41182382917
4       59.41182384583
1       59.41182396667
2       59.41182510000
2       59.41197020833
2       59.41208555833
4       59.41208557917
1       59.41208569583
2       59.41219512083
2       59.41221437500
2       59.41242695000
4       59.41242697083
1       59.41242708750
2       59.41271447083
4       59.41271449167
1       59.41271461250
2       59.41281420000
2       59.41322066250
4       59.41322067917
1       59.41322080000
2       59.41323853750
2       59.41337920833
2       59.41347397917
4       59.41347400000
1       59.41347412083
2       59.41351998333
2       59.41368796250
4       59.41368797917
1       59.41368810000
2       59.41393302917
4       59.41393305000
1       59.41393317083
2       59.41402350000
2       59.41426230000
4       59.41426232083
1       59.41426243750
2       59.41430500417
2       59.41437159167
2       59.41447230000
4       59.41447232083
1       59.41447244167
2       59.41461738333
2       59.41465014167
4       59.41465015833
1       59.41465027917
2       59.41468624583
2       59.41468989167
2       59.41469097917
2       59.41480547917
2       59.41484431250
4       59.41484432917
1       59.41484445000
2       59.41489196667
2       59.41490816667
2       59.41493274167
2       59.41493369583
2       59.41516618750
4       59.41516620833
1       59.41516632917
2       59.41532454583
2       59.41533051250
2       59.41533180000
2       59.41541901250
4       59.41541903333
1       59.41541915417
2       59.41541992083
2       59.41544149583
2       59.41549347083
2       59.41580381667
4       59.41580381667
1       59.41580395417
2       59.41582502917
2       59.41590521250
2       59.41594257083
2       59.41603037500
4       59.41603039583
1       59.41603051667
2       59.41615535417
2       59.41616884167
2       59.41636962083
4       59.41636964167
1       59.41636976250
2       59.41655504167
4       59.41655506250
1       59.41655518333
2       59.41663279167
2       59.41665575417
2       59.41670610000
2       59.41674980000
2       59.41684851667
4       59.41684851667
1       59.41684865417
2       59.41743284167
4       59.41743286250
1       59.41743298333
2       59.41750071250
2       59.41754043333
2       59.41767657500
4       59.41767657500
1       59.41767671250
2       59.41770941250
2       59.41786177083
2       59.41790510417
4       59.41790512500
1       59.41790524583
2       59.41822546667
4       59.41822546667
1       59.41822560417
2       59.41834397917
2       59.41845470000
4       59.41845471667
1       59.41845483750
2       59.41854972500
2       59.41862056667
2       59.41876099167
4       59.41876100833
1       59.41876112917
2       59.41895609583
4       59.41895609583
1       59.41895623333
2       59.41898824167
2       59.41901704583
2       59.41918697500
4       59.41918697500
1       59.41918711250
2       59.41918735417
2       59.41937343750
2       59.41946191667
4       59.41946193750
1       59.41946205833
2       59.41950006250
2       59.41957675833
2       59.41962752917
2       59.41964344583
4       59.41964344583
1       59.41964358333
2       59.41967127083
2       59.41967921250
2       59.41974670833
2       59.41977852500
2       59.41997899167
4       59.41997901250
1       59.41997913333
2       59.42006147917
2       59.42011606250
2       59.42015022917
4       59.42015025000
1       59.42015037083
2       59.42030287500
2       59.42034653333
4       59.42034655417
1       59.42034667500
2       59.42035720833
2       59.42045160833
2       59.42046023333
2       59.42048040417
2       59.42074972917
4       59.42074974583
1       59.42074986667
2       59.42076067500
2       59.42080444167
2       59.42086470000
2       59.42095774583
4       59.42095776667
1       59.42095788750
2       59.42103490833
2       59.42107231667
2       59.42156060417
4       59.42156062500
1       59.42156074583
2       59.42167053333
2       59.42174373333
2       59.42180467083
4       59.42180469167
1       59.42180481250
2       59.42189440417
2       59.42193217500
2       59.42212307500
4       59.42212309583
1       59.42212321250
2       59.42213587917
2       59.42219823750
2       59.42219847083
2       59.42225016250
2       59.42239358333
4       59.42239360000
1       59.42239372083
2       59.42253703750
2       59.42257047917
2       59.42258642917
4       59.42258645000
1       59.42258657083
2       59.42268409167
2       59.42268703333
2       59.42271449583
2       59.42274275000
2       59.42286599167
4       59.42286600833
1       59.42286612917
2       59.42297886250
2       59.42314051667
4       59.42314053750
1       59.42314065833
2       59.42324315417
2       59.42326899583
2       59.42336507500
4       59.42336507500
1       59.42336521250
2       59.42350353333
2       59.42352218750
2       59.42361684583
4       59.42361686667
1       59.42361698750
2       59.42365656667
2       59.42367079583
2       59.42370463750
2       59.42377579583
2       59.42382490417
4       59.42382492500
1       59.42382504167
2       59.42387352500
2       59.42389082083
2       59.42414977083
4       59.42414979167
1       59.42414990833
2       59.42423120417
2       59.42434651250
4       59.42434653333
1       59.42434665417
2       59.42449331250
2       59.42454122917
4       59.42454125000
1       59.42454137083
2       59.42459470000
2       59.42477118333
4       59.42477120000
1       59.42477132083
2       59.42480496667
2       59.42487487083
2       59.42499649583
4       59.42499651667
1       59.42499663333
2       59.42555215417
4       59.42555217083
1       59.42555229167
2       59.42559862917
2       59.42566545000
2       59.42569456667
2       59.42574525833
2       59.42599594167
4       59.42599596250
1       59.42599608333
2       59.42601355833
2       59.42608313333
2       59.42627664167
4       59.42627666250
1       59.42627678333
2       59.42634305833
2       59.42637425833
2       59.42639581667
2       59.42647365417
2       59.42655453750
4       59.42655455833
1       59.42655467917
2       59.42677703333
4       59.42677705000
1       59.42677717083
2       59.42691758750
2       59.42705197083
4       59.42705198750
1       59.42705210833
2       59.42711468750
2       59.42718412500
2       59.42719239167
2       59.42723943750
4       59.42723945833
1       59.42723957917
2       59.42728455000
2       59.42734878750
2       59.42741506250
2       59.42743785000
4       59.42743787083
1       59.42743799167
2       59.42745277500
2       59.42746535833
2       59.42758025417
2       59.42768291250
4       59.42768293333
1       59.42768305417
2       59.42818871667
4       59.42818873750
1       59.42818885833
2       59.42833384583
2       59.42847158750
4       59.42847160417
1       59.42847172500
2       59.42851996667
2       59.42868592917
4       59.42868594583
1       59.42868606667
2       59.42880159583
2       59.42880884583
2       59.42888135417
4       59.42888137500
1       59.42888149583
2       59.42909799167
4       59.42909800833
1       59.42909812917
2       59.42914273750
2       59.42920160000
2       59.42922441250
2       59.42926243333
2       59.42929309167
4       59.42929311250
1       59.42929323333
2       59.42930699167
2       59.42942032917
2       59.42942887917
2       59.42947259167
4       59.42947260833
1       59.42947272917
2       59.42950479583
2       59.42954613750
2       59.42964391250
2       59.42972171667
4       59.42972173750
1       59.42972185833
2       59.42984389167
2       59.42986512500
2       59.42991546250
4       59.42991547917
1       59.42991560000
2       59.42998001667
2       59.43009864167
4       59.43009866250
1       59.43009878333
2       59.43012512083
2       59.43029504167
4       59.43029506250
1       59.43029518333
2       59.43029702083
2       59.43034708333
2       59.43039142500
2       59.43071996667
4       59.43071996667
1       59.43072010417
2       59.43073525833
2       59.43090276667
2       59.43097606250
4       59.43097607917
1       59.43097620000
2       59.43111014583
2       59.43126949583
4       59.43126949583
1       59.43126963333
2       59.43131453333
2       59.43132211667
2       59.43144208750
2       59.43177001250
4       59.43177002917
1       59.43177015000
2       59.43178265000
2       59.43211115417
4       59.43211117083
1       59.43211129167
2       59.43237384167
4       59.43237386250
1       59.43237398333
2       59.43247318750
2       59.43254343333
2       59.43262555417
4       59.43262557500
1       59.43262569583
2       59.43280974583
4       59.43280976667
1       59.43280988750
2       59.43294157083
2       59.43306809167
4       59.43306810833
1       59.43306822917
2       59.43334593750
4       59.43334595833
1       59.43334607917
2       59.43347551667
2       59.43350001250
2       59.43353083750
2       59.43354871667
4       59.43354873750
1       59.43354885833
2       59.43380104167
4       59.43380106250
1       59.43380118333
2       59.43388489583
2       59.43393553750
2       59.43397725417
4       59.43397727500
1       59.43397739583
2       59.43407365417
2       59.43421408333
4       59.43421410000
1       59.43421422083
2       59.43432178333
2       59.43465297500
4       59.43465297500
1       59.43465311250
2       59.43488060417
4       59.43488062500
1       59.43488074583
2       59.43495645417
2       59.43495780417
2       59.43501403333
2       59.43508920417
4       59.43508922500
1       59.43508934583
2       59.43509514583
2       59.43510780000
2       59.43519416667
2       59.43540551250
4       59.43540553333
1       59.43540565417
2       59.43555223333
2       59.43568437917
4       59.43568439583
1       59.43568451667
2       59.43574872917
2       59.43595499167
4       59.43595501250
1       59.43595513333
2       59.43600870417
2       59.43601699583
2       59.43613925833
2       59.43616071667
4       59.43616073750
1       59.43616085833
2       59.43631804167
2       59.43632832083
2       59.43651314167
4       59.43651316250
1       59.43651328333
2       59.43657480833
2       59.43667150833
2       59.43671227500
2       59.43681321667
4       59.43681323750
1       59.43681335833
2       59.43688122500
2       59.43689472917
2       59.43689863750
2       59.43696895833
2       59.43700273333
4       59.43700275000
1       59.43700287083
2       59.43708029583
2       59.43724154167
4       59.43724156250
1       59.43724168333
2       59.43741898750
2       59.43744699167
4       59.43744701250
1       59.43744713333
2       59.43748394583
2       59.43766457917
4       59.43766460000
1       59.43766472083
2       59.43768170833
2       59.43778475417
2       59.43795205000
4       59.43795206667
1       59.43795218750
2       59.43825412917
4       59.43825415000
1       59.43825427083
2       59.43829519583
2       59.43835441250
2       59.43870911667
4       59.43870913750
1       59.43870925417
2       59.43871797083
2       59.43910530000
4       59.43910532083
1       59.43910543750
2       59.43923189167
2       59.43939911250
4       59.43939913333
1       59.43939925000
2       59.43968033333
4       59.43968035417
1       59.43968047500
2       59.43973034583
2       59.43996424583
4       59.43996426667
1       59.43996438750
2       59.44007320417
2       59.44046175417
4       59.44046177500
1       59.44046189583
2       59.44047527500
2       59.44050542917
2       59.44054807917
2       59.44082499583
4       59.44082501667
1       59.44082513333
2       59.44088005417
2       59.44101324167
2       59.44138447500
4       59.44138447500
1       59.44138461250
2       59.44141697917
2       59.44148655417
2       59.44153653333
2       59.44154315833
2       59.44156940417
4       59.44156942500
1       59.44156954583
2       59.44158490833
2       59.44163487500
2       59.44164649583
2       59.44166207083
2       59.44166577500
2       59.44168523750
2       59.44169781667
2       59.44172498333
2       59.44187675000
4       59.44187676667
1       59.44187688750
2       59.44204669583
2       59.44217216667
4       59.44217216667
1       59.44217230417
2       59.44217642917
2       59.44218214167
2       59.44250073750
4       59.44250075417
1       59.44250087500
2       59.44254882083
2       59.44260409583
2       59.44263952500
2       59.44279821250
4       59.44279823333
1       59.44279835417
2       59.44314136250
4       59.44314137917
1       59.44314150000
2       59.44314835417
2       59.44318903750
2       59.44364806250
4       59.44364808333
1       59.44364820417
2       59.44381837083
2       59.44383957083
2       59.44445536667
4       59.44445536667
1       59.44445550417
2       59.44448321667
2       59.44454410417
2       59.44456132917
2       59.44459407917
2       59.44476598750
4       59.44476598750
1       59.44476612500
2       59.44523662083
4       59.44523663750
1       59.44523675833
2       59.44549601250
4       59.44549602917
1       59.44549615000
2       59.44557754167
2       59.44562657083
2       59.44576961250
4       59.44576962917
1       59.44576975000
2       59.44578059583
2       59.44590310833
2       59.44606240833
4       59.44606242917
1       59.44606255000
2       59.44608166250
2       59.44611042917
2       59.44636922083
4       59.44636924167
1       59.44636936250
2       59.44640193750
2       59.44661155833
4       59.44661157917
1       59.44661170000
2       59.44661819583
2       59.44662821250
2       59.44676062917
2       59.44682358333
4       59.44682360000
1       59.44682372083
2       59.44698953333
2       59.44703951250
4       59.44703952917
1       59.44703965000
2       59.44706937083
2       59.44709419167
2       59.44710479167
2       59.44724794583
4       59.44724794583
1       59.44724808333
2       59.44726913750
2       59.44728927917
2       59.44745255417
4       59.44745257500
1       59.44745269167
2       59.44753671667
2       59.44762512083
4       59.44762513750
1       59.44762525833
2       59.44764082917
2       59.44772687083
2       59.44810380000
4       59.44810382083
1       59.44810393750
2       59.44841975833
4       59.44841977917
1       59.44841990000
2       59.44843627917
2       59.44854005000
2       59.44865460000
4       59.44865462083
1       59.44865474167
2       59.44889212500
4       59.44889214583
1       59.44889226667
2       59.44901042917
2       59.44905700833
2       59.44906202917
4       59.44906204583
1       59.44906216667
2       59.44907228750
2       59.44915980000
2       59.44918558333
2       59.44929096667
4       59.44929098750
1       59.44929110833
2       59.44988582083
4       59.44988584167
1       59.44988596250
2       59.45000336667
2       59.45015441250
4       59.45015443333
1       59.45015455417
2       59.45017562083
2       59.45023192500
2       59.45030110833
2       59.45037937917
4       59.45037940000
1       59.45037952083
2       59.45047907083
2       59.45057211250
2       59.45093012500
4       59.45093012500
1       59.45093026250
2       59.45101823750
2       59.45122160000
4       59.45122161667
1       59.45122173750
2       59.45128880417
2       59.45135183750
2       59.45140084583
2       59.45142963333
4       59.45142965000
1       59.45142977083
2       59.45151774583
2       59.45160190000
2       59.45160955000
2       59.45166680417
4       59.45166680417
1       59.45166694167
2       59.45189301667
4       59.45189301667
1       59.45189315417
2       59.45192717500
2       59.45207653333
2       59.45216667083
4       59.45216669167
1       59.45216681250
2       59.45221699583
2       59.45223051250
2       59.45224057083
2       59.45224543750
2       59.45229852500
2       59.45244916667
4       59.45244916667
1       59.45244930417
2       59.45254087917
2       59.45268595000
4       59.45268597083
1       59.45268609167
2       59.45275420417
2       59.45276745000
2       59.45279691667
2       59.45286616667
4       59.45286618750
1       59.45286630833
2       59.45292477500
2       59.45312320417
4       59.45312322500
1       59.45312334583
2       59.45326334167
2       59.45328056667
2       59.45336076250
4       59.45336078333
1       59.45336090417
2       59.45336137500
2       59.45338601250
2       59.45339049167
2       59.45339247083
2       59.45348168750
2       59.45349744167
2       59.45350373333
2       59.45351865000
2       59.45354152917
4       59.45354154583
1       59.45354166667
2       59.45356704583
2       59.45365120000
2       59.45367309167
2       59.45375386250
4       59.45375388333
1       59.45375400417
2       59.45392741250
4       59.45392743333
1       59.45392755417
2       59.45393370000
2       59.45397777917
2       59.45421421667
4       59.45421423750
1       59.45421435417
2       59.45449356250
4       59.45449358333
1       59.45449370000
2       59.45451932500
2       59.45452359167
2       59.45481640417
4       59.45481642500
1       59.45481654583
2       59.45492039583
2       59.45495717500
2       59.45497549167
2       59.45506382917
4       59.45506385000
1       59.45506397083
2       59.45506758333
2       59.45511654167
2       59.45521954167
2       59.45530537917
4       59.45530540000
1       59.45530551667
2       59.45537759583
2       59.45575208750
4       59.45575210417
1       59.45575222500
2       59.45584362083
2       59.45584798333
2       59.45593862083
2       59.45605619167
4       59.45605620833
1       59.45605632917
2       59.45622218333
2       59.45629542083
4       59.45629544167
1       59.45629556250
2       59.45638289583
2       59.45641062917
2       59.45645659167
2       59.45646830000
4       59.45646831667
1       59.45646843750
2       59.45650970000
2       59.45656769167
2       59.45670382917
4       59.45670385000
1       59.45670397083
2       59.45705452083
4       59.45705453750
1       59.45705465833
2       59.45722783333
4       59.45722785000
1       59.45722797083
2       59.45743842083
4       59.45743843750
1       59.45743855833
2       59.45748022083
2       59.45754514583
2       59.45773825833
4       59.45773827917
1       59.45773840000
2       59.45774842500
2       59.45806936250
4       59.45806937917
1       59.45806950000
2       59.45811420417
2       59.45811810000
2       59.45819991667
2       59.45826354583
2       59.45830067917
4       59.45830069583
1       59.45830081667
2       59.45841155417
2       59.45865893333
4       59.45865895000
1       59.45865907083
2       59.45873785417
2       59.45881034167
2       59.45893693750
4       59.45893695833
1       59.45893707500
2       59.45906680417
2       59.45909987917
2       59.45911877083
2       59.45929563750
4       59.45929565833
1       59.45929577917
2       59.45930125417
2       59.45933773750
2       59.45953420000
4       59.45953421667
1       59.45953433750
2       59.45970207083
2       59.45984222083
4       59.45984223750
1       59.45984235833
2       59.45990940417
2       59.45999087500
2       59.46005353333
4       59.46005355417
1       59.46005367500
2       59.46011640417
2       59.46029466667
4       59.46029468750
1       59.46029480833
2       59.46031811250
2       59.46039568750
2       59.46069140000
4       59.46069142083
1       59.46069154167
2       59.46075350833
2       59.46077227083
2       59.46097665833
4       59.46097667917
1       59.46097680000
2       59.46103355000
2       59.46106240417
2       59.46128496250
4       59.46128498333
1       59.46128510417
2       59.46147678750
4       59.46147680833
1       59.46147692917
2       59.46149333750
2       59.46166693750
4       59.46166695417
1       59.46166707500
2       59.46184181250
4       59.46184182917
1       59.46184195000
2       59.46187496667
2       59.46189247083
2       59.46196862500
2       59.46209677500
4       59.46209677500
1       59.46209691250
2       59.46217431250
2       59.46227304167
2       59.46228330417
4       59.46228330417
1       59.46228344167
2       59.46235053750
2       59.46236977500
2       59.46249526250
4       59.46249528333
1       59.46249540417
2       59.46265063333
2       59.46268407083
2       59.46273676667
4       59.46273676667
1       59.46273690417
2       59.46288718333
2       59.46305144167
4       59.46305146250
1       59.46305158333
2       59.46305981667
2       59.46307197083
2       59.46315244583
2       59.46336737917
4       59.46336740000
1       59.46336751667
2       59.46339592500
2       59.46344556667
2       59.46346982083
2       59.46356280833
4       59.46356282500
1       59.46356294583
2       59.46358135000
2       59.46359859167
2       59.46368875833
2       59.46369700000
2       59.46370525000
2       59.46383583750
4       59.46383585833
1       59.46383597917
2       59.46386962083
2       59.46399544167
2       59.46405370000
4       59.46405371667
1       59.46405383750
2       59.46410207917
2       59.46444062500
4       59.46444062500
1       59.46444076250
2       59.46466615417
4       59.46466615417
1       59.46466629167
2       59.46468665833
2       59.46472904583
2       59.46501200000
4       59.46501201667
1       59.46501213750
2       59.46520245833
4       59.46520247917
1       59.46520260000
2       59.46526564167
2       59.46528686250
2       59.46533853333
2       59.46550779167
4       59.46550781250
1       59.46550793333
2       59.46585292500
4       59.46585294583
1       59.46585306667
2       59.46601957917
2       59.46620076667
4       59.46620078750
1       59.46620090417
2       59.46624940417
2       59.46626069583
2       59.46637329167
2       59.46663527083
4       59.46663528750
1       59.46663540833
2       59.46668562500
2       59.46673897917
2       59.46675131250
2       59.46687246250
4       59.46687248333
1       59.46687260417
2       59.46687675833
2       59.46691650833
2       59.46696055833
2       59.46728117500
4       59.46728119583
1       59.46728131667
2       59.46732322083
2       59.46733351250
2       59.46749512917
4       59.46749515000
1       59.46749527083
2       59.46769920833
2       59.46774726667
4       59.46774726667
1       59.46774740417
2       59.46785653333
2       59.46798114583
4       59.46798114583
1       59.46798128333
2       59.46799428750
2       59.46803675000
2       59.46822634167
4       59.46822635833
1       59.46822647917
2       59.46824403333
2       59.46861010000
4       59.46861011667
1       59.46861023750
2       59.46862830417
2       59.46865483333
2       59.46888793750
4       59.46888795833
1       59.46888807917
2       59.46901581250
2       59.46904764583
2       59.46907782083
4       59.46907784167
1       59.46907796250
2       59.46915848750
2       59.46922322917
2       59.46933445833
4       59.46933447917
1       59.46933460000
2       59.46938713750
2       59.46950109167
2       59.46956237500
4       59.46956237500
1       59.46956251250
2       59.46963421250
2       59.46976310833
4       59.46976312500
1       59.46976324583
2       59.46984420833
2       59.46997242500
4       59.46997242500
1       59.46997256250
2       59.47010812917
2       59.47032093333
4       59.47032095417
1       59.47032107500
2       59.47032392500
2       59.47036957500
2       59.47041991667
2       59.47076112917
4       59.47076115000
1       59.47076127083
2       59.47078491250
2       59.47079555000
2       59.47088459167
2       59.47112612500
4       59.47112612500
1       59.47112626250
2       59.47119425000
2       59.47159145000
4       59.47159146667
1       59.47159158750
2       59.47159969167
2       59.47165109583
2       59.47176305000
2       59.47189188750
4       59.47189190833
1       59.47189202917
2       59.47189955000
2       59.47195845417
2       59.47205880833
2       59.47214561250
4       59.47214563333
1       59.47214575000
2       59.47244890417
4       59.47244890417
1       59.47244904167
2       59.47256526250
2       59.47262586667
2       59.47274902917
4       59.47274905000
1       59.47274916667
2       59.47286205833
2       59.47296675417
4       59.47296677500
1       59.47296689583
2       59.47312664583
2       59.47331312500
4       59.47331314583
1       59.47331326667
2       59.47356286667
4       59.47356286667
1       59.47356300417
2       59.47367255000
2       59.47378217083
4       59.47378219167
1       59.47378230833
2       59.47396133333
4       59.47396135417
1       59.47396147083
2       59.47398160417
2       59.47408229167
2       59.47411732083
2       59.47423922917
4       59.47423924583
1       59.47423936667
2       59.47430685000
2       59.47449665000
4       59.47449666667
1       59.47449678750
2       59.47451355000
2       59.47455097500
2       59.47459104583
2       59.47465362083
2       59.47467051667
2       59.47479173750
4       59.47479175833
1       59.47479187917
2       59.47480430833
2       59.47481295417
2       59.47483407917
2       59.47486991250
2       59.47497166667
4       59.47497166667
1       59.47497180417
2       59.47507357500
2       59.47511441667
2       59.47554893333
4       59.47554895417
1       59.47554907500
2       59.47569270833
2       59.47592396250
4       59.47592398333
1       59.47592410417
2       59.47599610417
2       59.47623791250
4       59.47623792917
1       59.47623805000
2       59.47629231250
2       59.47631446250
2       59.47637043333
2       59.47649731250
4       59.47649732917
1       59.47649745000
2       59.47664963750
2       59.47678837500
4       59.47678839583
1       59.47678851667
2       59.47698388333
2       59.47698415417
2       59.47714120833
4       59.47714122500
1       59.47714134583
2       59.47722259583
2       59.47733787083
2       59.47735017917
2       59.47741805417
4       59.47741807500
1       59.47741819583
2       59.47743491667
2       59.47754186667
2       59.47759625833
2       59.47777712917
4       59.47777715000
1       59.47777726667
2       59.47786492083
2       59.47798946250
4       59.47798948333
1       59.47798960417
2       59.47822129167
4       59.47822130833
1       59.47822142917
2       59.47848361250
4       59.47848363333
1       59.47848375417
2       59.47851241250
2       59.47875190000
4       59.47875192083
1       59.47875204167
2       59.47893083333
4       59.47893085417
1       59.47893097500
2       59.47899372500
2       59.47900595833
2       59.47900937500
2       59.47905167500
2       59.47937898750
4       59.47937900833
1       59.47937912917
2       59.47961176667
4       59.47961176667
1       59.47961190417
2       59.47967976667
2       59.47973098750
2       59.47978366250
2       59.47980684167
2       59.47982571667
4       59.47982573750
1       59.47982585833
2       59.48016161250
4       59.48016162917
1       59.48016175000
2       59.48020434167
2       59.48026600000
2       59.48029334167
2       59.48053464167
4       59.48053465833
1       59.48053477917
2       59.48069187083
2       59.48081344583
4       59.48081346667
1       59.48081358750
2       59.48086182083
2       59.48086254167
2       59.48097940833
2       59.48099862500
2       59.48110433333
4       59.48110435000
1       59.48110447083
2       59.48122680833
2       59.48127522500
4       59.48127522500
1       59.48127536250
2       59.48128055000
2       59.48130202500
2       59.48142818333
2       59.48153553333
4       59.48153555417
1       59.48153567500
2       59.48172866667
4       59.48172868750
1       59.48172880833
2       59.48173067500
2       59.48190330833
4       59.48190332500
1       59.48190344583
2       59.48227352083
4       59.48227353750
1       59.48227365833
2       59.48230335000
2       59.48234670833
2       59.48242060417
2       59.48266171250
4       59.48266173333
1       59.48266185000
2       59.48273292917
2       59.48276677500
2       59.48283165000
2       59.48285914167
4       59.48285915833
1       59.48285927917
2       59.48290853333
2       59.48292905833
2       59.48295356667
2       59.48391378333
4       59.48391380000
1       59.48391392083
2       59.48401609167
2       59.48401675833
2       59.48415093750
4       59.48415095833
1       59.48415107917
2       59.48418400833
2       59.48426420000
2       59.48444601250
4       59.48444603333
1       59.48444615000
2       59.48479678750
4       59.48479680417
1       59.48479692500
2       59.48482797083
2       59.48486837083
2       59.48492268750
2       59.48494859167
2       59.48510247083
4       59.48510249167
1       59.48510260833
2       59.48522874167
2       59.48543605000
4       59.48543607083
1       59.48543619167
2       59.48554809583
2       59.48557681250
2       59.48575137917
4       59.48575140000
1       59.48575151667
2       59.48585168333
2       59.48587962500
2       59.48588590417
2       59.48595746250
2       59.48596840833
4       59.48596842917
1       59.48596855000
2       59.48604683750
2       59.48610979167
2       59.48618802500
4       59.48618802500
1       59.48618816250
2       59.48622773750
2       59.48635488333
4       59.48635490417
1       59.48635502500
2       59.48659443333
4       59.48659445000
1       59.48659457083
2       59.48668646250
2       59.48678480417
4       59.48678482500
1       59.48678494583
2       59.48685177917
2       59.48690015000
2       59.48710285833
4       59.48710287500
1       59.48710299583
2       59.48723472500
2       59.48735757083
4       59.48735759167
1       59.48735771250
2       59.48737607917
2       59.48743310417
2       59.48748768750
2       59.48757309167
4       59.48757310833
1       59.48757322917
2       59.48765833750
2       59.48789443333
4       59.48789445417
1       59.48789457500
2       59.48807658750
4       59.48807660417
1       59.48807672500
2       59.48810607917
2       59.48824132500
2       59.48830514583
4       59.48830516667
1       59.48830528750
2       59.48857487500
4       59.48857487500
1       59.48857501250
2       59.48868115833
2       59.48914845000
4       59.48914846667
1       59.48914858750
2       59.48943827917
4       59.48943829583
1       59.48943841667
2       59.48944957917
2       59.48963966667
4       59.48963968750
1       59.48963980833
2       59.48965584167
2       59.48971320833
2       59.48978839583
2       59.48981458750
4       59.48981460417
1       59.48981472500
2       59.49019709583
4       59.49019711667
1       59.49019723750
2       59.49035013750
2       59.49072842083
4       59.49072843750
1       59.49072855833
2       59.49080162917
2       59.49085627917
2       59.49112850417
4       59.49112850417
1       59.49112864167
2       59.49125869167
2       59.49136207500
4       59.49136209583
1       59.49136221667
2       59.49143071667
2       59.49167204167
4       59.49167206250
1       59.49167218333
2       59.49169662500
2       59.49174525417
2       59.49175388750
2       59.49193083750
4       59.49193085417
1       59.49193097500
2       59.49202585000
2       59.49214210417
4       59.49214212500
1       59.49214224583
2       59.49216830833
2       59.49225107083
2       59.49233486250
4       59.49233488333
1       59.49233500417
2       59.49237926250
2       59.49240405417
2       59.49245511250
2       59.49252992083
4       59.49252993750
1       59.49253005833
2       59.49271213333
4       59.49271215417
1       59.49271227500
2       59.49281778750
2       59.49285063333
2       59.49308380417
4       59.49308382500
1       59.49308394583
2       59.49328679583
4       59.49328679583
1       59.49328693333
2       59.49331896667
2       59.49354222917
4       59.49354224583
1       59.49354236667
2       59.49378794583
4       59.49378796667
1       59.49378808333
2       59.49388398750
2       59.49396218333
2       59.49399733333
4       59.49399735000
1       59.49399747083
2       59.49743117917
4       59.49743119583
1       59.49743131667
2       59.49746330000
2       59.49767922083
4       59.49767924167
1       59.49767936250
2       59.49774982500
2       59.49779680833
2       59.49780509167
2       59.49807044167
4       59.49807045833
1       59.49807057917
2       59.49818171667
2       59.49824364167
2       59.49824725833
2       59.49839562500
4       59.49839562500
1       59.49839576250
2       59.49868256250
4       59.49868257917
1       59.49868270000
2       59.49870902083
2       59.49875504583
2       59.49893294583
4       59.49893294583
1       59.49893308333
2       59.49913460000
2       59.49935020833
4       59.49935022917
1       59.49935034583
2       59.49948237917
2       59.49971159583
4       59.49971161667
1       59.49971173750
2       59.49975730833
2       59.50005473333
4       59.50005475417
1       59.50005487083
2       59.50027844167
4       59.50027846250
1       59.50027858333
2       59.50055387917
4       59.50055389583
1       59.50055401667
2       59.50066297500
2       59.50066521667
2       59.50070103333
2       59.50093616250
4       59.50093618333
1       59.50093630417
2       59.50100375833
2       59.50119089167
4       59.50119090833
1       59.50119102917
2       59.50132035417
2       59.50140979583
4       59.50140981667
1       59.50140993750
2       59.50152512500
2       59.50154730833
2       59.50163429583
4       59.50163429583
1       59.50163443333
2       59.50175235833
2       59.50175594167
2       59.50183187083
4       59.50183189167
1       59.50183201250
2       59.50189240833
2       59.50222930833
4       59.50222932917
1       59.50222944583
2       59.50223458750
2       59.50225706667
2       59.50248795000
4       59.50248796667
1       59.50248808750
2       59.50284037083
4       59.50284039167
1       59.50284051250
2       59.50301065000
2       59.50306295833
4       59.50306297917
1       59.50306310000
2       59.50307622500
2       59.50315045417
2       59.50320607083
2       59.50346012917
4       59.50346015000
1       59.50346027083
2       59.50352600417
2       59.50358368333
2       59.50362117083
2       59.50370021667
4       59.50370023750
1       59.50370035833
2       59.50371903333
2       59.50377217083
2       59.50381817083
2       59.50385090833
2       59.50394110417
4       59.50394110417
1       59.50394124167
2       59.50410137500
2       59.50441277083
4       59.50441279167
1       59.50441291250
2       59.50444468750
2       59.50467537500
4       59.50467537500
1       59.50467551250
2       59.50475552917
2       59.50487183333
4       59.50487185000
1       59.50487197083
2       59.50495620417
2       59.50513942500
4       59.50513942500
1       59.50513956250
2       59.50521467083
2       59.50532925000
4       59.50532926667
1       59.50532938750
2       59.50540677500
2       59.50550999583
2       59.50556226250
4       59.50556228333
1       59.50556240417
2       59.50562998333
2       59.50564022917
2       59.50568999167
2       59.50572635000
2       59.50575324583
4       59.50575324583
1       59.50575338333
2       59.50586621667
2       59.50590514583
2       59.50623282083
4       59.50623283750
1       59.50623295833
2       59.50625230000
2       59.50649285000
4       59.50649287083
1       59.50649299167
2       59.50652526250
2       59.50656369583
2       59.50660078333
2       59.50663458750
2       59.50664620833
2       59.50674984167
4       59.50674985833
1       59.50674997917
2       59.50686276667
2       59.50691380417
2       59.50699367500
4       59.50699367500
1       59.50699381250
2       59.50700390000
2       59.50716915417
2       59.50718373333
2       59.50741029167
4       59.50741030833
1       59.50741042917
2       59.50743024583
2       59.50749244583
2       59.50762263333
2       59.50768992083
4       59.50768994167
1       59.50769005833
2       59.50772600833
2       59.50791413750
4       59.50791415417
1       59.50791427500
2       59.50795194167
2       59.50821620417
4       59.50821620417
1       59.50821634167
2       59.51139174167
2       59.51152741667
4       59.51152741667
1       59.51152755417
2       59.51164745417
2       59.51176597500
4       59.51176597500
1       59.51176611250
2       59.51176831250
2       59.51178220833
2       59.51180543333
2       59.51180664167
2       59.51186304583
2       59.51194082083
2       59.51206071250
4       59.51206072917
1       59.51206085000
2       59.51223066667
2       59.51224594583
2       59.51260356667
4       59.51260358750
1       59.51260370833
2       59.51263114167
2       59.51269009583
2       59.51271955833
2       59.51281759167
2       59.51288585833
4       59.51288587917
1       59.51288600000
2       59.51313422500
4       59.51313422500
1       59.51313436250
2       59.51322604167
2       59.51322662500
2       59.51322968333
2       59.51335252500
2       59.51353071250
4       59.51353072917
1       59.51353085000
2       59.51355226667
2       59.51376320417
4       59.51376320417
1       59.51376334167
2       59.51388945000
2       59.51399014583
4       59.51399014583
1       59.51399028333
2       59.51404909583
2       59.51424618333
4       59.51424620000
1       59.51424632083
2       59.51425642500
2       59.51489438333
4       59.51489440417
1       59.51489452500
2       59.51504810833
2       59.51517922917
4       59.51517925000
1       59.51517936667
2       59.51539853750
4       59.51539855833
1       59.51539867917
2       59.51549491667
2       59.51562208333
4       59.51562210417
1       59.51562222500
2       59.51568772500
2       59.51612092083
4       59.51612093750
1       59.51612105833
2       59.51614802917
2       59.51628022083
2       59.51638284583
4       59.51638286667
1       59.51638298750
2       59.51644822500
2       59.51668040000
4       59.51668042083
1       59.51668054167
2       59.51671550000
2       59.51672502917
2       59.51678110000
2       59.51681747083
2       59.51682773333
2       59.51709204167
4       59.51709205833
1       59.51709217917
2       59.51726137500
2       59.51732898333
4       59.51732900000
1       59.51732912083
2       59.51749914583
2       59.51781976667
4       59.51781976667
1       59.51781990417
2       59.51788666250
2       59.51807183333
4       59.51807185417
1       59.51807197500
2       59.51846565417
4       59.51846567083
1       59.51846579167
2       59.51873867083
4       59.51873869167
1       59.51873881250
2       59.51896023750
4       59.51896025417
1       59.51896037500
2       59.51906746667
2       59.51913542083
4       59.51913544167
1       59.51913556250
2       59.51930108333
2       59.51935179167
4       59.51935181250
1       59.51935192917
2       59.51939939167
2       59.51966775417
4       59.51966777500
1       59.51966789583
2       59.51988504583
4       59.51988506667
1       59.51988518750
2       59.52002080417
2       59.52014001667
4       59.52014001667
1       59.52014015417
2       59.52017905833
2       59.52036588750
4       59.52036590417
1       59.52036602500
2       59.52050939583
2       59.52056367917
4       59.52056370000
1       59.52056382083
2       59.52076115833
4       59.52076117917
1       59.52076130000
2       59.52126092500
4       59.52126094583
1       59.52126106667
2       59.52146788750
4       59.52146790417
1       59.52146802500
2       59.52582377083
4       59.52582379167
1       59.52582391250
2       59.52590065417
2       59.52591165417
2       59.52602061250
4       59.52602062917
1       59.52602075000
2       59.52613292917
2       59.52614516667
2       59.52619285417
2       59.52620457083
4       59.52620458750
1       59.52620470833
2       59.52621974583
2       59.52633433750
2       59.52636440833
2       59.52659165417
4       59.52659167500
1       59.52659179583
2       59.52664631667
2       59.52674107500
2       59.52682027917
4       59.52682030000
1       59.52682042083
2       59.52693717500
2       59.52706490833
4       59.52706492917
1       59.52706505000
2       59.52714552500
2       59.52748335000
4       59.52748336667
1       59.52748348750
2       59.52772772500
4       59.52772774583
1       59.52772786667
2       59.52783938750
2       59.52796689583
4       59.52796691667
1       59.52796703750
2       59.52804870417
2       59.52830938333
4       59.52830940417
1       59.52830952500
2       59.52833690833
2       59.52858198750
4       59.52858200833
1       59.52858212917
2       59.52871520000
2       59.52911397083
4       59.52911399167
1       59.52911410833
2       59.52921496250
2       59.52939116667
4       59.52939118750
1       59.52939130833
2       59.53003213750
4       59.53003215417
1       59.53003227500
2       59.53015337083
2       59.53018180000
2       59.53029772083
4       59.53029774167
1       59.53029786250
2       59.53036863333
2       59.53060716667
4       59.53060718750
1       59.53060730417
2       59.53079862083
2       59.53128081667
4       59.53128081667
1       59.53128095417
2       59.53156443750
4       59.53156445417
1       59.53156457500
2       59.53165488750
2       59.53174030833
2       59.53185782917
4       59.53185784583
1       59.53185796667
2       59.53191449167
2       59.53215304167
4       59.53215305833
1       59.53215317917
2       59.53223843750
2       59.53241130000
4       59.53241131667
1       59.53241143750
2       59.53270149167
4       59.53270150833
1       59.53270162917
2       59.53304496667
4       59.53304498750
1       59.53304510833
2       59.53318943333
2       59.53331730000
4       59.53331731667
1       59.53331743750
2       59.53343347500
2       59.53344243333
2       59.53399956667
4       59.53399956667
1       59.53399970417
2       59.53426947500
4       59.53426947500
1       59.53426961250
2       59.53449843333
4       59.53449845000
1       59.53449857083
2       59.53457785000
2       59.53476902500
4       59.53476904583
1       59.53476916250
2       59.53479842917
2       59.53494724583
2       59.53506907083
4       59.53506909167
1       59.53506920833
2       59.53512209167
2       59.54001859583
4       59.54001859583
1       59.54001873333
2       59.54019218750
2       59.54024584167
4       59.54024586250
1       59.54024598333
2       59.54031842500
2       59.54041942500
4       59.54041942500
1       59.54041956250
2       59.54063909583
4       59.54063909583
1       59.54063923333
2       59.54075095833
2       59.54093615000
4       59.54093617083
1       59.54093628750
2       59.54094049583
2       59.54109545417
2       59.54109705833
2       59.54115372500
4       59.54115374583
1       59.54115386667
2       59.54121069583
2       59.54125881250
2       59.54145381250
4       59.54145383333
1       59.54145395417
2       59.54149320417
2       59.54156006250
2       59.54176152083
4       59.54176153750
1       59.54176165833
2       59.54188605000
2       59.54195464167
2       59.54210795417
4       59.54210795417
1       59.54210809167
2       59.54236798333
4       59.54236800417
1       59.54236812500
2       59.54240678750
2       59.54245615417
2       59.54264291667
4       59.54264293750
1       59.54264305417
2       59.54295957917
4       59.54295959583
1       59.54295971667
2       59.54301421667
2       59.54307982917
2       59.54314214583
4       59.54314216667
1       59.54314228333
2       59.54316760417
2       59.54343859583
4       59.54343861667
1       59.54343873750
2       59.54347632083
2       59.54348390000
2       59.54349059167
2       59.54384857917
4       59.54384859583
1       59.54384871667
2       59.54386312500
2       59.54388597083
2       59.54391769583
2       59.54392942917
2       59.54393665417
2       59.54393862917
2       59.54395316250
2       59.54420171667
4       59.54420171667
1       59.54420185417
2       59.54431367083
2       59.54448852917
4       59.54448855000
1       59.54448867083
2       59.54448950417
2       59.54461041667
2       59.54485660000
4       59.54485661667
1       59.54485673750
2       59.54486342917
2       59.54498602917
2       59.54523582917
4       59.54523585000
1       59.54523596667
2       59.54524530000
2       59.54538818750
2       59.54544447083
4       59.54544449167
1       59.54544461250
2       59.54545176250
2       59.54565239583
2       59.54569226250
2       59.54569227500
4       59.54569227500
1       59.54569240417
2       59.54572131667
2       59.54593438333
4       59.54593440417
1       59.54593452500
2       59.54602571667
2       59.54604331250
2       59.54610425000
2       59.54619202083
4       59.54619203750
1       59.54619215833
2       59.54652261667
4       59.54652261667
1       59.54652275417
2       59.54662195000
2       59.54671310833
4       59.54671312917
1       59.54671325000
2       59.54672426250
2       59.54678264583
2       59.54683765417
2       59.54715395000
4       59.54715397083
1       59.54715408750
2       59.54720222917
2       59.54721516250
2       59.54726853333
2       59.54739277083
4       59.54739279167
1       59.54739290833
2       59.54739602500
2       59.54742060000
2       59.54750827500
2       59.54781610000
4       59.54781612083
1       59.54781624167
2       59.54804589167
4       59.54804591250
1       59.54804602917
2       59.54826055417
2       59.54826983333
4       59.54826985000
1       59.54826997083
2       59.54837275833
2       59.54847150000
4       59.54847151667
1       59.54847163750
2       59.54855897917
2       59.54884118333
4       59.54884120417
1       59.54884132500
2       59.54885437083
2       59.54904092917
4       59.54904095000
1       59.54904107083
2       59.54910884583
2       59.54912632083
2       59.54932503333
4       59.54932505417
1       59.54932517500
2       59.55405068333
4       59.55405070417
1       59.55405082500
2       59.55442932500
4       59.55442934583
1       59.55442946667
2       59.55450217500
2       59.55458958750
2       59.55469600417
4       59.55469602500
1       59.55469614583
2       59.55475322083
2       59.55496527083
4       59.55496528750
1       59.55496540833
2       59.55534274583
4       59.55534276667
1       59.55534288333
2       59.55536560833
2       59.55548994167
2       59.55560547917
4       59.55560549583
1       59.55560561667
2       59.55601592500
4       59.55601592500
1       59.55601606250
2       59.55601885417
2       59.55603440417
2       59.55606224167
2       59.55610664583
2       59.55613077917
2       59.55615204583
2       59.55627155417
4       59.55627155417
1       59.55627169167
2       59.55632890000
2       59.55654916250
4       59.55654918333
1       59.55654930417
2       59.55679389167
4       59.55679390833
1       59.55679402917
2       59.55679855000
2       59.55694665000
2       59.55695922083
2       59.55699728333
4       59.55699730417
1       59.55699742500
2       59.55711718333
2       59.55716322500
2       59.55727257500
4       59.55727259583
1       59.55727271667
2       59.55733644583
2       59.55734541667
2       59.55739285417
2       59.55772044583
4       59.55772046667
1       59.55772058750
2       59.55772465833
2       59.55772902083
2       59.55777570833
2       59.55777970417
2       59.55799613750
4       59.55799615833
1       59.55799627500
2       59.55804364583
2       59.55816525417
4       59.55816527500
1       59.55816539167
2       59.55824278333
2       59.55841488750
4       59.55841490417
1       59.55841502500
2       59.55843752917
2       59.55867499167
4       59.55867501250
1       59.55867513333
2       59.55877195417
2       59.55878128750
2       59.55879023750
2       59.55895122500
4       59.55895122500
1       59.55895136250
2       59.55917151250
4       59.55917153333
1       59.55917165417
2       59.55917277917
2       59.55923070833
2       59.55937586250
4       59.55937587917
1       59.55937600000
2       59.55954180833
2       59.55983721667
4       59.55983721667
1       59.55983735417
2       59.55992931250
2       59.55999414583
2       59.56018939583
4       59.56018939583
1       59.56018953333
2       59.56021747917
2       59.56022707500
2       59.56041959167
4       59.56041961250
1       59.56041973333
2       59.56058713750
2       59.56070767083
4       59.56070768750
1       59.56070780833
2       59.56110614167
4       59.56110616250
1       59.56110627917
2       59.56113796667
2       59.56131449167
4       59.56131451250
1       59.56131463333
2       59.56143966667
2       59.56156029167
4       59.56156030833
1       59.56156042917
2       59.56170167500
2       59.56175215417
2       59.56175304167
2       59.56179977917
4       59.56179980000
1       59.56179991667
2       59.56180969167
2       59.56184914167
2       59.56191133333
2       59.56191473333
2       59.56243579583
4       59.56243581667
1       59.56243593750
2       59.56245494167
2       59.56248573750
2       59.56265190000
4       59.56265191667
1       59.56265203750
2       59.56270896667
2       59.56273145417
2       59.56300745000
4       59.56300747083
1       59.56300759167
2       59.56306727500
2       59.56313297917
2       59.56313629583
2       59.56316177500
2       59.56335986667
4       59.56335986667
1       59.56336000417
2       59.56343144583
2       59.56375598333
4       59.56375600417
1       59.56375612500
2       59.56400647500
4       59.56400649583
1       59.56400661667
2       59.56888135417
4       59.56888137083
1       59.56888149167
2       59.56895422083
2       59.56896943333
2       59.56911092083
4       59.56911094167
1       59.56911105833
2       59.56914801250
2       59.56915647083
2       59.56919807083
2       59.56934075000
4       59.56934077083
1       59.56934089167
2       59.56946965417
2       59.56957947917
4       59.56957949583
1       59.56957961667
2       59.56961965833
2       59.56975484167
2       59.56981238750
4       59.56981240833
1       59.56981252917
2       59.56986020000
2       59.57046100000
4       59.57046102083
1       59.57046113750
2       59.57046794167
2       59.57052759167
2       59.57087238750
4       59.57087240417
1       59.57087252500
2       59.57103104167
2       59.57105029167
2       59.57129130833
4       59.57129132917
1       59.57129144583
2       59.57131058333
2       59.57135393750
2       59.57153747500
4       59.57153747500
1       59.57153761250
2       59.57166464583
2       59.57172860000
2       59.57173920417
4       59.57173922083
1       59.57173934167
2       59.57177586250
2       59.57196673750
4       59.57196675417
1       59.57196687500
2       59.57200517917
2       59.57207810000
2       59.57235027083
4       59.57235029167
1       59.57235041250
2       59.57262087917
4       59.57262090000
1       59.57262102083
2       59.57305950417
4       59.57305950417
1       59.57305964167
2       59.57309055417
2       59.57315419167
2       59.57316803333
2       59.57321184583
2       59.57321780000
2       59.57332512917
4       59.57332514583
1       59.57332526667
2       59.57334798333
2       59.57359798333
4       59.57359800417
1       59.57359812500
2       59.57360400417
2       59.57374302917
2       59.57377850833
4       59.57377852917
1       59.57377865000
2       59.57387660833
2       59.57437113333
4       59.57437115000
1       59.57437127083
2       59.57440423750
2       59.57449868750
2       59.57458377917
4       59.57458380000
1       59.57458392083
2       59.57468674583
2       59.57481000833
4       59.57481002917
1       59.57481014583
2       59.57487390833
2       59.57494080833
2       59.57496598333
2       59.57497264583
2       59.57513237500
4       59.57513237500
1       59.57513251250
2       59.57520883750
2       59.57533892083
4       59.57533894167
1       59.57533906250
2       59.57578570000
4       59.57578572083
1       59.57578584167
2       59.57586543333
2       59.57594537917
2       59.57616670000
4       59.57616672083
1       59.57616683750
2       59.57634885000
2       59.57670887500
4       59.57670887500
1       59.57670901250
2       59.57686260833
2       59.57693148333
4       59.57693150417
1       59.57693162500
2       59.57698580000
2       59.57709109583
2       59.57740708333
4       59.57740710417
1       59.57740722500
2       59.57742339167
2       59.57763832083
4       59.57763833750
1       59.57763845833
2       59.57773272917
2       59.57782245000
4       59.57782247083
1       59.57782259167
2       59.57788771667
2       59.57788875000
2       59.58254642500
4       59.58254644583
1       59.58254656667
2       59.58257596250
2       59.58258726250
2       59.58272497500
2       59.58275615000
4       59.58275616667
1       59.58275628750
2       59.58282134583
2       59.58292402917
2       59.58295153333
4       59.58295155417
1       59.58295167500
2       59.58305152917
2       59.58323244167
4       59.58323246250
1       59.58323258333
2       59.58327682083
2       59.58348113750
4       59.58348115417
1       59.58348127500
2       59.58389291250
4       59.58389293333
1       59.58389305417
2       59.58394950417
2       59.58420392083
4       59.58420394167
1       59.58420406250
2       59.58433729583
2       59.58441590417
4       59.58441590417
1       59.58441604167
2       59.58448584167
2       59.58459271667
2       59.58473547917
4       59.58473549583
1       59.58473561667
2       59.58492496667
2       59.58508462917
4       59.58508465000
1       59.58508477083
2       59.58510677917
2       59.58578845833
4       59.58578847500
1       59.58578859583
2       59.58585974583
2       59.58598655833
2       59.58602661667
4       59.58602663750
1       59.58602675833
2       59.58610284583
2       59.58613193750
2       59.58635018333
4       59.58635020417
1       59.58635032500
2       59.58648072500
2       59.58651689167
2       59.58681427500
4       59.58681429583
1       59.58681441667
2       59.58732574167
4       59.58732576250
1       59.58732588333
2       59.58747345000
2       59.58754966667
2       59.58767587917
4       59.58767589583
1       59.58767601667
2       59.58779177917
2       59.58782092500
2       59.58795072917
4       59.58795074583
1       59.58795086667
2       59.58801165000
2       59.58811076667
2       59.58811770417
2       59.58812556250
4       59.58812557917
1       59.58812570000
2       59.58825547917
2       59.58843202083
4       59.58843203750
1       59.58843215833
2       59.58935405417
4       59.58935405417
1       59.58935419167
2       59.58945875417
2       59.58966090417
4       59.58966092500
1       59.58966104167
2       59.58968239583
2       59.58975990833
2       59.59001059583
4       59.59001061667
1       59.59001073750
2       59.59005504583
2       59.59008845833
2       59.59008913750
2       59.59020405417
4       59.59020407500
1       59.59020419583
2       59.59029017500
2       59.59041639583
4       59.59041639583
1       59.59041653333
2       59.59064097500
4       59.59064097500
1       59.59064111250
2       59.59065983750
2       59.59080226250
2       59.59086287917
4       59.59086290000
1       59.59086302083
2       59.59121655833
4       59.59121657917
1       59.59121670000
2       59.59150178333
4       59.59150180417
1       59.59150192500
2       59.59160116667
2       59.59178099583
4       59.59178101667
1       59.59178113750
2       59.59690509167
4       59.59690511250
1       59.59690522917
2       59.59702700000
2       59.59813855000
4       59.59813857083
1       59.59813868750
2       59.59830815833
2       59.59872990833
4       59.59872992917
1       59.59873005000
2       59.59890995833
2       59.59935489583
4       59.59935489583
1       59.59935503333
2       59.59944550417
2       59.59950332083
2       59.59959858750
4       59.59959860833
1       59.59959872917
2       59.59966292917
2       59.59994949583
4       59.59994951667
1       59.59994963750
2       59.59999080417
2       59.60005308750
2       59.60005339583
2       59.60013287500
2       59.60035975417
4       59.60035977500
1       59.60035989583
2       59.60055020000
2       59.60080202500
4       59.60080204583
1       59.60080216667
2       59.60083331667
2       59.60091626667
2       59.60098884167
2       59.60105997500
4       59.60105997500
1       59.60106011250
2       59.60106073333
2       59.60106661667
2       59.60123060417
2       59.60152167083
4       59.60152168750
1       59.60152180833
2       59.60166446667
2       59.60182485417
4       59.60182485417
1       59.60182499167
2       59.60194435833
2       59.60197085417
2       59.60200077083
2       59.60259323333
4       59.60259325417
1       59.60259337500
2       59.60267312083
2       59.60276417917
2       59.60297945833
4       59.60297947500
1       59.60297959583
2       59.60318082083
4       59.60318084167
1       59.60318096250
2       59.60322492500
2       59.60362272083
4       59.60362273750
1       59.60362285833
2       59.60368962083
2       59.60393207917
4       59.60393210000
1       59.60393222083
2       59.60436070833
4       59.60436072917
1       59.60436085000
2       59.60442226667
2       59.60512817917
4       59.60512820000
1       59.60512831667
2       59.60518375000
2       59.60520236667
2       59.60537852083
4       59.60537853750
1       59.60537865833
2       59.60541661667
2       59.60558728750
4       59.60558728750
1       59.60558742500
2       59.60563021667
2       59.60563058750
2       59.60576736667
2       59.60580288333
4       59.60580290417
1       59.60580302083
2       59.60597671250
2       59.60600759583
2       59.60603102917
4       59.60603104583
1       59.60603116667
2       59.60604129167
2       59.60613802083
2       59.60616120417
2       59.60619533750
2       59.60628382917
4       59.60628384583
1       59.60628396667
2       59.60652002083
4       59.60652003750
1       59.60652015833
2       59.60655802917
2       59.60665112083
2       59.60672960000
4       59.60672961667
1       59.60672973750
2       59.60689357500
2       59.61059872500
2       59.61078487500
4       59.61078489583
1       59.61078501667
2       59.61085497083
2       59.61117735417
4       59.61117735417
1       59.61117749167
2       59.61122570000
2       59.61126210833
2       59.61142211250
4       59.61142213333
1       59.61142225417
2       59.61142373750
2       59.61144960833
2       59.61163073333
4       59.61163075417
1       59.61163087500
2       59.61183479167
4       59.61183481250
1       59.61183493333
2       59.61190005417
2       59.61191968333
2       59.61194349583
2       59.61276628333
4       59.61276630000
1       59.61276642083
2       59.61283380417
2       59.61295035000
2       59.61300245000
4       59.61300246667
1       59.61300258750
2       59.61316802083
2       59.61346240833
4       59.61346242500
1       59.61346254583
2       59.61347142083
2       59.61364763333
2       59.61373605417
4       59.61373607083
1       59.61373619167
2       59.61373935833
2       59.61383573750
2       59.61384528333
2       59.61392380000
4       59.61392381667
1       59.61392393750
2       59.61399493333
2       59.61413152500
4       59.61413152500
1       59.61413166250
2       59.61428392083
2       59.61431269167
2       59.61437963333
4       59.61437965000
1       59.61437977083
2       59.61455350833
2       59.61475659583
4       59.61475661667
1       59.61475673750
2       59.61507117500
4       59.61507119583
1       59.61507131667
2       59.61546581250
4       59.61546583333
1       59.61546595000
2       59.61565682500
4       59.61565684583
1       59.61565696250
2       59.61576415000
2       59.61581382500
2       59.61581976250
2       59.61598107083
4       59.61598109167
1       59.61598121250
2       59.61616788333
2       59.61658092083
4       59.61658094167
1       59.61658106250
2       59.61669253750
2       59.61679291667
4       59.61679291667
1       59.61679305417
2       59.61688336250
2       59.61716922917
4       59.61716924583
1       59.61716936667
2       59.61727960417
2       59.61730930833
2       59.61779161667
4       59.61779163750
1       59.61779175833
2       59.61796686667
2       59.61802242917
4       59.61802244583
1       59.61802256667
2       59.61809699583
2       59.61830300833
4       59.61830302917
1       59.61830315000
2       59.61831269583
2       59.61839573750
2       59.61846264167
2       59.61893263750
4       59.61893265833
1       59.61893277500
2       59.61931385833
4       59.61931387500
1       59.61931399583
2       59.61933310000
2       59.61978629167
4       59.61978630833
1       59.61978642917
2       59.61983495417
2       59.61983889167
2       59.61997568750
2       59.61998066250
2       59.62485998750
4       59.62486000833
1       59.62486012917
2       59.62503121250
4       59.62503123333
1       59.62503135417
2       59.62513916667
2       59.62544718750
4       59.62544720833
1       59.62544732917
2       59.62555581667
2       59.62561776667
4       59.62561778750
1       59.62561790833
2       59.62567607917
2       59.62575786667
2       59.62600899583
4       59.62600899583
1       59.62600913333
2       59.62603944583
2       59.62623524583
4       59.62623524583
1       59.62623538333
2       59.62624422083
2       59.62632067083
2       59.62637232917
2       59.62638046250
2       59.62690492083
4       59.62690493750
1       59.62690505833
2       59.62700826250
2       59.62705194583
2       59.62718777083
4       59.62718779167
1       59.62718790833
2       59.62726800833
2       59.62733915000
2       59.62767639583
4       59.62767641667
1       59.62767653750
2       59.62795986667
4       59.62795988750
1       59.62796000833
2       59.62808174583
2       59.62815401667
2       59.62837426250
4       59.62837427917
1       59.62837440000
2       59.62850702500
2       59.62858230000
4       59.62858231667
1       59.62858243750
2       59.62863131667
2       59.62884032500
4       59.62884032500
1       59.62884046250
2       59.62891683333
2       59.62906551250
4       59.62906553333
1       59.62906565000
2       59.62907844167
2       59.62936558333
4       59.62936560000
1       59.62936572083
2       59.62942982083
2       59.62973855417
4       59.62973855417
1       59.62973869167
2       59.62981276667
2       59.63018012917
4       59.63018014583
1       59.63018026667
2       59.63046894583
4       59.63046896667
1       59.63046908750
2       59.63048521250
2       59.63049811250
2       59.63055272500
2       59.63067169167
4       59.63067171250
1       59.63067183333
2       59.63071994583
2       59.63076402917
2       59.63076601250
2       59.63083592500
2       59.63103067917
4       59.63103069583
1       59.63103081667
2       59.63123207500
4       59.63123207500
1       59.63123221250
2       59.63124663750
2       59.63125495417
2       59.63129300833
2       59.63140825833
2       59.63141418750
2       59.63166828750
4       59.63166830417
1       59.63166842500
2       59.63213269167
4       59.63213271250
1       59.63213282917
2       59.63214033333
2       59.63215645833
2       59.63226653750
2       59.63243114583
4       59.63243116667
1       59.63243128750
2       59.63247384583
2       59.63249169583
2       59.63297700000
4       59.63297701667
1       59.63297713750
2       59.63307332917
2       59.63336815417
4       59.63336815417
1       59.63336829167
2       59.63744883750
4       59.63744885417
1       59.63744897500
2       59.63745648333
2       59.63751408333
2       59.63752531667
2       59.63772149583
4       59.63772149583
1       59.63772163333
2       59.63793443750
4       59.63793445833
1       59.63793457917
2       59.63801324583
2       59.63809705417
2       59.63814082083
4       59.63814083750
1       59.63814095833
2       59.63820576250
2       59.63823153750
2       59.63824378333
2       59.63827425417
2       59.63833257083
2       59.63840043750
4       59.63840045417
1       59.63840057500
2       59.63850382083
2       59.63864129167
4       59.63864131250
1       59.63864142917
2       59.63870285000
2       59.63870655417
2       59.63870948750
2       59.63876213333
2       59.63883372500
4       59.63883374583
1       59.63883386667
2       59.63887672500
2       59.63891053333
2       59.63896914583
2       59.63897019583
2       59.63907020417
4       59.63907022083
1       59.63907034167
2       59.63916259583
2       59.63925509583
4       59.63925511667
1       59.63925523750
2       59.63927221667
2       59.63943356667
2       59.63944682500
4       59.63944682500
1       59.63944696250
2       59.63944775417
2       59.63949055833
2       59.63950839167
2       59.63956605000
2       59.63960907083
2       59.63961572500
4       59.63961572500
1       59.63961586250
2       59.63964124583
2       59.63978297917
2       59.63983990833
4       59.63983992500
1       59.63984004583
2       59.63999297917
2       59.64010729167
4       59.64010730833
1       59.64010742917
2       59.64045449583
4       59.64045451667
1       59.64045463750
2       59.64051167500
2       59.64078622917
4       59.64078625000
1       59.64078637083
2       59.64079093750
2       59.64098102917
2       59.64124567500
4       59.64124567500
1       59.64124581250
2       59.64129365417
2       59.64149510417
4       59.64149512500
1       59.64149524583
2       59.64150765000
2       59.64154449583
2       59.64179089583
4       59.64179091667
1       59.64179103750
2       59.64181838750
2       59.64188762917
2       59.64226886250
4       59.64226887917
1       59.64226900000
2       59.64255937083
4       59.64255938750
1       59.64255950833
2       59.64320790417
4       59.64320792500
1       59.64320804583
2       59.64345165833
4       59.64345167500
1       59.64345179583
2       59.64350103333
2       59.64350272083
2       59.64353216250
2       59.64374348333
4       59.64374350000
1       59.64374362083
2       59.64389286667
2       59.64390941667
2       59.64402430417
4       59.64402432083
1       59.64402444167
2       59.64406605000
2       59.64412014167
2       59.64438379167
4       59.64438381250
1       59.64438393333
2       59.64446627083
2       59.64460165000
4       59.64460167083
1       59.64460179167
2       59.64463251667
2       59.64466195833
2       59.64482267083
4       59.64482268750
1       59.64482280833
2       59.64500410000
2       59.64527308333
4       59.64527310417
1       59.64527322500
2       59.64527774583
2       59.64532775417
2       59.64534590417
2       59.64537116667
2       59.64541621667
2       59.64556784167
4       59.64556785833
1       59.64556797917
2       59.64575501250
2       59.64578016667
2       59.64578217083
4       59.64578218750
1       59.64578230833
2       59.64578355417
2       59.64592690833
2       59.64598156667
4       59.64598156667
1       59.64598170417
2       59.64618319583
4       59.64618319583
1       59.64618333333
2       59.64619750833
2       59.64619915417
2       59.64625378750
2       59.64654133333
4       59.64654135417
1       59.64654147500
2       59.64662777083
2       59.65172042083
4       59.65172044167
1       59.65172056250
2       59.65178921250
2       59.65189365833
2       59.65194824167
4       59.65194826250
1       59.65194838333
2       59.65207684583
2       59.65216059167
4       59.65216060833
1       59.65216072917
2       59.65217748750
2       59.65244808333
4       59.65244810000
1       59.65244822083
2       59.65248350833
2       59.65278731667
4       59.65278733750
1       59.65278745833
2       59.65287136667
2       59.65295620417
2       59.65304560833
4       59.65304562500
1       59.65304574583
2       59.65321060000
2       59.65358123750
4       59.65358123750
1       59.65358137500
2       59.65387503750
4       59.65387505417
1       59.65387517500
2       59.65388496667
2       59.65388892500
2       59.65425313333
4       59.65425315000
1       59.65425327083
2       59.65466027083
4       59.65466029167
1       59.65466041250
2       59.65514564583
4       59.65514566667
1       59.65514578750
2       59.65515587083
2       59.65529393750
2       59.65552089167
4       59.65552091250
1       59.65552103333
2       59.65559831667
2       59.65567889583
2       59.65573353333
4       59.65573355417
1       59.65573367500
2       59.65587330833
2       59.65592597083
2       59.65593657917
4       59.65593659583
1       59.65593671667
2       59.65603593750
2       59.65624192083
4       59.65624194167
1       59.65624206250
2       59.65639921250
2       59.65654070000
4       59.65654072083
1       59.65654083750
2       59.65658407500
2       59.65661386667
2       59.65677520417
4       59.65677522500
1       59.65677534583
2       59.65680305833
2       59.65684709583
2       59.65690667917
2       59.65696005417
4       59.65696007500
1       59.65696019583
2       59.65696134583
2       59.65727240000
4       59.65727242083
1       59.65727254167
2       59.65733171250
2       59.65745915000
4       59.65745917083
1       59.65745929167
2       59.65746910833
2       59.65753404583
2       59.65767682500
4       59.65767682500
1       59.65767696250
2       59.65767715417
2       59.65778380000
2       59.65798948750
4       59.65798950833
1       59.65798962917
2       59.65817631250
4       59.65817632917
1       59.65817645000
2       59.65836278750
4       59.65836280833
1       59.65836292917
2       59.65897720833
4       59.65897722500
1       59.65897734583
2       59.65962609583
4       59.65962609583
1       59.65962623333
2       59.65980232083
2       59.66002853750
4       59.66002855833
1       59.66002867917
2       59.66008249167
2       59.66030870833
4       59.66030872500
1       59.66030884583
2       59.66107252500
4       59.66107254583
1       59.66107266667
2       59.66121433333
2       59.66538346667
2       59.66618634583
4       59.66618634583
1       59.66618648333
2       59.66624598750
2       59.66625592083
2       59.66625983333
2       59.66637085000
2       59.66650065833
4       59.66650067500
1       59.66650079583
2       59.66691806250
4       59.66691808333
1       59.66691820417
2       59.66765966250
4       59.66765968333
1       59.66765980417
2       59.66786436250
4       59.66786437917
1       59.66786450000
2       59.66797364167
2       59.66830055833
4       59.66830057917
1       59.66830070000
2       59.66850658750
4       59.66850660833
1       59.66850672917
2       59.66854168750
2       59.66861954167
2       59.66863967500
2       59.66892892083
4       59.66892894167
1       59.66892905833
2       59.66929685417
4       59.66929687500
1       59.66929699583
2       59.66931575417
2       59.66932369583
2       59.66961150000
4       59.66961152083
1       59.66961164167
2       59.66979636250
2       59.67077347500
4       59.67077347500
1       59.67077361250
2       59.67138100000
4       59.67138101667
1       59.67138113750
2       59.67178704167
4       59.67178706250
1       59.67178718333
2       59.67223751250
4       59.67223753333
1       59.67223765417
2       59.67237897917
2       59.67242201250
2       59.67257269583
4       59.67257269583
1       59.67257283333
2       59.67309271667
4       59.67309271667
1       59.67309285417
2       59.67343589583
4       59.67343591667
1       59.67343603750
2       59.67345083750
2       59.67404655417
4       59.67404657500
1       59.67404669583
2       59.67417715417
2       59.67426555833
4       59.67426557917
1       59.67426570000
2       59.67444519167
2       59.67453924167
4       59.67453926250
1       59.67453937917
2       59.67456171250
2       59.67478201250
4       59.67478203333
1       59.67478215417
2       59.67592467917
4       59.67592469583
1       59.67592481667
2       59.67608080417
2       59.67680971250
4       59.67680973333
1       59.67680985417
2       59.67729462917
4       59.67729465000
1       59.67729477083
2       59.67733640000
2       59.67928898750
4       59.67928900417
1       59.67928912500
2       59.67987890000
4       59.67987891667
1       59.67987903750
2       59.68000913750
2       59.68053306667
4       59.68053306667
1       59.68053320417
2       59.68108289583
4       59.68108289583
1       59.68108303333
2       59.68179474583
4       59.68179476667
1       59.68179488333
2       59.68182484167
2       59.68296263750
4       59.68296265417
1       59.68296277500
2       59.68330371667
4       59.68330371667
1       59.68330385417
2       59.68362542500
4       59.68362542500
1       59.68362556250
2       59.68503832917
4       59.68503834583
1       59.68503846667
2       59.68577670417
4       59.68577672083
1       59.68577684167
2       59.68583705000
2       59.68711552917
4       59.68711555000
1       59.68711567083
2       59.68823542083
4       59.68823544167
1       59.68823555833
2       59.68839040000
2       59.68864380000
4       59.68864381667
1       59.68864393750
2       59.68972193333
4       59.68972195417
1       59.68972207083
2       59.69044334167
4       59.69044335833
1       59.69044347917
2       59.69143967917
4       59.69143970000
1       59.69143982083
2       59.69195767500
4       59.69195769583
1       59.69195781667
2       59.69197329167
2       59.69263341667
4       59.69263341667
1       59.69263355417
2       59.70043609583
4       59.70043609583
1       59.70043623333
2       59.70140166667
4       59.70140168750
1       59.70140180833
2       59.70230985000
4       59.70230986667
1       59.70230998750
2       59.70682113750
4       59.70682115833
1       59.70682127917
2       59.71338638750
4       59.71338640417
1       59.71338652500
2       59.71424555417
4       59.71424557500
1       59.71424569583
2       59.71495807500
4       59.71495809583
1       59.71495821667
2       59.71501702500
2       59.72165441250
4       59.72165443333
1       59.72165455000
2       59.73595706250
4       59.73595707917
1       59.73595720000
2       59.73878504167
4       59.73878505833
1       59.73878517917
2       59.74383129167
4       59.74383131250
1       59.74383142917
2       59.74528175417
4       59.74528177083
1       59.74528189167
2       59.74543452083
