# Software: TrackLab 1.6.0
# Start of measurement: 24/8/2026 1:59:37.458 UTC
# Start of measurement - unix time: 1787536777.458
# Chip ID: K8-W0036
# Readout IP address: 192.168.1.49
# Event code 1: evttrgcorbofall
# Event code 2: evttrg
# Event code 4: evttrgcorbolead
# Event code 8: 
# Event code 16: 
# -----------------------------------------------------------------------------------------------------------------------------
2       8.78706680417
4       8.78706682500
1       8.78706694583
2       8.78913220417
4       8.78913222500
1       8.78913234583
2       8.78978847083
4       8.78978849167
1       8.78978861250
2       8.79244688333
4       8.79244688333
1       8.79244702083
2       8.79939747083
4       8.79939748750
1       8.79939760833
2       8.80622721667
4       8.80622723750
1       8.80622735833
2       8.80722507083
4       8.80722509167
1       8.80722521250
2       8.80786770833
4       8.80786772500
1       8.80786784583
2       8.81274461250
4       8.81274461250
1       8.81274475000
2       8.81280293333
2       8.81613341667
4       8.81613343333
1       8.81613355417
2       8.81769817917
4       8.81769819583
1       8.81769831667
2       8.81805396250
4       8.81805398333
1       8.81805410417
2       8.81824175833
2       8.81872032500
4       8.81872034583
1       8.81872046667
2       8.81954421250
4       8.81954423333
1       8.81954435417
2       8.82210653333
4       8.82210653333
1       8.82210667083
2       8.82344030833
4       8.82344032917
1       8.82344044583
2       8.82694005833
4       8.82694007917
1       8.82694019583
2       8.82989269583
4       8.82989271667
1       8.82989283750
2       8.83013083750
4       8.83013085833
1       8.83013097500
2       8.83149287083
4       8.83149289167
1       8.83149301250
2       8.83227382500
4       8.83227384583
1       8.83227396667
2       8.83272033333
4       8.83272035417
1       8.83272047500
2       8.83370173750
4       8.83370175833
1       8.83370187500
2       8.83411854583
4       8.83411856250
1       8.83411868333
2       8.83456930000
4       8.83456932083
1       8.83456944167
2       8.83465315000
2       8.83480510417
4       8.83480512500
1       8.83480524583
2       8.83541296667
4       8.83541298333
1       8.83541310417
2       8.83587133750
4       8.83587135833
1       8.83587147917
2       8.83608802083
4       8.83608804167
1       8.83608816250
2       8.83642023750
4       8.83642025417
1       8.83642037500
2       8.83840196667
4       8.83840198750
1       8.83840210833
2       8.83959007083
4       8.83959009167
1       8.83959020833
2       8.84157577917
4       8.84157580000
1       8.84157592083
2       8.84193090000
4       8.84193092083
1       8.84193104167
2       8.84195370000
2       8.84280924583
4       8.84280926667
1       8.84280938750
2       8.84291857083
2       8.84301493750
2       8.84319250833
4       8.84319252500
1       8.84319264583
2       8.84330711667
2       8.84393216667
4       8.84393218333
1       8.84393230417
2       8.84397519167
2       8.84608009583
4       8.84608011667
1       8.84608023333
2       8.84661239167
4       8.84661241250
1       8.84661253333
2       8.84663962500
2       8.84664687500
2       8.84681211667
2       8.84708075000
4       8.84708077083
1       8.84708089167
2       8.84711259167
2       8.84729635417
4       8.84729635417
1       8.84729649167
2       8.84730500833
2       8.84736594583
2       8.84750741667
4       8.84750743333
1       8.84750755417
2       8.84774421250
4       8.84774423333
1       8.84774435417
2       8.84791542083
2       8.84817580417
4       8.84817582500
1       8.84817594583
2       8.84870737083
4       8.84870739167
1       8.84870751250
2       8.84878122083
2       8.84895282917
4       8.84895285000
1       8.84895297083
2       8.84915396667
4       8.84915398333
1       8.84915410417
2       8.84941227083
4       8.84941228750
1       8.84941240833
2       8.84946499167
2       8.84958787500
2       8.84967129583
4       8.84967131250
1       8.84967143333
2       8.84998534583
4       8.84998536667
1       8.84998548750
2       8.85002502083
2       8.85009566250
2       8.85012314167
2       8.85037115417
4       8.85037117500
1       8.85037129583
2       8.85051394583
2       8.85098790417
4       8.85098792500
1       8.85098804167
2       8.85103432500
2       8.85106112500
2       8.85112773333
2       8.85139698333
4       8.85139698333
1       8.85139712083
2       8.85152422500
2       8.85153846250
2       8.85168181250
4       8.85168181250
1       8.85168195000
2       8.85168684583
2       8.85172391250
2       8.85173649167
2       8.85173986250
2       8.85178624167
2       8.85204521667
4       8.85204523750
1       8.85204535833
2       8.85208695000
2       8.85222144167
2       8.85222575000
4       8.85222576667
1       8.85222588750
2       8.85237014167
2       8.85237119167
2       8.85249763750
4       8.85249765833
1       8.85249777500
2       8.85250228750
2       8.85250298333
2       8.85259392500
2       8.85278909583
4       8.85278911250
1       8.85278923333
2       8.85292930833
2       8.85304820833
4       8.85304822500
1       8.85304834583
2       8.85311440833
2       8.85316906250
2       8.85318864167
2       8.85321578333
2       8.85329597083
4       8.85329598750
1       8.85329610833
2       8.85331845000
2       8.85342039167
2       8.85350329167
4       8.85350329167
1       8.85350342917
2       8.85366959583
2       8.85384615417
4       8.85384615417
1       8.85384629167
2       8.85389047083
2       8.85406631667
4       8.85406633750
1       8.85406645833
2       8.85433263750
4       8.85433265417
1       8.85433277500
2       8.85472682083
4       8.85472684167
1       8.85472695833
2       8.85485896250
2       8.85518493750
4       8.85518495833
1       8.85518507917
2       8.85521079167
2       8.85532235000
2       8.85545485833
4       8.85545487500
1       8.85545499583
2       8.85546113750
2       8.85551976250
2       8.85558303750
2       8.85562712083
2       8.85568445833
4       8.85568447917
1       8.85568460000
2       8.85568842083
2       8.85581826667
2       8.85595406667
4       8.85595408333
1       8.85595420417
2       8.85603757917
2       8.85605541250
2       8.85608161250
2       8.85624154167
4       8.85624156250
1       8.85624168333
2       8.85629816250
2       8.85633301667
2       8.85635680000
2       8.85651785000
4       8.85651787083
1       8.85651799167
2       8.85681225417
4       8.85681225417
1       8.85681239167
2       8.85686062500
2       8.85698520000
2       8.85722630833
4       8.85722632500
1       8.85722644583
2       8.85728529583
2       8.85735075833
2       8.85743800000
4       8.85743802083
1       8.85743813750
2       8.85755880833
2       8.85762770833
4       8.85762772917
1       8.85762785000
2       8.85772642917
2       8.85773213333
2       8.85780929167
4       8.85780929167
1       8.85780942917
2       8.85783738333
2       8.85810600000
4       8.85810602083
1       8.85810614167
2       8.85820667917
2       8.85822322500
2       8.85832830000
4       8.85832832083
1       8.85832843750
2       8.85846313750
2       8.85848895000
2       8.85852366667
2       8.85871915833
4       8.85871917500
1       8.85871929583
2       8.85872041667
2       8.85877611250
2       8.85886949167
2       8.85892379583
4       8.85892381667
1       8.85892393750
2       8.85895794583
2       8.85915508750
4       8.85915510417
1       8.85915522500
2       8.85923021250
2       8.85930103750
2       8.85951945417
4       8.85951945417
1       8.85951959167
2       8.85954160417
2       8.85970611667
4       8.85970613750
1       8.85970625833
2       8.85975458333
2       8.85983636250
2       8.85990557083
4       8.85990559167
1       8.85990571250
2       8.86041265833
4       8.86041267917
1       8.86041280000
2       8.86041472500
2       8.86041768333
2       8.86060577500
2       8.86066079167
4       8.86066079167
1       8.86066092917
2       8.86068432083
2       8.86090063333
4       8.86090065417
1       8.86090077083
2       8.86096452083
2       8.86096684583
2       8.86101917500
2       8.86102022500
2       8.86105502083
2       8.86106000000
2       8.86110690417
4       8.86110692500
1       8.86110704583
2       8.86113011667
2       8.86116355417
2       8.86124775833
2       8.86131532500
4       8.86131534167
1       8.86131546250
2       8.86138455417
2       8.86145282917
2       8.86163594167
4       8.86163594167
1       8.86163607917
2       8.86167799583
2       8.86172570417
2       8.86178230417
2       8.86182203333
4       8.86182205417
1       8.86182217500
2       8.86191319583
2       8.86197939583
2       8.86205487500
4       8.86205489583
1       8.86205501250
2       8.86210667083
2       8.86216056250
2       8.86219371667
2       8.86219569167
2       8.86219766667
2       8.86228577917
4       8.86228580000
1       8.86228592083
2       8.86243518333
2       8.86248482500
4       8.86248484167
1       8.86248496250
2       8.86266603333
2       8.86267165000
4       8.86267166667
1       8.86267178750
2       8.86272830000
2       8.86302548333
4       8.86302548333
1       8.86302562083
2       8.86311217917
2       8.86323945417
4       8.86323945417
1       8.86323959167
2       8.86331555000
2       8.86347696250
4       8.86347696250
1       8.86347710000
2       8.86355670833
2       8.86357791250
2       8.86360974583
2       8.86362197500
2       8.86374513333
4       8.86374513333
1       8.86374527083
2       8.86384815000
2       8.86389924583
2       8.86396181667
4       8.86396183750
1       8.86396195833
2       8.86398033333
2       8.86413403333
4       8.86413403333
1       8.86413417083
2       8.86425328333
2       8.86429069167
2       8.86433350000
4       8.86433351667
1       8.86433363750
2       8.86447086667
2       8.86455143333
4       8.86455143333
1       8.86455157083
2       8.86465777500
2       8.86471636667
2       8.86472132500
2       8.86482563333
4       8.86482563333
1       8.86482577083
2       8.86512912083
4       8.86512913750
1       8.86512925833
2       8.86530988333
4       8.86530988333
1       8.86531002083
2       8.86546326250
2       8.86547653333
2       8.86549437083
2       8.86552692917
4       8.86552695000
1       8.86552707083
2       8.86554345417
2       8.86567720833
2       8.86569585000
2       8.86570275000
2       8.86570870417
4       8.86570870417
1       8.86570884167
2       8.86572795417
2       8.86573550417
2       8.86573751667
2       8.86575866667
2       8.86580471667
2       8.86589084167
2       8.86595804583
4       8.86595806667
1       8.86595818750
2       8.86598957917
2       8.86602312083
2       8.86602500000
2       8.86604858333
2       8.86621684167
4       8.86621686250
1       8.86621698333
2       8.86633504167
2       8.86640259583
4       8.86640261250
1       8.86640273333
2       8.86642781667
2       8.86643179167
2       8.86655132500
2       8.86655995000
2       8.86657452083
2       8.86660595000
4       8.86660597083
1       8.86660609167
2       8.86660839167
2       8.86662925000
2       8.86664607083
2       8.86669012500
2       8.86673022500
2       8.86679945417
4       8.86679945417
1       8.86679959167
2       8.86680572500
2       8.86681600417
2       8.86683883750
2       8.86690912500
2       8.86695282083
2       8.86695409167
2       8.86695715833
2       8.86696470417
2       8.86702988750
4       8.86702990833
1       8.86703002917
2       8.86712635833
2       8.86714127083
2       8.86717634167
2       8.86723834167
4       8.86723834167
1       8.86723847917
2       8.86734760833
2       8.86739104583
2       8.86739888333
2       8.86743707917
4       8.86743709583
1       8.86743721667
2       8.86748111667
2       8.86751882917
2       8.86766130417
4       8.86766130417
1       8.86766144167
2       8.86766497083
2       8.86766957083
2       8.86776987500
2       8.86785137917
4       8.86785140000
1       8.86785151667
2       8.86795078750
2       8.86795672083
2       8.86798226667
2       8.86815089167
4       8.86815091250
1       8.86815102917
2       8.86818527083
2       8.86820320833
2       8.86847475000
4       8.86847477083
1       8.86847489167
2       8.86863779583
2       8.86866752917
4       8.86866754583
1       8.86866766667
2       8.86878152917
2       8.86880705000
2       8.86883651250
2       8.86891765417
4       8.86891765417
1       8.86891779167
2       8.86893153333
2       8.86903057083
2       8.86914150833
4       8.86914152917
1       8.86914165000
2       8.86916076250
2       8.86934088750
4       8.86934090833
1       8.86934102917
2       8.86938302083
2       8.86941643750
2       8.86957882083
4       8.86957884167
1       8.86957896250
2       8.86961024167
2       8.86963042083
2       8.86972855417
2       8.86973306667
2       8.86981724583
4       8.86981726667
1       8.86981738750
2       8.86992425833
2       8.86995046250
2       8.86998519167
2       8.87001200000
4       8.87001202083
1       8.87001214167
2       8.87004345833
2       8.87004711667
2       8.87005442917
2       8.87010836250
2       8.87025522083
4       8.87025524167
1       8.87025535833
2       8.87025555000
2       8.87026374167
2       8.87029043333
2       8.87032422917
2       8.87041515000
2       8.87044435417
2       8.87046704167
4       8.87046706250
1       8.87046717917
2       8.87071452917
4       8.87071454583
1       8.87071466667
2       8.87072082917
2       8.87077022083
2       8.87079202500
2       8.87083245833
2       8.87086124583
2       8.87091160417
4       8.87091162500
1       8.87091174583
2       8.87092887917
2       8.87096327917
2       8.87100984583
2       8.87110981667
4       8.87110983750
1       8.87110995833
2       8.87120379167
2       8.87130381250
4       8.87130381250
1       8.87130395000
2       8.87133755833
2       8.87136071667
2       8.87149058750
2       8.87155978750
4       8.87155980833
1       8.87155992917
2       8.87159131250
2       8.87165225833
2       8.87165460417
2       8.87173840417
2       8.87175061667
2       8.87189140417
4       8.87189140417
1       8.87189154167
2       8.87193977083
2       8.87196452083
2       8.87209979583
4       8.87209981250
1       8.87209993333
2       8.87212030000
2       8.87216601667
2       8.87216703750
2       8.87235908750
4       8.87235910833
1       8.87235922917
2       8.87235980417
2       8.87240514167
2       8.87242238333
2       8.87257469167
4       8.87257469167
1       8.87257482917
2       8.87258602917
2       8.87269034167
2       8.87271157083
2       8.87272376667
2       8.87292317917
4       8.87292319583
1       8.87292331667
2       8.87299079167
2       8.87305300833
2       8.87308682083
2       8.87308723333
2       8.87316233333
4       8.87316235417
1       8.87316247083
2       8.87326500000
2       8.87329916250
2       8.87341011667
4       8.87341013750
1       8.87341025833
2       8.87352698333
2       8.87352708750
2       8.87354663333
2       8.87365915417
4       8.87365917500
1       8.87365929583
2       8.87370157500
2       8.87378925417
2       8.87379505000
2       8.87380190833
2       8.87381561250
2       8.87384234167
4       8.87384234167
1       8.87384247917
2       8.87393244583
2       8.87394038750
2       8.87394279167
2       8.87394607500
2       8.87398444583
2       8.87415005833
4       8.87415007500
1       8.87415019583
2       8.87422632917
2       8.87435480417
4       8.87435480417
1       8.87435494167
2       8.87440017083
2       8.87450178333
2       8.87456680417
4       8.87456680417
1       8.87456694167
2       8.87466449167
2       8.87470619583
2       8.87473101667
2       8.87474800833
4       8.87474802500
1       8.87474814583
2       8.87482776250
2       8.87488439583
2       8.87493007500
4       8.87493007500
1       8.87493021250
2       8.87497412917
2       8.87503078750
2       8.87509441250
2       8.87512321667
4       8.87512323750
1       8.87512335833
2       8.87515637500
2       8.87516302500
2       8.87520566250
2       8.87524348750
2       8.87531358333
4       8.87531360417
1       8.87531372083
2       8.87547867083
2       8.87551770417
4       8.87551772500
1       8.87551784167
2       8.87556375000
2       8.87581056667
4       8.87581058750
1       8.87581070833
2       8.87581515417
2       8.87601652917
4       8.87601654583
1       8.87601666667
2       8.87618049167
2       8.87621502083
4       8.87621504167
1       8.87621516250
2       8.87621593333
2       8.87625438333
2       8.87626703333
2       8.87636230417
2       8.87639016250
2       8.87640233333
4       8.87640235417
1       8.87640247083
2       8.87659352500
4       8.87659352500
1       8.87659366250
2       8.87665017083
2       8.87679526250
4       8.87679528333
1       8.87679540417
2       8.87687903333
2       8.87695027500
2       8.87701321250
4       8.87701321250
1       8.87701335000
2       8.87704467500
2       8.87708779167
2       8.87717295417
2       8.87720164583
2       8.87725540000
4       8.87725541667
1       8.87725553750
2       8.87735037500
2       8.87737351667
2       8.87741600833
2       8.87743218333
4       8.87743218333
1       8.87743232083
2       8.87747029583
2       8.87766503750
4       8.87766505833
1       8.87766517917
2       8.87766642083
2       8.87769217083
2       8.87772574583
2       8.87773929167
2       8.87776280833
2       8.87778225417
2       8.87778293333
2       8.87780778750
2       8.87783927917
4       8.87783929583
1       8.87783941667
2       8.87791481250
2       8.87794193750
2       8.87797507083
2       8.87804462500
4       8.87804464167
1       8.87804476250
2       8.87812218333
2       8.87814635833
2       8.87814997917
2       8.87852792917
4       8.87852794583
1       8.87852806667
2       8.87864948750
2       8.87871804583
4       8.87871806667
1       8.87871818333
2       8.87876001250
2       8.87882342500
2       8.87889656667
4       8.87889658333
1       8.87889670417
2       8.87899688750
2       8.87900914583
2       8.87903862500
2       8.87908267083
4       8.87908269167
1       8.87908281250
2       8.87908895000
2       8.87913933750
2       8.87918571667
2       8.87923372500
2       8.87933745833
4       8.87933747500
1       8.87933759583
2       8.87954280833
4       8.87954282500
1       8.87954294583
2       8.87954642500
2       8.87955434583
2       8.87958811667
2       8.87962625000
2       8.87963393750
2       8.87973483750
4       8.87973485833
1       8.87973497500
2       8.87985047917
2       8.87985870833
2       8.87987765000
2       8.88008380833
4       8.88008382917
1       8.88008395000
2       8.88026784167
2       8.88031584583
4       8.88031586667
1       8.88031598750
2       8.88034532083
2       8.88044206250
2       8.88046293333
2       8.88053481667
4       8.88053483333
1       8.88053495417
2       8.88056357917
2       8.88058645417
2       8.88101909583
4       8.88101911250
1       8.88101923333
2       8.88107772500
2       8.88107940417
2       8.88122211250
4       8.88122211250
1       8.88122225000
2       8.88127480417
2       8.88131192083
2       8.88131617917
2       8.88135190833
2       8.88140730833
2       8.88140997083
2       8.88161228750
4       8.88161230833
1       8.88161242500
2       8.88161624167
2       8.88174877083
2       8.88177627083
2       8.88181603333
2       8.88184317917
4       8.88184320000
1       8.88184332083
2       8.88188092500
2       8.88188559583
2       8.88189512500
2       8.88197567917
2       8.88209058750
4       8.88209060833
1       8.88209072917
2       8.88212801250
2       8.88222511667
2       8.88223370000
2       8.88223925417
2       8.88224757500
2       8.88226518750
2       8.88229362500
2       8.88232577500
4       8.88232579583
1       8.88232591667
2       8.88239264167
2       8.88240490417
2       8.88242182500
2       8.88261257500
4       8.88261259583
1       8.88261271250
2       8.88276992083
2       8.88281596250
4       8.88281598333
1       8.88281610000
2       8.88284307917
2       8.88284576250
2       8.88287062500
2       8.88287303333
2       8.88291232500
2       8.88291667083
2       8.88298624167
2       8.88312633333
4       8.88312635417
1       8.88312647083
2       8.88321617917
2       8.88330685833
2       8.88332645000
4       8.88332647083
1       8.88332659167
2       8.88336783333
2       8.88343705000
2       8.88355662500
4       8.88355664167
1       8.88355676250
2       8.88366821250
2       8.88367817917
2       8.88372663750
2       8.88376531667
4       8.88376533750
1       8.88376545833
2       8.88377214167
2       8.88389215833
2       8.88404554167
4       8.88404554167
1       8.88404567917
2       8.88405543333
2       8.88405579167
2       8.88413133750
2       8.88417803333
2       8.88418753750
2       8.88425754583
4       8.88425756667
1       8.88425768750
2       8.88432172917
2       8.88437476250
2       8.88445226667
4       8.88445228750
1       8.88445240833
2       8.88450657083
2       8.88459038333
2       8.88468442083
4       8.88468443750
1       8.88468455833
2       8.88472684167
2       8.88473979583
2       8.88496756667
4       8.88496758750
1       8.88496770833
2       8.88499944583
2       8.88502202083
2       8.88504219583
2       8.88511506250
2       8.88516269167
4       8.88516269167
1       8.88516282917
2       8.88531177917
2       8.88532429583
2       8.88550592500
4       8.88550594583
1       8.88550606667
2       8.88555955000
2       8.88563309167
2       8.88563999583
2       8.88589042917
4       8.88589045000
1       8.88589057083
2       8.88589899583
2       8.88593052917
2       8.88600206667
2       8.88606698333
2       8.88616149167
4       8.88616149167
1       8.88616162917
2       8.88617070833
2       8.88619484167
2       8.88622396667
2       8.88629122917
2       8.88630147917
2       8.88642708333
4       8.88642710417
1       8.88642722500
2       8.88645285833
2       8.88648013750
2       8.88672510417
4       8.88672512500
1       8.88672524167
2       8.88676323333
2       8.88680492917
2       8.88693513333
4       8.88693515417
1       8.88693527500
2       8.88695203333
2       8.88699679583
2       8.88699877917
2       8.88706927917
2       8.88719709167
4       8.88719711250
1       8.88719723333
2       8.88750551667
4       8.88750553333
1       8.88750565417
2       8.88753103333
2       8.88754127917
2       8.88756017083
2       8.88757668750
2       8.88765991250
2       8.88776620833
4       8.88776622500
1       8.88776634583
2       8.88777286250
2       8.88784839583
2       8.88792156250
2       8.88794407917
2       8.88810104167
4       8.88810105833
1       8.88810117917
2       8.88824772500
2       8.88825010417
2       8.88835089167
4       8.88835089167
1       8.88835102917
2       8.88836968333
2       8.88843691250
2       8.88853723750
2       8.88864203333
4       8.88864203333
1       8.88864217083
2       8.88871350417
2       8.88873469583
2       8.88885822500
4       8.88885824167
1       8.88885836250
2       8.88897883333
2       8.88928224167
4       8.88928226250
1       8.88928238333
2       8.88931531250
2       8.88939620833
2       8.88947500000
4       8.88947501667
1       8.88947513750
2       8.88955320833
2       8.88958431667
2       8.88961300833
2       8.88969089583
4       8.88969091667
1       8.88969103750
2       8.88973067083
2       8.88976214583
2       8.88977866667
2       8.88978506667
2       8.88981239583
2       8.88987387917
2       8.88988407500
2       8.88989427500
4       8.88989429167
1       8.88989441250
2       8.88990689583
2       8.88992776250
2       8.88996211250
2       8.88997519583
2       8.89005270417
2       8.89009569167
4       8.89009569167
1       8.89009582917
2       8.89022426667
2       8.89024675417
2       8.89040410000
4       8.89040411667
1       8.89040423750
2       8.89041039167
2       8.89043359167
2       8.89045208750
2       8.89050476667
2       8.89064082917
4       8.89064085000
1       8.89064097083
2       8.89064323333
2       8.89065187083
2       8.89082581667
4       8.89082583750
1       8.89082595833
2       8.89088000417
2       8.89088407083
2       8.89095590833
2       8.89101094167
4       8.89101095833
1       8.89101107917
2       8.89105825417
2       8.89111300000
2       8.89124505833
4       8.89124507917
1       8.89124520000
2       8.89126197917
2       8.89131195417
2       8.89133347917
2       8.89133954583
2       8.89136568333
2       8.89137000417
2       8.89140438750
2       8.89142326667
4       8.89142328333
1       8.89142340417
2       8.89148221667
2       8.89157302083
2       8.89161987917
4       8.89161989583
1       8.89162001667
2       8.89166811667
2       8.89179259167
2       8.89188069583
4       8.89188071667
1       8.89188083750
2       8.89189922917
2       8.89190550833
2       8.89205890833
2       8.89213638333
4       8.89213638333
1       8.89213652083
2       8.89218279167
2       8.89221192500
2       8.89222522917
2       8.89222879583
2       8.89227486250
2       8.89246127083
4       8.89246129167
1       8.89246141250
2       8.89259147500
2       8.89260369583
2       8.89265642917
4       8.89265645000
1       8.89265657083
2       8.89273813750
2       8.89275943750
2       8.89278169583
2       8.89278624167
2       8.89299661667
4       8.89299663750
1       8.89299675833
2       8.89306550833
2       8.89308003750
2       8.89310717083
2       8.89314299583
2       8.89314929583
2       8.89319130833
4       8.89319132917
1       8.89319145000
2       8.89340102917
4       8.89340105000
1       8.89340116667
2       8.89354183333
2       8.89355405000
2       8.89358588750
4       8.89358590833
1       8.89358602917
2       8.89361671667
2       8.89363154583
2       8.89384355833
4       8.89384357500
1       8.89384369583
2       8.89393796250
2       8.89395882500
2       8.89398866250
2       8.89399692083
2       8.89405321667
4       8.89405323750
1       8.89405335833
2       8.89426092083
4       8.89426093750
1       8.89426105833
2       8.89429435000
2       8.89439709167
2       8.89467820833
4       8.89467822917
1       8.89467835000
2       8.89477502917
2       8.89478288333
2       8.89478482500
2       8.89493568750
4       8.89493570417
1       8.89493582500
2       8.89507742500
2       8.89514827083
4       8.89514829167
1       8.89514841250
2       8.89515957500
2       8.89521457500
2       8.89527612500
2       8.89531920833
4       8.89531922500
1       8.89531934583
2       8.89550854583
4       8.89550856250
1       8.89550868333
2       8.89555701667
2       8.89563520417
2       8.89571900417
4       8.89571902500
1       8.89571914583
2       8.89586533750
2       8.89589880833
4       8.89589882500
1       8.89589894583
2       8.89597304583
2       8.89600473333
2       8.89610988750
4       8.89610990417
1       8.89611002500
2       8.89614623750
2       8.89616347917
2       8.89619063333
2       8.89620715833
2       8.89628900833
4       8.89628902500
1       8.89628914583
2       8.89648177917
4       8.89648180000
1       8.89648191667
2       8.89674442917
4       8.89674444583
1       8.89674456667
2       8.89683058333
2       8.89689748333
2       8.89691936667
2       8.89698525000
4       8.89698526667
1       8.89698538750
2       8.89704385833
2       8.89705056667
2       8.89713034167
2       8.89721320833
4       8.89721322500
1       8.89721334583
2       8.89725319583
2       8.89725792500
2       8.89728536667
2       8.89743377083
4       8.89743378750
1       8.89743390833
2       8.89751297083
2       8.89753277917
2       8.89770401667
4       8.89770403750
1       8.89770415833
2       8.89781760833
2       8.89783451667
2       8.89784217917
2       8.89796935417
4       8.89796937500
1       8.89796949583
2       8.89801935417
2       8.89806338333
2       8.89851185000
4       8.89851187083
1       8.89851199167
2       8.89855300833
2       8.89859165000
2       8.89863410000
2       8.89871955417
4       8.89871957500
1       8.89871969583
2       8.89874413750
2       8.89878750833
2       8.89880082083
2       8.89885311250
2       8.89905613333
4       8.89905615417
1       8.89905627500
2       8.89923560417
4       8.89923562500
1       8.89923574167
2       8.89933642500
2       8.89941382083
4       8.89941383750
1       8.89941395833
2       8.89966589583
4       8.89966591250
1       8.89966603333
2       8.89986495833
4       8.89986497917
1       8.89986509583
2       8.89987318750
2       8.89991728333
2       8.89993450000
2       8.90022047917
4       8.90022049583
1       8.90022061667
2       8.90023195417
2       8.90036176250
2       8.90041683750
4       8.90041685833
1       8.90041697917
2       8.90055060000
2       8.90055290833
2       8.90068741667
4       8.90068743333
1       8.90068755417
2       8.90069576250
2       8.90084007500
2       8.90118191250
4       8.90118191250
1       8.90118205000
2       8.90129192083
2       8.90143701250
4       8.90143703333
1       8.90143715417
2       8.90149425417
2       8.90158234583
2       8.90166848750
4       8.90166850833
1       8.90166862500
2       8.90193947083
4       8.90193949167
1       8.90193961250
2       8.90196660417
2       8.90201565000
2       8.90203978333
2       8.90206929167
2       8.90212202917
2       8.90220309583
4       8.90220311250
1       8.90220323333
2       8.90223489167
2       8.90234584583
2       8.90235644167
2       8.90242738333
2       8.90243861250
4       8.90243861250
1       8.90243875000
2       8.90248970417
2       8.90249754583
2       8.90255094167
2       8.90256808750
2       8.90263835000
2       8.90272532500
4       8.90272534583
1       8.90272546250
2       8.90288110000
2       8.90300303750
4       8.90300305417
1       8.90300317500
2       8.90307388333
2       8.90314649167
2       8.90315563333
2       8.90323518333
4       8.90323520417
1       8.90323532500
2       8.90328029583
2       8.90329181667
2       8.90339643750
2       8.90344357917
4       8.90344360000
1       8.90344372083
2       8.90359786667
2       8.90374332083
4       8.90374334167
1       8.90374346250
2       8.90382875000
2       8.90387277500
2       8.90389959167
2       8.90390265417
2       8.90391437083
2       8.90397315000
4       8.90397316667
1       8.90397328750
2       8.90422092917
4       8.90422094583
1       8.90422106667
2       8.90427594167
2       8.90430077500
2       8.90440646250
4       8.90440646250
1       8.90440660000
2       8.90441601667
2       8.90498836667
4       8.90498838750
1       8.90498850833
2       8.90499268333
2       8.90505202083
2       8.90507493333
2       8.90509139167
2       8.90519640833
4       8.90519642500
1       8.90519654583
2       8.90522467917
2       8.90523219583
2       8.90523801667
2       8.90542691250
4       8.90542693333
1       8.90542705000
2       8.90553393750
2       8.90563867500
4       8.90563869167
1       8.90563881250
2       8.90570221250
2       8.90576116250
2       8.90593466250
4       8.90593466250
1       8.90593480000
2       8.90594497500
2       8.90599094583
2       8.90600194583
2       8.90603075000
2       8.90603938333
2       8.90612747083
4       8.90612749167
1       8.90612761250
2       8.90627224583
2       8.90637485833
4       8.90637487917
1       8.90637500000
2       8.90639303750
2       8.90646300833
2       8.90655052083
2       8.90658260417
4       8.90658260417
1       8.90658274167
2       8.90670877500
2       8.90671440417
2       8.90675718333
4       8.90675720417
1       8.90675732500
2       8.90684663750
2       8.90690319167
2       8.90694959583
4       8.90694961667
1       8.90694973750
2       8.90698102500
2       8.90707938750
2       8.90710495833
2       8.90710563333
2       8.90710924583
2       8.90711717083
2       8.90733115000
4       8.90733116667
1       8.90733128750
2       8.90734207917
2       8.90734607500
2       8.90738848750
2       8.90738952083
2       8.90747590000
2       8.90747894583
2       8.90753790000
4       8.90753791667
1       8.90753803750
2       8.90770048750
2       8.90787672083
4       8.90787673750
1       8.90787685833
2       8.90788301250
2       8.90796479167
2       8.90799033750
2       8.90799420833
2       8.90812647083
4       8.90812648750
1       8.90812660833
2       8.90815129583
2       8.90825862083
2       8.90833577917
4       8.90833580000
1       8.90833592083
2       8.90842782500
2       8.90844680833
2       8.90849311667
2       8.90854969167
4       8.90854969167
1       8.90854982917
2       8.90857433750
2       8.90858319583
2       8.90865018333
2       8.90866536667
2       8.90868692500
2       8.90874054167
4       8.90874056250
1       8.90874068333
2       8.90887933750
2       8.90894388750
4       8.90894390833
1       8.90894402917
2       8.90897015417
2       8.90903470417
2       8.90908237083
2       8.90922876667
4       8.90922878333
1       8.90922890417
2       8.90923080833
2       8.90924468750
2       8.90927115833
2       8.90933410000
2       8.90934469167
2       8.90949977500
4       8.90949979583
1       8.90949991667
2       8.90955831250
2       8.90958617083
2       8.90959407917
2       8.90986670000
4       8.90986671667
1       8.90986683750
2       8.91001610417
2       8.91011015833
4       8.91011017500
1       8.91011029583
2       8.91021707917
2       8.91038078750
4       8.91038080417
1       8.91038092500
2       8.91042122917
2       8.91046456667
2       8.91078625000
4       8.91078627083
1       8.91078639167
2       8.91086933333
2       8.91098329167
4       8.91098331250
1       8.91098343333
2       8.91101444167
2       8.91103099167
2       8.91109590833
2       8.91118597917
4       8.91118599583
1       8.91118611667
2       8.91125727083
2       8.91127409167
2       8.91129332500
2       8.91133247083
2       8.91133900000
2       8.91136420000
2       8.91141254167
4       8.91141254167
1       8.91141267917
2       8.91148177917
2       8.91157848333
2       8.91167919167
4       8.91167920833
1       8.91167932917
2       8.91168154583
2       8.91178455000
2       8.91179249583
2       8.91181097917
2       8.91184912500
4       8.91184914583
1       8.91184926667
2       8.91187386667
2       8.91189480000
2       8.91250509583
4       8.91250511667
1       8.91250523750
2       8.91259336667
2       8.91269840417
4       8.91269840417
1       8.91269854167
2       8.91278685000
2       8.91302529583
4       8.91302531667
1       8.91302543750
2       8.91306305000
2       8.91306806667
2       8.91316813333
2       8.91323436250
4       8.91323438333
1       8.91323450000
2       8.91371860833
4       8.91371862500
1       8.91371874583
2       8.91388551667
2       8.91403098750
4       8.91403100833
1       8.91403112917
2       8.91406798750
2       8.91413490833
2       8.91434828750
4       8.91434830833
1       8.91434842917
2       8.91438072500
2       8.91451250000
2       8.91457742917
4       8.91457744583
1       8.91457756667
2       8.91468443333
2       8.91485829583
4       8.91485831250
1       8.91485843333
2       8.91502262500
2       8.91515183333
4       8.91515183333
1       8.91515197083
2       8.91516777500
2       8.91528031250
2       8.91531318333
2       8.91533968750
4       8.91533970833
1       8.91533982500
2       8.91584202500
4       8.91584204583
1       8.91584216667
2       8.91590173750
2       8.91596431667
2       8.91608587083
4       8.91608589167
1       8.91608601250
2       8.91611033750
2       8.91612758750
2       8.91614053333
2       8.91620284583
2       8.91641242917
4       8.91641245000
1       8.91641257083
2       8.91642115417
2       8.91647016250
2       8.91657407083
2       8.91680497083
4       8.91680499167
1       8.91680511250
2       8.91683210417
2       8.91687716667
2       8.91688017917
2       8.91691190000
2       8.91695504167
2       8.91708688750
4       8.91708690833
1       8.91708702917
2       8.91710643750
2       8.91727265417
4       8.91727267500
1       8.91727279583
2       8.91728721667
2       8.91746535417
2       8.91755351250
4       8.91755353333
1       8.91755365417
2       8.91765218333
2       8.91766080833
2       8.91770922083
2       8.91773800833
4       8.91773802500
1       8.91773814583
2       8.91798111667
4       8.91798113750
1       8.91798125833
2       8.91800701667
2       8.91802192500
2       8.91847827500
4       8.91847829583
1       8.91847841667
2       8.91852107917
2       8.91853961667
2       8.91854123333
2       8.91856834167
2       8.91857073333
2       8.91860452083
2       8.91868005833
4       8.91868007917
1       8.91868020000
2       8.91868367500
2       8.91876985000
2       8.91879064583
2       8.91890097917
4       8.91890100000
1       8.91890112083
2       8.91892585000
2       8.91900464583
2       8.91905517083
2       8.91915343333
4       8.91915345417
1       8.91915357500
2       8.91937348750
4       8.91937350833
1       8.91937362917
2       8.91938525833
2       8.91939976250
2       8.91944352500
2       8.91961577500
4       8.91961579583
1       8.91961591667
2       8.91974500000
2       8.91982017083
4       8.91982018750
1       8.91982030833
2       8.91991320833
2       8.91998442083
2       8.91998674583
2       8.92002180833
4       8.92002182917
1       8.92002194583
2       8.92008313750
2       8.92010364167
2       8.92015305000
2       8.92016332083
2       8.92018418333
2       8.92025858333
4       8.92025858333
1       8.92025872083
2       8.92029348750
2       8.92033026250
2       8.92042030000
2       8.92051933333
4       8.92051935417
1       8.92051947500
2       8.92055546667
2       8.92078140417
4       8.92078140417
1       8.92078154167
2       8.92081047500
2       8.92088179583
2       8.92089564583
2       8.92096325000
2       8.92097281250
2       8.92100358750
4       8.92100360833
1       8.92100372917
2       8.92111126667
2       8.92126594167
4       8.92126596250
1       8.92126608333
2       8.92148225000
4       8.92148227083
1       8.92148239167
2       8.92148585417
2       8.92152395833
2       8.92159120417
2       8.92167499167
4       8.92167500833
1       8.92167512917
2       8.92182172917
2       8.92198302500
4       8.92198304583
1       8.92198316667
2       8.92206984167
2       8.92207506667
2       8.92216390417
2       8.92223275417
4       8.92223277500
1       8.92223289583
2       8.92233311667
2       8.92244285833
4       8.92244287917
1       8.92244300000
2       8.92246598750
2       8.92251107083
2       8.92252928333
2       8.92264256667
4       8.92264258750
1       8.92264270833
2       8.92278207083
2       8.92292670417
4       8.92292670417
1       8.92292684167
2       8.92300687083
2       8.92302606250
2       8.92304428333
2       8.92307680000
2       8.92311456250
2       8.92314300417
4       8.92314302500
1       8.92314314583
2       8.92321025417
2       8.92328970417
2       8.92330463750
2       8.92333680833
2       8.92333775000
4       8.92333777083
1       8.92333789167
2       8.92340700000
2       8.92350766250
4       8.92350766250
1       8.92350780000
2       8.92362562500
2       8.92373399167
4       8.92373399167
1       8.92373412917
2       8.92394758750
4       8.92394760833
1       8.92394772917
2       8.92398502917
2       8.92398735417
2       8.92430692917
4       8.92430694583
1       8.92430706667
2       8.92434433333
2       8.92436824167
2       8.92437492083
2       8.92438207083
2       8.92454341250
4       8.92454341250
1       8.92454355000
2       8.92459410417
2       8.92464444583
2       8.92475015417
4       8.92475017500
1       8.92475029583
2       8.92475212917
2       8.92489058333
2       8.92489987917
2       8.92494326250
4       8.92494326250
1       8.92494340000
2       8.92496937083
2       8.92531547083
4       8.92531549167
1       8.92531560833
2       8.92541026250
2       8.92545169583
2       8.92548182917
2       8.92551293333
4       8.92551293333
1       8.92551307083
2       8.92560267083
2       8.92560500000
2       8.92577885000
4       8.92577886667
1       8.92577898750
2       8.92588388750
2       8.92591372917
2       8.92596443750
2       8.92596767917
2       8.92597503333
4       8.92597503333
1       8.92597517083
2       8.92601708750
2       8.92602037500
2       8.92606041250
2       8.92606846667
2       8.92607539167
2       8.92625555833
4       8.92625557917
1       8.92625569583
2       8.92628702083
2       8.92629239583
2       8.92636218750
2       8.92637044583
2       8.92639669167
2       8.92641685000
2       8.92643534583
2       8.92660530000
4       8.92660532083
1       8.92660543750
2       8.92668710417
2       8.92687589583
4       8.92687591667
1       8.92687603750
2       8.92688886667
2       8.92695552500
2       8.92695971667
2       8.92699116667
2       8.92704460000
4       8.92704461667
1       8.92704473750
2       8.92724722083
4       8.92724724167
1       8.92724736250
2       8.92731912083
2       8.92741282500
2       8.92742381250
2       8.92762676250
4       8.92762678333
1       8.92762690417
2       8.92782853333
4       8.92782853333
1       8.92782867083
2       8.92783283750
2       8.92785081250
2       8.92813760833
4       8.92813762917
1       8.92813775000
2       8.92818564583
2       8.92838230833
4       8.92838232917
1       8.92838245000
2       8.92847477500
2       8.92847606667
2       8.92849958750
2       8.92854239167
2       8.92856652500
2       8.92869040417
4       8.92869040417
1       8.92869054167
2       8.92870065000
2       8.92876754583
2       8.92887687083
4       8.92887689167
1       8.92887701250
2       8.92892919167
2       8.92893783750
2       8.92896169583
2       8.92910156250
4       8.92910156250
1       8.92910170000
2       8.92928964167
4       8.92928964167
1       8.92928977917
2       8.92934652917
2       8.92958206667
4       8.92958208333
1       8.92958220417
2       8.92968581667
2       8.92975035833
4       8.92975037917
1       8.92975050000
2       8.92980991667
2       8.92994815833
4       8.92994817917
1       8.92994830000
2       8.92998188750
2       8.93005245000
2       8.93013158750
4       8.93013160833
1       8.93013172917
2       8.93016862500
2       8.93019685000
2       8.93026112500
2       8.93032141667
4       8.93032143333
1       8.93032155417
2       8.93050615000
2       8.93058596250
4       8.93058596250
1       8.93058610000
2       8.93069366250
2       8.93076021667
2       8.93079172500
4       8.93079174167
1       8.93079186250
2       8.93085462917
2       8.93092958333
2       8.93097024167
2       8.93104220417
4       8.93104220417
1       8.93104234167
2       8.93105040417
2       8.93122161250
4       8.93122163333
1       8.93122175417
2       8.93153336250
4       8.93153338333
1       8.93153350417
2       8.93176052917
4       8.93176055000
1       8.93176066667
2       8.93209605417
4       8.93209605417
1       8.93209619167
2       8.93220138333
2       8.93221791667
2       8.93223054167
2       8.93226900000
4       8.93226901667
1       8.93226913750
2       8.93227065417
2       8.93233123750
2       8.93244849583
4       8.93244851667
1       8.93244863333
2       8.93245616250
2       8.93270652083
4       8.93270653750
1       8.93270665833
2       8.93276908333
2       8.93290162917
4       8.93290164583
1       8.93290176667
2       8.93292479583
2       8.93320799583
4       8.93320801667
1       8.93320813750
2       8.93322852917
2       8.93348364167
4       8.93348366250
1       8.93348377917
2       8.93360809583
2       8.93375950417
4       8.93375952500
1       8.93375964583
2       8.93380626667
2       8.93382315000
2       8.93386754167
2       8.93395732500
4       8.93395732500
1       8.93395746250
2       8.93423746250
4       8.93423746250
1       8.93423760000
2       8.93426690417
2       8.93428348333
2       8.93445968333
4       8.93445968333
1       8.93445982083
2       8.93451239583
2       8.93457374167
2       8.93459419583
2       8.93465982083
4       8.93465984167
1       8.93465995833
2       8.93470787500
2       8.93476453333
2       8.93481645000
2       8.93487498750
4       8.93487500417
1       8.93487512500
2       8.93487844167
2       8.93496115833
2       8.93496582500
2       8.93499895417
2       8.93505396250
4       8.93505398333
1       8.93505410417
2       8.93511026250
2       8.93511222917
2       8.93564855417
4       8.93564857500
1       8.93564869583
2       8.93573430000
2       8.93591940833
4       8.93591942917
1       8.93591955000
2       8.93597711250
2       8.93604668333
2       8.93622978333
4       8.93622978333
1       8.93622992083
2       8.93631430417
2       8.93658090833
4       8.93658092917
1       8.93658105000
2       8.93669153333
2       8.93672402500
2       8.93677740000
2       8.93709629583
4       8.93709631667
1       8.93709643750
2       8.93720993750
2       8.93722250417
2       8.93730500833
2       8.93744437083
4       8.93744439167
1       8.93744450833
2       8.93748207917
2       8.93749039167
2       8.93756160000
2       8.93765606667
4       8.93765608333
1       8.93765620417
2       8.93777166667
2       8.93783062083
2       8.93785742917
4       8.93785744583
1       8.93785756667
2       8.93793366667
2       8.93796045417
2       8.93797081250
2       8.93797107083
2       8.93804856667
4       8.93804858750
1       8.93804870417
2       8.93808767500
2       8.93829106250
4       8.93829106250
1       8.93829120000
2       8.93831019167
2       8.93838409583
2       8.93848678750
4       8.93848680417
1       8.93848692500
2       8.93848945833
2       8.93851566667
2       8.93861657917
2       8.93875145833
4       8.93875147500
1       8.93875159583
2       8.93894261250
2       8.93895412500
4       8.93895414583
1       8.93895426250
2       8.93925097917
4       8.93925099583
1       8.93925111667
2       8.93931512083
2       8.93940957500
2       8.93944145833
4       8.93944147917
1       8.93944160000
2       8.93949337917
2       8.93965304167
4       8.93965306250
1       8.93965318333
2       8.94002670417
4       8.94002672500
1       8.94002684167
2       8.94005453750
2       8.94015624583
2       8.94022541667
4       8.94022543750
1       8.94022555417
2       8.94034707083
2       8.94047947500
4       8.94047949167
1       8.94047961250
2       8.94056957083
2       8.94058412083
2       8.94070174583
4       8.94070176250
1       8.94070188333
2       8.94070335417
2       8.94092553333
4       8.94092555417
1       8.94092567500
2       8.94105020000
2       8.94108292500
2       8.94114622500
4       8.94114622500
1       8.94114636250
2       8.94114923333
2       8.94116476250
2       8.94119225000
2       8.94127207500
2       8.94136055000
4       8.94136056667
1       8.94136068750
2       8.94145063750
2       8.94154899583
4       8.94154901667
1       8.94154913750
2       8.94163476250
2       8.94165365833
2       8.94175469583
4       8.94175471667
1       8.94175483750
2       8.94193454167
2       8.94197066250
4       8.94197068333
1       8.94197080417
2       8.94203558333
2       8.94216880000
4       8.94216882083
1       8.94216894167
2       8.94220510833
2       8.94223265833
2       8.94235887083
4       8.94235889167
1       8.94235901250
2       8.94237344583
2       8.94245488750
2       8.94248198750
2       8.94263075833
4       8.94263077500
1       8.94263089583
2       8.94286433333
4       8.94286433333
1       8.94286447083
2       8.94353540417
4       8.94353542500
1       8.94353554583
2       8.94355593750
2       8.94356650833
2       8.94376826250
4       8.94376828333
1       8.94376840000
2       8.94389447083
2       8.94418325833
4       8.94418327917
1       8.94418339583
2       8.94436345417
4       8.94436345417
1       8.94436359167
2       8.94438663750
2       8.94444370417
2       8.94451425000
2       8.94452541667
2       8.94471890417
4       8.94471890417
1       8.94471904167
2       8.94489604583
4       8.94489606250
1       8.94489618333
2       8.94492355000
2       8.94494007500
2       8.94499080417
2       8.94507261250
2       8.94511242500
4       8.94511244167
1       8.94511256250
2       8.94512761250
2       8.94518260417
2       8.94523157083
2       8.94524249167
2       8.94539588333
4       8.94539590417
1       8.94539602500
2       8.94565193750
4       8.94565195417
1       8.94565207500
2       8.94571053333
2       8.94572875833
2       8.94589039583
4       8.94589041250
1       8.94589053333
2       8.94605170417
2       8.94619585417
4       8.94619585417
1       8.94619599167
2       8.94646705000
4       8.94646706667
1       8.94646718750
2       8.94647731667
2       8.94665820000
4       8.94665821667
1       8.94665833750
2       8.94690234583
4       8.94690236667
1       8.94690248333
2       8.94706932083
2       8.94707986250
2       8.94728622083
4       8.94728623750
1       8.94728635833
2       8.94728913750
2       8.94755350417
4       8.94755352500
1       8.94755364583
2       8.94764859583
2       8.94795732917
4       8.94795734583
1       8.94795746667
2       8.94817887083
4       8.94817888750
1       8.94817900833
2       8.94831462917
2       8.94835240417
2       8.94847829167
4       8.94847829167
1       8.94847842917
2       8.94855808333
2       8.94901785833
4       8.94901787500
1       8.94901799583
2       8.94943322083
4       8.94943324167
1       8.94943336250
2       8.94944313750
2       8.94970747917
4       8.94970750000
1       8.94970761667
2       8.94988169583
2       8.94997249167
4       8.94997251250
1       8.94997262917
2       8.94998973333
2       8.95003052917
2       8.95005800000
2       8.95018412500
4       8.95018414167
1       8.95018426250
2       8.95019207083
2       8.95020696667
2       8.95020999167
2       8.95023517500
2       8.95034283750
2       8.95047491250
4       8.95047491250
1       8.95047505000
2       8.95055871667
2       8.95058918333
2       8.95062465417
2       8.95067622500
4       8.95067624167
1       8.95067636250
2       8.95090957083
4       8.95090959167
1       8.95090971250
2       8.95093901250
2       8.95094691250
2       8.95095950000
2       8.95096881667
2       8.95122022500
4       8.95122024583
1       8.95122036250
2       8.95124271250
2       8.95138745000
2       8.95141893333
4       8.95141893333
1       8.95141907083
2       8.95145037083
2       8.95146129167
2       8.95148686667
2       8.95160142917
2       8.95161597917
4       8.95161599583
1       8.95161611667
2       8.95185248333
4       8.95185248333
1       8.95185262083
2       8.95188803333
2       8.95194326667
2       8.95195257917
2       8.95197238750
2       8.95197669583
2       8.95215919583
4       8.95215921250
1       8.95215933333
2       8.95227017083
2       8.95227448750
2       8.95233613750
2       8.95241300833
4       8.95241302500
1       8.95241314583
2       8.95259053750
4       8.95259055417
1       8.95259067500
2       8.95265242917
2       8.95266464583
2       8.95286371250
4       8.95286373333
1       8.95286385417
2       8.95286606667
2       8.95286803750
2       8.95292305417
2       8.95309140833
4       8.95309142917
1       8.95309154583
2       8.95322249583
2       8.95334374583
4       8.95334376667
1       8.95334388750
2       8.95336087917
2       8.95338317083
2       8.95339467917
2       8.95357057917
4       8.95357060000
1       8.95357071667
2       8.95362592083
2       8.95366866250
2       8.95369287917
2       8.95371730417
2       8.95372303750
2       8.95405457917
4       8.95405460000
1       8.95405471667
2       8.95413535000
2       8.95428210000
4       8.95428212083
1       8.95428224167
2       8.95440321667
2       8.95456295833
4       8.95456297917
1       8.95456310000
2       8.95458977083
2       8.95486899583
4       8.95486901667
1       8.95486913750
2       8.95489418750
2       8.95496807500
2       8.95499685833
2       8.95502669583
2       8.95504292917
2       8.95507409583
4       8.95507411667
1       8.95507423333
2       8.95523401250
2       8.95536654583
4       8.95536656250
1       8.95536668333
2       8.95550141667
2       8.95556955000
4       8.95556956667
1       8.95556968750
2       8.95560730417
2       8.95581265833
4       8.95581267917
1       8.95581279583
2       8.95584646667
2       8.95609809583
4       8.95609811667
1       8.95609823750
2       8.95614620833
2       8.95637271667
4       8.95637273333
1       8.95637285417
2       8.95668745000
4       8.95668746667
1       8.95668758750
2       8.95672754167
2       8.95682656250
2       8.95683184167
2       8.95686632500
4       8.95686634583
1       8.95686646667
2       8.95699745000
2       8.95701307917
2       8.95721410833
4       8.95721412917
1       8.95721424583
2       8.95740454583
4       8.95740456250
1       8.95740468333
2       8.95742307917
2       8.95757874583
2       8.95758269167
2       8.95770232500
4       8.95770234167
1       8.95770246250
2       8.95773420833
2       8.95794340417
4       8.95794340417
1       8.95794354167
2       8.95800203750
2       8.95801103750
2       8.95809436250
2       8.95826674167
4       8.95826674167
1       8.95826687917
2       8.95831112917
2       8.95842308750
2       8.95851252500
4       8.95851252500
1       8.95851266250
2       8.95856286667
2       8.95886727917
4       8.95886730000
1       8.95886742083
2       8.95897987500
2       8.95898382500
2       8.95905177500
4       8.95905179583
1       8.95905191667
2       8.95905839583
2       8.95906728750
2       8.95906961250
2       8.95940522083
4       8.95940524167
1       8.95940536250
2       8.95942401250
2       8.95944325417
2       8.95982983750
4       8.95982985833
1       8.95982997500
2       8.95985831667
2       8.96006069167
4       8.96006071250
1       8.96006083333
2       8.96011665417
2       8.96014052917
2       8.96019252500
2       8.96020010000
2       8.96059964583
4       8.96059966250
1       8.96059978333
2       8.96064297083
2       8.96064863333
2       8.96086721250
4       8.96086721250
1       8.96086735000
2       8.96089025417
2       8.96115578750
4       8.96115580833
1       8.96115592500
2       8.96116374167
2       8.96117165000
2       8.96124045833
2       8.96141859167
4       8.96141861250
1       8.96141872917
2       8.96150912083
2       8.96151576667
2       8.96154920833
2       8.96155747500
2       8.96158731667
2       8.96162671250
4       8.96162673333
1       8.96162685417
2       8.96180491667
4       8.96180493750
1       8.96180505833
2       8.96182387083
2       8.96187415833
2       8.96192448333
2       8.96236234583
4       8.96236236667
1       8.96236248750
2       8.96239021667
2       8.96242309167
2       8.96248621667
2       8.96257230417
4       8.96257232500
1       8.96257244583
2       8.96258061250
2       8.96263762917
2       8.96277572917
4       8.96277575000
1       8.96277587083
2       8.96279460000
2       8.96279995417
2       8.96283433333
2       8.96289529583
2       8.96298110833
4       8.96298112500
1       8.96298124583
2       8.96307617083
2       8.96319013750
4       8.96319015833
1       8.96319027500
2       8.96327487083
2       8.96341760417
4       8.96341760417
1       8.96341774167
2       8.96351437083
2       8.96353491667
2       8.96374163333
4       8.96374165417
1       8.96374177500
2       8.96384990833
2       8.96385780417
2       8.96391049583
2       8.96402811250
4       8.96402811250
1       8.96402825000
2       8.96418718750
2       8.96420196667
2       8.96420665417
2       8.96428614167
4       8.96428616250
1       8.96428628333
2       8.96437264167
2       8.96441304167
2       8.96456305000
4       8.96456306667
1       8.96456318750
2       8.96467166667
2       8.96484159583
4       8.96484161667
1       8.96484173333
2       8.96502780833
4       8.96502782500
1       8.96502794583
2       8.96505754167
2       8.96513108750
2       8.96517313750
2       8.96526160000
4       8.96526162083
1       8.96526173750
2       8.96529264583
2       8.96536300417
2       8.96541193750
2       8.96544842500
4       8.96544844583
1       8.96544856250
2       8.96556832500
2       8.96563653750
2       8.96571404167
4       8.96571406250
1       8.96571418333
2       8.96632888333
4       8.96632890417
1       8.96632902083
2       8.96634766667
2       8.96639372500
2       8.96647924583
2       8.96667466667
4       8.96667468333
1       8.96667480417
2       8.96667658750
2       8.96679124167
2       8.96683029583
2       8.96692142500
4       8.96692144583
1       8.96692156667
2       8.96697865833
2       8.96700058750
2       8.96702896667
2       8.96711316667
4       8.96711318750
1       8.96711330833
2       8.96713375000
2       8.96727945417
2       8.96733180417
4       8.96733182500
1       8.96733194583
2       8.96736522083
2       8.96736687500
2       8.96739047083
2       8.96746265833
2       8.96749144583
2       8.96753488333
4       8.96753488333
1       8.96753502083
2       8.96785182917
4       8.96785184583
1       8.96785196667
2       8.96793992917
2       8.96795645833
2       8.96802410417
4       8.96802412500
1       8.96802424583
2       8.96814256667
2       8.96837381250
4       8.96837381250
1       8.96837395000
2       8.96841130417
2       8.96843413750
2       8.96852158333
2       8.96872892500
4       8.96872894583
1       8.96872906667
2       8.96875107500
2       8.96880013750
2       8.96902970417
4       8.96902972500
1       8.96902984583
2       8.96908437083
2       8.96917376250
2       8.96946817083
4       8.96946819167
1       8.96946831250
2       8.96955031667
2       8.96974543333
4       8.96974543333
1       8.96974557083
2       8.96977851667
2       8.96992525000
2       8.96992561667
2       8.96996206250
4       8.96996206250
1       8.96996220000
2       8.97001994167
2       8.97002699583
2       8.97005975417
2       8.97011242917
2       8.97020478333
4       8.97020480417
1       8.97020492500
2       8.97021416250
2       8.97036776667
2       8.97064502917
4       8.97064505000
1       8.97064517083
2       8.97080805833
2       8.97083978750
4       8.97083980417
1       8.97083992500
2       8.97096472083
2       8.97108894167
4       8.97108896250
1       8.97108907917
2       8.97109262917
2       8.97119131667
2       8.97137669583
4       8.97137671250
1       8.97137683333
2       8.97149230417
2       8.97152110833
2       8.97160232917
4       8.97160234583
1       8.97160246667
2       8.97195932917
4       8.97195935000
1       8.97195947083
2       8.97199777083
2       8.97200974167
2       8.97204176667
2       8.97208579583
2       8.97228491250
4       8.97228491250
1       8.97228505000
2       8.97233924167
2       8.97240486250
2       8.97255853333
4       8.97255855417
1       8.97255867083
2       8.97266054583
2       8.97267273750
2       8.97271916250
4       8.97271918333
1       8.97271930417
2       8.97280367083
2       8.97289478333
2       8.97303289583
4       8.97303291250
1       8.97303303333
2       8.97334612917
4       8.97334615000
1       8.97334627083
2       8.97383111667
4       8.97383113333
1       8.97383125417
2       8.97404149167
4       8.97404149167
1       8.97404162917
2       8.97408915833
2       8.97425676250
4       8.97425678333
1       8.97425690417
2       8.97427525833
2       8.97439287500
2       8.97447503333
4       8.97447505417
1       8.97447517500
2       8.97467840000
4       8.97467842083
1       8.97467853750
2       8.97484798333
2       8.97501984167
4       8.97501986250
1       8.97501998333
2       8.97512625417
2       8.97527660000
4       8.97527662083
1       8.97527674167
2       8.97535020000
2       8.97538589167
2       8.97544995417
2       8.97550320833
4       8.97550322917
1       8.97550335000
2       8.97600205000
4       8.97600207083
1       8.97600219167
2       8.97614870417
2       8.97619378750
4       8.97619380833
1       8.97619392917
2       8.97641459583
4       8.97641461250
1       8.97641473333
2       8.97648294583
2       8.97657000833
2       8.97657829167
2       8.97679425000
4       8.97679427083
1       8.97679439167
2       8.97681547500
2       8.97696419167
2       8.97703377500
4       8.97703379167
1       8.97703391250
2       8.97704168750
2       8.97728744583
4       8.97728746667
1       8.97728758750
2       8.97740668750
2       8.97750540833
4       8.97750542500
1       8.97750554583
2       8.97759980833
2       8.97786810833
4       8.97786812500
1       8.97786824583
2       8.97792705000
2       8.97800853750
2       8.97804137917
2       8.97809137917
4       8.97809139583
1       8.97809151667
2       8.97812819167
2       8.97816151250
2       8.97841557500
4       8.97841559167
1       8.97841571250
2       8.97850050417
2       8.97893703750
4       8.97893705417
1       8.97893717500
2       8.97899037917
2       8.97921683333
4       8.97921685417
1       8.97921697500
2       8.97925880000
2       8.97948422500
4       8.97948424167
1       8.97948436250
2       8.97956264167
2       8.97979155833
4       8.97979157917
1       8.97979169583
2       8.97985449583
2       8.97994853750
2       8.97995579583
2       8.98004760417
4       8.98004762500
1       8.98004774583
2       8.98013440833
2       8.98019198333
2       8.98019234583
2       8.98026157917
4       8.98026159583
1       8.98026171667
2       8.98036492917
2       8.98037522500
2       8.98042064167
2       8.98061396667
4       8.98061398333
1       8.98061410417
2       8.98065079583
2       8.98074779583
2       8.98076804583
2       8.98077135000
2       8.98077564167
2       8.98078752500
2       8.98081900000
4       8.98081901667
1       8.98081913750
2       8.98092400833
2       8.98103101250
4       8.98103103333
1       8.98103115417
2       8.98103895000
2       8.98132487917
4       8.98132490000
1       8.98132502083
2       8.98134211250
2       8.98141254167
2       8.98146124583
2       8.98147585417
2       8.98152585000
4       8.98152587083
1       8.98152598750
2       8.98161028750
2       8.98165600833
2       8.98186205833
4       8.98186207500
1       8.98186219583
2       8.98187627500
2       8.98188990000
2       8.98196009167
2       8.98212107083
4       8.98212109167
1       8.98212121250
2       8.98224167500
2       8.98227710417
2       8.98242580833
4       8.98242582917
1       8.98242595000
2       8.98282960000
4       8.98282961667
1       8.98282973750
2       8.98283005000
2       8.98291505833
2       8.98307602500
4       8.98307604167
1       8.98307616250
2       8.98308832500
2       8.98312472500
2       8.98327074583
4       8.98327076250
1       8.98327088333
2       8.98330087917
2       8.98332480000
2       8.98334205417
2       8.98339658750
2       8.98344065417
2       8.98368754583
4       8.98368756667
1       8.98368768333
2       8.98370508333
2       8.98394841667
4       8.98394843750
1       8.98394855833
2       8.98413987917
2       8.98414553750
2       8.98419750000
4       8.98419752083
1       8.98419764167
2       8.98424226250
2       8.98424620833
2       8.98445162500
4       8.98445164167
1       8.98445176250
2       8.98449237083
2       8.98459467500
2       8.98464538750
2       8.98480572083
4       8.98480574167
1       8.98480586250
2       8.98483057083
2       8.98497156667
2       8.98498952083
2       8.98513359583
4       8.98513361667
1       8.98513373333
2       8.98514920000
2       8.98543700417
4       8.98543702500
1       8.98543714583
2       8.98560521250
2       8.98569240000
4       8.98569242083
1       8.98569254167
2       8.98576492917
2       8.98577516667
2       8.98578774167
2       8.98604851667
4       8.98604853333
1       8.98604865417
2       8.98611743750
2       8.98617992917
2       8.98628365417
4       8.98628365417
1       8.98628379167
2       8.98654494167
4       8.98654494167
1       8.98654507917
2       8.98675658333
4       8.98675658333
1       8.98675672083
2       8.98679933750
2       8.98704840417
4       8.98704840417
1       8.98704854167
2       8.98710470000
2       8.98713300000
2       8.98721473333
2       8.98731238333
4       8.98731238333
1       8.98731252083
2       8.98738390417
2       8.98738986667
2       8.98763103333
4       8.98763103333
1       8.98763117083
2       8.98769430833
2       8.98769500417
2       8.98772483750
2       8.98777416667
2       8.98807358333
4       8.98807360417
1       8.98807372500
2       8.98811968333
2       8.98821001667
2       8.98835381250
4       8.98835381250
1       8.98835395000
2       8.98854155417
4       8.98854155417
1       8.98854169167
2       8.98856208333
2       8.98872906250
2       8.98888410000
4       8.98888412083
1       8.98888423750
2       8.98891291667
2       8.98897850417
2       8.98902222083
2       8.98906357500
2       8.98911822917
4       8.98911825000
1       8.98911837083
2       8.98915634167
2       8.98935844167
4       8.98935844167
1       8.98935857917
2       8.98939686667
2       8.98945817917
2       8.98948326667
2       8.98955445417
4       8.98955445417
1       8.98955459167
2       8.98957506250
2       8.98957642500
2       8.98979361250
4       8.98979363333
1       8.98979375417
2       8.98986557917
2       8.98988208333
2       8.98998230000
2       8.99013415417
4       8.99013415417
1       8.99013429167
2       8.99016725417
2       8.99027819167
2       8.99029276667
2       8.99038085417
4       8.99038085417
1       8.99038099167
2       8.99085052917
4       8.99085055000
1       8.99085067083
2       8.99094729167
2       8.99104598750
4       8.99104600833
1       8.99104612917
2       8.99110100000
2       8.99125738750
4       8.99125740833
1       8.99125752917
2       8.99127219583
2       8.99133790417
2       8.99154280000
4       8.99154282083
1       8.99154294167
2       8.99161637917
2       8.99166579583
2       8.99190387500
4       8.99190389583
1       8.99190401667
2       8.99208802917
4       8.99208805000
1       8.99208817083
2       8.99209629167
2       8.99212975833
2       8.99218150417
2       8.99227887083
4       8.99227888750
1       8.99227900833
2       8.99237786250
2       8.99239149583
2       8.99260849583
4       8.99260851250
1       8.99260863333
2       8.99277400000
2       8.99279684583
2       8.99281784167
4       8.99281784167
1       8.99281797917
2       8.99292897917
2       8.99293565417
2       8.99316187500
4       8.99316189167
1       8.99316201250
2       8.99317717917
2       8.99333214167
4       8.99333215833
1       8.99333227917
2       8.99344844167
2       8.99347057917
2       8.99349413333
2       8.99352490417
4       8.99352492500
1       8.99352504167
2       8.99356033750
2       8.99379551250
4       8.99379553333
1       8.99379565417
2       8.99394416667
2       8.99403431250
4       8.99403433333
1       8.99403445000
2       8.99404062083
2       8.99409036667
2       8.99412475833
2       8.99430094167
4       8.99430096250
1       8.99430107917
2       8.99442019167
2       8.99485082500
4       8.99485084167
1       8.99485096250
2       8.99488820833
2       8.99517110833
4       8.99517112917
1       8.99517125000
2       8.99534334583
2       8.99535826667
2       8.99539136250
4       8.99539138333
1       8.99539150417
2       8.99539311250
2       8.99553611667
2       8.99559378333
4       8.99559378333
1       8.99559392083
2       8.99571267500
2       8.99573023750
2       8.99578551250
4       8.99578551250
1       8.99578565000
2       8.99580075000
2       8.99589682083
2       8.99589783750
2       8.99595972500
4       8.99595974583
1       8.99595986250
2       8.99600284583
2       8.99601277500
2       8.99601477917
2       8.99633300000
4       8.99633301667
1       8.99633313750
2       8.99633496667
2       8.99643607500
2       8.99647241667
2       8.99647346667
2       8.99672125000
4       8.99672126667
1       8.99672138750
2       8.99675907083
2       8.99700216667
4       8.99700218750
1       8.99700230417
2       8.99704357083
2       8.99707962500
2       8.99711338333
2       8.99720090000
4       8.99720091667
1       8.99720103750
2       8.99724989583
2       8.99736015833
2       8.99742608333
4       8.99742610417
1       8.99742622500
2       8.99745089583
2       8.99745557500
2       8.99746619583
2       8.99748236667
2       8.99748342917
2       8.99759963750
4       8.99759965417
1       8.99759977500
2       8.99761686667
2       8.99771825833
2       8.99786195000
4       8.99786197083
1       8.99786209167
2       8.99793827083
2       8.99798783750
2       8.99805112917
2       8.99808419167
4       8.99808420833
1       8.99808432917
2       8.99812197917
2       8.99818562917
2       8.99819820417
2       8.99839890833
4       8.99839892917
1       8.99839905000
2       8.99881667083
4       8.99881669167
1       8.99881681250
2       8.99885176250
2       8.99896531667
2       8.99905572917
4       8.99905575000
1       8.99905587083
2       8.99912298750
2       8.99917925833
2       8.99922912083
2       8.99925519167
4       8.99925520833
1       8.99925532917
2       8.99967606250
4       8.99967606250
1       8.99967620000
2       8.99972247917
2       8.99974136250
2       8.99997190000
4       8.99997191667
1       8.99997203750
2       9.00004842083
2       9.00036476667
4       9.00036478750
1       9.00036490833
2       9.00065789167
4       9.00065789167
1       9.00065802917
2       9.00071358750
2       9.00090131250
4       9.00090131250
1       9.00090145000
2       9.00126205833
4       9.00126207917
1       9.00126220000
2       9.00128290000
2       9.00128755417
2       9.00136084583
2       9.00157077917
4       9.00157079583
1       9.00157091667
2       9.00157438333
2       9.00157542083
2       9.00164395833
2       9.00179009583
4       9.00179011250
1       9.00179023333
2       9.00186626667
2       9.00191854167
2       9.00195463333
2       9.00208217083
4       9.00208218750
1       9.00208230833
2       9.00229882500
4       9.00229882500
1       9.00229896250
2       9.00237757083
2       9.00252640833
4       9.00252642917
1       9.00252655000
2       9.00257972500
2       9.00267142083
2       9.00269854167
2       9.00279701667
4       9.00279703750
1       9.00279715833
2       9.00281986667
2       9.00288699583
2       9.00296087500
2       9.00308154583
4       9.00308156667
1       9.00308168333
2       9.00314877500
2       9.00328979583
4       9.00328981667
1       9.00328993750
2       9.00347437500
2       9.00355049167
4       9.00355049167
1       9.00355062917
2       9.00357402500
2       9.00370784167
2       9.00372400000
2       9.00379360833
4       9.00379362917
1       9.00379375000
2       9.00382708333
2       9.00400664167
4       9.00400666250
1       9.00400678333
2       9.00412250417
2       9.00452994167
4       9.00452996250
1       9.00453008333
2       9.00453525417
2       9.00454755417
2       9.00468996250
2       9.00481047083
4       9.00481049167
1       9.00481060833
2       9.00487610417
2       9.00510071667
4       9.00510073750
1       9.00510085833
2       9.00519238333
2       9.00526892083
4       9.00526894167
1       9.00526906250
2       9.00530168333
2       9.00548592917
4       9.00548594583
1       9.00548606667
2       9.00588302083
4       9.00588303750
1       9.00588315833
2       9.00590223333
2       9.00592439167
2       9.00623277917
4       9.00623279583
1       9.00623291667
2       9.00630596250
2       9.00635863333
2       9.00640035000
2       9.00641760833
2       9.00645503750
4       9.00645505833
1       9.00645517917
2       9.00658485833
2       9.00666468750
4       9.00666470417
1       9.00666482500
2       9.00699431250
4       9.00699433333
1       9.00699445000
2       9.00721692500
4       9.00721694167
1       9.00721706250
2       9.00729375000
2       9.00749584583
4       9.00749586667
1       9.00749598750
2       9.00755799167
2       9.00764480833
2       9.00768025833
2       9.00803172917
4       9.00803175000
1       9.00803186667
2       9.00809488333
2       9.00826917500
4       9.00826919583
1       9.00826931667
2       9.00833406667
2       9.00834311667
2       9.00838741667
2       9.00844372917
2       9.00854414583
4       9.00854416667
1       9.00854428333
2       9.00856133750
2       9.00860269583
2       9.00883554583
4       9.00883556250
1       9.00883568333
2       9.00885479583
2       9.00914394167
4       9.00914394167
1       9.00914407917
2       9.00916281667
2       9.00926384167
2       9.00934695000
4       9.00934697083
1       9.00934709167
2       9.00941617917
2       9.00947157083
2       9.00982002917
4       9.00982005000
1       9.00982017083
2       9.00992165000
2       9.01019662500
4       9.01019664167
1       9.01019676250
2       9.01022913750
2       9.01023077917
2       9.01038066250
2       9.01060565833
4       9.01060567917
1       9.01060579583
2       9.01061388333
2       9.01061491667
2       9.01062958750
2       9.01063091250
2       9.01090650000
4       9.01090652083
1       9.01090663750
2       9.01101443333
2       9.01112564167
4       9.01112564167
1       9.01112577917
2       9.01119726667
2       9.01124627917
2       9.01125854583
2       9.01148273333
4       9.01148275417
1       9.01148287500
2       9.01151790833
2       9.01151977083
2       9.01154095000
2       9.01158541250
2       9.01166688333
2       9.01175730833
4       9.01175732917
1       9.01175745000
2       9.01183904583
2       9.01189877500
2       9.01198144583
4       9.01198146667
1       9.01198158750
2       9.01202861250
2       9.01209121667
2       9.01216844167
2       9.01231273333
4       9.01231275417
1       9.01231287500
2       9.01234857083
2       9.01247443750
2       9.01260994167
4       9.01260996250
1       9.01261008333
2       9.01282197083
4       9.01282199167
1       9.01282211250
2       9.01316867917
4       9.01316870000
1       9.01316882083
2       9.01328393333
2       9.01340982500
4       9.01340984167
1       9.01340996250
2       9.01350990000
2       9.01353367917
2       9.01364464167
4       9.01364464167
1       9.01364477917
2       9.01367842917
2       9.01368974167
2       9.01379080000
2       9.01393052917
4       9.01393054583
1       9.01393066667
2       9.01393450417
2       9.01403552500
2       9.01409579583
2       9.01417721667
4       9.01417723750
1       9.01417735833
2       9.01434224583
2       9.01439983750
4       9.01439985417
1       9.01439997500
2       9.01442269583
2       9.01453466667
2       9.01456282917
2       9.01457804583
4       9.01457806250
1       9.01457818333
2       9.01461150417
2       9.01468480000
2       9.01471020000
2       9.01493440417
4       9.01493442500
1       9.01493454583
2       9.01511297917
4       9.01511299583
1       9.01511311667
2       9.01521960833
2       9.01525345000
2       9.01526599583
2       9.01546739583
4       9.01546741250
1       9.01546753333
2       9.01561680833
2       9.01575326667
4       9.01575328750
1       9.01575340417
2       9.01581548750
2       9.01595729583
4       9.01595731250
1       9.01595743333
2       9.01602742500
2       9.01605637500
2       9.01620336250
4       9.01620336250
1       9.01620350000
2       9.01640942500
4       9.01640942500
1       9.01640956250
2       9.01641906250
2       9.01649785417
2       9.01651606250
2       9.01656013333
2       9.01668002500
4       9.01668004583
1       9.01668016667
2       9.01688847500
4       9.01688849583
1       9.01688861250
2       9.01700764167
2       9.01721193750
4       9.01721195833
1       9.01721207917
2       9.01727092083
2       9.01727757083
2       9.01745179167
4       9.01745179167
1       9.01745192917
2       9.01774687083
4       9.01774688750
1       9.01774700833
2       9.01798905833
4       9.01798907500
1       9.01798919583
2       9.01810553333
2       9.01814957917
2       9.01821485417
4       9.01821485417
1       9.01821499167
2       9.01829476250
2       9.01832979583
2       9.01850352917
4       9.01850355000
1       9.01850367083
2       9.01871175833
4       9.01871177917
1       9.01871190000
2       9.01876476250
2       9.01878297083
2       9.01884425000
2       9.01889390000
2       9.01926555000
4       9.01926557083
1       9.01926569167
2       9.01933225000
2       9.01945540833
4       9.01945542917
1       9.01945555000
2       9.01949646250
2       9.01949877500
2       9.01962826250
2       9.01970120833
4       9.01970122500
1       9.01970134583
2       9.01975283750
2       9.01988335000
2       9.01995356250
4       9.01995356250
1       9.01995370000
2       9.02002042917
2       9.02025992917
4       9.02025995000
1       9.02026006667
2       9.02026690000
2       9.02032283750
2       9.02038148750
2       9.02038684167
2       9.02039605417
2       9.02071712500
4       9.02071714167
1       9.02071726250
2       9.02091841667
4       9.02091843333
1       9.02091855417
2       9.02097139583
2       9.02101115000
2       9.02107841667
2       9.02130627083
4       9.02130629167
1       9.02130641250
2       9.02142980000
2       9.02145533750
2       9.02146361667
2       9.02174879167
4       9.02174881250
1       9.02174893333
2       9.02189620833
2       9.02190412917
2       9.02206345417
4       9.02206347500
1       9.02206359167
2       9.02212514583
2       9.02235093750
4       9.02235095833
1       9.02235107917
2       9.02239010833
2       9.02242787500
2       9.02244867083
2       9.02276995417
4       9.02276997500
1       9.02277009583
2       9.02282098333
2       9.02305984167
4       9.02305986250
1       9.02305998333
2       9.02313139583
2       9.02325722083
4       9.02325724167
1       9.02325736250
2       9.02331385833
2       9.02331784583
2       9.02348549583
4       9.02348551250
1       9.02348563333
2       9.02369083333
4       9.02369085417
1       9.02369097500
2       9.02380240000
2       9.02392197500
4       9.02392199167
1       9.02392211250
2       9.02401801250
2       9.02410217083
4       9.02410219167
1       9.02410231250
2       9.02443543333
4       9.02443545417
1       9.02443557500
2       9.02448172917
2       9.02454314167
2       9.02454434167
2       9.02463383750
2       9.02476892083
4       9.02476894167
1       9.02476906250
2       9.02478884167
2       9.02483025417
2       9.02489117917
2       9.02506470000
4       9.02506471667
1       9.02506483750
2       9.02507334583
2       9.02513265000
2       9.02517006667
2       9.02526842500
4       9.02526844583
1       9.02526856250
2       9.02533135417
2       9.02538340000
2       9.02540495833
2       9.02541712917
2       9.02545955417
4       9.02545957500
1       9.02545969583
2       9.02551724167
2       9.02551817083
2       9.02574942500
4       9.02574944583
1       9.02574956250
2       9.02585371250
2       9.02592299583
2       9.02604414583
4       9.02604416250
1       9.02604428333
2       9.02609525833
2       9.02612172083
2       9.02622462500
2       9.02627538333
4       9.02627538333
1       9.02627552083
2       9.02652648750
4       9.02652650833
1       9.02652662917
2       9.02674936250
4       9.02674936250
1       9.02674950000
2       9.02687018333
2       9.02699374167
4       9.02699375833
1       9.02699387917
2       9.02705383750
2       9.02706471667
2       9.02714147083
2       9.02720446667
4       9.02720448333
1       9.02720460417
2       9.02757146250
4       9.02757146250
1       9.02757160000
2       9.02763638333
2       9.02787913333
4       9.02787913333
1       9.02787927083
2       9.02790896250
2       9.02809112083
4       9.02809114167
1       9.02809126250
2       9.02820841667
2       9.02824844167
2       9.02838333333
4       9.02838335417
1       9.02838347500
2       9.02865158750
4       9.02865160417
1       9.02865172500
2       9.02868935000
2       9.02869296667
2       9.02873700417
2       9.02881624167
2       9.02888814583
4       9.02888816250
1       9.02888828333
2       9.02903354583
2       9.02906002917
2       9.02906427500
2       9.02931507917
4       9.02931510000
1       9.02931521667
2       9.02938792083
2       9.02940842917
2       9.02965817917
4       9.02965820000
1       9.02965832083
2       9.02976552083
2       9.02977345417
2       9.02977387083
2       9.02983944167
4       9.02983944167
1       9.02983957917
2       9.02995394167
2       9.03006236250
4       9.03006238333
1       9.03006250417
2       9.03016036250
2       9.03023681667
4       9.03023683333
1       9.03023695417
2       9.03042529167
4       9.03042530833
1       9.03042542917
2       9.03077573333
4       9.03077575417
1       9.03077587083
2       9.03092476250
2       9.03102812083
4       9.03102814167
1       9.03102826250
2       9.03116801250
2       9.03120598750
4       9.03120600417
1       9.03120612500
2       9.03124142917
2       9.03126660000
2       9.03136566250
2       9.03145739167
4       9.03145741250
1       9.03145753333
2       9.03146042500
2       9.03154583750
2       9.03161273750
2       9.03168300833
4       9.03168302917
1       9.03168315000
2       9.03169326667
2       9.03177868333
2       9.03181483750
2       9.03188731250
4       9.03188731250
1       9.03188745000
2       9.03197982083
2       9.03215173333
4       9.03215173333
1       9.03215187083
2       9.03221597917
2       9.03239276667
4       9.03239278333
1       9.03239290417
2       9.03247460000
2       9.03262633333
4       9.03262633333
1       9.03262647083
2       9.03269916667
2       9.03302315417
4       9.03302317500
1       9.03302329583
2       9.03312478333
2       9.03314997083
2       9.03316960000
2       9.03357357500
4       9.03357359583
1       9.03357371250
2       9.03366013333
2       9.03376939167
2       9.03409897500
4       9.03409899167
1       9.03409911250
2       9.03421855833
2       9.03445695000
4       9.03445697083
1       9.03445709167
2       9.03480944167
4       9.03480944167
1       9.03480957917
2       9.03481930000
2       9.03509624167
4       9.03509626250
1       9.03509637917
2       9.03539904167
4       9.03539906250
1       9.03539918333
2       9.03540694583
2       9.03543582500
2       9.03553912500
2       9.03555042500
2       9.03556626667
2       9.03587861667
4       9.03587863750
1       9.03587875417
2       9.03596372500
2       9.03606733750
2       9.03629200000
4       9.03629202083
1       9.03629214167
2       9.03631948333
2       9.03655830833
4       9.03655832500
1       9.03655844583
2       9.03673450833
2       9.03679456250
4       9.03679456250
1       9.03679470000
2       9.03682402917
2       9.03682460417
2       9.03692530000
2       9.03694618333
2       9.03696180417
2       9.03726908333
4       9.03726908333
1       9.03726922083
2       9.03748143750
4       9.03748145833
1       9.03748157500
2       9.03768085417
2       9.03792004167
4       9.03792004167
1       9.03792017917
2       9.03795916250
2       9.03798455417
2       9.03807896250
2       9.03818527917
4       9.03818529583
1       9.03818541667
2       9.03818991667
2       9.03821048333
2       9.03822673333
2       9.03831217083
2       9.03840333333
4       9.03840335417
1       9.03840347500
2       9.03842345000
2       9.03848174167
2       9.03850560833
2       9.03862649167
4       9.03862651250
1       9.03862663333
2       9.03864106250
2       9.03867450000
2       9.03870432083
2       9.03877755000
2       9.03884081667
4       9.03884083750
1       9.03884095833
2       9.03889080000
2       9.03890769583
2       9.03891634167
2       9.03893028333
2       9.03906607083
4       9.03906608750
1       9.03906620833
2       9.03907331250
2       9.03917411250
2       9.03920080000
2       9.03932259583
4       9.03932261667
1       9.03932273750
2       9.03937314583
2       9.03942217500
2       9.03951220417
4       9.03951222500
1       9.03951234583
2       9.03955902083
2       9.03959532500
2       9.03963700833
2       9.03975067917
4       9.03975069583
1       9.03975081667
2       9.03984471667
2       9.04001860000
4       9.04001862083
1       9.04001874167
2       9.04004849583
2       9.04013056667
2       9.04029791667
4       9.04029793333
1       9.04029805417
2       9.04034650417
2       9.04072375833
4       9.04072377917
1       9.04072390000
2       9.04085735000
2       9.04088515000
2       9.04104638750
4       9.04104640417
1       9.04104652500
2       9.04106831250
2       9.04116340000
2       9.04116667500
2       9.04119056250
2       9.04142403750
4       9.04142405833
1       9.04142417917
2       9.04150581667
2       9.04151480417
2       9.04151747917
2       9.04153972083
2       9.04158007500
2       9.04160024167
2       9.04169730417
4       9.04169732500
1       9.04169744583
2       9.04179405417
2       9.04183308750
2       9.04226672917
4       9.04226675000
1       9.04226687083
2       9.04237734583
2       9.04238365000
2       9.04248328333
4       9.04248330417
1       9.04248342083
2       9.04249164583
2       9.04255087500
2       9.04258433333
2       9.04259458333
2       9.04274131667
4       9.04274133333
1       9.04274145417
2       9.04279168333
2       9.04290793750
2       9.04293453750
4       9.04293455833
1       9.04293467917
2       9.04328256667
4       9.04328258750
1       9.04328270833
2       9.04334945000
2       9.04343752500
2       9.04346702500
2       9.04358232083
4       9.04358233750
1       9.04358245833
2       9.04359523750
2       9.04360857083
2       9.04364497917
2       9.04401853333
4       9.04401853333
1       9.04401867083
2       9.04402716250
2       9.04429453750
4       9.04429455417
1       9.04429467500
2       9.04430313333
2       9.04436104167
2       9.04446569583
4       9.04446571250
1       9.04446583333
2       9.04472274583
4       9.04472276250
1       9.04472288333
2       9.04476615417
2       9.04477571667
2       9.04480717917
2       9.04483304583
2       9.04506521250
4       9.04506521250
1       9.04506535000
2       9.04508210417
2       9.04508606250
2       9.04509239167
2       9.04516192083
2       9.04523314167
2       9.04524732500
4       9.04524734167
1       9.04524746250
2       9.04550341667
4       9.04550343333
1       9.04550355417
2       9.04563697500
2       9.04568788333
4       9.04568790417
1       9.04568802083
2       9.04573464167
2       9.04595220000
4       9.04595222083
1       9.04595234167
2       9.04630102917
4       9.04630105000
1       9.04630117083
2       9.04635334167
2       9.04650443750
4       9.04650445417
1       9.04650457500
2       9.04654347500
2       9.04654688750
2       9.04671173333
4       9.04671175417
1       9.04671187500
2       9.04674316667
2       9.04675940000
2       9.04684623333
2       9.04689328750
4       9.04689330833
1       9.04689342917
2       9.04693434167
2       9.04703864167
2       9.04731826250
4       9.04731828333
1       9.04731840417
2       9.04752352917
4       9.04752355000
1       9.04752366667
2       9.04753294167
2       9.04757126250
2       9.04762027083
2       9.04767660417
2       9.04777962500
4       9.04777964167
1       9.04777976250
2       9.04788025417
2       9.04791465417
2       9.04802943750
4       9.04802945833
1       9.04802957917
2       9.04809100000
2       9.04818869583
2       9.04828705417
4       9.04828705417
1       9.04828719167
2       9.04829499583
2       9.04833486667
2       9.04835157083
2       9.04835201250
2       9.04863985417
4       9.04863987500
1       9.04863999583
2       9.04900882083
4       9.04900883750
1       9.04900895833
2       9.04941392917
4       9.04941394583
1       9.04941406667
2       9.04942485417
2       9.04968950833
4       9.04968952500
1       9.04968964583
2       9.04998558750
4       9.04998560417
1       9.04998572500
2       9.05007041667
2       9.05015954583
2       9.05042015833
4       9.05042017500
1       9.05042029583
2       9.05049836667
2       9.05069238333
4       9.05069238333
1       9.05069252083
2       9.05073224167
2       9.05075535833
2       9.05080116250
2       9.05094018750
4       9.05094020833
1       9.05094032500
2       9.05101970833
2       9.05103762500
2       9.05111235417
2       9.05117310833
4       9.05117312500
1       9.05117324583
2       9.05122141250
2       9.05131658333
2       9.05141684583
4       9.05141686250
1       9.05141698333
2       9.05149342917
2       9.05156987917
2       9.05164036667
4       9.05164038333
1       9.05164050417
2       9.05169109167
2       9.05171589167
2       9.05174477917
2       9.05174968333
2       9.05177091667
2       9.05200574167
4       9.05200574167
1       9.05200587917
2       9.05203427917
2       9.05208126667
2       9.05225782917
4       9.05225784583
1       9.05225796667
2       9.05227998333
2       9.05233136667
2       9.05236186667
2       9.05238301250
2       9.05254034167
4       9.05254034167
1       9.05254047917
2       9.05258378333
2       9.05263674167
2       9.05268938333
2       9.05272358750
4       9.05272360833
1       9.05272372917
2       9.05285070833
2       9.05297224583
4       9.05297226667
1       9.05297238333
2       9.05310674583
2       9.05310710833
2       9.05322370000
4       9.05322371667
1       9.05322383750
2       9.05332638750
2       9.05336244583
2       9.05346313750
4       9.05346315417
1       9.05346327500
2       9.05365624583
4       9.05365626250
1       9.05365638333
2       9.05384936667
4       9.05384938750
1       9.05384950833
2       9.05387884167
2       9.05418190000
4       9.05418192083
1       9.05418204167
2       9.05427837083
2       9.05444490833
4       9.05444492917
1       9.05444505000
2       9.05465560833
4       9.05465562500
1       9.05465574583
2       9.05498575833
4       9.05498577500
1       9.05498589583
2       9.05498809583
2       9.05504205833
2       9.05514650000
2       9.05517398750
4       9.05517400833
1       9.05517412500
2       9.05517889583
2       9.05537792500
4       9.05537794167
1       9.05537806250
2       9.05568272917
4       9.05568274583
1       9.05568286667
2       9.05573306667
2       9.05578075000
2       9.05578935833
2       9.05585272083
2       9.05594674167
4       9.05594676250
1       9.05594688333
2       9.05599040833
2       9.05602024167
2       9.05631305000
4       9.05631307083
1       9.05631318750
2       9.05634822500
2       9.05639489167
2       9.05651214167
4       9.05651214167
1       9.05651227917
2       9.05651937917
2       9.05693805417
4       9.05693807500
1       9.05693819583
2       9.05717731667
4       9.05717733750
1       9.05717745833
2       9.05730105833
2       9.05736702917
4       9.05736704583
1       9.05736716667
2       9.05757241250
4       9.05757243333
1       9.05757255417
2       9.05767833333
2       9.05785062917
4       9.05785064583
1       9.05785076667
2       9.05802349583
2       9.05805237500
4       9.05805239167
1       9.05805251250
2       9.05828317500
4       9.05828319583
1       9.05828331667
2       9.05840043333
2       9.05843423333
2       9.05844917083
2       9.05850506250
4       9.05850506250
1       9.05850520000
2       9.05857368750
2       9.05863162917
2       9.05868798333
2       9.05886248750
4       9.05886250833
1       9.05886262500
2       9.05889289583
2       9.05897739167
2       9.05900265417
2       9.05909638333
4       9.05909640417
1       9.05909652500
2       9.05918079583
2       9.05918277500
2       9.05919105000
2       9.05920995000
2       9.05925637917
2       9.05928683333
4       9.05928683333
1       9.05928697083
2       9.05942533333
2       9.05943487083
2       9.05947097083
4       9.05947099167
1       9.05947110833
2       9.05958663333
2       9.05960452083
2       9.05965716667
4       9.05965718333
1       9.05965730417
2       9.05975615417
2       9.05978865417
2       9.05992340833
4       9.05992342917
1       9.05992355000
2       9.06022817083
4       9.06022819167
1       9.06022831250
2       9.06033055000
2       9.06056471667
4       9.06056473750
1       9.06056485833
2       9.06063525417
2       9.06066005000
2       9.06066508750
2       9.06067395000
2       9.06069747083
2       9.06078263333
4       9.06078263333
1       9.06078277083
2       9.06086218750
2       9.06087335833
2       9.06088965417
2       9.06089360417
2       9.06089386667
2       9.06111511250
4       9.06111511250
1       9.06111525000
2       9.06116678750
2       9.06118967083
2       9.06120060833
2       9.06120097500
2       9.06130097083
4       9.06130099167
1       9.06130110833
2       9.06155737917
4       9.06155740000
1       9.06155752083
2       9.06184848750
4       9.06184850833
1       9.06184862500
2       9.06200378333
2       9.06215452500
4       9.06215452500
1       9.06215466250
2       9.06216513750
2       9.06220920417
2       9.06247093333
4       9.06247095417
1       9.06247107083
2       9.06250674167
2       9.06264539583
2       9.06286010000
4       9.06286012083
1       9.06286024167
2       9.06287301667
2       9.06289947917
2       9.06297465000
2       9.06316842917
4       9.06316845000
1       9.06316857083
2       9.06334430417
2       9.06343170417
4       9.06343172500
1       9.06343184583
2       9.06345316250
2       9.06367517500
4       9.06367519583
1       9.06367531250
2       9.06381165833
2       9.06383363333
2       9.06397460417
4       9.06397462500
1       9.06397474583
2       9.06398591250
2       9.06400312083
2       9.06403729167
2       9.06409033333
2       9.06437975833
4       9.06437977500
1       9.06437989583
2       9.06439106250
2       9.06439635833
2       9.06484972083
4       9.06484973750
1       9.06484985833
2       9.06488853750
2       9.06492700417
2       9.06502396250
2       9.06503224583
2       9.06507370000
4       9.06507371667
1       9.06507383750
2       9.06508266250
2       9.06533430833
4       9.06533432500
1       9.06533444583
2       9.06545591250
2       9.06547282917
2       9.06547814167
2       9.06553277917
4       9.06553279583
1       9.06553291667
2       9.06566587500
2       9.06566628333
2       9.06588120000
4       9.06588122083
1       9.06588134167
2       9.06589280833
2       9.06600107500
2       9.06607494583
2       9.06613892500
4       9.06613894583
1       9.06613906667
2       9.06618624583
2       9.06629056250
2       9.06630650000
4       9.06630660000
1       9.06630672083
2       9.06643763333
2       9.06644429167
2       9.06651280417
4       9.06651282500
1       9.06651294583
2       9.06661690417
2       9.06663013750
2       9.06666022917
2       9.06667713750
2       9.06691301667
4       9.06691303333
1       9.06691315417
2       9.06700936250
2       9.06703330417
2       9.06718163750
4       9.06718165417
1       9.06718177500
2       9.06765425417
4       9.06765427500
1       9.06765439583
2       9.06771753333
2       9.06777182083
2       9.06789346250
4       9.06789348333
1       9.06789360417
2       9.06794339167
2       9.06802588333
2       9.06814485000
4       9.06814487083
1       9.06814499167
2       9.06816153333
2       9.06822226667
2       9.06832332500
2       9.06844091667
4       9.06844093333
1       9.06844105417
2       9.06864497083
2       9.06904738333
4       9.06904740417
1       9.06904752500
2       9.06923752083
2       9.06925507500
2       9.06930835833
4       9.06930837917
1       9.06930849583
2       9.06934518333
2       9.06941612500
2       9.06946637917
2       9.06955210417
4       9.06955212500
1       9.06955224583
2       9.06955984167
2       9.06989434583
4       9.06989436250
1       9.06989448333
2       9.06998641250
2       9.07020232917
4       9.07020235000
1       9.07020247083
2       9.07026527083
2       9.07034780833
2       9.07036425833
2       9.07053662083
4       9.07053663750
1       9.07053675833
2       9.07065942917
2       9.07070725000
2       9.07075385833
4       9.07075387500
1       9.07075399583
2       9.07097845000
4       9.07097846667
1       9.07097858750
2       9.07178795000
4       9.07178796667
1       9.07178808750
2       9.07180751667
2       9.07199131667
4       9.07199133750
1       9.07199145833
2       9.07207310000
2       9.07221962917
4       9.07221964583
1       9.07221976667
2       9.07228909167
2       9.07241495417
4       9.07241497500
1       9.07241509167
2       9.07243410833
2       9.07272527917
4       9.07272530000
1       9.07272541667
2       9.07273852917
2       9.07294033333
4       9.07294035417
1       9.07294047083
2       9.07304230417
2       9.07308636250
2       9.07313042917
4       9.07313045000
1       9.07313057083
2       9.07326366667
2       9.07346896250
4       9.07346898333
1       9.07346910417
2       9.07350280833
2       9.07353911250
2       9.07358120417
2       9.07383357083
4       9.07383358750
1       9.07383370833
2       9.07387735833
2       9.07406183750
4       9.07406185833
1       9.07406197917
2       9.07418569583
2       9.07425888333
4       9.07425890417
1       9.07425902083
2       9.07437260000
2       9.07444942083
4       9.07444943750
1       9.07444955833
2       9.07447285000
2       9.07458522917
2       9.07469187083
4       9.07469189167
1       9.07469200833
2       9.07475049167
2       9.07482996667
2       9.07483228750
2       9.07492212083
4       9.07492214167
1       9.07492226250
2       9.07498600833
2       9.07510557500
4       9.07510557500
1       9.07510571250
2       9.07534997500
4       9.07534999583
1       9.07535011250
2       9.07536188333
2       9.07537050833
2       9.07552783333
4       9.07552785417
1       9.07552797500
2       9.07554378750
2       9.07555406250
2       9.07555498750
2       9.07561162917
2       9.07566200833
2       9.07575406250
4       9.07575406250
1       9.07575420000
2       9.07580234583
2       9.07581069167
2       9.07581597917
2       9.07582760833
2       9.07590331250
2       9.07596577500
4       9.07596579583
1       9.07596591667
2       9.07604583333
2       9.07624918333
4       9.07624920417
1       9.07624932500
2       9.07625122500
2       9.07632244167
2       9.07634168333
2       9.07651124167
4       9.07651126250
1       9.07651137917
2       9.07653320000
2       9.07673884583
4       9.07673886667
1       9.07673898750
2       9.07686797083
2       9.07688651667
2       9.07723962917
4       9.07723964583
1       9.07723976667
2       9.07755430833
4       9.07755432500
1       9.07755444583
2       9.07762587500
2       9.07779077917
4       9.07779079583
1       9.07779091667
2       9.07792293750
2       9.07811445833
4       9.07811447917
1       9.07811460000
2       9.07815020417
2       9.07822268333
2       9.07832046250
4       9.07832048333
1       9.07832060417
2       9.07845553333
2       9.07855299167
4       9.07855299167
1       9.07855312917
2       9.07859039583
2       9.07860449167
2       9.07894606250
4       9.07894606250
1       9.07894620000
2       9.07905940417
2       9.07906564167
2       9.07916245833
4       9.07916247500
1       9.07916259583
2       9.07923428333
2       9.07936285000
4       9.07936287083
1       9.07936298750
2       9.07951583750
2       9.08007864583
4       9.08007866667
1       9.08007878750
2       9.08017127500
2       9.08024324583
2       9.08028221667
4       9.08028223750
1       9.08028235833
2       9.08045588750
2       9.08047770417
2       9.08049823333
4       9.08049823333
1       9.08049837083
2       9.08050684583
2       9.08068071667
2       9.08080063333
4       9.08080063333
1       9.08080077083
2       9.08107525000
4       9.08107526667
1       9.08107538750
2       9.08112764167
2       9.08123920417
2       9.08124851667
4       9.08124853333
1       9.08124865417
2       9.08128127083
2       9.08134490417
2       9.08147297917
4       9.08147300000
1       9.08147312083
2       9.08148497917
2       9.08157115833
2       9.08158997917
2       9.08176124583
4       9.08176126667
1       9.08176138333
2       9.08199171250
4       9.08199173333
1       9.08199185000
2       9.08228494167
4       9.08228496250
1       9.08228507917
2       9.08241178333
2       9.08248260417
4       9.08248262500
1       9.08248274583
2       9.08260754167
2       9.08274094583
4       9.08274096667
1       9.08274108750
2       9.08275088750
2       9.08284530417
2       9.08297744583
4       9.08297746667
1       9.08297758750
2       9.08301160417
2       9.08343490833
4       9.08343492500
1       9.08343504583
2       9.08345575000
2       9.08346472500
2       9.08352800417
2       9.08359066250
2       9.08365352917
4       9.08365354583
1       9.08365366667
2       9.08365687500
2       9.08366342500
2       9.08405235833
4       9.08405237500
1       9.08405249583
2       9.08407885000
2       9.08424871667
2       9.08429351250
4       9.08429351250
1       9.08429365000
2       9.08432226250
2       9.08432424583
2       9.08436732083
2       9.08448760417
4       9.08448762500
1       9.08448774583
2       9.08464948750
2       9.08475286250
4       9.08475288333
1       9.08475300417
2       9.08475520417
2       9.08484597083
2       9.08493500000
2       9.08501693750
4       9.08501695417
1       9.08501707500
2       9.08513147917
2       9.08529110417
4       9.08529110417
1       9.08529124167
2       9.08532792083
2       9.08543057500
2       9.08543782083
2       9.08556473750
4       9.08556475417
1       9.08556487500
2       9.08577165000
4       9.08577166667
1       9.08577178750
2       9.08582806667
2       9.08590386250
2       9.08601127083
4       9.08601129167
1       9.08601141250
2       9.08629596667
4       9.08629598750
1       9.08629610833
2       9.08649074583
4       9.08649076667
1       9.08649088750
2       9.08651472500
2       9.08673227500
4       9.08673229167
1       9.08673241250
2       9.08700483333
4       9.08700485417
1       9.08700497083
2       9.08709004167
2       9.08737781250
4       9.08737783333
1       9.08737795417
2       9.08742410833
2       9.08745146250
2       9.08752988750
2       9.08760005833
4       9.08760007500
1       9.08760019583
2       9.08775774167
2       9.08791308333
4       9.08791310417
1       9.08791322500
2       9.08791702917
2       9.08802540833
2       9.08805585833
2       9.08810550833
4       9.08810552917
1       9.08810564583
2       9.08822309167
2       9.08837649167
4       9.08837649167
1       9.08837662917
2       9.08838071667
2       9.08838945833
2       9.08840167083
2       9.08854670417
4       9.08854672500
1       9.08854684583
2       9.08858217500
2       9.08873718750
4       9.08873720417
1       9.08873732500
2       9.08888632083
2       9.08889218750
2       9.08897306250
4       9.08897306250
1       9.08897320000
2       9.08902667083
2       9.08912413333
2       9.08918406250
4       9.08918408333
1       9.08918420417
2       9.08940130417
4       9.08940132500
1       9.08940144583
2       9.08954109167
2       9.08957817083
4       9.08957818750
1       9.08957830833
2       9.08969575000
2       9.08973720417
2       9.08973880417
2       9.08975472083
4       9.08975474167
1       9.08975486250
2       9.08989817917
2       9.09005610833
4       9.09005612500
1       9.09005624583
2       9.09018172500
2       9.09021147917
2       9.09022406250
2       9.09059507083
4       9.09059509167
1       9.09059520833
2       9.09066960000
2       9.09121840417
4       9.09121842500
1       9.09121854583
2       9.09144532917
4       9.09144534583
1       9.09144546667
2       9.09174309167
4       9.09174309167
1       9.09174322917
2       9.09186190417
2       9.09196067083
4       9.09196068750
1       9.09196080833
2       9.09209490000
2       9.09235318333
4       9.09235318333
1       9.09235332083
2       9.09237311250
2       9.09239725000
2       9.09247044583
2       9.09254141250
2       9.09258774167
4       9.09258774167
1       9.09258787917
2       9.09265294583
2       9.09273648333
2       9.09284308333
4       9.09284308333
1       9.09284322083
2       9.09305178333
4       9.09305180417
1       9.09305192500
2       9.09320184583
2       9.09323356667
2       9.09348562083
4       9.09348563750
1       9.09348575833
2       9.09350789583
2       9.09369101667
4       9.09369103333
1       9.09369115417
2       9.09373345833
2       9.09378010000
2       9.09411804167
4       9.09411806250
1       9.09411818333
2       9.09417524583
2       9.09419015833
2       9.09425506667
2       9.09427630000
2       9.09436038750
4       9.09436040417
1       9.09436052500
2       9.09438465417
2       9.09446743333
2       9.09482523333
4       9.09482523333
1       9.09482537083
2       9.09485268750
2       9.09503020833
4       9.09503022500
1       9.09503034583
2       9.09510043333
2       9.09523855417
4       9.09523857500
1       9.09523869583
2       9.09539218750
2       9.09557538750
4       9.09557540417
1       9.09557552500
2       9.09584403333
4       9.09584405417
1       9.09584417500
2       9.09587745417
2       9.09588910833
2       9.09589370000
2       9.09594040417
2       9.09595390417
2       9.09602624583
2       9.09606535417
4       9.09606537500
1       9.09606549583
2       9.09615799583
2       9.09622131667
2       9.09625575833
4       9.09625577917
1       9.09625590000
2       9.09633989167
2       9.09636677917
2       9.09677602500
4       9.09677604583
1       9.09677616667
2       9.09680384583
2       9.09687707500
2       9.09703550833
4       9.09703552917
1       9.09703565000
2       9.09708047500
2       9.09716845417
2       9.09717705417
2       9.09719976667
2       9.09775723750
4       9.09775725833
1       9.09775737917
2       9.09793002917
2       9.09800662917
4       9.09800665000
1       9.09800676667
2       9.09828317500
4       9.09828319583
1       9.09828331250
2       9.09830206250
2       9.09840834167
2       9.09843757500
2       9.09858529167
4       9.09858531250
1       9.09858543333
2       9.09865416667
2       9.09867902917
2       9.09887344167
4       9.09887346250
1       9.09887357917
2       9.09889825000
2       9.09899163750
2       9.09905027083
2       9.09915530833
4       9.09915532917
1       9.09915545000
2       9.09925637500
2       9.09935830833
4       9.09935832500
1       9.09935844583
2       9.09963852500
4       9.09963854583
1       9.09963866667
2       9.09968295000
2       9.09975549583
2       9.09976503333
2       9.09984652917
4       9.09984655000
1       9.09984667083
2       9.09985945417
2       9.10009367083
4       9.10009369167
1       9.10009381250
2       9.10020226250
2       9.10022254167
2       9.10046231250
4       9.10046233333
1       9.10046245417
2       9.10052296250
2       9.10066277500
4       9.10066279167
1       9.10066291250
2       9.10098165833
4       9.10098167917
1       9.10098179583
2       9.10104889583
2       9.10111251250
2       9.10116881250
4       9.10116881250
1       9.10116895000
2       9.10135993333
2       9.10141589167
4       9.10141591250
1       9.10141603333
2       9.10167995417
4       9.10167995417
1       9.10168009167
2       9.10170140833
2       9.10173622917
2       9.10213570833
4       9.10213572500
1       9.10213584583
2       9.10233272500
2       9.10238213750
4       9.10238215417
1       9.10238227500
2       9.10259078750
2       9.10268117500
4       9.10268117500
1       9.10268131250
2       9.10269702917
2       9.10270775000
2       9.10279478750
2       9.10303493750
4       9.10303495417
1       9.10303507500
2       9.10306005000
2       9.10314224167
2       9.10330747917
4       9.10330750000
1       9.10330761667
2       9.10337673333
2       9.10350222917
4       9.10350225000
1       9.10350237083
2       9.10360633750
2       9.10386366667
4       9.10386368750
1       9.10386380833
2       9.10406065417
4       9.10406065417
1       9.10406079167
2       9.10416186667
2       9.10417804167
2       9.10425548333
2       9.10430357500
4       9.10430359583
1       9.10430371667
2       9.10445990833
2       9.10471093333
4       9.10471095417
1       9.10471107500
2       9.10501273333
4       9.10501275417
1       9.10501287500
2       9.10507397500
2       9.10512468750
2       9.10517069167
2       9.10517860833
2       9.10527534583
4       9.10527536250
1       9.10527548333
2       9.10528070417
2       9.10554069583
4       9.10554071667
1       9.10554083750
2       9.10565728750
2       9.10565770417
2       9.10569372500
2       9.10592497083
4       9.10592498750
1       9.10592510833
2       9.10595305417
2       9.10599910833
2       9.10632438750
4       9.10632440833
1       9.10632452917
2       9.10647904167
2       9.10656120000
4       9.10656122083
1       9.10656134167
2       9.10662882917
2       9.10668870833
2       9.10670630000
2       9.10688447500
4       9.10688449167
1       9.10688461250
2       9.10699074583
2       9.10699809167
2       9.10706602500
2       9.10718525417
4       9.10718525417
1       9.10718539167
2       9.10719982083
2       9.10735256250
2       9.10738292917
2       9.10740253333
4       9.10740253333
1       9.10740267083
2       9.10756772083
2       9.10759262083
2       9.10962536250
4       9.10962538333
1       9.10962550417
2       9.10963307500
2       9.10966347917
2       9.10971507500
2       9.10972368750
2       9.10976377500
2       9.10982988333
4       9.10982990417
1       9.10983002500
2       9.10998343333
2       9.11025271667
4       9.11025273750
1       9.11025285833
2       9.11029607500
2       9.11050251250
4       9.11050251250
1       9.11050265000
2       9.11059487083
2       9.11066837500
2       9.11110359167
4       9.11110359167
1       9.11110372917
2       9.11146039167
4       9.11146039167
1       9.11146052917
2       9.11147861667
2       9.11150474583
2       9.11152092917
2       9.11174457500
4       9.11174459167
1       9.11174471250
2       9.11206389583
4       9.11206391667
1       9.11206403750
2       9.11211985417
2       9.11214823750
2       9.11220297500
2       9.11222384583
2       9.11233717083
4       9.11233719167
1       9.11233731250
2       9.11236531250
2       9.11243685417
2       9.11252124583
2       9.11258290417
4       9.11258290417
1       9.11258304167
2       9.11282936667
4       9.11282938750
1       9.11282950833
2       9.11291408750
2       9.11294757083
2       9.11299300417
2       9.11300799583
4       9.11300801250
1       9.11300813333
2       9.11303332500
2       9.11304498750
2       9.11336887500
4       9.11336889167
1       9.11336901250
2       9.11366240000
4       9.11366241667
1       9.11366253750
2       9.11374216667
2       9.11407840833
4       9.11407842500
1       9.11407854583
2       9.11433407500
4       9.11433407500
1       9.11433421250
2       9.11442812083
2       9.11451199167
2       9.11472462083
4       9.11472464167
1       9.11472476250
2       9.11473687500
2       9.11482135417
2       9.11490650417
2       9.11500816250
4       9.11500816250
1       9.11500830000
2       9.11529264167
4       9.11529266250
1       9.11529278333
2       9.11537011667
2       9.11543749583
2       9.11554164583
4       9.11554166250
1       9.11554178333
2       9.11554178333
2       9.11558807917
2       9.11569447500
2       9.11572597083
2       9.11583160833
4       9.11583162500
1       9.11583174583
2       9.11627312917
4       9.11627314583
1       9.11627326667
2       9.11642875417
2       9.11647130417
4       9.11647132500
1       9.11647144583
2       9.11654572083
2       9.11672063750
4       9.11672065833
1       9.11672077500
2       9.11675831250
2       9.11680540417
2       9.11684184583
2       9.11686236250
2       9.11689315417
2       9.11718823750
4       9.11718825417
1       9.11718837500
2       9.11722796667
2       9.11726936250
2       9.11744627917
4       9.11744629583
1       9.11744641667
2       9.11757284583
2       9.11766594583
4       9.11766596667
1       9.11766608333
2       9.11815580417
4       9.11815580417
1       9.11815594167
2       9.11831008333
2       9.11835490417
2       9.11861922083
4       9.11861923750
1       9.11861935833
2       9.11884294167
4       9.11884295833
1       9.11884307917
2       9.11916833750
4       9.11916835833
1       9.11916847500
2       9.11918125417
2       9.11928996667
2       9.11933892500
2       9.11935348750
2       9.11955459167
4       9.11955461250
1       9.11955473333
2       9.11958567500
2       9.11970428750
2       9.11971858750
2       9.11984271667
4       9.11984273750
1       9.11984285833
2       9.11989671250
2       9.12006169167
4       9.12006171250
1       9.12006182917
2       9.12009253333
2       9.12015044583
2       9.12023725833
2       9.12324708333
4       9.12324708333
1       9.12324722083
2       9.12325599167
2       9.12345412083
4       9.12345414167
1       9.12345426250
2       9.12382902917
4       9.12382905000
1       9.12382917083
2       9.12384523750
2       9.12387809167
2       9.12422084583
4       9.12422086667
1       9.12422098333
2       9.12429671667
2       9.12447854583
4       9.12447856250
1       9.12447868333
2       9.12457365417
2       9.12473492917
4       9.12473494583
1       9.12473506667
2       9.12495285000
4       9.12495286667
1       9.12495298750
2       9.12506219583
2       9.12507278750
2       9.12509665417
2       9.12516291250
4       9.12516293333
1       9.12516305417
2       9.12518643333
2       9.12537883333
4       9.12537885417
1       9.12537897500
2       9.12557625833
2       9.12569582917
4       9.12569585000
1       9.12569597083
2       9.12570182917
2       9.12579887083
2       9.12586080417
2       9.12609985833
4       9.12609987917
1       9.12609999583
2       9.12657290417
4       9.12657292500
1       9.12657304583
2       9.12666175417
2       9.12681043750
4       9.12681045417
1       9.12681057500
2       9.12685751667
2       9.12713236667
4       9.12713238750
1       9.12713250833
2       9.12714097917
2       9.12730353333
2       9.12740065417
4       9.12740067500
1       9.12740079583
2       9.12761263333
4       9.12761263333
1       9.12761277083
2       9.12766262500
2       9.12770177083
2       9.12798590833
4       9.12798592500
1       9.12798604583
2       9.12819062083
4       9.12819063750
1       9.12819075833
2       9.12827480000
2       9.12846383333
4       9.12846385417
1       9.12846397500
2       9.12847644583
2       9.12861886667
2       9.12865500417
4       9.12865502500
1       9.12865514583
2       9.12871466250
2       9.12880709583
2       9.12896967917
4       9.12896969583
1       9.12896981667
2       9.12898023333
2       9.12932051667
4       9.12932053750
1       9.12932065417
2       9.12953176667
4       9.12953178750
1       9.12953190833
2       9.12957384583
2       9.12962790000
2       9.12993924583
4       9.12993926250
1       9.12993938333
2       9.13006436250
2       9.13032507500
4       9.13032509583
1       9.13032521667
2       9.13046948333
2       9.13062715417
4       9.13062717500
1       9.13062729167
2       9.13110777083
4       9.13110779167
1       9.13110790833
2       9.13128794583
4       9.13128796250
1       9.13128808333
2       9.13159564167
4       9.13159564167
1       9.13159577917
2       9.13160621250
2       9.13162477500
2       9.13202952917
4       9.13202954583
1       9.13202966667
2       9.13207158333
2       9.13227565833
4       9.13227567500
1       9.13227579583
2       9.13237998333
2       9.13244726250
2       9.13286463333
4       9.13286465417
1       9.13286477500
2       9.13290373750
2       9.13301033750
2       9.13311432083
4       9.13311434167
1       9.13311445833
2       9.13334277083
4       9.13334279167
1       9.13334290833
2       9.13338922917
2       9.13352139167
2       9.13354219167
4       9.13354219167
1       9.13354232917
2       9.13401393333
4       9.13401395417
1       9.13401407500
2       9.13425408750
4       9.13425410833
1       9.13425422917
2       9.13440834583
2       9.13447102500
4       9.13447104583
1       9.13447116250
2       9.13457402500
2       9.13632289167
2       9.13641130417
4       9.13641130417
1       9.13641144167
2       9.13651469583
2       9.13668985000
4       9.13668986667
1       9.13668998750
2       9.13675947500
2       9.13695253750
4       9.13695255833
1       9.13695267917
2       9.13709204583
2       9.13717883333
4       9.13717885417
1       9.13717897500
2       9.13728577500
2       9.13733612500
2       9.13741232917
4       9.13741235000
1       9.13741247083
2       9.13765940417
4       9.13765942500
1       9.13765954583
2       9.13791215417
4       9.13791217500
1       9.13791229583
2       9.13828841667
4       9.13828843333
1       9.13828855417
2       9.13832815000
2       9.13842525000
2       9.13846891667
4       9.13846893750
1       9.13846905833
2       9.13847195833
2       9.13848449583
2       9.13857859583
2       9.13879855000
4       9.13879857083
1       9.13879869167
2       9.13885014583
2       9.13887997917
2       9.13892006667
2       9.13907302917
4       9.13907304583
1       9.13907316667
2       9.13919662917
2       9.13923104583
2       9.13969181667
4       9.13969183333
1       9.13969195417
2       9.14017477083
4       9.14017478750
1       9.14017490833
2       9.14038415000
4       9.14038417083
1       9.14038428750
2       9.14047088333
2       9.14053710000
2       9.14071202917
4       9.14071204583
1       9.14071216667
2       9.14071528750
2       9.14079345417
2       9.14079711667
2       9.14080805417
2       9.14087660000
2       9.14094814583
4       9.14094816250
1       9.14094828333
2       9.14114494167
4       9.14114496250
1       9.14114508333
2       9.14128416667
2       9.14157227083
4       9.14157228750
1       9.14157240833
2       9.14157584167
2       9.14176336250
4       9.14176338333
1       9.14176350417
2       9.14195870417
4       9.14195872500
1       9.14195884167
2       9.14204676667
2       9.14209152083
2       9.14210810417
2       9.14211871250
2       9.14232404167
4       9.14232404167
1       9.14232417917
2       9.14242442083
2       9.14250817917
4       9.14250820000
1       9.14250832083
2       9.14280372500
4       9.14280374167
1       9.14280386250
2       9.14338967500
4       9.14338969583
1       9.14338981250
2       9.14362215000
4       9.14362216667
1       9.14362228750
2       9.14371558750
2       9.14376283750
2       9.14384077917
4       9.14384079583
1       9.14384091667
2       9.14391395833
2       9.14394735833
2       9.14407095000
4       9.14407097083
1       9.14407109167
2       9.14416575833
2       9.14440117500
4       9.14440119167
1       9.14440131250
2       9.14450815000
2       9.14486692917
4       9.14486695000
1       9.14486707083
2       9.14496185000
2       9.14499806667
2       9.14550977917
4       9.14550980000
1       9.14550991667
2       9.14967834167
2       9.14970674583
2       9.14982272917
4       9.14982274583
1       9.14982286667
2       9.14990057500
2       9.14996048750
2       9.14997445833
2       9.14998237083
2       9.15000325833
4       9.15000327500
1       9.15000339583
2       9.15040099583
4       9.15040101250
1       9.15040113333
2       9.15044685000
2       9.15047858750
2       9.15074120417
4       9.15074122500
1       9.15074134583
2       9.15108500417
4       9.15108502500
1       9.15108514583
2       9.15114828333
2       9.15117908333
2       9.15118672500
2       9.15121880833
2       9.15126622917
4       9.15126625000
1       9.15126637083
2       9.15127916667
2       9.15131590000
2       9.15134071250
2       9.15150535000
4       9.15150537083
1       9.15150549167
2       9.15156902083
2       9.15157159583
2       9.15167624583
2       9.15192874167
4       9.15192876250
1       9.15192888333
2       9.15218366667
4       9.15218368333
1       9.15218380417
2       9.15246162500
4       9.15246164167
1       9.15246176250
2       9.15260007917
2       9.15287199167
4       9.15287201250
1       9.15287213333
2       9.15312568750
4       9.15312570417
1       9.15312582500
2       9.15320552083
2       9.15338674583
4       9.15338676667
1       9.15338688750
2       9.15374205000
4       9.15374207083
1       9.15374219167
2       9.15383053750
2       9.15383882083
2       9.15390908333
2       9.15398986250
4       9.15398988333
1       9.15399000417
2       9.15407104583
2       9.15409682083
2       9.15419718750
4       9.15419720417
1       9.15419732500
2       9.15429365000
2       9.15433177500
2       9.15450634583
4       9.15450636667
1       9.15450648750
2       9.15452587083
2       9.15456892083
2       9.15473877083
4       9.15473878750
1       9.15473890833
2       9.15498825417
4       9.15498825417
1       9.15498839167
2       9.15500507917
2       9.15500706250
2       9.15502102500
2       9.15505578333
2       9.15510578333
2       9.15521577083
4       9.15521579167
1       9.15521591250
2       9.15521671667
2       9.15524415417
2       9.15545389167
4       9.15545391250
1       9.15545402917
2       9.15555487083
2       9.15581767500
4       9.15581769583
1       9.15581781250
2       9.15588719167
2       9.15625186250
4       9.15625186250
1       9.15625200000
2       9.15637142083
2       9.15649392917
4       9.15649394583
1       9.15649406667
2       9.15684903333
4       9.15684903333
1       9.15684917083
2       9.15686894167
2       9.15693947500
2       9.15700205833
2       9.15702490000
4       9.15702491667
1       9.15702503750
2       9.15712928750
2       9.15722397083
4       9.15722399167
1       9.15722411250
2       9.15749655417
4       9.15749657500
1       9.15749669583
2       9.15752999583
2       9.15764165417
2       9.15774145417
4       9.15774147500
1       9.15774159583
2       9.15804146250
4       9.15804146250
1       9.15804160000
2       9.15824061667
4       9.15824063333
1       9.15824075417
2       9.15827832917
2       9.15845054583
4       9.15845056667
1       9.15845068750
2       9.15847340417
2       9.15867076667
4       9.15867078333
1       9.15867090417
2       9.15893109583
4       9.15893111667
1       9.15893123333
2       9.15893181250
2       9.15935308750
4       9.15935310833
1       9.15935322917
2       9.16275649583
2       9.16278920000
4       9.16278921667
1       9.16278933750
2       9.16299825417
4       9.16299827500
1       9.16299839583
2       9.16337387083
4       9.16337388750
1       9.16337400833
2       9.16342421667
2       9.16343843750
2       9.16366472500
4       9.16366474583
1       9.16366486667
2       9.16374952917
2       9.16376995417
2       9.16387966667
4       9.16387968750
1       9.16387980833
2       9.16398268750
2       9.16408303750
4       9.16408305417
1       9.16408317500
2       9.16410027917
2       9.16415292917
2       9.16416649167
2       9.16449680417
4       9.16449682500
1       9.16449694583
2       9.16454641250
2       9.16458223333
2       9.16459410000
2       9.16474587917
4       9.16474589583
1       9.16474601667
2       9.16474744583
2       9.16494755417
4       9.16494755417
1       9.16494769167
2       9.16519496250
4       9.16519498333
1       9.16519510417
2       9.16532708333
2       9.16541487917
4       9.16541490000
1       9.16541502083
2       9.16558014167
2       9.16559611667
4       9.16559613333
1       9.16559625417
2       9.16560333750
2       9.16569479167
2       9.16569970000
2       9.16580341667
4       9.16580343333
1       9.16580355417
2       9.16587627917
2       9.16591567083
2       9.16593255417
2       9.16600772500
4       9.16600774583
1       9.16600786250
2       9.16602368750
2       9.16627672083
4       9.16627673750
1       9.16627685833
2       9.16635094167
2       9.16644434167
2       9.16653380000
4       9.16653381667
1       9.16653393750
2       9.16660625000
2       9.16672131250
4       9.16672131250
1       9.16672145000
2       9.16673182917
2       9.16688484583
2       9.16711775417
4       9.16711775417
1       9.16711789167
2       9.16714249583
2       9.16749728333
4       9.16749728333
1       9.16749742083
2       9.16756023333
2       9.16756851250
2       9.16787126250
4       9.16787128333
1       9.16787140417
2       9.16800577083
2       9.16826775833
4       9.16826777500
1       9.16826789583
2       9.16835425833
2       9.16894580000
4       9.16894581667
1       9.16894593750
2       9.16895306250
2       9.16953561667
4       9.16953563333
1       9.16953575417
2       9.16957081667
2       9.16958339583
2       9.16960715833
2       9.16962012500
2       9.16985292500
4       9.16985294167
1       9.16985306250
2       9.17020504167
4       9.17020506250
1       9.17020517917
2       9.17026507083
2       9.17039291250
4       9.17039293333
1       9.17039305000
2       9.17041878333
2       9.17047080000
2       9.17050949167
2       9.17110734583
4       9.17110736667
1       9.17110748333
2       9.17151376667
4       9.17151378750
1       9.17151390417
2       9.17183306667
4       9.17183308750
1       9.17183320833
2       9.17184792917
2       9.17188048750
2       9.17189928333
2       9.17210731250
4       9.17210731250
1       9.17210745000
2       9.17214472917
2       9.17248895833
4       9.17248897500
1       9.17248909583
2       9.17258992083
2       9.17264960833
2       9.17297378333
4       9.17297380417
1       9.17297392500
2       9.17304897500
2       9.17313347917
2       9.17320465833
4       9.17320467917
1       9.17320480000
2       9.17331272500
2       9.17373297917
4       9.17373299583
1       9.17373311667
2       9.17384264167
2       9.17394565417
4       9.17394567500
1       9.17394579583
2       9.17406255000
2       9.17422782083
4       9.17422783750
1       9.17422795833
2       9.17437324583
2       9.17442134167
2       9.17449410000
4       9.17449411667
1       9.17449423750
2       9.17458025833
2       9.17458453750
2       9.17472337083
4       9.17472338750
1       9.17472350833
2       9.17473328333
2       9.17477989167
2       9.17507812500
4       9.17507814583
1       9.17507826667
2       9.17509045417
2       9.17516949583
2       9.17553425833
4       9.17553427917
1       9.17553440000
2       9.17558752083
2       9.17593338333
4       9.17593340417
1       9.17593352500
2       9.17599133750
2       9.17599299583
2       9.17604823333
2       9.17616781250
4       9.17616783333
1       9.17616795000
2       9.17627279167
2       9.17629209583
2       9.17646161667
4       9.17646163333
1       9.17646175417
2       9.17669813750
4       9.17669815833
1       9.17669827917
2       9.17721646667
4       9.17721648333
1       9.17721660417
2       9.17753217500
4       9.17753219583
1       9.17753231667
2       9.17757061250
2       9.17763558333
2       9.17779649167
4       9.17779651250
1       9.17779662917
2       9.17782998750
2       9.17801479583
4       9.17801481250
1       9.17801493333
2       9.17803999583
2       9.17824857500
4       9.17824859583
1       9.17824871667
2       9.17860403750
4       9.17860405833
1       9.17860417917
2       9.17863678333
2       9.17867157500
2       9.17878549583
4       9.17878551250
1       9.17878563333
2       9.17886402083
2       9.17887193750
2       9.17890473750
2       9.17892995833
2       9.17931780417
4       9.17931782500
1       9.17931794583
2       9.17944267500
2       9.17967320833
4       9.17967322917
1       9.17967335000
2       9.17976920833
2       9.17983613333
2       9.17995510000
4       9.17995511667
1       9.17995523750
2       9.18049669583
4       9.18049671250
1       9.18049683333
2       9.18069236667
2       9.18071031250
4       9.18071033333
1       9.18071045417
2       9.18074435000
2       9.18081891667
2       9.18085832083
2       9.18099639167
4       9.18099639167
1       9.18099652917
2       9.18104089167
2       9.18104720833
2       9.18105148750
2       9.18120843750
4       9.18120845833
1       9.18120857917
2       9.18122871250
2       9.18132694167
2       9.18158600000
4       9.18158602083
1       9.18158614167
2       9.18159531250
2       9.18172056250
2       9.18182560000
4       9.18182562083
1       9.18182574167
2       9.18182878333
2       9.18184965417
2       9.18196368333
2       9.18231112500
4       9.18231112500
1       9.18231126250
2       9.18231440833
2       9.18236840000
2       9.18244984167
2       9.18263000417
4       9.18263002500
1       9.18263014583
2       9.18799591250
2       9.18820946667
4       9.18820948750
1       9.18820960833
2       9.18827784167
2       9.18831792083
2       9.18837086667
2       9.18852031667
4       9.18852033333
1       9.18852045417
2       9.18862334583
2       9.18865074167
2       9.18875549583
4       9.18875551250
1       9.18875563333
2       9.18875880000
2       9.18879284167
2       9.18882265000
2       9.18893327917
2       9.18915712917
4       9.18915714583
1       9.18915726667
2       9.18921812917
2       9.18922240833
2       9.18947881667
4       9.18947883750
1       9.18947895833
2       9.18986232500
4       9.18986234583
1       9.18986246667
2       9.18999058333
2       9.19009556250
4       9.19009556250
1       9.19009570000
2       9.19026980417
2       9.19034005833
4       9.19034007917
1       9.19034020000
2       9.19090905833
4       9.19090907500
1       9.19090919583
2       9.19113725417
4       9.19113725417
1       9.19113739167
2       9.19115124583
2       9.19119095833
2       9.19130579583
2       9.19133700000
2       9.19135587500
4       9.19135589167
1       9.19135601250
2       9.19147704167
2       9.19167650000
4       9.19167652083
1       9.19167663750
2       9.19174570833
2       9.19175934167
2       9.19178884167
2       9.19180434583
2       9.19186561250
4       9.19186563333
1       9.19186575000
2       9.19193354583
2       9.19215080417
4       9.19215082500
1       9.19215094583
2       9.19216806667
2       9.19264993333
4       9.19264993333
1       9.19265007083
2       9.19269271667
2       9.19295608333
4       9.19295610417
1       9.19295622500
2       9.19301895833
2       9.19302057917
2       9.19303818333
2       9.19313853333
2       9.19344130833
4       9.19344132500
1       9.19344144583
2       9.19361054167
2       9.19366984167
4       9.19366986250
1       9.19366998333
2       9.19380199583
2       9.19412464583
4       9.19412466667
1       9.19412478750
2       9.19418917917
2       9.19429062083
2       9.19435745417
4       9.19435747500
1       9.19435759583
2       9.19454070417
2       9.19462580417
4       9.19462582500
1       9.19462594583
2       9.19465161250
2       9.19481059167
2       9.19499705417
4       9.19499707500
1       9.19499719583
2       9.19500135833
2       9.19506988750
2       9.19514646667
2       9.19519412917
2       9.19530416250
4       9.19530416250
1       9.19530430000
2       9.19566416250
4       9.19566418333
1       9.19566430000
2       9.19573603333
2       9.19577940417
2       9.19594474583
4       9.19594476667
1       9.19594488750
2       9.19595493333
2       9.19608020417
2       9.19619209583
4       9.19619211667
1       9.19619223750
2       9.19629944167
2       9.19660116667
4       9.19660118333
1       9.19660130417
2       9.19674830833
2       9.19689927500
4       9.19689929167
1       9.19689941250
2       9.19705769583
2       9.19710367917
4       9.19710370000
1       9.19710382083
2       9.19721626667
2       9.19733792500
4       9.19733794583
1       9.19733806667
2       9.19739711667
2       9.19760577083
4       9.19760579167
1       9.19760591250
2       9.19775681667
2       9.19783371667
4       9.19783373333
1       9.19783385417
2       9.19800295417
2       9.20178261250
4       9.20178261250
1       9.20178275000
2       9.20190110000
2       9.20197339167
4       9.20197339167
1       9.20197352917
2       9.20229395417
4       9.20229397500
1       9.20229409583
2       9.20231453333
2       9.20237377500
2       9.20237646667
2       9.20248015833
4       9.20248017917
1       9.20248030000
2       9.20249568750
2       9.20252982917
2       9.20254533333
2       9.20260862917
2       9.20266931667
4       9.20266933750
1       9.20266945833
2       9.20273480833
2       9.20276363333
2       9.20283319583
2       9.20317175833
4       9.20317177500
1       9.20317189583
2       9.20323860000
2       9.20358978750
4       9.20358980833
1       9.20358992917
2       9.20369703333
2       9.20371000417
2       9.20385100000
4       9.20385101667
1       9.20385113750
2       9.20386334167
2       9.20391204167
2       9.20403490000
4       9.20403492083
1       9.20403503750
2       9.20424660417
4       9.20424662500
1       9.20424674167
2       9.20431575417
2       9.20480130833
4       9.20480132500
1       9.20480144583
2       9.20511240417
4       9.20511240417
1       9.20511254167
2       9.20571287500
4       9.20571289167
1       9.20571301250
2       9.20580797500
2       9.20584772500
2       9.20617299583
4       9.20617301667
1       9.20617313750
2       9.20633200833
2       9.20648832917
4       9.20648835000
1       9.20648847083
2       9.20671784583
4       9.20671786250
1       9.20671798333
2       9.20680270000
2       9.20696922083
4       9.20696923750
1       9.20696935833
2       9.20706992083
2       9.20715335833
2       9.20725672083
4       9.20725673750
1       9.20725685833
2       9.20728757500
2       9.20735682083
2       9.20737991667
2       9.20742665833
2       9.20743261667
2       9.20752934167
4       9.20752934167
1       9.20752947917
2       9.20755881667
2       9.20767242083
2       9.20772907083
4       9.20772909167
1       9.20772920833
2       9.20777242917
2       9.20783371250
2       9.20784967917
2       9.20794900000
4       9.20794902083
1       9.20794914167
2       9.20798442083
2       9.20804769583
2       9.20829019167
4       9.20829021250
1       9.20829033333
2       9.20830243333
2       9.20847262500
4       9.20847264167
1       9.20847276250
2       9.20860385000
2       9.20862307500
2       9.20869920000
4       9.20869922083
1       9.20869934167
2       9.20873403333
2       9.20876876250
2       9.20903217500
4       9.20903219583
1       9.20903231667
2       9.20922186667
4       9.20922188750
1       9.20922200417
2       9.20923712500
2       9.20933353333
2       9.20943607500
4       9.20943609583
1       9.20943621667
2       9.20949713750
2       9.20958060000
2       9.20984485417
4       9.20984487500
1       9.20984499583
2       9.20998410417
2       9.21010201250
4       9.21010203333
1       9.21010215417
2       9.21021528333
2       9.21026427500
2       9.21028746667
4       9.21028748333
1       9.21028760417
2       9.21049282083
4       9.21049283750
1       9.21049295833
2       9.21060876667
2       9.21069290417
2       9.21073659583
4       9.21073661667
1       9.21073673750
2       9.21076107917
2       9.21094790417
4       9.21094790417
1       9.21094804167
2       9.21097812083
2       9.21100360833
2       9.21116489583
4       9.21116491250
1       9.21116503333
2       9.21119534167
2       9.21139041667
4       9.21139043750
1       9.21139055833
2       9.21139146250
2       9.21174949583
4       9.21174951250
1       9.21174963333
2       9.21175147917
2       9.21179458333
2       9.21190444167
2       9.21198667500
4       9.21198669167
1       9.21198681250
2       9.21204295000
2       9.21218765833
4       9.21218767500
1       9.21218779583
2       9.21251432917
4       9.21251434583
1       9.21251446667
2       9.21262464167
2       9.21264780000
2       9.21267495417
2       9.21271236667
4       9.21271238750
1       9.21271250833
2       9.21275045833
2       9.21279719583
2       9.21287366667
2       9.21291840417
4       9.21291842500
1       9.21291854167
2       9.21298030000
2       9.21301212500
2       9.21549537917
4       9.21549539583
1       9.21549551667
2       9.21605075833
4       9.21605077917
1       9.21605090000
2       9.21612699583
2       9.21625320000
4       9.21625322083
1       9.21625334167
2       9.21629225000
2       9.21637442083
2       9.21653606250
4       9.21653606250
1       9.21653620000
2       9.21665295833
2       9.21668942083
2       9.21711145000
4       9.21711147083
1       9.21711159167
2       9.21721743333
2       9.21727272917
2       9.21732970417
4       9.21732970417
1       9.21732984167
2       9.21737505000
2       9.21740918750
2       9.21757575833
4       9.21757577500
1       9.21757589583
2       9.21763670417
2       9.21769206667
2       9.21773116250
2       9.21776722500
4       9.21776722500
1       9.21776736250
2       9.21780423333
2       9.21807988333
4       9.21807988333
1       9.21808002083
2       9.21819448333
2       9.21820145833
2       9.21827103333
4       9.21827105417
1       9.21827117500
2       9.21862275417
4       9.21862277500
1       9.21862289583
2       9.21862810417
2       9.21866874583
2       9.21874502083
2       9.21882182500
4       9.21882184583
1       9.21882196667
2       9.21883439167
2       9.21893277083
2       9.21893415417
2       9.21902657083
4       9.21902658750
1       9.21902670833
2       9.21904867083
2       9.21907124583
2       9.21912062917
2       9.21943454167
4       9.21943454167
1       9.21943467917
2       9.21948656667
2       9.21988773333
4       9.21988775417
1       9.21988787083
2       9.21990392917
2       9.22006658750
2       9.22013511250
4       9.22013513333
1       9.22013525000
2       9.22031929167
2       9.22048167083
4       9.22048168750
1       9.22048180833
2       9.22072244167
4       9.22072246250
1       9.22072258333
2       9.22110536250
4       9.22110538333
1       9.22110550417
2       9.22110663750
2       9.22115827917
2       9.22117089583
2       9.22125797500
2       9.22128420833
4       9.22128422917
1       9.22128435000
2       9.22128712083
2       9.22132224583
2       9.22139647500
2       9.22177433750
4       9.22177435833
1       9.22177447917
2       9.22186349583
2       9.22198538333
4       9.22198540417
1       9.22198552500
2       9.22203576667
2       9.22210630417
2       9.22212582917
2       9.22212774167
2       9.22220470417
4       9.22220472500
1       9.22220484167
2       9.22224476250
2       9.22227487083
2       9.22237953333
4       9.22237953333
1       9.22237967083
2       9.22255874583
2       9.22286546250
4       9.22286548333
1       9.22286560417
2       9.22304236667
2       9.22305257500
4       9.22305259167
1       9.22305271250
2       9.22334509583
4       9.22334511250
1       9.22334523333
2       9.22335699583
2       9.22376963750
4       9.22376965417
1       9.22376977500
2       9.22381942083
2       9.22439042500
4       9.22439044167
1       9.22439056250
2       9.22940128750
4       9.22940130833
1       9.22940142917
2       9.22942670000
2       9.22997417500
4       9.22997417500
1       9.22997431250
2       9.22998247917
2       9.23011766667
2       9.23023793333
4       9.23023795417
1       9.23023807083
2       9.23037303333
2       9.23038558750
2       9.23060552083
4       9.23060553750
1       9.23060565833
2       9.23143530417
4       9.23143532500
1       9.23143544167
2       9.23170922917
4       9.23170925000
1       9.23170936667
2       9.23172483750
2       9.23216990000
4       9.23216991667
1       9.23217003750
2       9.23219342083
2       9.23220997917
2       9.23226031250
2       9.23383366667
4       9.23383368750
1       9.23383380833
2       9.23409134167
4       9.23409135833
1       9.23409147917
2       9.23417549167
2       9.23436502917
4       9.23436505000
1       9.23436517083
2       9.23505225833
4       9.23505227500
1       9.23505239583
2       9.23513207917
2       9.23532123333
4       9.23532125417
1       9.23532137500
2       9.23565112917
4       9.23565115000
1       9.23565127083
2       9.23575054167
2       9.23586604167
4       9.23586604167
1       9.23586617917
2       9.23642988750
4       9.23642990833
1       9.23643002917
2       9.23676572083
4       9.23676573750
1       9.23676585833
2       9.23677903333
2       9.23691672917
2       9.23737812083
4       9.23737813750
1       9.23737825833
2       9.23757192083
2       9.23758149167
2       9.23760462500
4       9.23760464167
1       9.23760476250
2       9.23775606667
2       9.23783122083
4       9.23783124167
1       9.23783135833
2       9.23793818333
2       9.23831584167
4       9.23831586250
1       9.23831598333
2       9.24418152917
4       9.24418155000
1       9.24418167083
2       9.24448094167
4       9.24448096250
1       9.24448108333
2       9.24504967500
4       9.24504969167
1       9.24504981250
2       9.24506987083
2       9.24528777917
4       9.24528780000
1       9.24528792083
2       9.24541168750
2       9.24600509583
4       9.24600511250
1       9.24600523333
2       9.24628872917
4       9.24628875000
1       9.24628887083
2       9.24652996250
4       9.24652996250
1       9.24653010000
2       9.24672932917
4       9.24672934583
1       9.24672946667
2       9.24763489167
4       9.24763491250
1       9.24763503333
2       9.24790582500
4       9.24790582500
1       9.24790596250
2       9.24830196667
4       9.24830198750
1       9.24830210833
2       9.24865876667
4       9.24865878750
1       9.24865890833
2       9.24873842500
2       9.24903663750
4       9.24903665833
1       9.24903677917
2       9.24907445833
2       9.25220945833
4       9.25220947917
1       9.25220960000
2       9.25232901667
2       9.25289580833
4       9.25289582917
1       9.25289595000
2       9.25429055833
4       9.25429057917
1       9.25429070000
2       9.25499647083
4       9.25499649167
1       9.25499661250
2       9.25502325000
2       9.25520474167
4       9.25520474167
1       9.25520487917
2       9.25543000417
4       9.25543000417
1       9.25543014167
2       9.25659719167
4       9.25659721250
1       9.25659733333
2       9.25673535833
2       9.25794230000
4       9.25794232083
1       9.25794244167
2       9.25840336667
4       9.25840338750
1       9.25840350833
2       9.25891149167
4       9.25891149167
1       9.25891162917
2       9.25901615417
2       9.26012410833
4       9.26012412500
1       9.26012424583
2       9.26012843333
2       9.26135262917
4       9.26135265000
1       9.26135277083
2       9.26149700417
2       9.26320751667
4       9.26320753333
1       9.26320765417
2       9.26330983333
2       9.26446382917
4       9.26446385000
1       9.26446397083
2       9.26554990417
4       9.26554992500
1       9.26555004583
2       9.26673902083
4       9.26673903750
1       9.26673915833
2       9.26776247917
4       9.26776250000
1       9.26776262083
2       9.27059613750
4       9.27059615833
1       9.27059627917
2       9.27183689583
4       9.27183691667
1       9.27183703750
2       9.27287860833
4       9.27287862917
1       9.27287875000
2       9.27360795417
4       9.27360797500
1       9.27360809583
2       9.27370271250
2       9.27620080000
4       9.27620082083
1       9.27620094167
2       9.27697520833
4       9.27697522917
1       9.27697534583
2       9.29659742500
4       9.29659744167
1       9.29659756250
2       9.29711580417
4       9.29711582500
1       9.29711594583
2       21.98686367917
4       21.98686369583
1       21.98686381667
2       21.98901920417
4       21.98901922500
1       21.98901934583
2       21.98953771667
4       21.98953773333
1       21.98953785417
2       21.99072399167
4       21.99072401250
1       21.99072413333
2       21.99079590000
2       21.99184662500
4       21.99184664583
1       21.99184676667
2       21.99212124583
4       21.99212126667
1       21.99212138750
2       22.00065273333
4       22.00065275417
1       22.00065287500
2       22.00312239167
4       22.00312241250
1       22.00312252917
2       22.00443625000
4       22.00443627083
1       22.00443639167
2       22.00577294167
4       22.00577295833
1       22.00577307917
2       22.00694609583
4       22.00694611667
1       22.00694623750
2       22.01541170000
4       22.01541172083
1       22.01541184167
2       22.01634243750
4       22.01634245833
1       22.01634257917
2       22.01802966250
4       22.01802966250
1       22.01802980000
2       22.02173785000
4       22.02173787083
1       22.02173799167
2       22.02481630417
4       22.02481630417
1       22.02481644167
2       22.02555292083
4       22.02555293750
1       22.02555305833
2       22.02587381667
4       22.02587383750
1       22.02587395833
2       22.02599513333
2       22.02655490833
4       22.02655492500
1       22.02655504583
2       22.02693317917
4       22.02693319583
1       22.02693331667
2       22.02784038750
4       22.02784040417
1       22.02784052500
2       22.02827631667
4       22.02827633750
1       22.02827645833
2       22.02892552083
4       22.02892554167
1       22.02892566250
2       22.02988906250
4       22.02988906250
1       22.02988920000
2       22.02993065833
2       22.03014204583
4       22.03014206250
1       22.03014218333
2       22.03015169167
2       22.03024867083
2       22.03030044583
2       22.03052750833
4       22.03052752917
1       22.03052764583
2       22.03140378750
4       22.03140380833
1       22.03140392917
2       22.03179021250
4       22.03179021250
1       22.03179035000
2       22.03184859583
2       22.03213368333
4       22.03213370417
1       22.03213382083
2       22.03242820000
4       22.03242821667
1       22.03242833750
2       22.03304825417
4       22.03304827500
1       22.03304839583
2       22.03449773750
4       22.03449775417
1       22.03449787500
2       22.03488727500
4       22.03488729583
1       22.03488741667
2       22.03523830417
4       22.03523830417
1       22.03523844167
2       22.03560505417
4       22.03560505417
1       22.03560519167
2       22.03588990417
4       22.03588990417
1       22.03589004167
2       22.03592937917
2       22.03604187917
2       22.03722038750
4       22.03722040833
1       22.03722052500
2       22.03726642500
2       22.03740130000
2       22.03740630833
2       22.03765136250
4       22.03765138333
1       22.03765150417
2       22.03769275417
2       22.03788590833
4       22.03788592917
1       22.03788604583
2       22.03817965417
4       22.03817967500
1       22.03817979583
2       22.03865202083
4       22.03865203750
1       22.03865215833
2       22.03867776667
2       22.03871753333
2       22.03890167083
4       22.03890168750
1       22.03890180833
2       22.03905876250
2       22.03919458750
4       22.03919460833
1       22.03919472917
2       22.03927868750
2       22.03968048750
4       22.03968050417
1       22.03968062500
2       22.04090170000
4       22.04090171667
1       22.04090183750
2       22.04106298750
2       22.04132997917
4       22.04132999583
1       22.04133011667
2       22.04155712917
4       22.04155714583
1       22.04155726667
2       22.04167276250
2       22.04173872083
2       22.04173905417
2       22.04194772500
4       22.04194774167
1       22.04194786250
2       22.04231864583
4       22.04231866667
1       22.04231878333
2       22.04251409167
4       22.04251411250
1       22.04251423333
2       22.04263295417
2       22.04270090000
2       22.04282047917
4       22.04282049583
1       22.04282061667
2       22.04285068750
2       22.04295329583
2       22.04338263333
4       22.04338265417
1       22.04338277500
2       22.04366307917
4       22.04366310000
1       22.04366322083
2       22.04403378750
4       22.04403380833
1       22.04403392917
2       22.04415361667
2       22.04446865417
4       22.04446867500
1       22.04446879583
2       22.04461970417
2       22.04473263750
4       22.04473265833
1       22.04473277500
2       22.04473900417
2       22.04478399167
2       22.04501813750
4       22.04501815417
1       22.04501827500
2       22.04534077917
4       22.04534079583
1       22.04534091667
2       22.04540972083
2       22.04547103750
2       22.04549378333
2       22.04553949583
4       22.04553951250
1       22.04553963333
2       22.04555912500
2       22.04563617917
2       22.04576206250
4       22.04576206250
1       22.04576220000
2       22.04592514167
2       22.04594960833
4       22.04594962500
1       22.04594974583
2       22.04625096250
4       22.04625096250
1       22.04625110000
2       22.04666669583
4       22.04666671250
1       22.04666683333
2       22.04669151667
2       22.04684224167
2       22.04691340417
4       22.04691342500
1       22.04691354167
2       22.04698674167
2       22.04698692500
2       22.04718439167
4       22.04718439167
1       22.04718452917
2       22.04737087083
4       22.04737088750
1       22.04737100833
2       22.04750500417
2       22.04763713750
4       22.04763715833
1       22.04763727917
2       22.04765801667
2       22.04770675000
2       22.04777397083
2       22.04788887083
4       22.04788889167
1       22.04788901250
2       22.04793501250
2       22.04808992083
2       22.04830893750
4       22.04830895417
1       22.04830907500
2       22.04836323750
2       22.04842782083
2       22.04844642500
2       22.04845761250
2       22.04849909167
4       22.04849911250
1       22.04849923333
2       22.04858585000
2       22.04865799583
2       22.04882635833
4       22.04882637500
1       22.04882649583
2       22.04883254167
2       22.04887068750
2       22.04894490000
2       22.04898230000
2       22.04902013333
4       22.04902013333
1       22.04902027083
2       22.04907997500
2       22.04921084583
4       22.04921086667
1       22.04921098750
2       22.04927704167
2       22.04940797500
4       22.04940799583
1       22.04940811667
2       22.04947155000
2       22.04964238333
4       22.04964238333
1       22.04964252083
2       22.04975140833
2       22.04999725833
4       22.04999727500
1       22.04999739583
2       22.05000089583
2       22.05005944167
2       22.05030791667
4       22.05030793750
1       22.05030805417
2       22.05032014583
2       22.05033002083
2       22.05034894167
2       22.05035359167
2       22.05055929583
4       22.05055931667
1       22.05055943333
2       22.05082290833
4       22.05082292500
1       22.05082304583
2       22.05091932500
2       22.05098255833
2       22.05102337500
4       22.05102339583
1       22.05102351667
2       22.05104157083
2       22.05105052500
2       22.05113396250
2       22.05129886250
4       22.05129888333
1       22.05129900417
2       22.05155694167
4       22.05155696250
1       22.05155708333
2       22.05181600833
4       22.05181602917
1       22.05181614583
2       22.05186862500
2       22.05191503750
2       22.05205806667
4       22.05205808333
1       22.05205820417
2       22.05206667083
2       22.05206772083
2       22.05252646667
4       22.05252648750
1       22.05252660833
2       22.05260463750
2       22.05262478333
2       22.05277689583
4       22.05277691667
1       22.05277703333
2       22.05279007500
2       22.05289111667
2       22.05293910833
2       22.05305277083
4       22.05305278750
1       22.05305290833
2       22.05305471667
2       22.05307562500
2       22.05324086250
4       22.05324088333
1       22.05324100417
2       22.05336915000
2       22.05340484167
2       22.05353340833
4       22.05353342500
1       22.05353354583
2       22.05370193333
4       22.05370195417
1       22.05370207083
2       22.05380529583
2       22.05381158750
2       22.05391566667
4       22.05391568750
1       22.05391580833
2       22.05397264583
2       22.05401730417
2       22.05404350833
2       22.05418228750
4       22.05418230833
1       22.05418242500
2       22.05453604583
4       22.05453606667
1       22.05453618750
2       22.05462045417
2       22.05468242500
2       22.05477016667
4       22.05477018333
1       22.05477030417
2       22.05492285000
2       22.05495966250
4       22.05495966250
1       22.05495980000
2       22.05496406250
2       22.05496526667
2       22.05499545417
2       22.05500941250
2       22.05501166250
2       22.05504671667
2       22.05505301667
2       22.05537794167
4       22.05537796250
1       22.05537808333
2       22.05544088750
2       22.05548293750
2       22.05554193750
2       22.05559270833
4       22.05559272500
1       22.05559284583
2       22.05564853750
2       22.05570660833
2       22.05573574167
2       22.05573700417
2       22.05581021250
4       22.05581023333
1       22.05581035417
2       22.05583608333
2       22.05597181667
2       22.05602158333
4       22.05602158333
1       22.05602172083
2       22.05615834583
2       22.05631909167
4       22.05631911250
1       22.05631922917
2       22.05636310417
2       22.05640575000
2       22.05651108750
4       22.05651110417
1       22.05651122500
2       22.05656939167
2       22.05657172917
2       22.05664490000
2       22.05667045417
2       22.05676086667
4       22.05676088333
1       22.05676100417
2       22.05677483750
2       22.05677903333
2       22.05688647500
2       22.05688710000
2       22.05704806250
4       22.05704808333
1       22.05704820417
2       22.05710988333
2       22.05735445000
4       22.05735447083
1       22.05735459167
2       22.05745011667
2       22.05754056250
2       22.05764893333
4       22.05764895417
1       22.05764907500
2       22.05764994167
2       22.05773205417
2       22.05773764167
2       22.05795940417
4       22.05795942500
1       22.05795954583
2       22.05802222500
2       22.05810932083
2       22.05812785000
2       22.05815067500
4       22.05815069167
1       22.05815081250
2       22.05821197500
2       22.05832059167
2       22.05839683750
4       22.05839685417
1       22.05839697500
2       22.05840380000
2       22.05842559583
2       22.05849553750
2       22.05850812500
2       22.05853230833
2       22.05883736667
4       22.05883738333
1       22.05883750417
2       22.05885317917
2       22.05905890417
4       22.05905892500
1       22.05905904583
2       22.05908140833
2       22.05918513333
2       22.05920698333
2       22.05922685417
2       22.05935024167
4       22.05935024167
1       22.05935037917
2       22.05938850417
2       22.05940412083
2       22.05951706250
2       22.05963357917
4       22.05963360000
1       22.05963372083
2       22.05969455000
2       22.05985817500
4       22.05985817500
1       22.05985831250
2       22.06010030000
4       22.06010031667
1       22.06010043750
2       22.06011585417
2       22.06012842917
2       22.06015595000
2       22.06020663333
2       22.06028415833
4       22.06028417500
1       22.06028429583
2       22.06028614583
2       22.06029439167
2       22.06031499583
2       22.06047295833
4       22.06047297500
1       22.06047309583
2       22.06050904583
2       22.06056896667
2       22.06061334583
2       22.06064288333
4       22.06064288333
1       22.06064302083
2       22.06084264167
4       22.06084266250
1       22.06084278333
2       22.06087304583
2       22.06098035417
2       22.06098201250
2       22.06124237083
4       22.06124238750
1       22.06124250833
2       22.06138712500
2       22.06141692917
2       22.06150973333
4       22.06150975417
1       22.06150987500
2       22.06158850000
2       22.06164480833
2       22.06168956667
4       22.06168958333
1       22.06168970417
2       22.06172732500
2       22.06173127083
2       22.06174622083
2       22.06190515833
4       22.06190517500
1       22.06190529583
2       22.06222448333
4       22.06222450417
1       22.06222462083
2       22.06226355000
2       22.06228045417
2       22.06237482083
2       22.06254012083
4       22.06254013750
1       22.06254025833
2       22.06256363333
2       22.06268717917
2       22.06275645833
4       22.06275647500
1       22.06275659583
2       22.06278951667
2       22.06284755000
2       22.06286411667
2       22.06291602917
2       22.06300057083
4       22.06300058750
1       22.06300070833
2       22.06318041250
4       22.06318041250
1       22.06318055000
2       22.06322246667
2       22.06332910000
2       22.06341560000
4       22.06341561667
1       22.06341573750
2       22.06343179167
2       22.06344111667
2       22.06344240417
2       22.06356629583
2       22.06357653333
2       22.06359750000
4       22.06359751667
1       22.06359763750
2       22.06363621667
2       22.06372559167
2       22.06372955833
2       22.06375740000
2       22.06399783333
4       22.06399785417
1       22.06399797500
2       22.06400450000
2       22.06409725417
2       22.06418232083
4       22.06418233750
1       22.06418245833
2       22.06433345833
2       22.06442750000
4       22.06442751667
1       22.06442763750
2       22.06443979583
2       22.06444466250
2       22.06450627083
2       22.06454969583
2       22.06464605833
4       22.06464607500
1       22.06464619583
2       22.06477201667
2       22.06479652500
2       22.06481006250
2       22.06482859167
4       22.06482860833
1       22.06482872917
2       22.06487299167
2       22.06487495833
2       22.06489781667
2       22.06496270833
2       22.06501745833
4       22.06501747500
1       22.06501759583
2       22.06506538750
2       22.06510314167
2       22.06529867500
4       22.06529869167
1       22.06529881250
2       22.06534067500
2       22.06535327917
2       22.06539062917
2       22.06554800000
4       22.06554801667
1       22.06554813750
2       22.06555767500
2       22.06555836667
2       22.06565442500
2       22.06580369583
4       22.06580371667
1       22.06580383750
2       22.06583589167
2       22.06588916667
2       22.06591967917
2       22.06605777500
4       22.06605779583
1       22.06605791667
2       22.06621672917
2       22.06625281250
4       22.06625283333
1       22.06625295000
2       22.06628398750
2       22.06633375000
2       22.06640159167
2       22.06640355417
2       22.06642436250
4       22.06642438333
1       22.06642450000
2       22.06642477500
2       22.06647909583
2       22.06652617917
2       22.06653998333
2       22.06665005417
4       22.06665007500
1       22.06665019583
2       22.06667290000
2       22.06670330000
2       22.06678817917
2       22.06686135417
4       22.06686137500
1       22.06686149583
2       22.06687162083
2       22.06694478750
2       22.06696565417
2       22.06696834583
2       22.06699058333
2       22.06699620417
2       22.06725515833
4       22.06725517917
1       22.06725529583
2       22.06731375000
2       22.06750129583
4       22.06750131250
1       22.06750143333
2       22.06750887917
2       22.06762610417
2       22.06763869583
2       22.06764529583
2       22.06765757500
2       22.06778049167
4       22.06778051250
1       22.06778062917
2       22.06783415833
2       22.06791164167
2       22.06812527917
4       22.06812529583
1       22.06812541667
2       22.06814451250
2       22.06815383333
2       22.06825056250
2       22.06825581667
2       22.06827431667
2       22.06854062083
4       22.06854063750
1       22.06854075833
2       22.06859264583
2       22.06863213333
2       22.06878645833
4       22.06878647500
1       22.06878659583
2       22.06880671250
2       22.06884470417
2       22.06913423333
4       22.06913423333
1       22.06913437083
2       22.06913655000
2       22.06930843750
2       22.06931746667
2       22.06933363750
2       22.06954735000
4       22.06954737083
1       22.06954748750
2       22.06972614583
2       22.06973442500
2       22.06984962083
4       22.06984964167
1       22.06984975833
2       22.06992287500
2       22.06997753750
2       22.06999639167
2       22.07021274167
4       22.07021275833
1       22.07021287917
2       22.07022168750
2       22.07025056250
2       22.07035584583
2       22.07038068333
2       22.07040349583
2       22.07044093333
4       22.07044095417
1       22.07044107500
2       22.07049396250
2       22.07052076667
2       22.07054522917
2       22.07068670000
4       22.07068672083
1       22.07068684167
2       22.07070290417
2       22.07085965833
2       22.07097772917
4       22.07097775000
1       22.07097787083
2       22.07101230833
2       22.07104275417
2       22.07114810833
2       22.07115903750
2       22.07117301667
4       22.07117303750
1       22.07117315833
2       22.07125904583
2       22.07146285000
4       22.07146287083
1       22.07146299167
2       22.07152573750
2       22.07159691250
2       22.07162408333
2       22.07165493750
4       22.07165495417
1       22.07165507500
2       22.07168664167
2       22.07169923750
2       22.07173573750
2       22.07179562083
2       22.07189000417
4       22.07189000417
1       22.07189014167
2       22.07193053750
2       22.07193606667
2       22.07195601250
2       22.07196754583
2       22.07201864167
2       22.07217627500
4       22.07217629167
1       22.07217641250
2       22.07218419167
2       22.07230575417
2       22.07231796250
2       22.07234910417
4       22.07234912500
1       22.07234924583
2       22.07237266250
2       22.07240014583
2       22.07254362500
4       22.07254364583
1       22.07254376667
2       22.07256575833
2       22.07256936250
2       22.07258825000
2       22.07276715833
4       22.07276717500
1       22.07276729583
2       22.07279163750
2       22.07282111667
2       22.07284106250
2       22.07300990000
4       22.07300992083
1       22.07301004167
2       22.07315035000
2       22.07318287917
2       22.07325742917
4       22.07325744583
1       22.07325756667
2       22.07328088333
2       22.07332296667
2       22.07336741250
2       22.07341501250
2       22.07344218333
2       22.07346303750
4       22.07346305833
1       22.07346317917
2       22.07351732083
2       22.07355780417
2       22.07366185833
4       22.07366187500
1       22.07366199583
2       22.07366641250
2       22.07369157917
2       22.07370419167
2       22.07371243750
2       22.07381979167
2       22.07389667917
4       22.07389669583
1       22.07389681667
2       22.07401462500
2       22.07401523750
2       22.07402094583
2       22.07408481250
2       22.07422059167
4       22.07422061250
1       22.07422073333
2       22.07440264583
2       22.07447234167
4       22.07447234167
1       22.07447247917
2       22.07449982500
2       22.07450542083
2       22.07453332917
2       22.07474654167
4       22.07474654167
1       22.07474667917
2       22.07487441250
2       22.07495026667
2       22.07498368750
4       22.07498370417
1       22.07498382500
2       22.07499570833
2       22.07503942083
2       22.07509932083
2       22.07515134583
4       22.07515136250
1       22.07515148333
2       22.07529476250
2       22.07541364583
4       22.07541366667
1       22.07541378333
2       22.07545737500
2       22.07546110833
2       22.07562168750
4       22.07562170833
1       22.07562182917
2       22.07566143333
2       22.07574980833
2       22.07587939167
4       22.07587939167
1       22.07587952917
2       22.07596551250
2       22.07601746667
2       22.07603634583
2       22.07614540417
4       22.07614540417
1       22.07614554167
2       22.07621454167
2       22.07661173750
4       22.07661175417
1       22.07661187500
2       22.07674085000
2       22.07707088333
4       22.07707090417
1       22.07707102500
2       22.07715857083
2       22.07724432500
2       22.07731157083
4       22.07731158750
1       22.07731170833
2       22.07738152500
2       22.07739370417
2       22.07760738333
4       22.07760738333
1       22.07760752083
2       22.07771214583
2       22.07777567917
2       22.07787172083
4       22.07787174167
1       22.07787186250
2       22.07790083333
2       22.07793498333
2       22.07801178333
2       22.07802238750
2       22.07810490417
4       22.07810492500
1       22.07810504583
2       22.07817574167
2       22.07818832917
2       22.07823643750
2       22.07824137500
2       22.07830995000
4       22.07830996667
1       22.07831008750
2       22.07844836667
2       22.07848177500
4       22.07848179583
1       22.07848191667
2       22.07866467500
4       22.07866469583
1       22.07866481667
2       22.07868057917
2       22.07868095417
2       22.07868985417
2       22.07880185417
2       22.07894494167
4       22.07894494167
1       22.07894507917
2       22.07919525833
4       22.07919527917
1       22.07919540000
2       22.07929562917
2       22.07930193750
2       22.07937745417
4       22.07937747500
1       22.07937759583
2       22.07940530417
2       22.07946320833
2       22.07949704167
2       22.07950100833
2       22.07953245417
2       22.07961427500
4       22.07961429583
1       22.07961441250
2       22.07965000000
2       22.07968390833
2       22.07976728750
2       22.07979677917
4       22.07979679583
1       22.07979691667
2       22.07980506250
2       22.07986537917
2       22.07988488333
2       22.07996016667
2       22.07996115833
2       22.08002239583
4       22.08002241667
1       22.08002253750
2       22.08004129167
2       22.08006219167
2       22.08008198750
2       22.08012601250
2       22.08013858333
2       22.08015820417
2       22.08019557917
2       22.08027509583
4       22.08027511667
1       22.08027523333
2       22.08029594167
2       22.08034637917
2       22.08039502500
2       22.08051022917
4       22.08051025000
1       22.08051037083
2       22.08070501250
4       22.08070503333
1       22.08070515417
2       22.08076665833
2       22.08079185833
2       22.08084850000
2       22.08085174167
2       22.08085613333
2       22.08099416250
4       22.08099416250
1       22.08099430000
2       22.08103029583
2       22.08105040000
2       22.08114161667
2       22.08123506667
4       22.08123508333
1       22.08123520417
2       22.08123869167
2       22.08124366667
2       22.08142048333
4       22.08142048333
1       22.08142062083
2       22.08143473333
2       22.08149404167
2       22.08151255833
2       22.08156128750
2       22.08174215000
4       22.08174217083
1       22.08174229167
2       22.08188225000
2       22.08191733750
2       22.08194079583
4       22.08194081250
1       22.08194093333
2       22.08207034583
2       22.08221705833
4       22.08221707917
1       22.08221720000
2       22.08231053333
2       22.08236882500
2       22.08245885000
4       22.08245886667
1       22.08245898750
2       22.08247149167
2       22.08256425000
2       22.08258402917
2       22.08269140417
4       22.08269142500
1       22.08269154583
2       22.08272876667
2       22.08288412083
4       22.08288413750
1       22.08288425833
2       22.08300771667
2       22.08314184583
4       22.08314186250
1       22.08314198333
2       22.08317995417
2       22.08324057917
2       22.08330350833
4       22.08330352917
1       22.08330365000
2       22.08334953333
2       22.08340490833
2       22.08347114583
2       22.08347530833
4       22.08347532500
1       22.08347544583
2       22.08352177500
2       22.08352766667
2       22.08354730417
2       22.08364802083
2       22.08373971667
4       22.08373973333
1       22.08373985417
2       22.08391594583
2       22.08405312083
4       22.08405314167
1       22.08405326250
2       22.08411103333
2       22.08416767500
2       22.08431873333
4       22.08431873333
1       22.08431887083
2       22.08434785833
2       22.08436675000
2       22.08440683750
2       22.08442767083
2       22.08442841250
2       22.08449926667
4       22.08449928750
1       22.08449940833
2       22.08450956250
2       22.08453664583
2       22.08459333333
2       22.08464375000
2       22.08464563750
2       22.08475528750
4       22.08475530833
1       22.08475542917
2       22.08489935417
2       22.08497204167
4       22.08497204167
1       22.08497217917
2       22.08497882500
2       22.08525782500
4       22.08525784583
1       22.08525796667
2       22.08528102500
2       22.08529053333
2       22.08532369583
2       22.08541973333
2       22.08543534583
4       22.08543536250
1       22.08543548333
2       22.08549699167
2       22.08551015417
2       22.08553497917
2       22.08556446667
2       22.08567214583
4       22.08567216250
1       22.08567228333
2       22.08568404583
2       22.08573151250
2       22.08583251667
2       22.08586595417
2       22.08591456250
4       22.08591458333
1       22.08591470000
2       22.08598689167
2       22.08600770417
2       22.08603620833
2       22.08615407917
4       22.08615409583
1       22.08615421667
2       22.08622725833
2       22.08627037500
2       22.08643890833
4       22.08643892917
1       22.08643905000
2       22.08643960417
2       22.08646605833
2       22.08651150417
2       22.08661479583
4       22.08661481250
1       22.08661493333
2       22.08667310833
2       22.08668001667
2       22.08675119583
2       22.08675197083
2       22.08707022917
4       22.08707024583
1       22.08707036667
2       22.08708513750
2       22.08709735417
2       22.08713945833
2       22.08732195417
4       22.08732197500
1       22.08732209583
2       22.08735141667
2       22.08735780417
2       22.08737033333
2       22.08746672500
2       22.08748954583
2       22.08752076667
4       22.08752078333
1       22.08752090417
2       22.08763629167
2       22.08765119583
2       22.08771915000
4       22.08771917083
1       22.08771929167
2       22.08784129583
2       22.08784665833
2       22.08785948750
2       22.08793146667
4       22.08793148333
1       22.08793160417
2       22.08800165417
2       22.08802287083
2       22.08803509167
2       22.08810173750
4       22.08810175417
1       22.08810187500
2       22.08821760833
2       22.08824742917
2       22.08826002500
2       22.08831865417
4       22.08831867500
1       22.08831879583
2       22.08838319583
2       22.08842923750
2       22.08855254583
4       22.08855256250
1       22.08855268333
2       22.08856572083
2       22.08859823333
2       22.08880557083
4       22.08880558750
1       22.08880570833
2       22.08881511667
2       22.08900822917
4       22.08900825000
1       22.08900837083
2       22.08911919167
2       22.08913017500
2       22.08913842083
2       22.08933155000
4       22.08933157083
1       22.08933169167
2       22.08936102500
2       22.08939178333
2       22.08942127917
2       22.08942559167
2       22.08944324583
2       22.08950937917
2       22.08953257500
4       22.08953259583
1       22.08953271250
2       22.08971114167
4       22.08971114167
1       22.08971127917
2       22.08979691250
2       22.08983267083
2       22.08984924167
2       22.08989096667
4       22.08989098750
1       22.08989110833
2       22.08994433333
2       22.09013638750
4       22.09013640833
1       22.09013652917
2       22.09014069583
2       22.09019970417
2       22.09024769583
2       22.09032752500
4       22.09032754583
1       22.09032766667
2       22.09033947083
2       22.09036527917
2       22.09044044583
2       22.09069455000
4       22.09069456667
1       22.09069468750
2       22.09077599167
2       22.09078891250
2       22.09081609583
2       22.09082434583
2       22.09093492500
4       22.09093494583
1       22.09093506667
2       22.09101944583
2       22.09114530833
4       22.09114532500
1       22.09114544583
2       22.09115998333
2       22.09118514583
2       22.09123249167
2       22.09135439583
4       22.09135441667
1       22.09135453750
2       22.09154882083
4       22.09154883750
1       22.09154895833
2       22.09184026250
4       22.09184028333
1       22.09184040417
2       22.09189292917
2       22.09191612500
2       22.09192966667
2       22.09194424167
2       22.09194722083
2       22.09202442500
4       22.09202444583
1       22.09202456667
2       22.09219632083
4       22.09219633750
1       22.09219645833
2       22.09225502917
2       22.09234178750
2       22.09239376667
4       22.09239378333
1       22.09239390417
2       22.09242686667
2       22.09245040833
2       22.09278162917
4       22.09278165000
1       22.09278176667
2       22.09310398750
4       22.09310400833
1       22.09310412917
2       22.09312147917
2       22.09335163750
4       22.09335165833
1       22.09335177917
2       22.09351920417
2       22.09363024583
4       22.09363026667
1       22.09363038750
2       22.09368716250
2       22.09380045417
2       22.09394088750
4       22.09394090417
1       22.09394102500
2       22.09398064583
2       22.09404456250
2       22.09419459167
4       22.09419461250
1       22.09419473333
2       22.09428442500
2       22.09437219583
4       22.09437221250
1       22.09437233333
2       22.09457092083
4       22.09457093750
1       22.09457105833
2       22.09461928333
2       22.09471065833
2       22.09472202500
2       22.09498062917
4       22.09498065000
1       22.09498077083
2       22.09508428750
2       22.09509024583
2       22.09530822083
4       22.09530824167
1       22.09530836250
2       22.09558779583
4       22.09558781667
1       22.09558793333
2       22.09567354167
2       22.09568379583
2       22.09571329583
2       22.09591037500
4       22.09591039167
1       22.09591051250
2       22.09595839167
2       22.09595909583
2       22.09600279167
2       22.09607209583
2       22.09611176250
4       22.09611176250
1       22.09611190000
2       22.09613893750
2       22.09614925417
2       22.09629623750
2       22.09630018750
2       22.09632738333
4       22.09632738333
1       22.09632752083
2       22.09633342083
2       22.09637285417
2       22.09644304583
2       22.09646393333
2       22.09646650417
2       22.09650265000
2       22.09665497500
4       22.09665499583
1       22.09665511667
2       22.09668212083
2       22.09680404583
2       22.09682490000
2       22.09698224167
4       22.09698224167
1       22.09698237917
2       22.09713532917
2       22.09714587917
2       22.09715680000
2       22.09728395417
4       22.09728397500
1       22.09728409583
2       22.09743010417
2       22.09744734583
2       22.09756914583
4       22.09756916667
1       22.09756928750
2       22.09757219583
2       22.09774477917
2       22.09780865833
4       22.09780867917
1       22.09780880000
2       22.09788647917
2       22.09810081250
4       22.09810083333
1       22.09810095417
2       22.09817439583
2       22.09818462500
2       22.09824287917
2       22.09827598333
2       22.09828729583
2       22.09829432917
4       22.09829434583
1       22.09829446667
2       22.09847514583
2       22.09866619583
4       22.09866621250
1       22.09866633333
2       22.09868146250
2       22.09874871250
2       22.09882548750
2       22.09888843333
4       22.09888843333
1       22.09888857083
2       22.09908317917
4       22.09908319583
1       22.09908331667
2       22.09922432500
2       22.09934584583
4       22.09934586250
1       22.09934598333
2       22.09939821250
2       22.09942802917
2       22.09950715000
2       22.09955984167
4       22.09955984167
1       22.09955997917
2       22.09979865000
4       22.09979866667
1       22.09979878750
2       22.09987884583
2       22.10001497083
4       22.10001499167
1       22.10001511250
2       22.10004245000
2       22.10008384167
2       22.10032728333
4       22.10032730417
1       22.10032742500
2       22.10033295000
2       22.10045945417
2       22.10055920833
4       22.10055922500
1       22.10055934583
2       22.10064396250
2       22.10072810000
4       22.10072812083
1       22.10072823750
2       22.10077880417
2       22.10079065000
2       22.10080496667
2       22.10100896250
4       22.10100898333
1       22.10100910417
2       22.10101092083
2       22.10107929167
2       22.10127526667
4       22.10127528750
1       22.10127540833
2       22.10135743333
2       22.10175986250
4       22.10175988333
1       22.10176000417
2       22.10180824167
2       22.10182752083
2       22.10184215000
2       22.10193964583
4       22.10193966667
1       22.10193978750
2       22.10198285417
2       22.10220243333
4       22.10220245417
1       22.10220257083
2       22.10223487917
2       22.10224482500
2       22.10249152500
4       22.10249154167
1       22.10249166250
2       22.10254817083
2       22.10281877083
4       22.10281878750
1       22.10281890833
2       22.10282507917
2       22.10284932083
2       22.10292140000
2       22.10295527917
2       22.10304209583
4       22.10304211250
1       22.10304223333
2       22.10306225000
2       22.10308508750
2       22.10316692500
2       22.10328520000
4       22.10328521667
1       22.10328533750
2       22.10329512917
2       22.10341432500
2       22.10342491667
2       22.10360589167
4       22.10360589167
1       22.10360602917
2       22.10370815833
2       22.10394207500
4       22.10394209583
1       22.10394221667
2       22.10412980833
2       22.10420722500
4       22.10420722500
1       22.10420736250
2       22.10423222500
2       22.10426160833
2       22.10426232083
2       22.10430603333
2       22.10433485833
2       22.10456639167
4       22.10456641250
1       22.10456652917
2       22.10460142083
2       22.10462994167
2       22.10469584167
2       22.10471777500
2       22.10473595000
2       22.10475681250
2       22.10475880833
4       22.10475882500
1       22.10475894583
2       22.10481380417
2       22.10487112083
2       22.10493299583
2       22.10502144583
4       22.10502146667
1       22.10502158750
2       22.10503802917
2       22.10506949583
2       22.10508045000
2       22.10512285833
2       22.10513405833
2       22.10517854167
2       22.10521296667
2       22.10522285417
2       22.10549909167
4       22.10549911250
1       22.10549923333
2       22.10588868750
4       22.10588870833
1       22.10588882500
2       22.10597935833
2       22.10603600000
2       22.10604497083
2       22.10605915833
2       22.10609696250
4       22.10609698333
1       22.10609710417
2       22.10611617917
2       22.10613344167
2       22.10615463333
2       22.10617283750
2       22.10625170000
2       22.10631091667
4       22.10631093750
1       22.10631105833
2       22.10645836667
2       22.10656595417
4       22.10656595417
1       22.10656609167
2       22.10656693750
2       22.10665084583
2       22.10688162500
4       22.10688164167
1       22.10688176250
2       22.10688830000
2       22.10690651667
2       22.10693432083
2       22.10703498333
2       22.10709667083
4       22.10709668750
1       22.10709680833
2       22.10723997083
2       22.10729705417
4       22.10729705417
1       22.10729719167
2       22.10731318750
2       22.10747158750
2       22.10749142083
4       22.10749143750
1       22.10749155833
2       22.10768452500
4       22.10768452500
1       22.10768466250
2       22.10791535417
4       22.10791537500
1       22.10791549583
2       22.10808998333
4       22.10809000417
1       22.10809012500
2       22.10814622083
2       22.10831655833
4       22.10831657500
1       22.10831669583
2       22.10844967500
2       22.10855802917
4       22.10855805000
1       22.10855817083
2       22.10868516667
2       22.10886477917
4       22.10886479583
1       22.10886491667
2       22.10892143750
2       22.10931582083
4       22.10931584167
1       22.10931595833
2       22.10946560833
2       22.10963482083
4       22.10963483750
1       22.10963495833
2       22.10970074583
2       22.10980445000
2       22.11005248750
4       22.11005250417
1       22.11005262500
2       22.11013627083
2       22.11015930833
2       22.11018264583
2       22.11035259167
4       22.11035261250
1       22.11035273333
2       22.11049207917
2       22.11054939583
4       22.11054941250
1       22.11054953333
2       22.11072156667
2       22.11073784167
2       22.11088422917
4       22.11088425000
1       22.11088437083
2       22.11105577500
2       22.11109246250
4       22.11109246250
1       22.11109260000
2       22.11112630417
2       22.11117107500
2       22.11120849167
2       22.11121911250
2       22.11123960417
2       22.11128010000
2       22.11131745833
4       22.11131747917
1       22.11131759583
2       22.11166762083
4       22.11166763750
1       22.11166775833
2       22.11169865000
2       22.11171984167
2       22.11185308750
2       22.11194609167
4       22.11194611250
1       22.11194623333
2       22.11202231667
2       22.11235188750
4       22.11235190833
1       22.11235202917
2       22.11244360833
2       22.11248534583
2       22.11252017083
2       22.11290140417
4       22.11290142500
1       22.11290154583
2       22.11327866250
4       22.11327868333
1       22.11327880417
2       22.11330314583
2       22.11350256250
4       22.11350258333
1       22.11350270417
2       22.11364100000
2       22.11366359167
2       22.11367353750
2       22.11414841250
4       22.11414843333
1       22.11414855417
2       22.11417268333
2       22.11422196250
2       22.11423460833
2       22.11434748750
4       22.11434750833
1       22.11434762917
2       22.11437438333
2       22.11455317500
2       22.11467942083
4       22.11467943750
1       22.11467955833
2       22.11477545833
2       22.11483011667
2       22.11484075417
2       22.11497282500
4       22.11497284583
1       22.11497296667
2       22.11514513750
2       22.11556645000
4       22.11556646667
1       22.11556658750
2       22.11556714167
2       22.11573600417
4       22.11573600417
1       22.11573614167
2       22.11577084583
2       22.11581152917
2       22.11585557917
2       22.11595430833
4       22.11595432917
1       22.11595445000
2       22.11597746667
2       22.11598185833
2       22.11598972500
2       22.11610300417
2       22.11613913750
4       22.11613915417
1       22.11613927500
2       22.11617792500
2       22.11623423750
2       22.11626102500
2       22.11634653750
4       22.11634655833
1       22.11634667917
2       22.11643889167
2       22.11649619167
2       22.11654426667
4       22.11654428750
1       22.11654440833
2       22.11656241667
2       22.11665855417
2       22.11668630417
2       22.11677439583
4       22.11677441250
1       22.11677453333
2       22.11688680000
2       22.11702519167
4       22.11702519167
1       22.11702532917
2       22.11704270833
2       22.11715277500
2       22.11716922500
2       22.11717521667
2       22.11725865833
4       22.11725867917
1       22.11725880000
2       22.11740813333
2       22.11741868750
2       22.11775153750
4       22.11775155417
1       22.11775167500
2       22.11775187500
2       22.11779558333
2       22.11805162083
4       22.11805164167
1       22.11805176250
2       22.11806164583
2       22.11807448333
2       22.11808174167
2       22.11816487083
2       22.11833297500
4       22.11833299167
1       22.11833311250
2       22.11833679583
2       22.11838589583
2       22.11838910417
2       22.11839257500
2       22.11847369167
2       22.11849251250
2       22.11852131250
4       22.11852133333
1       22.11852145417
2       22.11855708333
2       22.11864786667
2       22.11865112917
2       22.11866710417
2       22.11870381667
4       22.11870383333
1       22.11870395417
2       22.11871207500
2       22.11872702083
2       22.11889526667
4       22.11889528333
1       22.11889540417
2       22.11916264167
4       22.11916264167
1       22.11916277917
2       22.11929440000
2       22.11933711667
2       22.11937757500
4       22.11937759167
1       22.11937771250
2       22.11940000833
2       22.11942792917
2       22.11949912917
2       22.11951439167
2       22.11953055417
2       22.11959548333
4       22.11959548333
1       22.11959562083
2       22.11962729583
2       22.11967265000
2       22.11972635833
2       22.11986053333
4       22.11986055417
1       22.11986067500
2       22.11993134167
2       22.12023475417
4       22.12023475417
1       22.12023489167
2       22.12034604583
2       22.12041725000
2       22.12057426667
4       22.12057428333
1       22.12057440417
2       22.12066268750
2       22.12066897500
2       22.12078097083
4       22.12078098750
1       22.12078110833
2       22.12090885000
2       22.12095253750
2       22.12107373750
4       22.12107375833
1       22.12107387917
2       22.12119005833
2       22.12121653333
2       22.12141557917
4       22.12141560000
1       22.12141572083
2       22.12158550417
2       22.12163584583
4       22.12163586667
1       22.12163598750
2       22.12172464583
2       22.12183524583
2       22.12188756250
4       22.12188758333
1       22.12188770417
2       22.12212207500
4       22.12212209167
1       22.12212221250
2       22.12214328750
2       22.12219360000
2       22.12224863333
2       22.12233243750
4       22.12233245833
1       22.12233257917
2       22.12241386667
2       22.12246857083
2       22.12259442917
4       22.12259445000
1       22.12259457083
2       22.12282635417
4       22.12282635417
1       22.12282649167
2       22.12283354583
2       22.12291841667
2       22.12302002917
4       22.12302005000
1       22.12302017083
2       22.12324533333
4       22.12324535417
1       22.12324547500
2       22.12341652500
2       22.12349540833
4       22.12349542500
1       22.12349554583
2       22.12381069583
4       22.12381071667
1       22.12381083750
2       22.12398795000
4       22.12398797083
1       22.12398809167
2       22.12407697500
2       22.12411216667
2       22.12412500000
2       22.12421018750
4       22.12421020833
1       22.12421032917
2       22.12442676667
4       22.12442678750
1       22.12442690833
2       22.12451618750
2       22.12459176667
2       22.12459737083
4       22.12459738750
1       22.12459750833
2       22.12465000417
2       22.12468185417
2       22.12479675833
4       22.12479677500
1       22.12479689583
2       22.12483650417
2       22.12489752500
2       22.12492273333
2       22.12509489583
4       22.12509491250
1       22.12509503333
2       22.12511574167
2       22.12514291250
2       22.12525347500
2       22.12554958333
4       22.12554960417
1       22.12554972500
2       22.12559802917
2       22.12560197500
2       22.12560402500
2       22.12567120000
2       22.12573552917
4       22.12573554583
1       22.12573566667
2       22.12584576250
2       22.12592662083
4       22.12592663750
1       22.12592675833
2       22.12597527500
2       22.12609915417
2       22.12627572083
4       22.12627573750
1       22.12627585833
2       22.12629390417
2       22.12638398750
2       22.12644828333
2       22.12651416667
4       22.12651418750
1       22.12651430833
2       22.12657942917
2       22.12664669167
2       22.12667824167
2       22.12668605000
2       22.12678115417
4       22.12678115417
1       22.12678129167
2       22.12681598333
2       22.12685279167
2       22.12690857083
2       22.12693756250
2       22.12694190000
2       22.12706792500
4       22.12706794583
1       22.12706806667
2       22.12719151250
2       22.12724222083
2       22.12744430000
4       22.12744432083
1       22.12744444167
2       22.12747280833
2       22.12749198333
2       22.12759072917
2       22.12763012500
4       22.12763014167
1       22.12763026250
2       22.12765627500
2       22.12771817500
2       22.12782949167
4       22.12782951250
1       22.12782963333
2       22.12785069583
2       22.12786724167
2       22.12809579583
4       22.12809581250
1       22.12809593333
2       22.12812294583
2       22.12814376250
2       22.12816337500
2       22.12819217083
2       22.12827236667
2       22.12829683750
4       22.12829685833
1       22.12829697917
2       22.12839157917
2       22.12840810833
2       22.12847735833
4       22.12847737917
1       22.12847749583
2       22.12850452917
2       22.12851907083
2       22.12858435833
2       22.12861577500
2       22.12863732500
2       22.12876650000
4       22.12876651667
1       22.12876663750
2       22.12879598333
2       22.12880902917
2       22.12894270000
4       22.12894272083
1       22.12894283750
2       22.12918816250
4       22.12918818333
1       22.12918830417
2       22.12962868750
4       22.12962870833
1       22.12962882917
2       22.12963542917
2       22.12963862083
2       22.12963905000
2       22.12964600833
2       22.12985234167
4       22.12985236250
1       22.12985247917
2       22.12995928333
2       22.13004208333
4       22.13004210417
1       22.13004222500
2       22.13009837917
2       22.13010307083
2       22.13024160833
4       22.13024162500
1       22.13024174583
2       22.13033362917
2       22.13043762083
4       22.13043764167
1       22.13043775833
2       22.13047572500
2       22.13051675833
2       22.13100757917
4       22.13100760000
1       22.13100771667
2       22.13123551250
4       22.13123553333
1       22.13123565417
2       22.13133854167
2       22.13135707917
2       22.13166929583
4       22.13166931250
1       22.13166943333
2       22.13176655000
2       22.13179724583
2       22.13181887917
2       22.13192544167
4       22.13192546250
1       22.13192558333
2       22.13200269583
2       22.13213909583
4       22.13213911667
1       22.13213923750
2       22.13218384583
2       22.13248332083
4       22.13248333750
1       22.13248345833
2       22.13272434583
4       22.13272436667
1       22.13272448333
2       22.13277075417
2       22.13283402500
2       22.13296549167
4       22.13296551250
1       22.13296562917
2       22.13296691667
2       22.13300558750
2       22.13307249583
2       22.13309007500
2       22.13313143750
2       22.13325300833
4       22.13325302917
1       22.13325315000
2       22.13338887083
2       22.13340573333
2       22.13341337917
2       22.13342896250
4       22.13342898333
1       22.13342910417
2       22.13345837500
2       22.13351277500
2       22.13358835000
2       22.13373096667
4       22.13373098333
1       22.13373110417
2       22.13376903333
2       22.13377537917
2       22.13430237917
4       22.13430239583
1       22.13430251667
2       22.13437562500
2       22.13441132500
2       22.13450738750
4       22.13450740833
1       22.13450752500
2       22.13458205833
2       22.13467765000
2       22.13473162917
4       22.13473164583
1       22.13473176667
2       22.13475384167
2       22.13477330417
2       22.13495459583
4       22.13495461667
1       22.13495473333
2       22.13503328333
2       22.13503600833
2       22.13533682917
4       22.13533684583
1       22.13533696667
2       22.13536690833
2       22.13542388750
2       22.13550730417
4       22.13550732500
1       22.13550744583
2       22.13552027500
2       22.13553320833
2       22.13553390417
2       22.13577201667
4       22.13577203333
1       22.13577215417
2       22.13584554583
2       22.13596744583
4       22.13596746667
1       22.13596758333
2       22.13611149167
2       22.13614565833
4       22.13614567500
1       22.13614579583
2       22.13635997500
4       22.13635997500
1       22.13636011250
2       22.13651462500
2       22.13651626250
2       22.13661770417
4       22.13661770417
1       22.13661784167
2       22.13667425417
2       22.13672031667
2       22.13672428750
2       22.13676871250
2       22.13679355000
4       22.13679356667
1       22.13679368750
2       22.13683363750
2       22.13703000417
4       22.13703000417
1       22.13703014167
2       22.13705512917
2       22.13712867083
2       22.13721386250
2       22.13722345833
4       22.13722347500
1       22.13722359583
2       22.13724465000
2       22.13745165417
4       22.13745165417
1       22.13745179167
2       22.13747878333
2       22.13753415417
2       22.13760895833
2       22.13771901250
4       22.13771901250
1       22.13771915000
2       22.13782769583
2       22.13786504583
2       22.13801770000
4       22.13801771667
1       22.13801783750
2       22.13814100417
2       22.13819194583
4       22.13819196667
1       22.13819208333
2       22.13821116667
2       22.13842911667
4       22.13842913333
1       22.13842925417
2       22.13843142083
2       22.13855500000
2       22.13863020417
4       22.13863020417
1       22.13863034167
2       22.13864511667
2       22.13866828333
2       22.13872162917
2       22.13889681250
4       22.13889683333
1       22.13889695000
2       22.13917679583
4       22.13917681667
1       22.13917693750
2       22.13932470417
2       22.13934749583
2       22.13958908333
4       22.13958910417
1       22.13958922083
2       22.13961657500
2       22.13975733750
2       22.13995839583
4       22.13995841667
1       22.13995853750
2       22.14018030833
4       22.14018032500
1       22.14018044583
2       22.14021213750
2       22.14035453333
2       22.14049797083
4       22.14049798750
1       22.14049810833
2       22.14065068750
2       22.14088050000
4       22.14088052083
1       22.14088064167
2       22.14116404167
4       22.14116404167
1       22.14116417917
2       22.14116871667
2       22.14120643333
2       22.14126313333
2       22.14129632083
2       22.14135485000
4       22.14135486667
1       22.14135498750
2       22.14138001250
2       22.14160960833
4       22.14160962917
1       22.14160975000
2       22.14168020417
2       22.14168436250
2       22.14185965833
4       22.14185967917
1       22.14185980000
2       22.14199316250
2       22.14219577917
4       22.14219580000
1       22.14219591667
2       22.14221703333
2       22.14237601667
4       22.14237603333
1       22.14237615417
2       22.14250624167
2       22.14258940833
4       22.14258942917
1       22.14258955000
2       22.14262418750
2       22.14269697500
2       22.14274871250
2       22.14320045417
4       22.14320045417
1       22.14320059167
2       22.14327434167
2       22.14330077917
2       22.14334321250
2       22.14339783750
4       22.14339785417
1       22.14339797500
2       22.14372150833
4       22.14372152500
1       22.14372164583
2       22.14377579583
2       22.14378177083
2       22.14404677917
4       22.14404679583
1       22.14404691667
2       22.14408789583
2       22.14416531667
2       22.14428759167
4       22.14428760833
1       22.14428772917
2       22.14433829167
2       22.14451647917
4       22.14451650000
1       22.14451661667
2       22.14454363333
2       22.14472340833
4       22.14472342500
1       22.14472354583
2       22.14493182083
4       22.14493184167
1       22.14493196250
2       22.14493472500
2       22.14515009583
4       22.14515011667
1       22.14515023750
2       22.14517189583
2       22.14526002500
2       22.14526038333
2       22.14527028750
2       22.14531898750
2       22.14564385000
4       22.14564386667
1       22.14564398750
2       22.14573202500
2       22.14582213750
4       22.14582215417
1       22.14582227500
2       22.14596252083
2       22.14606325000
4       22.14606327083
1       22.14606339167
2       22.14615005417
2       22.14641766250
4       22.14641766250
1       22.14641780000
2       22.14650644167
2       22.14652369583
2       22.14657893333
2       22.14662735000
4       22.14662736667
1       22.14662748750
2       22.14668395833
2       22.14699430833
4       22.14699432500
1       22.14699444583
2       22.14726727500
4       22.14726729167
1       22.14726741250
2       22.14729476250
2       22.14767389167
4       22.14767391250
1       22.14767403333
2       22.14800265417
4       22.14800265417
1       22.14800279167
2       22.14810894167
2       22.14812277500
2       22.14854050833
4       22.14854052500
1       22.14854064583
2       22.14874422917
4       22.14874424583
1       22.14874436667
2       22.14894763333
4       22.14894763333
1       22.14894777083
2       22.14898340417
2       22.14903277917
2       22.14923180833
4       22.14923182500
1       22.14923194583
2       22.14925168333
2       22.14931191667
2       22.14947951667
4       22.14947953750
1       22.14947965833
2       22.14952190833
2       22.14953427083
2       22.14957458750
2       22.14957700000
2       22.14958482083
2       22.14959710833
2       22.14982165000
4       22.14982167083
1       22.14982178750
2       22.14996447917
2       22.15015722500
4       22.15015724583
1       22.15015736667
2       22.15018737917
2       22.15029642500
2       22.15039439167
4       22.15039441250
1       22.15039453333
2       22.15042387500
2       22.15052884583
2       22.15058084583
2       22.15060170833
2       22.15079620417
4       22.15079620417
1       22.15079634167
2       22.15088795000
2       22.15089389583
2       22.15165270000
4       22.15165272083
1       22.15165284167
2       22.15168183750
2       22.15173029583
2       22.15186705417
4       22.15186705417
1       22.15186719167
2       22.15192472083
2       22.15201772500
2       22.15206220417
2       22.15214756250
4       22.15214758333
1       22.15214770417
2       22.15233603750
2       22.15259941667
4       22.15259943333
1       22.15259955417
2       22.15300087500
4       22.15300089167
1       22.15300101250
2       22.15306480833
2       22.15328310833
4       22.15328312500
1       22.15328324583
2       22.15340095000
2       22.15359709583
4       22.15359711250
1       22.15359723333
2       22.15388417500
4       22.15388419583
1       22.15388431250
2       22.15398792917
2       22.15419256667
4       22.15419258750
1       22.15419270833
2       22.15424292500
2       22.15435258333
2       22.15440457500
4       22.15440459583
1       22.15440471667
2       22.15440796250
2       22.15459970417
4       22.15459970417
1       22.15459984167
2       22.15463381250
2       22.15471258750
2       22.15475464583
2       22.15491398333
4       22.15491398333
1       22.15491412083
2       22.15492892500
2       22.15508331250
2       22.15516968333
4       22.15516970417
1       22.15516982500
2       22.15519957083
2       22.15543112083
4       22.15543114167
1       22.15543126250
2       22.15552445000
2       22.15554098750
2       22.15562080833
4       22.15562082500
1       22.15562094583
2       22.15565428750
2       22.15570460833
2       22.15574642917
2       22.15581532083
4       22.15581534167
1       22.15581546250
2       22.15594772083
2       22.15596891250
2       22.15598257083
2       22.15613297500
4       22.15613299583
1       22.15613311667
2       22.15618920417
2       22.15620412083
2       22.15642637500
4       22.15642639167
1       22.15642651250
2       22.15645187917
2       22.15674304583
4       22.15674306250
1       22.15674318333
2       22.15686960417
2       22.15688145833
2       22.15688182917
2       22.15697621250
4       22.15697623333
1       22.15697635417
2       22.15722832083
4       22.15722833750
1       22.15722845833
2       22.15729752083
2       22.15740849167
4       22.15740851250
1       22.15740863333
2       22.15750448750
2       22.15752346250
2       22.15756745000
2       22.15756908333
2       22.15758635417
2       22.15789142917
4       22.15789144583
1       22.15789156667
2       22.15796556250
2       22.15799769167
2       22.15837699167
4       22.15837701250
1       22.15837712917
2       22.15838860833
2       22.15894735833
4       22.15894737500
1       22.15894749583
2       22.15897456667
2       22.15899141667
2       22.15909597917
2       22.15914883333
2       22.15922857917
4       22.15922859583
1       22.15922871667
2       22.15924852083
2       22.15930079583
2       22.15930409167
2       22.15938564167
2       22.15965495000
4       22.15965497083
1       22.15965508750
2       22.15965784583
2       22.15983708750
2       22.15997083333
4       22.15997085417
1       22.15997097500
2       22.16036040417
4       22.16036042500
1       22.16036054583
2       22.16041336250
2       22.16041835000
2       22.16045017083
2       22.16046334583
2       22.16047161667
2       22.16050612083
2       22.16102544583
4       22.16102546250
1       22.16102558333
2       22.16104898333
2       22.16110200417
2       22.16117122917
2       22.16122484583
4       22.16122486250
1       22.16122498333
2       22.16125865000
2       22.16131688750
2       22.16132751667
2       22.16138846667
2       22.16143056250
4       22.16143056250
1       22.16143070000
2       22.16144314167
2       22.16152496250
2       22.16156272083
2       22.16184359167
4       22.16184359167
1       22.16184372917
2       22.16210989167
4       22.16210990833
1       22.16211002917
2       22.16249147500
4       22.16249149167
1       22.16249161250
2       22.16260510833
2       22.16261800417
2       22.16261902500
2       22.16265940833
2       22.16277268333
4       22.16277270417
1       22.16277282500
2       22.16283502083
2       22.16285488333
2       22.16293173750
2       22.16297810417
4       22.16297810417
1       22.16297824167
2       22.16351925417
4       22.16351925417
1       22.16351939167
2       22.16358756667
2       22.16364980417
2       22.16374258333
4       22.16374260417
1       22.16374272500
2       22.16374685833
2       22.16376975000
2       22.16386338750
2       22.16408334167
4       22.16408334167
1       22.16408347917
2       22.16415292500
2       22.16420292083
2       22.16425159583
2       22.16448881250
4       22.16448883333
1       22.16448895417
2       22.16450138750
2       22.16457396667
2       22.16459182500
2       22.16468784583
4       22.16468786250
1       22.16468798333
2       22.16481105417
2       22.16482639167
2       22.16493995000
4       22.16493996667
1       22.16494008750
2       22.16498132083
2       22.16499892500
2       22.16507176250
2       22.16527909583
4       22.16527911667
1       22.16527923750
2       22.16533642917
2       22.16541696667
2       22.16549877500
4       22.16549879167
1       22.16549891250
2       22.16592102917
4       22.16592104583
1       22.16592116667
2       22.16595644167
2       22.16596075417
2       22.16596437500
2       22.16602333333
2       22.16605281250
2       22.16607069167
2       22.16614123750
4       22.16614125417
1       22.16614137500
2       22.16621017500
2       22.16624393750
2       22.16649337083
4       22.16649338750
1       22.16649350833
2       22.16655474583
2       22.16657516667
2       22.16671200833
4       22.16671202500
1       22.16671214583
2       22.16679345417
2       22.16693229167
4       22.16693231250
1       22.16693243333
2       22.16695115833
2       22.16695814583
2       22.16696968333
2       22.16724259583
4       22.16724261667
1       22.16724273750
2       22.16727745417
2       22.16730682083
2       22.16766788333
4       22.16766790417
1       22.16766802500
2       22.16778755000
2       22.16794082083
4       22.16794083750
1       22.16794095833
2       22.16814188333
4       22.16814190417
1       22.16814202500
2       22.16833077917
4       22.16833079583
1       22.16833091667
2       22.16839663750
2       22.16840616250
2       22.16842448750
2       22.16842570833
2       22.16846985417
2       22.16852818333
4       22.16852818333
1       22.16852832083
2       22.16873310000
4       22.16873311667
1       22.16873323750
2       22.16886960417
2       22.16898554583
4       22.16898556667
1       22.16898568750
2       22.16900112917
2       22.16916338750
2       22.16922074583
4       22.16922076667
1       22.16922088750
2       22.16934463333
2       22.16938131250
2       22.16945887500
4       22.16945889167
1       22.16945901250
2       22.16947369583
2       22.16951150417
2       22.16958109167
2       22.16960356667
2       22.16961557083
2       22.16966723333
4       22.16966723333
1       22.16966737083
2       22.16969642500
2       22.16989740417
4       22.16989740417
1       22.16989754167
2       22.16990126667
2       22.16990333750
2       22.16992884583
2       22.16998592083
2       22.17001895417
2       22.17002988333
2       22.17009947917
4       22.17009949583
1       22.17009961667
2       22.17020747500
2       22.17025017917
2       22.17029384583
4       22.17029386250
1       22.17029398333
2       22.17035095000
2       22.17088112917
4       22.17088115000
1       22.17088126667
2       22.17109710000
4       22.17109712083
1       22.17109724167
2       22.17127234583
4       22.17127236667
1       22.17127248750
2       22.17129814583
2       22.17142608750
2       22.17173075417
4       22.17173075417
1       22.17173089167
2       22.17176147917
2       22.17177674583
2       22.17179540833
2       22.17188145000
2       22.17193015833
4       22.17193017917
1       22.17193030000
2       22.17193446250
2       22.17217490833
4       22.17217492500
1       22.17217504583
2       22.17227334583
2       22.17228889583
2       22.17229086667
2       22.17238690833
4       22.17238692917
1       22.17238705000
2       22.17271286667
4       22.17271288750
1       22.17271300417
2       22.17274563333
2       22.17274955417
2       22.17279166250
2       22.17298374167
4       22.17298376250
1       22.17298387917
2       22.17304337083
2       22.17349524167
4       22.17349524167
1       22.17349537917
2       22.17351306250
2       22.17359663333
2       22.17372106250
4       22.17372108333
1       22.17372120417
2       22.17376386667
2       22.17376947500
2       22.17380886667
2       22.17381511250
2       22.17384662083
2       22.17388438750
2       22.17404636667
4       22.17404638750
1       22.17404650833
2       22.17431862083
4       22.17431864167
1       22.17431875833
2       22.17434382500
2       22.17478829167
4       22.17478831250
1       22.17478843333
2       22.17488142500
2       22.17498805000
2       22.17502716250
4       22.17502716250
1       22.17502730000
2       22.17508172917
2       22.17510029167
2       22.17518185417
2       22.17524969583
4       22.17524971667
1       22.17524983333
2       22.17525204167
2       22.17533185417
2       22.17535933750
2       22.17542269167
2       22.17556635000
4       22.17556637083
1       22.17556649167
2       22.17561181250
2       22.17561808333
2       22.17569254167
2       22.17578962083
4       22.17578964167
1       22.17578976250
2       22.17594825417
2       22.17601590000
4       22.17601591667
1       22.17601603750
2       22.17611792500
2       22.17622272500
4       22.17622274583
1       22.17622286667
2       22.17623966250
2       22.17625896667
2       22.17632622083
2       22.17653691250
4       22.17653693333
1       22.17653705417
2       22.17654180833
2       22.17656502917
2       22.17668423750
2       22.17671802917
4       22.17671804583
1       22.17671816667
2       22.17681838333
2       22.17688484167
2       22.17698201667
4       22.17698203750
1       22.17698215833
2       22.17700789167
2       22.17705761667
2       22.17708666250
2       22.17711418333
2       22.17732814583
4       22.17732816667
1       22.17732828750
2       22.17751237500
4       22.17751239167
1       22.17751251250
2       22.17756100833
2       22.17757357500
2       22.17771830417
4       22.17771830417
1       22.17771844167
2       22.17775376667
2       22.17775648333
2       22.17784064583
2       22.17788232083
2       22.17799464167
4       22.17799464167
1       22.17799477917
2       22.17799757500
2       22.17803403750
2       22.17804360833
2       22.17809790000
2       22.17816511667
2       22.17817317917
4       22.17817322083
1       22.17817334167
2       22.17844370417
4       22.17844370417
1       22.17844384167
2       22.17867889583
4       22.17867891250
1       22.17867903333
2       22.17871896250
2       22.17891175417
4       22.17891177500
1       22.17891189167
2       22.17896113333
2       22.17900616250
2       22.17910485000
4       22.17910487083
1       22.17910499167
2       22.17921360000
2       22.17935961250
4       22.17935963333
1       22.17935975417
2       22.17937152083
2       22.17942781667
2       22.17942850000
2       22.17955160833
4       22.17955162917
1       22.17955175000
2       22.17975740417
4       22.17975742500
1       22.17975754583
2       22.17983020833
2       22.17984152083
2       22.17998954583
4       22.17998956250
1       22.17998968333
2       22.18004423333
2       22.18010625417
2       22.18018006667
4       22.18018008333
1       22.18018020417
2       22.18024130000
2       22.18033670833
2       22.18034431250
2       22.18049508750
4       22.18049510417
1       22.18049522500
2       22.18072156667
4       22.18072158333
1       22.18072170417
2       22.18076899583
2       22.18105508333
4       22.18105508333
1       22.18105522083
2       22.18107108333
2       22.18110545833
2       22.18113494167
2       22.18128399583
4       22.18128401250
1       22.18128413333
2       22.18139262083
2       22.18148105833
4       22.18148107500
1       22.18148119583
2       22.18152945000
2       22.18172616667
4       22.18172618750
1       22.18172630417
2       22.18177022917
2       22.18190435417
2       22.18192297917
4       22.18192300000
1       22.18192312083
2       22.18204551667
2       22.18209119167
2       22.18211110417
4       22.18211110417
1       22.18211124167
2       22.18232904583
4       22.18232906667
1       22.18232918750
2       22.18236146667
2       22.18238264583
2       22.18242810417
2       22.18266620417
4       22.18266622500
1       22.18266634583
2       22.18267410417
2       22.18267914167
2       22.18272287500
2       22.18275536250
2       22.18280768333
2       22.18281267917
2       22.18294280833
4       22.18294282917
1       22.18294295000
2       22.18297784583
2       22.18332436250
4       22.18332438333
1       22.18332450417
2       22.18348129583
2       22.18364442500
4       22.18364444167
1       22.18364456250
2       22.18375895833
2       22.18378570833
2       22.18392756250
4       22.18392756250
1       22.18392770000
2       22.18394447500
2       22.18400507083
2       22.18423690417
4       22.18423690417
1       22.18423704167
2       22.18425775417
2       22.18431647917
2       22.18457278333
4       22.18457280417
1       22.18457292500
2       22.18461450000
2       22.18464495833
2       22.18475691250
2       22.18478410833
4       22.18478412500
1       22.18478424583
2       22.18489180000
2       22.18489734583
2       22.18507927083
4       22.18507928750
1       22.18507940833
2       22.18524385000
2       22.18529656250
4       22.18529656250
1       22.18529670000
2       22.18535910417
2       22.18538134167
2       22.18539787917
2       22.18569602500
4       22.18569604167
1       22.18569616250
2       22.18570089583
2       22.18585789167
2       22.18590370000
4       22.18590371667
1       22.18590383750
2       22.18592078750
2       22.18593779167
2       22.18602814167
2       22.18604111667
2       22.18605730000
2       22.18619582500
4       22.18619584583
1       22.18619596667
2       22.18636177917
2       22.18642232500
4       22.18642234583
1       22.18642246667
2       22.18654362083
2       22.18661277083
4       22.18661278750
1       22.18661290833
2       22.18661311667
2       22.18664062083
2       22.18668737917
2       22.18673663750
2       22.18695922500
4       22.18695924583
1       22.18695936667
2       22.18697219583
2       22.18706658750
2       22.18710035833
2       22.18715606250
4       22.18715606250
1       22.18715620000
2       22.18716269167
2       22.18721994167
2       22.18724847083
2       22.18727157500
2       22.18733649167
2       22.18734706667
4       22.18734708750
1       22.18734720833
2       22.18750246250
2       22.18750421250
2       22.18775618333
4       22.18775618333
1       22.18775632083
2       22.18821993333
4       22.18821993333
1       22.18822007083
2       22.18834085417
2       22.18860851250
4       22.18860851250
1       22.18860865000
2       22.18864121667
2       22.18868364583
2       22.18877209167
2       22.18880288750
4       22.18880290833
1       22.18880302500
2       22.18882572500
2       22.18918442500
4       22.18918444167
1       22.18918456250
2       22.18939911667
4       22.18939913333
1       22.18939925417
2       22.18943652500
2       22.18943989167
2       22.18968557500
4       22.18968559583
1       22.18968571667
2       22.18968787083
2       22.18970677917
2       22.18975012083
2       22.18981049167
2       22.18991715417
4       22.18991715417
1       22.18991729167
2       22.19016423333
4       22.19016425417
1       22.19016437500
2       22.19026331250
2       22.19041793333
4       22.19041795417
1       22.19041807500
2       22.19050170417
2       22.19078889167
4       22.19078890833
1       22.19078902917
2       22.19083362500
2       22.19102119167
4       22.19102119167
1       22.19102132917
2       22.19106149583
2       22.19117046667
2       22.19120233333
4       22.19120235417
1       22.19120247500
2       22.19123573750
2       22.19124625417
2       22.19127582917
2       22.19130135417
2       22.19132612917
2       22.19133212917
2       22.19140332500
4       22.19140334167
1       22.19140346250
2       22.19142295000
2       22.19147057917
2       22.19157788750
2       22.19171275417
4       22.19171277500
1       22.19171289583
2       22.19184153333
2       22.19198142917
4       22.19198144583
1       22.19198156667
2       22.19208535000
2       22.19211949583
2       22.19213137500
2       22.19233875417
4       22.19233875417
1       22.19233889167
2       22.19235370000
2       22.19250467500
2       22.19250609583
2       22.19257785000
4       22.19257787083
1       22.19257799167
2       22.19285253333
4       22.19285253333
1       22.19285267083
2       22.19289056250
2       22.19291307917
2       22.19325557917
4       22.19325560000
1       22.19325571667
2       22.19334962500
2       22.19348983333
4       22.19348983333
1       22.19348997083
2       22.19355730833
2       22.19363321250
2       22.19368362083
4       22.19368364167
1       22.19368376250
2       22.19389488333
4       22.19389488333
1       22.19389502083
2       22.19410091250
4       22.19410093333
1       22.19410105417
2       22.19413431667
2       22.19415548333
2       22.19439036250
4       22.19439038333
1       22.19439050417
2       22.19453847500
2       22.19492197500
4       22.19492199583
1       22.19492211250
2       22.19502961250
2       22.19507408333
2       22.19517003333
4       22.19517003333
1       22.19517017083
2       22.19526476667
2       22.19541585417
4       22.19541587500
1       22.19541599583
2       22.19543668333
2       22.19553111667
2       22.19555038750
2       22.19559507500
4       22.19559507500
1       22.19559521250
2       22.19569075000
2       22.19572620000
2       22.19607210833
4       22.19607212500
1       22.19607224583
2       22.19616282500
2       22.19616440417
2       22.19629293333
4       22.19629293333
1       22.19629307083
2       22.19649229583
2       22.19667812500
4       22.19667814167
1       22.19667826250
2       22.19677752917
2       22.19680002500
2       22.19682322500
2       22.19694450417
4       22.19694452500
1       22.19694464583
2       22.19705104583
2       22.19712100833
2       22.19722504167
4       22.19722506250
1       22.19722518333
2       22.19727306667
2       22.19737036667
2       22.19743568333
4       22.19743568333
1       22.19743582083
2       22.19765126667
4       22.19765128333
1       22.19765140417
2       22.19765755833
2       22.19795567500
4       22.19795569167
1       22.19795581250
2       22.19810905833
2       22.19816045417
4       22.19816045417
1       22.19816059167
2       22.19819880000
2       22.19842476667
4       22.19842478333
1       22.19842490417
2       22.19843865417
2       22.19854888750
2       22.19859633333
4       22.19859635417
1       22.19859647083
2       22.19862710417
2       22.19867710000
2       22.19867905417
2       22.19870222083
2       22.19884035417
4       22.19884035417
1       22.19884049167
2       22.19907124583
4       22.19907126667
1       22.19907138750
2       22.19920926667
2       22.19924617500
4       22.19924619583
1       22.19924631667
2       22.19927928750
2       22.19929777917
2       22.19948018333
4       22.19948018333
1       22.19948032083
2       22.19950349167
2       22.19964196250
2       22.19965955833
4       22.19965957917
1       22.19965970000
2       22.20005533750
4       22.20005535833
1       22.20005547500
2       22.20020603750
2       22.20022924167
2       22.20024019583
2       22.20025403750
4       22.20025405417
1       22.20025417500
2       22.20026069583
2       22.20032164583
2       22.20044742917
4       22.20044745000
1       22.20044757083
2       22.20046245417
2       22.20052097917
2       22.20053664583
2       22.20057535417
2       22.20064762083
4       22.20064763750
1       22.20064775833
2       22.20071744167
2       22.20089364583
4       22.20089366250
1       22.20089378333
2       22.20140610417
4       22.20140610417
1       22.20140624167
2       22.20153361667
2       22.20165317083
4       22.20165319167
1       22.20165331250
2       22.20186189167
4       22.20186191250
1       22.20186203333
2       22.20192215833
2       22.20296417083
4       22.20296419167
1       22.20296431250
2       22.20306685000
2       22.20316600000
2       22.20322687917
4       22.20322689583
1       22.20322701667
2       22.20331031250
2       22.20339980833
2       22.20342557917
2       22.20343485833
2       22.20347593333
4       22.20347593333
1       22.20347607083
2       22.20354422500
2       22.20372566667
4       22.20372568750
1       22.20372580833
2       22.20374724583
2       22.20393007917
4       22.20393010000
1       22.20393022083
2       22.20396715833
2       22.20407939167
2       22.20416453750
4       22.20416455417
1       22.20416467500
2       22.20421421667
2       22.20425860833
2       22.20432153750
2       22.20434173750
2       22.20436403333
2       22.20472796667
4       22.20472798750
1       22.20472810417
2       22.20495260833
4       22.20495262500
1       22.20495274583
2       22.20520029167
4       22.20520029167
1       22.20520042917
2       22.20520587083
2       22.20534046667
2       22.20539703750
4       22.20539705417
1       22.20539717500
2       22.20561210000
4       22.20561211667
1       22.20561223750
2       22.20563264167
2       22.20582964167
4       22.20582964167
1       22.20582977917
2       22.20592901667
2       22.20593265417
2       22.20621351250
4       22.20621351250
1       22.20621365000
2       22.20633242500
2       22.20634734583
2       22.20639972917
4       22.20639974583
1       22.20639986667
2       22.20644960833
2       22.20659783333
4       22.20659783333
1       22.20659797083
2       22.20669655417
2       22.20676072917
2       22.20684750833
4       22.20684752917
1       22.20684765000
2       22.20686070000
2       22.20698330833
2       22.20700752083
2       22.20704590417
2       22.20718937083
4       22.20718939167
1       22.20718951250
2       22.20723235000
2       22.20724273333
2       22.20728945000
2       22.20738341250
2       22.20739505833
4       22.20739507917
1       22.20739520000
2       22.20758317083
4       22.20758319167
1       22.20758331250
2       22.20784244167
4       22.20784246250
1       22.20784258333
2       22.20794021250
2       22.20794315417
2       22.20800413750
4       22.20800415417
1       22.20800427500
2       22.20802930417
2       22.20803515000
2       22.20824432083
4       22.20824433750
1       22.20824445833
2       22.20838137917
2       22.20843085417
4       22.20843087500
1       22.20843099583
2       22.20848682500
2       22.20851787917
2       22.20855958333
2       22.20859105833
4       22.20859107917
1       22.20859120000
2       22.20865829167
2       22.20875738333
2       22.20875898750
2       22.20877356250
4       22.20877358333
1       22.20877370417
2       22.20883053333
2       22.20887621250
2       22.20897206667
4       22.20897208750
1       22.20897220417
2       22.20899850417
2       22.20901143750
2       22.20912900833
2       22.20931643750
4       22.20931645417
1       22.20931657500
2       22.20932774167
2       22.20933470833
2       22.20937970000
2       22.20991108333
4       22.20991110417
1       22.20991122083
2       22.21001532500
2       22.21027605417
4       22.21027605417
1       22.21027619167
2       22.21038598333
2       22.21043105417
2       22.21044958333
2       22.21061786250
4       22.21061786250
1       22.21061800000
2       22.21072217500
2       22.21072253750
2       22.21116149167
4       22.21116151250
1       22.21116162917
2       22.21119219583
2       22.21121540833
2       22.21132212083
2       22.21166991250
4       22.21166993333
1       22.21167005000
2       22.21167980833
2       22.21176559167
2       22.21187546250
4       22.21187546250
1       22.21187560000
2       22.21193480417
2       22.21223363333
4       22.21223363333
1       22.21223377083
2       22.21224981250
2       22.21249792500
4       22.21249794583
1       22.21249806667
2       22.21255125000
2       22.21279801667
4       22.21279803750
1       22.21279815417
2       22.21289899167
2       22.21337530417
4       22.21337530417
1       22.21337544167
2       22.21355787917
2       22.21361246250
4       22.21361248333
1       22.21361260000
2       22.21361880417
2       22.21364393750
2       22.21384173333
2       22.21389562500
4       22.21389564583
1       22.21389576667
2       22.21391062083
2       22.21399073750
2       22.21404471667
2       22.21404638333
2       22.21435077500
4       22.21435079167
1       22.21435091250
2       22.21436975417
2       22.21440841667
2       22.21448455833
2       22.21453492500
2       22.21455614583
4       22.21455616250
1       22.21455628333
2       22.21456187917
2       22.21459661667
2       22.21476020000
2       22.21476977083
4       22.21476978750
1       22.21476990833
2       22.21483704583
2       22.21509504167
4       22.21509504167
1       22.21509517917
2       22.21526134583
2       22.21538057083
4       22.21538058750
1       22.21538070833
2       22.21559427917
4       22.21559430000
1       22.21559442083
2       22.21572402500
2       22.21576952083
2       22.21592545417
4       22.21592545417
1       22.21592559167
2       22.21605592083
2       22.21613086250
4       22.21613088333
1       22.21613100000
2       22.21629546250
2       22.21680620833
4       22.21680622500
1       22.21680634583
2       22.21688632500
2       22.21694530417
2       22.21701848333
2       22.21707547917
4       22.21707549583
1       22.21707561667
2       22.21712746250
2       22.21741265000
4       22.21741267083
1       22.21741279167
2       22.21750704167
2       22.21759086250
2       22.21763954583
4       22.21763956250
1       22.21763968333
2       22.21764980000
2       22.21769152917
2       22.21773356667
2       22.21774025000
2       22.21787867083
4       22.21787868750
1       22.21787880833
2       22.21793069583
2       22.21808304167
4       22.21808304167
1       22.21808317917
2       22.21833250833
4       22.21833252917
1       22.21833265000
2       22.21854015417
4       22.21854017500
1       22.21854029167
2       22.21879423333
4       22.21879425417
1       22.21879437083
2       22.21888968333
2       22.21903167917
4       22.21903170000
1       22.21903182083
2       22.21919936667
2       22.21924797083
4       22.21924798750
1       22.21924810833
2       22.21937417917
2       22.21958150833
4       22.21958152917
1       22.21958165000
2       22.21961671250
2       22.21977463750
4       22.21977465417
1       22.21977477500
2       22.22018678333
4       22.22018680417
1       22.22018692500
2       22.22020854583
2       22.22045197500
4       22.22045197500
1       22.22045211250
2       22.22045501250
2       22.22065304583
4       22.22065306250
1       22.22065318333
2       22.22076234167
2       22.22098098750
4       22.22098100833
1       22.22098112917
2       22.22101044583
2       22.22117172917
4       22.22117175000
1       22.22117186667
2       22.22126685833
2       22.22135592500
2       22.22140625833
4       22.22140627917
1       22.22140639583
2       22.22152980833
2       22.22175645000
4       22.22175646667
1       22.22175658750
2       22.22193426667
2       22.22196211250
4       22.22196211250
1       22.22196225000
2       22.22220505833
4       22.22220507917
1       22.22220519583
2       22.22225225000
2       22.22230586667
2       22.22237715833
2       22.22257051667
4       22.22257053333
1       22.22257065417
2       22.22263884583
2       22.22281269583
4       22.22281271250
1       22.22281283333
2       22.22285811250
2       22.22295837500
2       22.22300835833
4       22.22300837917
1       22.22300849583
2       22.22311069583
2       22.22313655417
2       22.22323992500
4       22.22323994583
1       22.22324006667
2       22.22327736667
2       22.22362885417
4       22.22362887500
1       22.22362899583
2       22.22368806250
2       22.22381393750
2       22.22388293750
4       22.22388295833
1       22.22388307500
2       22.22400941667
2       22.22401570833
2       22.22406074167
2       22.22410579167
4       22.22410579167
1       22.22410592917
2       22.22428947917
2       22.22438429583
4       22.22438431250
1       22.22438443333
2       22.22463439583
4       22.22463441667
1       22.22463453750
2       22.22482249583
4       22.22482251667
1       22.22482263750
2       22.22487952500
2       22.22538299167
4       22.22538299167
1       22.22538312917
2       22.22551910000
2       22.22603051667
4       22.22603053750
1       22.22603065833
2       22.22610570833
2       22.22628524167
4       22.22628526250
1       22.22628538333
2       22.22639153333
2       22.22640552083
2       22.22642726250
2       22.22647967083
2       22.22659916250
4       22.22659916250
1       22.22659930000
2       22.22660525833
2       22.22691392500
4       22.22691392500
1       22.22691406250
2       22.22715770000
4       22.22715771667
1       22.22715783750
2       22.22723520417
2       22.22724975833
2       22.22728557083
2       22.22765851250
4       22.22765851250
1       22.22765865000
2       22.22771077083
2       22.22775920833
2       22.22780757917
2       22.22796687500
4       22.22796689583
1       22.22796701667
2       22.22799170833
2       22.22801487500
2       22.22804195833
2       22.22808550833
2       22.22818851667
4       22.22818853750
1       22.22818865417
2       22.22827895000
2       22.22830242083
2       22.22835184167
2       22.22838653750
2       22.22844415000
4       22.22844416667
1       22.22844428750
2       22.22844480000
2       22.22866947917
4       22.22866950000
1       22.22866962083
2       22.22873300833
2       22.22884029167
2       22.22886253333
4       22.22886253333
1       22.22886267083
2       22.22887345833
2       22.22892742917
2       22.22905725417
4       22.22905725417
1       22.22905739167
2       22.22928778333
4       22.22928780417
1       22.22928792500
2       22.22929409167
2       22.22935545000
2       22.22945545000
2       22.22947501250
2       22.22951375833
4       22.22951377917
1       22.22951389583
2       22.22953985833
2       22.22956968750
2       22.22966807917
2       22.22985489583
4       22.22985491250
1       22.22985503333
2       22.22997710417
2       22.23001184583
2       22.23006024167
4       22.23006026250
1       22.23006037917
2       22.23012947917
2       22.23032490000
4       22.23032492083
1       22.23032504167
2       22.23052932500
4       22.23052934583
1       22.23052946667
2       22.23055180417
2       22.23070576250
4       22.23070576250
1       22.23070590000
2       22.23072728333
2       22.23082766250
2       22.23093342083
4       22.23093344167
1       22.23093355833
2       22.23099136250
2       22.23105027500
2       22.23120961667
4       22.23120963333
1       22.23120975417
2       22.23126193333
2       22.23148812500
4       22.23148814583
1       22.23148826667
2       22.23151166667
2       22.23158488750
2       22.23160646667
2       22.23189057500
4       22.23189059167
1       22.23189071250
2       22.23193065417
2       22.23198567083
2       22.23213210000
4       22.23213211667
1       22.23213223750
2       22.23254714583
4       22.23254716667
1       22.23254728333
2       22.23257924583
2       22.23278690417
4       22.23278690417
1       22.23278704167
2       22.23284717917
2       22.23286282083
2       22.23300880417
4       22.23300882500
1       22.23300894583
2       22.23307012500
2       22.23316613750
2       22.23321250000
2       22.23354772500
4       22.23354774167
1       22.23354786250
2       22.23363572500
2       22.23364833750
2       22.23366868333
2       22.23367357500
2       22.23391076250
4       22.23391078333
1       22.23391090000
2       22.23399760833
2       22.23419861250
4       22.23419861250
1       22.23419875000
2       22.23420257083
2       22.23425327083
2       22.23438741667
2       22.23442157083
4       22.23442158750
1       22.23442170833
2       22.23491337917
4       22.23491340000
1       22.23491352083
2       22.23491839167
2       22.23494484583
2       22.23509122500
2       22.23524665000
4       22.23524666667
1       22.23524678750
2       22.23533337917
2       22.23557812500
4       22.23557814583
1       22.23557826250
2       22.23558151250
2       22.23559771250
2       22.23571232917
2       22.23578420833
4       22.23578422917
1       22.23578435000
2       22.23579479583
2       22.23586530417
2       22.23590500833
2       22.23591436667
2       22.23602024167
4       22.23602026250
1       22.23602038333
2       22.23604024167
2       22.23618826250
4       22.23618826250
1       22.23618840000
2       22.23640787500
4       22.23640787500
1       22.23640801250
2       22.23647017917
2       22.23663084167
4       22.23663086250
1       22.23663098333
2       22.23693879167
4       22.23693879167
1       22.23693892917
2       22.23695973333
2       22.23696199583
2       22.23698087083
2       22.23706602917
2       22.23715547917
4       22.23715550000
1       22.23715562083
2       22.23719886667
2       22.23742012917
4       22.23742014583
1       22.23742026667
2       22.23751382500
2       22.23761027917
4       22.23761030000
1       22.23761042083
2       22.23763382083
2       22.23772109167
2       22.23783246667
4       22.23783248750
1       22.23783260833
2       22.23795332083
2       22.23809677917
4       22.23809680000
1       22.23809692083
2       22.23812196250
2       22.23818990417
2       22.23837970833
4       22.23837972917
1       22.23837984583
2       22.23846249583
2       22.23847110833
2       22.23856222083
4       22.23856224167
1       22.23856236250
2       22.23876189583
4       22.23876191667
1       22.23876203333
2       22.23877216250
2       22.23882086250
2       22.23883415000
2       22.23898714167
4       22.23898714167
1       22.23898727917
2       22.23904080833
2       22.23904146667
2       22.23910371667
2       22.23925740000
4       22.23925741667
1       22.23925753750
2       22.23929685000
2       22.23936571250
2       22.23939362083
2       22.23944356250
4       22.23944358333
1       22.23944370000
2       22.23972275833
4       22.23972277500
1       22.23972289583
2       22.23986359583
2       22.23992321667
4       22.23992323750
1       22.23992335833
2       22.23998480000
2       22.24002493333
2       22.24019152500
4       22.24019154167
1       22.24019166250
2       22.24020709583
2       22.24021098333
2       22.24047258333
4       22.24047260417
1       22.24047272500
2       22.24054256667
2       22.24059723333
2       22.24066985000
4       22.24066987083
1       22.24066999167
2       22.24068533333
2       22.24071093750
2       22.24100965000
4       22.24100967083
1       22.24100979167
2       22.24102094167
2       22.24117587500
2       22.24143559583
4       22.24143561250
1       22.24143573333
2       22.24145709167
2       22.24153457917
2       22.24176348750
4       22.24176350833
1       22.24176362917
2       22.24204306250
4       22.24204308333
1       22.24204320417
2       22.24224341667
4       22.24224343750
1       22.24224355833
2       22.24233350833
2       22.24235878750
2       22.24240076250
2       22.24247032917
4       22.24247034583
1       22.24247046667
2       22.24295924583
4       22.24295926250
1       22.24295938333
2       22.24297378333
2       22.24298472500
2       22.24300291667
2       22.24319374583
4       22.24319376250
1       22.24319388333
2       22.24329947500
2       22.24335372500
2       22.24336932083
2       22.24336991667
2       22.24365616250
4       22.24365616250
1       22.24365630000
2       22.24393003750
4       22.24393005833
1       22.24393017917
2       22.24404297500
2       22.24434144583
4       22.24434146667
1       22.24434158750
2       22.24436231250
2       22.24456571667
4       22.24456573333
1       22.24456585417
2       22.24459049583
2       22.24459481667
2       22.24474128750
2       22.24498902083
4       22.24498904167
1       22.24498916250
2       22.24506552500
2       22.24523674167
4       22.24523676250
1       22.24523688333
2       22.24524269167
2       22.24530267917
2       22.24545442500
4       22.24545444167
1       22.24545456250
2       22.24549245000
2       22.24560970417
2       22.24567883333
4       22.24567885417
1       22.24567897083
2       22.24572062500
2       22.24575678333
2       22.24592038333
4       22.24592038333
1       22.24592052083
2       22.24594891667
2       22.24613540833
4       22.24613542917
1       22.24613555000
2       22.24627617500
2       22.24650297083
4       22.24650299167
1       22.24650311250
2       22.24653883750
2       22.24676404167
4       22.24676404167
1       22.24676417917
2       22.24686010000
2       22.24721155000
4       22.24721157083
1       22.24721168750
2       22.24724630417
2       22.24728680833
2       22.24735887083
2       22.24737650833
2       22.24775968333
4       22.24775970417
1       22.24775982500
2       22.24779184583
2       22.24784815000
2       22.24784973750
2       22.24798925000
4       22.24798927083
1       22.24798939167
2       22.24800818750
2       22.24804625833
2       22.24805745000
2       22.24815616250
2       22.24819625833
4       22.24819627917
1       22.24819639583
2       22.24824532500
2       22.24827411667
2       22.24840858333
4       22.24840860417
1       22.24840872500
2       22.24853540833
2       22.24867094167
4       22.24867096250
1       22.24867107917
2       22.24869903750
2       22.24876135833
2       22.24905614167
4       22.24905614167
1       22.24905627917
2       22.24913850000
2       22.24919225833
2       22.24919730417
2       22.24921220417
2       22.24924890000
4       22.24924891667
1       22.24924903750
2       22.24939233333
2       22.24941879583
2       22.24943706667
4       22.24943708750
1       22.24943720833
2       22.24943871250
2       22.24944769167
2       22.24983390000
4       22.24983392083
1       22.24983404167
2       22.24986167917
2       22.24993916667
2       22.25011307083
4       22.25011309167
1       22.25011321250
2       22.25017600833
2       22.25022075000
2       22.25025314583
2       22.25057843333
4       22.25057845417
1       22.25057857500
2       22.25091192083
4       22.25091193750
1       22.25091205833
2       22.25099747917
2       22.25104647917
2       22.25105905833
2       22.25125811250
4       22.25125813333
1       22.25125825417
2       22.25127269167
2       22.25133988333
2       22.25153708750
4       22.25153710833
1       22.25153722500
2       22.25205962500
4       22.25205964583
1       22.25205976667
2       22.25217097083
2       22.25217167083
2       22.25239098750
4       22.25239100833
1       22.25239112917
2       22.25239988333
2       22.25244865833
2       22.25248532500
2       22.25263833750
4       22.25263835833
1       22.25263847917
2       22.25273248333
2       22.25282616667
2       22.25287653333
4       22.25287653333
1       22.25287667083
2       22.25297385833
2       22.25304749167
2       22.25306594583
2       22.25322920000
4       22.25322922083
1       22.25322933750
2       22.25334050833
2       22.25338095000
2       22.25341172917
2       22.25342733750
4       22.25342735417
1       22.25342747500
2       22.25347200417
2       22.25351906667
2       22.25355460417
2       22.25359197083
2       22.25372149583
4       22.25372151250
1       22.25372163333
2       22.25374562500
2       22.25378444167
2       22.25403710000
4       22.25403712083
1       22.25403724167
2       22.25409340417
2       22.25425944167
4       22.25425946250
1       22.25425957917
2       22.25465146250
4       22.25465146250
1       22.25465160000
2       22.25485322500
4       22.25485324167
1       22.25485336250
2       22.25488942917
2       22.25492652917
2       22.25495430000
2       22.25499433333
2       22.25514310833
4       22.25514312500
1       22.25514324583
2       22.25519940833
2       22.25525956667
2       22.25532456667
4       22.25532458750
1       22.25532470833
2       22.25540867917
2       22.25551373333
4       22.25551375417
1       22.25551387500
2       22.25551638750
2       22.25552207500
2       22.25585752500
4       22.25585754583
1       22.25585766667
2       22.25586647500
2       22.25588838333
2       22.25612486250
4       22.25612488333
1       22.25612500417
2       22.25626401667
2       22.25632789583
4       22.25632791250
1       22.25632803333
2       22.25643025000
2       22.25643221250
2       22.25691552500
4       22.25691554167
1       22.25691566250
2       22.25692711250
2       22.25704300000
2       22.25706490417
2       22.25710032917
2       22.25729110833
4       22.25729112500
1       22.25729124583
2       22.25730698750
2       22.25756893750
4       22.25756895417
1       22.25756907500
2       22.25761139167
2       22.25764841250
2       22.25768130000
2       22.25776838750
4       22.25776840417
1       22.25776852500
2       22.25789688333
2       22.25794027083
2       22.25816461250
4       22.25816463333
1       22.25816475417
2       22.25826296250
2       22.25836591250
4       22.25836593333
1       22.25836605000
2       22.25864085000
4       22.25864087083
1       22.25864098750
2       22.25868057917
2       22.25870611667
2       22.25881876667
2       22.25886648333
4       22.25886648333
1       22.25886662083
2       22.25895125417
2       22.25933311667
4       22.25933313333
1       22.25933325417
2       22.25935463333
2       22.25975248333
4       22.25975248333
1       22.25975262083
2       22.25979354167
2       22.25979648750
2       22.25990148333
2       22.25998795417
4       22.25998797500
1       22.25998809583
2       22.26018735417
4       22.26018735417
1       22.26018749167
2       22.26034398333
2       22.26049270833
4       22.26049272917
1       22.26049285000
2       22.26063943333
2       22.26070340833
4       22.26070342917
1       22.26070355000
2       22.26082229583
2       22.26085842083
2       22.26130992500
4       22.26130992500
1       22.26131006250
2       22.26142452917
2       22.26152017083
4       22.26152018750
1       22.26152030833
2       22.26163809583
2       22.26167853333
2       22.26194680417
4       22.26194682500
1       22.26194694583
2       22.26195279167
2       22.26196310417
2       22.26201139167
2       22.26225490417
4       22.26225490417
1       22.26225504167
2       22.26249599583
4       22.26249601667
1       22.26249613750
2       22.26272557083
4       22.26272559167
1       22.26272570833
2       22.26300377917
4       22.26300379583
1       22.26300391667
2       22.26305805417
2       22.26308953750
2       22.26317525417
2       22.26324067083
4       22.26324069167
1       22.26324081250
2       22.26340656250
2       22.26344396250
4       22.26344398333
1       22.26344410417
2       22.26344470417
2       22.26354861667
2       22.26369043750
4       22.26369045833
1       22.26369057917
2       22.26373506667
2       22.26390535417
4       22.26390537500
1       22.26390549583
2       22.26427037917
4       22.26427040000
1       22.26427051667
2       22.26448000000
4       22.26448001667
1       22.26448013750
2       22.26468912500
4       22.26468914583
1       22.26468926667
2       22.26482720417
2       22.26507862917
4       22.26507864583
1       22.26507876667
2       22.26519980833
2       22.26521602083
2       22.26528920833
4       22.26528922500
1       22.26528934583
2       22.26529287917
2       22.26542834167
2       22.26553265417
4       22.26553267500
1       22.26553279583
2       22.26554792500
2       22.26568207917
2       22.26598679167
4       22.26598679167
1       22.26598692917
2       22.26602363750
2       22.26605372917
2       22.26613682500
2       22.26617107083
2       22.26638617917
4       22.26638619583
1       22.26638631667
2       22.26639915417
2       22.26645850000
2       22.26647866667
2       22.26654065833
2       22.26669462917
4       22.26669464583
1       22.26669476667
2       22.26679005417
2       22.26700928333
4       22.26700930417
1       22.26700942083
2       22.26729481250
4       22.26729483333
1       22.26729495000
2       22.26729645833
2       22.26741604167
2       22.26758228750
4       22.26758230417
1       22.26758242500
2       22.26766317917
2       22.26774723750
2       22.26775256667
2       22.26775532083
2       22.26779191667
4       22.26779193750
1       22.26779205833
2       22.26780724167
2       22.26784398750
2       22.26784628333
2       22.26789035833
2       22.26793185417
2       22.26823353333
4       22.26823355417
1       22.26823367083
2       22.26836465417
2       22.26842291667
4       22.26842293750
1       22.26842305833
2       22.26862306250
4       22.26862308333
1       22.26862320417
2       22.26865777083
2       22.26871840833
2       22.26877610833
2       22.26882177083
4       22.26882179167
1       22.26882190833
2       22.26889506250
2       22.26911917083
4       22.26911919167
1       22.26911930833
2       22.26922688333
2       22.26933548333
4       22.26933550417
1       22.26933562083
2       22.26944022500
2       22.26970654167
4       22.26970655833
1       22.26970667917
2       22.26975285000
2       22.26992500417
4       22.26992500417
1       22.26992514167
2       22.27024944583
4       22.27024946250
1       22.27024958333
2       22.27046236667
4       22.27046238333
1       22.27046250417
2       22.27092015417
4       22.27092015417
1       22.27092029167
2       22.27110062917
2       22.27125533333
4       22.27125533333
1       22.27125547083
2       22.27134308750
2       22.27151499583
4       22.27151501667
1       22.27151513750
2       22.27220457917
4       22.27220459583
1       22.27220471667
2       22.27236035417
2       22.27260376250
4       22.27260376250
1       22.27260390000
2       22.27265812083
2       22.27273228750
2       22.27278945833
2       22.27290187083
4       22.27290189167
1       22.27290201250
2       22.27290347917
2       22.27296211250
2       22.27297633750
2       22.27305324167
2       22.27311423333
4       22.27311423333
1       22.27311437083
2       22.27325756667
2       22.27332516250
4       22.27332516250
1       22.27332530000
2       22.27334136667
2       22.27346230833
2       22.27364219167
4       22.27364221250
1       22.27364232917
2       22.27366664167
2       22.27379810833
2       22.27391672500
4       22.27391674583
1       22.27391686667
2       22.27401907083
2       22.27409097500
2       22.27415157500
4       22.27415159167
1       22.27415171250
2       22.27415716667
2       22.27429762500
2       22.27433405417
2       22.27451693333
4       22.27451693333
1       22.27451707083
2       22.27452883333
2       22.27455563333
2       22.27458512083
2       22.27470701250
4       22.27470701250
1       22.27470715000
2       22.27478719583
2       22.27505416667
4       22.27505418750
1       22.27505430833
2       22.27513570000
2       22.27531615000
4       22.27531617083
1       22.27531629167
2       22.27545800833
2       22.27550990417
4       22.27550992500
1       22.27551004167
2       22.27557748333
2       22.27559870000
2       22.27580210417
4       22.27580212500
1       22.27580224583
2       22.27590868333
2       22.27596507917
2       22.27602368750
4       22.27602370417
1       22.27602382500
2       22.27604052083
2       22.27607734167
2       22.27624926667
4       22.27624928333
1       22.27624940417
2       22.27628734583
2       22.27634761667
2       22.27653408333
4       22.27653410417
1       22.27653422500
2       22.27655657500
2       22.27658437917
2       22.27668017917
2       22.27702298750
4       22.27702300417
1       22.27702312500
2       22.27721306250
2       22.27730357083
4       22.27730358750
1       22.27730370833
2       22.27736437083
2       22.27756688750
4       22.27756690833
1       22.27756702917
2       22.27756851667
2       22.27799780833
4       22.27799782500
1       22.27799794583
2       22.27801862500
2       22.27815152083
2       22.27818386667
2       22.27825646667
4       22.27825648333
1       22.27825660417
2       22.27837106250
2       22.27854370000
4       22.27854372083
1       22.27854384167
2       22.27855527500
2       22.27859564167
2       22.27860388333
2       22.27860558750
2       22.27860795000
2       22.27863304167
2       22.27866485833
2       22.27872417917
2       22.27884142917
4       22.27884145000
1       22.27884157083
2       22.27888279167
2       22.27919945000
4       22.27919946667
1       22.27919958750
2       22.27924980000
2       22.27937961667
2       22.27942565833
4       22.27942567917
1       22.27942580000
2       22.27944324583
2       22.27945413750
2       22.27948799167
2       22.27978842917
4       22.27978845000
1       22.27978857083
2       22.27992480833
2       22.27996922500
4       22.27996924583
1       22.27996936667
2       22.28002693333
2       22.28037465833
4       22.28037467917
1       22.28037480000
2       22.28038996667
2       22.28040248750
2       22.28041670833
2       22.28060256667
4       22.28060258750
1       22.28060270833
2       22.28068632083
2       22.28083543750
4       22.28083545417
1       22.28083557500
2       22.28084167083
2       22.28085658750
2       22.28090724167
2       22.28097185417
2       22.28107521667
4       22.28107523333
1       22.28107535417
2       22.28125443333
2       22.28142803750
4       22.28142805833
1       22.28142817500
2       22.28372968750
4       22.28372970833
1       22.28372982917
2       22.28391816667
2       22.28398365833
4       22.28398367500
1       22.28398379583
2       22.28421723333
4       22.28421723333
1       22.28421737083
2       22.28428516250
2       22.28431726250
2       22.28437820000
2       22.28439319583
2       22.28457564167
4       22.28457566250
1       22.28457578333
2       22.28465311667
2       22.28482334167
4       22.28482334167
1       22.28482347917
2       22.28488532083
2       22.28515391250
4       22.28515393333
1       22.28515405417
2       22.28521451667
2       22.28536755000
4       22.28536756667
1       22.28536768750
2       22.28572802083
4       22.28572804167
1       22.28572816250
2       22.28599791667
4       22.28599793333
1       22.28599805417
2       22.28606944583
2       22.28609592500
2       22.28612913750
2       22.28626491250
4       22.28626493333
1       22.28626505417
2       22.28628177083
2       22.28640296250
2       22.28646860417
4       22.28646862500
1       22.28646874583
2       22.28655069583
2       22.28658387500
2       22.28666337500
4       22.28666339583
1       22.28666351667
2       22.28669148333
2       22.28680008750
2       22.28687602083
4       22.28687603750
1       22.28687615833
2       22.28690775833
2       22.28717801667
4       22.28717803750
1       22.28717815833
2       22.28726383333
2       22.28728539583
2       22.28729728333
2       22.28757815417
4       22.28757815417
1       22.28757829167
2       22.28761032500
2       22.28782423333
4       22.28782423333
1       22.28782437083
2       22.28797300000
2       22.28852182083
4       22.28852184167
1       22.28852196250
2       22.28856362083
2       22.28868182083
2       22.28879312500
4       22.28879312500
1       22.28879326250
2       22.28885405833
2       22.28889715833
2       22.28921775417
4       22.28921775417
1       22.28921789167
2       22.28923071667
2       22.28933700000
2       22.28934034583
2       22.28935921250
2       22.28945227500
4       22.28945227500
1       22.28945241250
2       22.28950157083
2       22.28951452500
2       22.29006573333
4       22.29006575417
1       22.29006587500
2       22.29024559167
2       22.29029233750
4       22.29029235833
1       22.29029247917
2       22.29030522917
2       22.29035585000
2       22.29054037083
4       22.29054038750
1       22.29054050833
2       22.29070169167
2       22.29070632083
2       22.29083646667
4       22.29083648333
1       22.29083660417
2       22.29089510833
2       22.29095735833
2       22.29116526667
4       22.29116528333
1       22.29116540417
2       22.29137099167
2       22.29139463333
4       22.29139465417
1       22.29139477500
2       22.29170590833
4       22.29170592917
1       22.29170605000
2       22.29205307083
4       22.29205309167
1       22.29205321250
2       22.29215608333
2       22.29219258333
2       22.29242532917
4       22.29242535000
1       22.29242547083
2       22.29270264167
4       22.29270266250
1       22.29270278333
2       22.29284698750
2       22.29290986667
2       22.29291458750
2       22.29301498333
4       22.29301500417
1       22.29301512500
2       22.29309078750
2       22.29315007500
2       22.29321007917
4       22.29321010000
1       22.29321022083
2       22.29329353750
2       22.29333983750
2       22.29338662917
2       22.29338890833
2       22.29366906250
4       22.29366906250
1       22.29366920000
2       22.29379099167
2       22.29387342500
4       22.29387342500
1       22.29387356250
2       22.29529379583
4       22.29529381667
1       22.29529393750
2       22.29532623750
2       22.29534685417
2       22.29536997917
2       22.29539289167
2       22.29543355000
2       22.29553260417
4       22.29553260417
1       22.29553274167
2       22.29579197917
4       22.29579200000
1       22.29579212083
2       22.29581287917
2       22.29593337917
2       22.29594399167
2       22.29604966667
4       22.29604968333
1       22.29604980417
2       22.29608767917
2       22.29625470833
2       22.29629175417
4       22.29629175417
1       22.29629189167
2       22.29631122500
2       22.29633781250
2       22.29653851250
4       22.29653851250
1       22.29653865000
2       22.29663489167
2       22.29665016250
2       22.29679253750
4       22.29679255417
1       22.29679267500
2       22.29740067917
4       22.29740069583
1       22.29740081667
2       22.29741000000
2       22.29745106250
2       22.29745675000
2       22.29746628750
2       22.29764184167
4       22.29764184167
1       22.29764197917
2       22.29809955000
4       22.29809957083
1       22.29809968750
2       22.29810521667
2       22.29837253750
4       22.29837255417
1       22.29837267500
2       22.29858952917
4       22.29858955000
1       22.29858967083
2       22.29868651250
2       22.29872626250
2       22.29882531250
4       22.29882533333
1       22.29882545417
2       22.29882895000
2       22.29896937083
2       22.29906574167
4       22.29906575833
1       22.29906587917
2       22.29924425000
4       22.29924426667
1       22.29924438750
2       22.29926947500
2       22.29934740833
2       22.29938014167
2       22.29942681667
4       22.29942683333
1       22.29942695417
2       22.29952120000
2       22.29977795000
4       22.29977796667
1       22.29977808750
2       22.29989024583
2       22.30024796250
4       22.30024798333
1       22.30024810000
2       22.30029995000
2       22.30049243750
4       22.30049245833
1       22.30049257500
2       22.30072483333
4       22.30072483333
1       22.30072497083
2       22.30083817083
2       22.30085307917
2       22.30095772083
4       22.30095773750
1       22.30095785833
2       22.30103892083
2       22.30110521667
2       22.30120222917
4       22.30120224583
1       22.30120236667
2       22.30150990833
4       22.30150992917
1       22.30151004583
2       22.30157646667
2       22.30172792083
4       22.30172794167
1       22.30172805833
2       22.30229929583
4       22.30229931667
1       22.30229943333
2       22.30238500833
2       22.30244802083
2       22.30257908750
4       22.30257910833
1       22.30257922917
2       22.30257942917
2       22.30258013333
2       22.30271428750
2       22.30278282083
4       22.30278284167
1       22.30278296250
2       22.30282024583
2       22.30284060417
2       22.30300412500
4       22.30300414167
1       22.30300426250
2       22.30306631667
2       22.30312967917
2       22.30332997083
4       22.30332999167
1       22.30333011250
2       22.30339362500
2       22.30350961250
2       22.30405050000
4       22.30405051667
1       22.30405063750
2       22.30416179167
2       22.30417432083
2       22.30417665000
2       22.30419701667
2       22.30420912917
2       22.30433064167
4       22.30433064167
1       22.30433077917
2       22.30439595000
2       22.30448702500
2       22.30448993333
2       22.30456285833
4       22.30456287500
1       22.30456299583
2       22.30458397500
2       22.30459828333
2       22.30472942083
2       22.30475263750
4       22.30475265833
1       22.30475277500
2       22.30475367917
2       22.30490503750
2       22.30506660417
4       22.30506660417
1       22.30506674167
2       22.30522660417
2       22.30531675417
4       22.30531677500
1       22.30531689583
2       22.30533756667
2       22.30539722917
2       22.30545643750
2       22.30572310417
4       22.30572312500
1       22.30572324583
2       22.30576085833
2       22.30590270000
4       22.30590272083
1       22.30590284167
2       22.30592647500
2       22.30594138750
2       22.30598380000
2       22.30615865000
4       22.30615867083
1       22.30615879167
2       22.30616699583
2       22.30630442083
2       22.30637095417
4       22.30637095417
1       22.30637109167
2       22.30648692917
2       22.30943945833
4       22.30943947500
1       22.30943959583
2       22.30952994583
2       22.30955243333
2       22.30960473750
2       22.30964180833
4       22.30964182500
1       22.30964194583
2       22.30970479583
2       22.30970644167
2       22.30997241250
4       22.30997243333
1       22.30997255000
2       22.30999755417
2       22.31002041667
2       22.31007080833
2       22.31011908750
2       22.31017203750
4       22.31017205417
1       22.31017217500
2       22.31041113333
4       22.31041115417
1       22.31041127500
2       22.31048488750
2       22.31056265833
2       22.31056826250
2       22.31066862500
4       22.31066864583
1       22.31066876667
2       22.31083525000
2       22.31129595833
4       22.31129597917
1       22.31129609583
2       22.31130232917
2       22.31138442917
2       22.31139234583
2       22.31147171250
2       22.31147759167
2       22.31171140833
4       22.31171142500
1       22.31171154583
2       22.31179781250
2       22.31185445000
2       22.31186471667
2       22.31217310833
4       22.31217312917
1       22.31217325000
2       22.31242905833
4       22.31242907500
1       22.31242919583
2       22.31258853750
2       22.31275112500
4       22.31275114167
1       22.31275126250
2       22.31282490833
2       22.31284755000
2       22.31299683750
4       22.31299685417
1       22.31299697500
2       22.31305975833
2       22.31324235417
4       22.31324235417
1       22.31324249167
2       22.31327644583
2       22.31337012917
2       22.31341286667
4       22.31341288750
1       22.31341300833
2       22.31350031250
2       22.31352582500
2       22.31363547917
4       22.31363550000
1       22.31363561667
2       22.31384484167
4       22.31384486250
1       22.31384497917
2       22.31393857083
2       22.31404357083
4       22.31404359167
1       22.31404371250
2       22.31420713750
2       22.31450760000
4       22.31450761667
1       22.31450773750
2       22.31469146667
2       22.31470336250
4       22.31470338333
1       22.31470350417
2       22.31536952083
4       22.31536954167
1       22.31536966250
2       22.31540754167
2       22.31543407500
2       22.31543805417
2       22.31553314583
2       22.31558931667
4       22.31558933333
1       22.31558945417
2       22.31559365417
2       22.31563578750
2       22.31564133333
2       22.31570403750
2       22.31585175833
4       22.31585177917
1       22.31585190000
2       22.31598555833
2       22.31602423333
2       22.31615738333
4       22.31615740417
1       22.31615752500
2       22.31622697083
2       22.31635678750
2       22.31696527083
4       22.31696528750
1       22.31696540833
2       22.31715113750
2       22.31729922083
4       22.31729924167
1       22.31729936250
2       22.31748727500
2       22.31763305000
4       22.31763307083
1       22.31763319167
2       22.31764234583
2       22.31766651667
2       22.31769167500
2       22.31779995417
2       22.31784305417
4       22.31784307500
1       22.31784319583
2       22.31813977917
4       22.31813980000
1       22.31813992083
2       22.31826362083
2       22.31842930000
4       22.31842931667
1       22.31842943750
2       22.31858464583
2       22.31862907917
2       22.31874629583
4       22.31874631667
1       22.31874643333
2       22.32410427083
4       22.32410429167
1       22.32410441250
2       22.32412277083
2       22.32412742917
2       22.32442253750
4       22.32442255833
1       22.32442267500
2       22.32451564167
2       22.32463746667
4       22.32463748333
1       22.32463760417
2       22.32475506250
2       22.32483262083
4       22.32483263750
1       22.32483275833
2       22.32488393333
2       22.32495644167
2       22.32496907083
2       22.32505550000
2       22.32507877083
4       22.32507879167
1       22.32507891250
2       22.32516046250
2       22.32521319583
2       22.32532773333
4       22.32532775417
1       22.32532787500
2       22.32537220833
2       22.32546650833
2       22.32548575417
2       22.32560266250
4       22.32560268333
1       22.32560280417
2       22.32592530417
4       22.32592532500
1       22.32592544167
2       22.32614355833
4       22.32614357917
1       22.32614370000
2       22.32638505000
4       22.32638506667
1       22.32638518750
2       22.32648446667
2       22.32657413333
4       22.32657413333
1       22.32657427083
2       22.32679276250
4       22.32679276250
1       22.32679290000
2       22.32681269167
2       22.32687791250
2       22.32714755000
4       22.32714757083
1       22.32714769167
2       22.32716505833
2       22.32750825417
4       22.32750827500
1       22.32750839167
2       22.32760395417
2       22.32773117083
4       22.32773119167
1       22.32773131250
2       22.32776727083
2       22.32791670000
4       22.32791671667
1       22.32791683750
2       22.32800842917
2       22.32802328750
2       22.32807292917
2       22.32831847083
4       22.32831848750
1       22.32831860833
2       22.32844563750
2       22.32846812083
2       22.32850162500
2       22.32877978333
4       22.32877978333
1       22.32877992083
2       22.32883751667
2       22.32905974167
4       22.32905974167
1       22.32905987917
2       22.32925168750
4       22.32925170417
1       22.32925182500
2       22.32926075000
2       22.32954596667
4       22.32954598750
1       22.32954610833
2       22.32960258750
2       22.32986922500
4       22.32986924583
1       22.32986936667
2       22.32989677083
2       22.32993962917
2       22.33016663333
4       22.33016663333
1       22.33016677083
2       22.33043690833
4       22.33043692917
1       22.33043705000
2       22.33049189167
2       22.33070464583
4       22.33070466667
1       22.33070478750
2       22.33084366250
2       22.33089379167
4       22.33089379167
1       22.33089392917
2       22.33093116250
2       22.33105770417
2       22.33137230000
4       22.33137232083
1       22.33137243750
2       22.33143858750
2       22.33148071250
2       22.33156582917
4       22.33156585000
1       22.33156597083
2       22.33169429167
2       22.33172216250
2       22.33179300833
4       22.33179302917
1       22.33179314583
2       22.33184537083
2       22.33210735000
4       22.33210736667
1       22.33210748750
2       22.33222492500
2       22.33227620417
4       22.33227622500
1       22.33227634583
2       22.33229052500
2       22.33229415417
2       22.33288044583
4       22.33288046250
1       22.33288058333
2       22.33318049583
4       22.33318051250
1       22.33318063333
2       22.33319902500
2       22.33324773333
2       22.33650503333
4       22.33650503333
1       22.33650517083
2       22.33677362500
4       22.33677364167
1       22.33677376250
2       22.33681377500
2       22.33685907917
2       22.33697408333
4       22.33697408333
1       22.33697422083
2       22.33701237917
2       22.33705745417
2       22.33707939167
2       22.33740865417
4       22.33740867500
1       22.33740879583
2       22.33752614583
2       22.33761467500
4       22.33761469583
1       22.33761481667
2       22.33765437083
2       22.33787962500
4       22.33787964583
1       22.33787976250
2       22.33796610417
2       22.33806807917
2       22.33807134167
2       22.33811174583
4       22.33811176250
1       22.33811188333
2       22.33815589167
2       22.33817311667
2       22.33820153750
2       22.33821849583
2       22.33828602500
2       22.33836887500
4       22.33836889167
1       22.33836901250
2       22.33859798333
4       22.33859800417
1       22.33859812083
2       22.33870770000
2       22.33873415000
2       22.33880474167
4       22.33880474167
1       22.33880487917
2       22.33909916667
4       22.33909918333
1       22.33909930417
2       22.33933667083
4       22.33933668750
1       22.33933680833
2       22.33949168750
2       22.33951449583
2       22.33984812500
4       22.33984814583
1       22.33984826667
2       22.33991331667
2       22.34006472500
4       22.34006474583
1       22.34006486667
2       22.34019024167
2       22.34032672500
4       22.34032674167
1       22.34032686250
2       22.34035062917
2       22.34055292500
4       22.34055294167
1       22.34055306250
2       22.34057944583
2       22.34090803750
4       22.34090805833
1       22.34090817917
2       22.34105277917
2       22.34126478750
4       22.34126480417
1       22.34126492500
2       22.34128296250
2       22.34149229167
4       22.34149229167
1       22.34149242917
2       22.34157020000
2       22.34157440000
2       22.34168117917
4       22.34168120000
1       22.34168131667
2       22.34177685417
2       22.34180564583
2       22.34183480417
2       22.34187417500
4       22.34187419583
1       22.34187431667
2       22.34194873750
2       22.34213023750
4       22.34213025833
1       22.34213037917
2       22.34228628750
2       22.34230247500
4       22.34230249167
1       22.34230261250
2       22.34240982917
2       22.34243740000
2       22.34247206667
2       22.34257113750
4       22.34257115833
1       22.34257127500
2       22.34257712083
2       22.34272773750
2       22.34274662083
2       22.34277449167
4       22.34277451250
1       22.34277463333
2       22.34287947917
2       22.34297948333
4       22.34297948333
1       22.34297962083
2       22.34302657500
2       22.34308222917
2       22.34308647917
2       22.34348432500
4       22.34348434167
1       22.34348446250
2       22.34354982917
2       22.34365718750
4       22.34365720833
1       22.34365732917
2       22.34366849583
2       22.34372477083
2       22.34384502917
4       22.34384504583
1       22.34384516667
2       22.34394271667
2       22.34425878750
4       22.34425880417
1       22.34425892500
2       22.34432196250
2       22.34437929583
2       22.34443952500
2       22.34454360000
4       22.34454362083
1       22.34454374167
2       22.34481585000
4       22.34481587083
1       22.34481598750
2       22.34485024583
2       22.34511958750
4       22.34511960417
1       22.34511972500
2       22.34529508333
2       22.34536710417
4       22.34536712500
1       22.34536724583
2       22.34537957083
2       22.34550905417
2       22.34552363333
2       22.34562578750
4       22.34562580417
1       22.34562592500
2       22.34602706667
4       22.34602708333
1       22.34602720417
2       22.34622848750
4       22.34622850417
1       22.34622862500
2       22.34719772083
4       22.34719774167
1       22.34719786250
2       22.34724569167
2       22.34730923750
2       22.34745010833
4       22.34745012500
1       22.34745024583
2       22.34749452083
2       22.34756668333
2       22.34763854583
4       22.34763856667
1       22.34763868750
2       22.34777240833
2       22.34812081250
4       22.34812081250
1       22.34812095000
2       22.34852127083
4       22.34852128750
1       22.34852140833
2       22.34897407500
4       22.34897407500
1       22.34897421250
2       22.34904955417
2       22.34908112917
2       22.34910817083
2       22.34919606667
4       22.34919608750
1       22.34919620833
2       22.34925490000
2       22.34934837083
2       22.34944578333
4       22.34944580417
1       22.34944592500
2       22.34947682917
2       22.34948118750
2       22.34951455000
2       22.34963877500
2       22.34976702500
4       22.34976704167
1       22.34976716250
2       22.34979057500
2       22.35004855000
4       22.35004856667
1       22.35004868750
2       22.35021977083
2       22.35061729167
4       22.35061729167
1       22.35061742917
2       22.35067557083
2       22.35080912083
4       22.35080913750
1       22.35080925833
2       22.35094981250
2       22.35096636250
2       22.35131222917
4       22.35131224583
1       22.35131236667
2       22.35136791250
2       22.35138604583
2       22.35140362500
2       22.35175140417
4       22.35175142500
1       22.35175154167
2       22.35201282500
4       22.35201284583
1       22.35201296667
2       22.35207865417
2       22.35238973750
4       22.35238975833
1       22.35238987917
2       22.35287092500
4       22.35287094167
1       22.35287106250
2       22.35289014583
2       22.35322407917
4       22.35322410000
1       22.35322422083
2       22.35326877500
2       22.35385890417
4       22.35385890417
1       22.35385904167
2       22.35399147083
2       22.35425618750
4       22.35425620833
1       22.35425632917
2       22.35428298750
2       22.35430541667
2       22.35437674583
2       22.35439227500
2       22.35446420417
2       22.35466452500
4       22.35466454583
1       22.35466466250
2       22.35467280000
2       22.35476527917
2       22.35480667083
2       22.35481995000
2       22.35491867083
4       22.35491868750
1       22.35491880833
2       22.35493280000
2       22.35496831250
2       22.35498751667
2       22.35516368750
4       22.35516370833
1       22.35516382917
2       22.35548465833
4       22.35548467917
1       22.35548480000
2       22.35549292083
2       22.35564163333
2       22.35603812917
4       22.35603815000
1       22.35603827083
2       22.35616300000
2       22.35620709167
2       22.35640845417
4       22.35640847500
1       22.35640859167
2       22.35663270417
4       22.35663272500
1       22.35663284583
2       22.35664665833
2       22.35669327083
2       22.35684397917
4       22.35684399583
1       22.35684411667
2       22.35685964583
2       22.35687421250
2       22.35703874167
2       22.35735042917
4       22.35735045000
1       22.35735057083
2       22.35746901250
2       22.35749222083
2       22.36295577083
2       22.36302577917
4       22.36302580000
1       22.36302592083
2       22.36306647083
2       22.36329635000
4       22.36329637083
1       22.36329649167
2       22.36331790000
2       22.36348279167
4       22.36348280833
1       22.36348292917
2       22.36353006250
2       22.36371659583
4       22.36371661667
1       22.36371673750
2       22.36372359583
2       22.36378916250
2       22.36379448333
2       22.36391237917
4       22.36391239583
1       22.36391251667
2       22.36405379167
2       22.36416773333
4       22.36416775417
1       22.36416787083
2       22.36434033333
2       22.36436987500
4       22.36436989583
1       22.36437001667
2       22.36437608333
2       22.36447412917
2       22.36465999583
4       22.36466001250
1       22.36466013333
2       22.36466099167
2       22.36467523333
2       22.36498187917
4       22.36498189583
1       22.36498201667
2       22.36499017917
2       22.36512670417
2       22.36547044583
4       22.36547046250
1       22.36547058333
2       22.36566957500
4       22.36566959167
1       22.36566971250
2       22.36567019583
2       22.36577451250
2       22.36606630417
4       22.36606632500
1       22.36606644583
2       22.36606702083
2       22.36626216667
2       22.36641807917
4       22.36641809583
1       22.36641821667
2       22.36646283333
2       22.36648328333
2       22.36676925417
4       22.36676925417
1       22.36676939167
2       22.36683877917
2       22.36689905833
2       22.36699341667
4       22.36699343333
1       22.36699355417
2       22.36702790417
2       22.36705836667
2       22.36715638333
2       22.36726808333
4       22.36726810417
1       22.36726822083
2       22.36760925000
4       22.36760926667
1       22.36760938750
2       22.36763364167
2       22.36768276250
2       22.36792252917
4       22.36792254583
1       22.36792266667
2       22.36840416250
4       22.36840418333
1       22.36840430417
2       22.36846804167
2       22.36880793333
4       22.36880793333
1       22.36880807083
2       22.36918947500
4       22.36918949583
1       22.36918961667
2       22.36937594167
2       22.36960413333
4       22.36960415417
1       22.36960427500
2       22.36978864167
4       22.36978864167
1       22.36978877917
2       22.36984829167
2       22.37004467083
4       22.37004468750
1       22.37004480833
2       22.37009929167
2       22.37010795417
2       22.37030071667
4       22.37030073333
1       22.37030085417
2       22.37031998333
2       22.37050045417
4       22.37050047500
1       22.37050059583
2       22.37112588333
4       22.37112590417
1       22.37112602500
2       22.37119008333
2       22.37135255833
4       22.37135257500
1       22.37135269583
2       22.37139284167
2       22.37143120000
2       22.37143257083
2       22.37147987500
2       22.37165809167
4       22.37165811250
1       22.37165823333
2       22.37173297500
2       22.37181707917
2       22.37187114167
4       22.37187116250
1       22.37187128333
2       22.37191974583
2       22.37194096250
2       22.37221590000
4       22.37221592083
1       22.37221604167
2       22.37222382083
2       22.37241200000
4       22.37241201667
1       22.37241213750
2       22.37248615833
2       22.37271899167
4       22.37271900833
1       22.37271912917
2       22.37662193750
4       22.37662195417
1       22.37662207500
2       22.37663148333
2       22.37703487500
4       22.37703489167
1       22.37703501250
2       22.37704055833
2       22.37704519167
2       22.37710477083
2       22.37749065833
4       22.37749067917
1       22.37749080000
2       22.37760788333
2       22.37781681667
4       22.37781683750
1       22.37781695833
2       22.37812870000
4       22.37812871667
1       22.37812883750
2       22.37827731250
2       22.37856988750
4       22.37856990417
1       22.37857002500
2       22.37907226250
4       22.37907226250
1       22.37907240000
2       22.37914453750
2       22.37945988750
4       22.37945990833
1       22.37946002917
2       22.37979039583
4       22.37979041250
1       22.37979053333
2       22.37989571667
2       22.37990100417
2       22.38004283333
4       22.38004285417
1       22.38004297500
2       22.38036438333
4       22.38036438333
1       22.38036452083
2       22.38091422500
4       22.38091424583
1       22.38091436667
2       22.38093412917
2       22.38120563333
4       22.38120563333
1       22.38120577083
2       22.38121992083
2       22.38129345417
2       22.38141572500
4       22.38141572500
1       22.38141586250
2       22.38159357917
2       22.38166615417
4       22.38166615417
1       22.38166629167
2       22.38183442083
2       22.38192478333
4       22.38192480417
1       22.38192492500
2       22.38195660000
2       22.38207815833
2       22.38212850000
4       22.38212851667
1       22.38212863750
2       22.38260014167
4       22.38260014167
1       22.38260027917
2       22.38268231250
2       22.38278731250
4       22.38278733333
1       22.38278745417
2       22.38284696667
2       22.38299335000
4       22.38299337083
1       22.38299348750
2       22.38310104583
2       22.38313905417
2       22.38315233333
2       22.38333453333
4       22.38333453333
1       22.38333467083
2       22.38340740417
2       22.38344180833
2       22.38437452083
4       22.38437454167
1       22.38437465833
2       22.38448419167
2       22.38465649583
4       22.38465651250
1       22.38465663333
2       22.38468090833
2       22.38478591250
2       22.38480687917
2       22.38488627500
4       22.38488629583
1       22.38488641250
2       22.38515592500
4       22.38515594583
1       22.38515606667
2       22.38517412917
2       22.38523078333
2       22.38529640833
2       22.38564818333
4       22.38564818333
1       22.38564832083
2       22.38566899167
2       22.38574847083
2       22.38580346667
2       22.38584915000
4       22.38584917083
1       22.38584929167
2       22.38954173750
4       22.38954175833
1       22.38954187500
2       22.39032604167
4       22.39032604167
1       22.39032617917
2       22.39058736667
4       22.39058738333
1       22.39058750417
2       22.39064374167
2       22.39066227500
2       22.39093258750
4       22.39093260417
1       22.39093272500
2       22.39104712500
2       22.39124922500
4       22.39124922500
1       22.39124936250
2       22.39147967083
4       22.39147968750
1       22.39147980833
2       22.39161311667
2       22.39176919583
4       22.39176921250
1       22.39176933333
2       22.39179330833
2       22.39200695417
4       22.39200697500
1       22.39200709583
2       22.39216039167
2       22.39233224167
4       22.39233224167
1       22.39233237917
2       22.39249129167
2       22.39272471250
4       22.39272473333
1       22.39272485417
2       22.39274830417
2       22.39276316667
2       22.39279934167
2       22.39298244167
4       22.39298246250
1       22.39298258333
2       22.39313540833
2       22.39324977917
4       22.39324980000
1       22.39324992083
2       22.39341234583
2       22.39344156250
4       22.39344158333
1       22.39344170417
2       22.39365583750
4       22.39365585833
1       22.39365597500
2       22.39391647917
4       22.39391649583
1       22.39391661667
2       22.39415534167
4       22.39415536250
1       22.39415547917
2       22.39423885000
2       22.39438818750
4       22.39438820833
1       22.39438832917
2       22.39453990000
2       22.39456172500
2       22.39465255000
4       22.39465256667
1       22.39465268750
2       22.39472344583
2       22.39485787917
4       22.39485790000
1       22.39485802083
2       22.39490190000
2       22.39510489583
4       22.39510491250
1       22.39510503333
2       22.39525536250
2       22.39527785833
4       22.39527787500
1       22.39527799583
2       22.39558963750
4       22.39558965833
1       22.39558977917
2       22.39596313333
4       22.39596313333
1       22.39596327083
2       22.39623773333
4       22.39623773333
1       22.39623787083
2       22.39627112500
2       22.39630169167
2       22.39633412083
2       22.39633480000
2       22.39652988333
4       22.39652988333
1       22.39653002083
2       22.39653119583
2       22.39663223333
2       22.39678359167
4       22.39678361250
1       22.39678372917
2       22.39683490417
2       22.39693698750
2       22.39697473750
4       22.39697475417
1       22.39697487500
2       22.39700690000
2       22.39704135833
2       22.39715097500
4       22.39715099583
1       22.39715111667
2       22.39715459167
2       22.39716479167
2       22.39727612500
2       22.39728710417
2       22.39738744583
4       22.39738746250
1       22.39738758333
2       22.39739139167
2       22.39744440417
2       22.39773787083
4       22.39773788750
1       22.39773800833
2       22.39812646250
4       22.39812648333
1       22.39812660417
2       22.39815685000
2       22.39823840000
2       22.39838840833
4       22.39838842500
1       22.39838854583
2       22.39870928333
4       22.39870930417
1       22.39870942500
2       22.39885015417
2       22.40347871667
4       22.40347873750
1       22.40347885833
2       22.40360491250
2       22.40370167917
4       22.40370169583
1       22.40370181667
2       22.40374598333
2       22.40378630833
2       22.40423390417
4       22.40423392500
1       22.40423404583
2       22.40437490833
2       22.40439026250
2       22.40439677917
2       22.40443305000
4       22.40443307083
1       22.40443319167
2       22.40483306667
4       22.40483308750
1       22.40483320833
2       22.40485867917
2       22.40495135000
2       22.40500299583
2       22.40514173750
4       22.40514175417
1       22.40514187500
2       22.40514804583
2       22.40547726250
4       22.40547726250
1       22.40547740000
2       22.40557203750
2       22.40576487083
4       22.40576488750
1       22.40576500833
2       22.40592651667
2       22.40594897083
2       22.40596822500
4       22.40596824167
1       22.40596836250
2       22.40600560000
2       22.40602912917
2       22.40603112500
2       22.40604505833
2       22.40608411667
2       22.40626429583
4       22.40626431667
1       22.40626443750
2       22.40644981250
2       22.40646473750
4       22.40646475833
1       22.40646487917
2       22.40682775000
4       22.40682777083
1       22.40682789167
2       22.40685520833
2       22.40703443333
4       22.40703443333
1       22.40703457083
2       22.40710866667
2       22.40718977917
2       22.40720990833
4       22.40720992500
1       22.40721004583
2       22.40722717500
2       22.40745101250
4       22.40745103333
1       22.40745115417
2       22.40758092500
2       22.40761434583
2       22.40765047917
4       22.40765049583
1       22.40765061667
2       22.40828545000
4       22.40828547083
1       22.40828559167
2       22.40833216250
2       22.40868056667
4       22.40868058750
1       22.40868070833
2       22.40879439583
2       22.40904033750
4       22.40904035417
1       22.40904047500
2       22.40913574167
2       22.40922346667
2       22.40925494583
4       22.40925496667
1       22.40925508750
2       22.40935106250
2       22.40938322500
2       22.40984560417
4       22.40984562500
1       22.40984574583
2       22.40987272083
2       22.40992705000
2       22.41048908333
4       22.41048910417
1       22.41048922500
2       22.41049242500
2       22.41062492917
2       22.41076104583
4       22.41076106667
1       22.41076118750
2       22.41087905000
2       22.41124267917
4       22.41124270000
1       22.41124281667
2       22.41129398750
2       22.41139830833
2       22.41148432917
4       22.41148434583
1       22.41148446667
2       22.41150925833
2       22.41154803750
2       22.41169876250
4       22.41169878333
1       22.41169890417
2       22.41194188750
4       22.41194190417
1       22.41194202500
2       22.41197799583
2       22.41207007917
2       22.41209451250
2       22.41270336667
4       22.41270338750
1       22.41270350417
2       22.41282792083
2       22.41301731250
4       22.41301731250
1       22.41301745000
2       22.41747697083
2       22.41752337083
2       22.41752518333
2       22.41755447917
2       22.41768293333
4       22.41768295417
1       22.41768307500
2       22.41831735833
4       22.41831737500
1       22.41831749583
2       22.41843323333
2       22.41863894167
4       22.41863894167
1       22.41863907917
2       22.41875416250
2       22.41929937083
4       22.41929938750
1       22.41929950833
2       22.41939611667
2       22.41963292917
4       22.41963295000
1       22.41963307083
2       22.41973794167
2       22.41979327083
2       22.41992113333
4       22.41992113333
1       22.41992127083
2       22.42003078750
2       22.42006320000
2       22.42079615000
4       22.42079616667
1       22.42079628750
2       22.42090450417
2       22.42118698333
4       22.42118700417
1       22.42118712500
2       22.42120229167
2       22.42136127500
2       22.42203233333
4       22.42203233333
1       22.42203247083
2       22.42206016667
2       22.42211422917
2       22.42213870833
2       22.42216685833
2       22.42229267917
4       22.42229270000
1       22.42229282083
2       22.42250767083
2       22.42259313333
4       22.42259315417
1       22.42259327500
2       22.42337190833
4       22.42337192500
1       22.42337204583
2       22.42384282917
4       22.42384285000
1       22.42384297083
2       22.42388911250
2       22.42392436667
2       22.42439334583
4       22.42439336250
1       22.42439348333
2       22.42494778333
4       22.42494778333
1       22.42494792083
2       22.42497295833
2       22.42497994167
2       22.42499182083
2       22.42530987083
4       22.42530988750
1       22.42531000833
2       22.42624188333
4       22.42624190417
1       22.42624202500
2       22.42682621667
4       22.42682623750
1       22.42682635417
2       22.42699112083
2       22.43224737917
4       22.43224740000
1       22.43224752083
2       22.43241798750
2       22.43259382917
4       22.43259385000
1       22.43259397083
2       22.43366931250
4       22.43366933333
1       22.43366945000
2       22.43408233750
4       22.43408235833
1       22.43408247500
2       22.43465701667
4       22.43465703750
1       22.43465715833
2       22.43526979583
4       22.43526981250
1       22.43526993333
2       22.43536382083
2       22.43563253750
4       22.43563255833
1       22.43563267917
2       22.43571428750
2       22.43598990000
4       22.43598991667
1       22.43599003750
2       22.43674709583
4       22.43674711667
1       22.43674723750
2       22.43678614583
2       22.43708433333
4       22.43708435417
1       22.43708447500
2       22.43719356250
2       22.43759770000
4       22.43759771667
1       22.43759783750
2       22.43763410417
2       22.43770402083
2       22.43775134583
2       22.43828197500
4       22.43828199167
1       22.43828211250
2       22.43869733750
4       22.43869735833
1       22.43869747500
2       22.43875188333
2       22.43903051667
4       22.43903053750
1       22.43903065833
2       22.43999511250
4       22.43999511250
1       22.43999525000
2       22.44020933333
2       22.44038989583
4       22.44038991667
1       22.44039003750
2       22.44049455833
2       22.44297608750
4       22.44297610833
1       22.44297622917
2       22.44317352500
4       22.44317354583
1       22.44317366250
2       22.44321729583
2       22.44440935000
4       22.44440936667
1       22.44440948750
2       22.44462228750
4       22.44462230417
1       22.44462242500
2       22.44544405000
4       22.44544407083
1       22.44544418750
2       22.44623965833
4       22.44623967500
1       22.44623979583
2       22.44651595000
4       22.44651597083
1       22.44651609167
2       22.44674847500
4       22.44674849583
1       22.44674861667
2       22.44976955000
4       22.44976957083
1       22.44976969167
2       22.45028595417
4       22.45028597500
1       22.45028609583
2       22.45055587083
4       22.45055589167
1       22.45055601250
2       22.45348460000
4       22.45348462083
1       22.45348473750
2       22.45360970833
2       22.45633973750
4       22.45633975417
1       22.45633987500
2       22.45741051250
4       22.45741051250
1       22.45741065000
2       22.46172555417
4       22.46172557500
1       22.46172569583
2       22.46263040000
4       22.46263042083
1       22.46263054167
2       22.46384600000
4       22.46384602083
1       22.46384614167
2       22.46528912917
4       22.46528915000
1       22.46528927083
2       22.46952613333
4       22.46952613333
1       22.46952627083
2       22.47579934583
4       22.47579936667
1       22.47579948750
2       22.47645014583
4       22.47645016667
1       22.47645028750
2       22.49264682500
4       22.49264684583
1       22.49264696667
2       22.49537405417
4       22.49537407500
1       22.49537419583
2       22.49780000000
4       22.49780001667
1       22.49780013750
2       22.50326255000
4       22.50326256667
1       22.50326268750
2       22.50329272500
2       22.50352520833
4       22.50352522917
1       22.50352535000
2       48.38795845000
4       48.38795846667
1       48.38795858750
2       48.39032172083
4       48.39032174167
1       48.39032186250
2       48.39418321250
4       48.39418321250
1       48.39418335000
2       48.39618633750
4       48.39618635833
1       48.39618647917
2       48.39632441667
2       48.39728407917
4       48.39728409583
1       48.39728421667
2       48.39812808750
4       48.39812810833
1       48.39812822917
2       48.39923513750
4       48.39923515833
1       48.39923527917
2       48.40076730000
4       48.40076731667
1       48.40076743750
2       48.40615900000
4       48.40615902083
1       48.40615914167
2       48.40633559583
2       48.40648276667
4       48.40648278333
1       48.40648290417
2       48.40725478333
4       48.40725480417
1       48.40725492500
2       48.40902958750
4       48.40902960833
1       48.40902972917
2       48.40964765833
4       48.40964767917
1       48.40964780000
2       48.40990768750
4       48.40990770833
1       48.40990782500
2       48.41079420417
4       48.41079422500
1       48.41079434583
2       48.41335927500
4       48.41335929583
1       48.41335941667
2       48.41368434167
4       48.41368436250
1       48.41368448333
2       48.41378901250
2       48.41604225833
4       48.41604227500
1       48.41604239583
2       48.41722816250
4       48.41722818333
1       48.41722830417
2       48.41882923333
4       48.41882925417
1       48.41882937500
2       48.41941719167
4       48.41941721250
1       48.41941733333
2       48.41942112917
2       48.41953777500
2       48.42176596667
4       48.42176598750
1       48.42176610833
2       48.42192282083
2       48.42233989583
4       48.42233991667
1       48.42234003750
2       48.42253910417
2       48.42268638750
4       48.42268640417
1       48.42268652500
2       48.42285975833
2       48.42321444583
4       48.42321446250
1       48.42321458333
2       48.42493045000
4       48.42493047083
1       48.42493059167
2       48.42513725417
2       48.42560385833
4       48.42560387500
1       48.42560399583
2       48.42609281250
4       48.42609283333
1       48.42609295417
2       48.42616204167
2       48.42633785417
4       48.42633785417
1       48.42633799167
2       48.42780065000
4       48.42780067083
1       48.42780079167
2       48.42827922500
4       48.42827924167
1       48.42827936250
2       48.42942683333
4       48.42942685417
1       48.42942697083
2       48.42944109583
2       48.42954516667
2       48.43050575000
4       48.43050576667
1       48.43050588750
2       48.43096480417
4       48.43096480417
1       48.43096494167
2       48.43102148333
2       48.43144646250
4       48.43144648333
1       48.43144660417
2       48.43180049167
4       48.43180051250
1       48.43180063333
2       48.43183458333
2       48.43229142083
4       48.43229144167
1       48.43229156250
2       48.43305222083
4       48.43305224167
1       48.43305236250
2       48.43430762083
4       48.43430763750
1       48.43430775833
2       48.43433641250
2       48.43455473333
4       48.43455473333
1       48.43455487083
2       48.43466788750
2       48.43519621250
4       48.43519621250
1       48.43519635000
2       48.43527173750
2       48.43534920000
2       48.43649025000
4       48.43649027083
1       48.43649038750
2       48.43663577083
2       48.43685101667
4       48.43685103333
1       48.43685115417
2       48.43733370000
4       48.43733372083
1       48.43733384167
2       48.43742635000
2       48.43749800417
2       48.43767214167
4       48.43767214167
1       48.43767227917
2       48.43767451250
2       48.43770131667
2       48.43795871250
4       48.43795871250
1       48.43795885000
2       48.43798142500
2       48.43823095417
4       48.43823097500
1       48.43823109583
2       48.43917656667
4       48.43917658333
1       48.43917670417
2       48.44004610833
4       48.44004612500
1       48.44004624583
2       48.44043497083
4       48.44043498750
1       48.44043510833
2       48.44059454583
2       48.44059921667
2       48.44062474167
2       48.44065225000
4       48.44065227083
1       48.44065239167
2       48.44066651250
2       48.44068506250
2       48.44096190000
4       48.44096192083
1       48.44096204167
2       48.44098052083
2       48.44113886667
2       48.44132062917
4       48.44132065000
1       48.44132077083
2       48.44151607500
4       48.44151609583
1       48.44151621250
2       48.44184600000
4       48.44184602083
1       48.44184613750
2       48.44191617083
2       48.44198340833
2       48.44209040833
4       48.44209042917
1       48.44209055000
2       48.44210531250
2       48.44212385417
2       48.44215765833
2       48.44227454583
2       48.44242827500
4       48.44242829167
1       48.44242841250
2       48.44246507917
2       48.44252272083
2       48.44259356667
2       48.44269696250
4       48.44269698333
1       48.44269710417
2       48.44332590000
4       48.44332592083
1       48.44332604167
2       48.44337158333
2       48.44339045417
2       48.44339217917
2       48.44346867083
2       48.44352170000
4       48.44352172083
1       48.44352184167
2       48.44385420000
4       48.44385421667
1       48.44385433750
2       48.44436931667
4       48.44436933750
1       48.44436945417
2       48.44441828333
2       48.44451466250
2       48.44468558750
4       48.44468560417
1       48.44468572500
2       48.44492450000
4       48.44492451667
1       48.44492463750
2       48.44498003333
2       48.44504530417
2       48.44505552500
2       48.44508172917
2       48.44515658333
4       48.44515658333
1       48.44515672083
2       48.44544968333
4       48.44544970417
1       48.44544982500
2       48.44546099583
2       48.44562695833
2       48.44563325000
2       48.44565535833
2       48.44570405833
4       48.44570407500
1       48.44570419583
2       48.44574687083
2       48.44594831250
4       48.44594833333
1       48.44594845000
2       48.44610095417
2       48.44610888750
2       48.44633939167
4       48.44633939167
1       48.44633952917
2       48.44641631250
2       48.44649436667
2       48.44671374167
4       48.44671376250
1       48.44671388333
2       48.44679683333
2       48.44687932917
2       48.44691615417
4       48.44691617500
1       48.44691629583
2       48.44693926250
2       48.44701780417
2       48.44703129583
2       48.44721447500
4       48.44721449583
1       48.44721461250
2       48.44730824167
2       48.44736160417
2       48.44758985000
4       48.44758986667
1       48.44758998750
2       48.44780142500
4       48.44780144583
1       48.44780156667
2       48.44788093333
2       48.44790842083
2       48.44794257083
2       48.44795249583
2       48.44814688333
4       48.44814690417
1       48.44814702083
2       48.44819725833
2       48.44823732083
2       48.44839662917
4       48.44839664583
1       48.44839676667
2       48.44845955833
2       48.44861563333
4       48.44861565417
1       48.44861577083
2       48.44887459583
4       48.44887461250
1       48.44887473333
2       48.44892492917
2       48.44911477083
4       48.44911479167
1       48.44911491250
2       48.44912540000
2       48.44931117083
4       48.44931119167
1       48.44931130833
2       48.44940696250
2       48.44944176250
2       48.44945197083
2       48.44949377917
4       48.44949380000
1       48.44949392083
2       48.44951558333
2       48.44964508333
2       48.44971168750
4       48.44971170417
1       48.44971182500
2       48.44976362083
2       48.44981662083
2       48.44996406667
4       48.44996408750
1       48.44996420833
2       48.44996964167
2       48.45073314167
4       48.45073316250
1       48.45073328333
2       48.45077485833
2       48.45083854583
2       48.45089443333
2       48.45098023333
4       48.45098025417
1       48.45098037500
2       48.45099876667
2       48.45115912500
2       48.45130583333
4       48.45130583333
1       48.45130597083
2       48.45148475000
2       48.45155594167
4       48.45155596250
1       48.45155608333
2       48.45158508750
2       48.45159872500
2       48.45173540833
2       48.45187656667
4       48.45187658333
1       48.45187670417
2       48.45209287500
4       48.45209289583
1       48.45209301667
2       48.45220143333
2       48.45221941667
2       48.45230413333
4       48.45230415417
1       48.45230427500
2       48.45235376250
2       48.45253009583
4       48.45253011250
1       48.45253023333
2       48.45274107917
4       48.45274110000
1       48.45274122083
2       48.45276984583
2       48.45282420000
2       48.45282780000
2       48.45285561250
2       48.45292086667
4       48.45292088333
1       48.45292100417
2       48.45299446250
2       48.45301169583
2       48.45324556667
4       48.45324558333
1       48.45324570417
2       48.45329816667
2       48.45330783750
2       48.45333787083
2       48.45338234167
2       48.45338859583
2       48.45339826250
2       48.45344231250
4       48.45344233333
1       48.45344245417
2       48.45344689583
2       48.45365025833
4       48.45365027917
1       48.45365040000
2       48.45371118750
2       48.45376095833
2       48.45381358333
2       48.45387390833
4       48.45387392917
1       48.45387405000
2       48.45387757917
2       48.45388344583
2       48.45389408333
2       48.45400175000
2       48.45414118333
4       48.45414118333
1       48.45414132083
2       48.45418288750
2       48.45424847500
2       48.45433695000
4       48.45433696667
1       48.45433708750
2       48.45434027500
2       48.45436140833
2       48.45441115417
2       48.45458365417
4       48.45458367500
1       48.45458379583
2       48.45462142500
2       48.45466977500
2       48.45470953750
2       48.45472407917
2       48.45475122083
2       48.45479530417
4       48.45479530417
1       48.45479544167
2       48.45482240833
2       48.45484097917
2       48.45484367500
2       48.45499036250
4       48.45499036250
1       48.45499050000
2       48.45507689167
2       48.45518619583
4       48.45518621250
1       48.45518633333
2       48.45530075833
2       48.45538650833
4       48.45538652500
1       48.45538664583
2       48.45539227917
2       48.45548520000
2       48.45553790000
2       48.45557765417
4       48.45557765417
1       48.45557779167
2       48.45565353333
2       48.45570154167
2       48.45570819583
2       48.45573102083
2       48.45585757083
4       48.45585759167
1       48.45585771250
2       48.45593667917
2       48.45603906250
4       48.45603908333
1       48.45603920000
2       48.45614174583
2       48.45614710000
2       48.45619904167
2       48.45657572917
4       48.45657574583
1       48.45657586667
2       48.45664119167
2       48.45664719583
2       48.45670688333
2       48.45672872500
2       48.45684862500
4       48.45684864583
1       48.45684876667
2       48.45687876667
2       48.45688202500
2       48.45698376250
2       48.45708970833
4       48.45708972500
1       48.45708984583
2       48.45709172917
2       48.45725142917
2       48.45728589167
4       48.45728589167
1       48.45728602917
2       48.45732251667
2       48.45735870417
2       48.45741837083
2       48.45761148750
4       48.45761150417
1       48.45761162500
2       48.45770845833
2       48.45773165000
2       48.45786450833
4       48.45786452917
1       48.45786465000
2       48.45786683750
2       48.45810726667
4       48.45810728333
1       48.45810740417
2       48.45829082917
4       48.45829084583
1       48.45829096667
2       48.45831927500
2       48.45852794167
4       48.45852796250
1       48.45852808333
2       48.45853523750
2       48.45866840417
2       48.45867530833
2       48.45886212917
4       48.45886215000
1       48.45886227083
2       48.45894465417
2       48.45898045417
2       48.45901946667
2       48.45905921250
4       48.45905921250
1       48.45905935000
2       48.45906361667
2       48.45910055833
2       48.45917448333
2       48.45923380833
2       48.45924601667
4       48.45924603750
1       48.45924615833
2       48.45933378750
2       48.45938485000
2       48.45938785000
2       48.45966302083
4       48.45966303750
1       48.45966315833
2       48.45984785000
4       48.45984787083
1       48.45984799167
2       48.46000484583
2       48.46016125000
4       48.46016127083
1       48.46016139167
2       48.46016483333
2       48.46016849167
2       48.46017280000
2       48.46025029583
2       48.46035765833
2       48.46036791250
2       48.46053547500
4       48.46053549583
1       48.46053561667
2       48.46057559583
2       48.46063621250
2       48.46068290833
2       48.46074944167
4       48.46074946250
1       48.46074958333
2       48.46078127500
2       48.46084258750
2       48.46084291667
2       48.46085912917
2       48.46086074583
2       48.46087808750
2       48.46089465833
2       48.46091108750
2       48.46099685000
4       48.46099687083
1       48.46099699167
2       48.46100984167
2       48.46106715417
2       48.46113335417
2       48.46117110833
2       48.46118136250
2       48.46123905000
4       48.46123906667
1       48.46123918750
2       48.46124804583
2       48.46126749167
2       48.46131154583
2       48.46133660417
2       48.46136456250
2       48.46138905000
2       48.46143543750
4       48.46143545417
1       48.46143557500
2       48.46148644583
2       48.46157925000
2       48.46163682917
4       48.46163685000
1       48.46163697083
2       48.46170171250
2       48.46176466667
2       48.46202864583
4       48.46202866250
1       48.46202878333
2       48.46203132083
2       48.46205024167
2       48.46225268750
4       48.46225270833
1       48.46225282500
2       48.46229729167
2       48.46236688333
2       48.46242421667
2       48.46245370000
4       48.46245371667
1       48.46245383750
2       48.46253085000
2       48.46258877083
2       48.46263477917
4       48.46263479583
1       48.46263491667
2       48.46271693750
2       48.46276697500
2       48.46278990833
2       48.46281751667
4       48.46281753750
1       48.46281765833
2       48.46284280833
2       48.46291424167
2       48.46296835833
2       48.46297698333
2       48.46300450000
4       48.46300451667
1       48.46300463750
2       48.46300845417
2       48.46315520000
2       48.46332113750
4       48.46332115417
1       48.46332127500
2       48.46338570417
2       48.46338745000
2       48.46342650417
2       48.46346318750
2       48.46359568750
4       48.46359570833
1       48.46359582917
2       48.46366999167
2       48.46379671250
4       48.46379671250
1       48.46379685000
2       48.46388790000
2       48.46389619167
2       48.46393892083
2       48.46397098750
2       48.46398777917
4       48.46398780000
1       48.46398791667
2       48.46406375833
2       48.46407868750
2       48.46422937083
4       48.46422939167
1       48.46422950833
2       48.46431280000
2       48.46433996250
2       48.46448669167
4       48.46448671250
1       48.46448683333
2       48.46451020417
2       48.46452980000
2       48.46454372917
2       48.46454705417
2       48.46454766250
2       48.46472584167
4       48.46472586250
1       48.46472597917
2       48.46475569583
2       48.46483753333
2       48.46485241667
2       48.46490277083
4       48.46490279167
1       48.46490291250
2       48.46494217917
2       48.46499122500
2       48.46507001250
2       48.46516205833
4       48.46516207500
1       48.46516219583
2       48.46517605000
2       48.46517700000
2       48.46535951250
4       48.46535953333
1       48.46535965417
2       48.46542513333
2       48.46546054167
2       48.46552081250
2       48.46569534167
4       48.46569535833
1       48.46569547917
2       48.46571591667
2       48.46572220000
2       48.46574302500
2       48.46576661667
2       48.46577756250
2       48.46579140833
2       48.46583025000
2       48.46583115417
2       48.46586402917
2       48.46601402500
4       48.46601404583
1       48.46601416667
2       48.46608290417
2       48.46613522500
2       48.46614692917
2       48.46619186667
4       48.46619188333
1       48.46619200417
2       48.46623040417
2       48.46640889583
4       48.46640891667
1       48.46640903750
2       48.46644589167
2       48.46647544167
2       48.46648602917
2       48.46650622917
2       48.46652106667
2       48.46657576250
2       48.46673475417
4       48.46673477500
1       48.46673489583
2       48.46680766250
2       48.46685932083
2       48.46691302917
2       48.46695712500
4       48.46695714167
1       48.46695726250
2       48.46716302500
2       48.46720076250
4       48.46720078333
1       48.46720090417
2       48.46728657917
2       48.46731778333
2       48.46736978333
2       48.46743400833
4       48.46743402500
1       48.46743414583
2       48.46759926250
2       48.46763702500
4       48.46763704583
1       48.46763716667
2       48.46767478333
2       48.46774507083
2       48.46781721250
2       48.46784146667
4       48.46784148333
1       48.46784160417
2       48.46785334583
2       48.46798015000
2       48.46813230833
4       48.46813232917
1       48.46813245000
2       48.46816532500
2       48.46824947917
2       48.46836708333
4       48.46836708333
1       48.46836722083
2       48.46843301667
2       48.46845479583
2       48.46849759583
2       48.46853032917
2       48.46854291250
2       48.46860262500
4       48.46860262500
1       48.46860276250
2       48.46866520000
2       48.46869632917
2       48.46875690417
2       48.46877884583
4       48.46877886250
1       48.46877898333
2       48.46887488333
2       48.46907547500
4       48.46907549167
1       48.46907561250
2       48.46913290000
2       48.46923726250
2       48.46946410833
4       48.46946412500
1       48.46946424583
2       48.46947002500
2       48.46947633333
2       48.46958963750
2       48.46965881667
4       48.46965883333
1       48.46965895417
2       48.46973437917
2       48.46975721250
2       48.46976618750
2       48.46979058750
2       48.46979266250
2       48.46984100833
2       48.46986651250
4       48.46986653333
1       48.46986665417
2       48.46988308750
2       48.46990195833
2       48.46991688333
2       48.46991758333
2       48.46997747500
2       48.46998446667
2       48.47002251250
2       48.47008912500
4       48.47008912500
1       48.47008926250
2       48.47021727500
2       48.47025673750
2       48.47040310417
4       48.47040310417
1       48.47040324167
2       48.47062139583
4       48.47062141667
1       48.47062153750
2       48.47063175000
2       48.47066325000
2       48.47068863750
2       48.47092587917
4       48.47092590000
1       48.47092602083
2       48.47102476250
2       48.47120142917
4       48.47120144583
1       48.47120156667
2       48.47123887083
2       48.47126099167
2       48.47128557083
2       48.47129686667
2       48.47135105833
2       48.47135377083
2       48.47135971250
2       48.47137630000
2       48.47147731250
4       48.47147731250
1       48.47147745000
2       48.47154455833
2       48.47159286250
2       48.47164057083
2       48.47172772917
4       48.47172775000
1       48.47172787083
2       48.47172974167
2       48.47176916250
2       48.47177341667
2       48.47179593750
2       48.47186352917
2       48.47190288333
2       48.47196389167
4       48.47196389167
1       48.47196402917
2       48.47211060417
2       48.47214680417
4       48.47214682500
1       48.47214694583
2       48.47220663333
2       48.47226072083
2       48.47229938333
2       48.47230965000
2       48.47236629583
4       48.47236631667
1       48.47236643333
2       48.47238424167
2       48.47238718750
2       48.47257968750
4       48.47257970417
1       48.47257982500
2       48.47264086250
2       48.47267310833
2       48.47267470417
2       48.47271977500
2       48.47279229583
4       48.47279231250
1       48.47279243333
2       48.47281712917
2       48.47288630833
2       48.47289063333
2       48.47306486250
4       48.47306486250
1       48.47306500000
2       48.47308445417
2       48.47325367500
4       48.47325369583
1       48.47325381667
2       48.47334610000
2       48.47344635417
4       48.47344635417
1       48.47344649167
2       48.47356601667
2       48.47357424167
2       48.47366073333
4       48.47366073333
1       48.47366087083
2       48.47377801667
2       48.47378792500
2       48.47382638333
2       48.47389957500
4       48.47389957500
1       48.47389971250
2       48.47392078750
2       48.47393569167
2       48.47399164583
2       48.47407950000
4       48.47407951667
1       48.47407963750
2       48.47410666667
2       48.47415959167
2       48.47423075000
2       48.47424175417
2       48.47437986667
4       48.47437988750
1       48.47438000417
2       48.47441400000
2       48.47444314583
2       48.47468823333
4       48.47468825417
1       48.47468837083
2       48.47468859167
2       48.47480115833
2       48.47482435833
2       48.47484790417
2       48.47490418750
4       48.47490420417
1       48.47490432500
2       48.47492541250
2       48.47503204583
2       48.47521790000
4       48.47521792083
1       48.47521804167
2       48.47524905417
2       48.47526917917
2       48.47529636250
2       48.47537187083
2       48.47553119583
4       48.47553121250
1       48.47553133333
2       48.47556266667
2       48.47557722500
2       48.47559610833
2       48.47559806667
2       48.47561697917
2       48.47584988333
4       48.47584990417
1       48.47585002500
2       48.47596018333
2       48.47597604167
2       48.47599890000
2       48.47603431667
4       48.47603433750
1       48.47603445833
2       48.47609523333
2       48.47613281250
2       48.47623372917
4       48.47623375000
1       48.47623387083
2       48.47638909167
2       48.47646394583
4       48.47646396250
1       48.47646408333
2       48.47665537083
4       48.47665538750
1       48.47665550833
2       48.47667259583
2       48.47672761667
2       48.47673918333
2       48.47674149583
2       48.47676668750
2       48.47682098750
2       48.47690675833
4       48.47690677500
1       48.47690689583
2       48.47693463750
2       48.47697274167
2       48.47715093750
4       48.47715095417
1       48.47715107500
2       48.47717342917
2       48.47718998750
2       48.47723870833
2       48.47724266250
2       48.47725290833
2       48.47726784167
2       48.47732353750
4       48.47732355417
1       48.47732367500
2       48.47733705417
2       48.47737050833
2       48.47739209167
2       48.47739994167
2       48.47775007917
4       48.47775009583
1       48.47775021667
2       48.47790736667
2       48.47806042500
4       48.47806044167
1       48.47806056250
2       48.47809030417
2       48.47814855833
2       48.47822443750
2       48.47828573750
4       48.47828575833
1       48.47828587917
2       48.47840402083
2       48.47847345833
4       48.47847347917
1       48.47847360000
2       48.47847778333
2       48.47849040417
2       48.47859301667
2       48.47860203750
2       48.47869609167
4       48.47869611250
1       48.47869622917
2       48.47871203333
2       48.47872394167
2       48.47873775000
2       48.47881376667
2       48.47881403333
2       48.47887430000
2       48.47890842917
4       48.47890845000
1       48.47890857083
2       48.47893765833
2       48.47894745833
2       48.47908659583
2       48.47909528333
4       48.47909528333
1       48.47909542083
2       48.47910386250
2       48.47910776667
2       48.47913622500
2       48.47913663750
2       48.47926215000
2       48.47931519167
4       48.47931519167
1       48.47931532917
2       48.47933137083
2       48.47941191667
2       48.47941427083
2       48.47950794167
2       48.47951615417
4       48.47951617500
1       48.47951629583
2       48.47952407500
2       48.47960827500
2       48.47962446667
2       48.47967122917
2       48.47969715000
4       48.47969717083
1       48.47969728750
2       48.47979903750
2       48.47980757500
2       48.47983556250
2       48.47986009583
2       48.47987365833
4       48.47987367917
1       48.47987380000
2       48.47988086667
2       48.47988157083
2       48.47991864583
2       48.47992690417
2       48.48014092083
4       48.48014093750
1       48.48014105833
2       48.48026277500
2       48.48028401667
2       48.48029964583
2       48.48034227083
4       48.48034228750
1       48.48034240833
2       48.48037570833
2       48.48046848333
2       48.48060032083
4       48.48060034167
1       48.48060046250
2       48.48066126667
2       48.48066324167
2       48.48070370833
2       48.48072455417
2       48.48073250000
2       48.48088783333
4       48.48088785417
1       48.48088797500
2       48.48101307083
2       48.48107626667
4       48.48107628750
1       48.48107640417
2       48.48108720417
2       48.48112463750
2       48.48113292917
2       48.48114351667
2       48.48121085417
2       48.48125678333
4       48.48125678333
1       48.48125692083
2       48.48130283750
2       48.48130950000
2       48.48141811250
2       48.48144562083
4       48.48144564167
1       48.48144576250
2       48.48144802500
2       48.48148732500
2       48.48164070417
4       48.48164072500
1       48.48164084583
2       48.48175434167
2       48.48181494583
2       48.48191528333
4       48.48191528333
1       48.48191542083
2       48.48192356667
2       48.48195107917
2       48.48208487917
2       48.48208520833
2       48.48212927500
4       48.48212929167
1       48.48212941250
2       48.48219851667
2       48.48221542083
2       48.48228636250
2       48.48230256667
2       48.48244663333
4       48.48244663333
1       48.48244677083
2       48.48251946250
2       48.48270790417
4       48.48270792500
1       48.48270804583
2       48.48278143750
2       48.48285267083
2       48.48287496250
2       48.48292188750
4       48.48292190833
1       48.48292202917
2       48.48301197500
2       48.48305873333
2       48.48314250417
4       48.48314252500
1       48.48314264583
2       48.48322392083
2       48.48339364583
4       48.48339366667
1       48.48339378750
2       48.48344619167
2       48.48345122083
2       48.48356579167
2       48.48357052917
4       48.48357055000
1       48.48357067083
2       48.48363573750
2       48.48367348750
2       48.48368304167
2       48.48372548333
2       48.48393449167
4       48.48393451250
1       48.48393463333
2       48.48394175000
2       48.48402158750
2       48.48410110417
2       48.48410265000
2       48.48420637083
4       48.48420639167
1       48.48420651250
2       48.48425376667
2       48.48426239583
2       48.48428031250
2       48.48429661250
2       48.48438394583
2       48.48442601667
4       48.48442603750
1       48.48442615833
2       48.48444031667
2       48.48447470833
2       48.48447636250
2       48.48457864583
2       48.48470327500
4       48.48470329167
1       48.48470341250
2       48.48470490417
2       48.48477377083
2       48.48477809167
2       48.48477915417
2       48.48480627917
2       48.48486621250
2       48.48491761250
4       48.48491761250
1       48.48491775000
2       48.48492322083
2       48.48493542917
2       48.48496888750
2       48.48513226250
4       48.48513228333
1       48.48513240000
2       48.48519347083
2       48.48520370833
2       48.48524019167
2       48.48529807500
2       48.48533425417
4       48.48533425417
1       48.48533439167
2       48.48541139583
2       48.48543658750
2       48.48547667500
2       48.48571977917
4       48.48571979583
1       48.48571991667
2       48.48573665417
2       48.48574962083
2       48.48598410000
4       48.48598412083
1       48.48598424167
2       48.48603876250
2       48.48607360000
2       48.48611190000
2       48.48613083750
2       48.48626295417
4       48.48626297500
1       48.48626309583
2       48.48628187917
2       48.48630677500
2       48.48636170000
2       48.48640155417
2       48.48656902500
4       48.48656904167
1       48.48656916250
2       48.48678767917
4       48.48678769583
1       48.48678781667
2       48.48690726250
2       48.48698241250
4       48.48698243333
1       48.48698255417
2       48.48706854167
2       48.48727196250
4       48.48727198333
1       48.48727210417
2       48.48733448750
2       48.48739220833
2       48.48742691250
2       48.48746030833
4       48.48746032917
1       48.48746044583
2       48.48762398750
2       48.48764287917
4       48.48764289583
1       48.48764301667
2       48.48768099167
2       48.48769097500
2       48.48789962083
4       48.48789963750
1       48.48789975833
2       48.48815462500
4       48.48815464583
1       48.48815476667
2       48.48819868750
2       48.48843853333
4       48.48843853333
1       48.48843867083
2       48.48868002917
4       48.48868004583
1       48.48868016667
2       48.48880482917
2       48.48881938750
2       48.48897077500
4       48.48897079583
1       48.48897091667
2       48.48901888333
2       48.48902348750
2       48.48905632083
2       48.48906286250
2       48.48906481667
2       48.48923779167
4       48.48923781250
1       48.48923793333
2       48.48944512500
4       48.48944514583
1       48.48944526667
2       48.48948649583
2       48.48957030000
2       48.48958626250
2       48.48972771250
4       48.48972773333
1       48.48972785417
2       48.48976773333
2       48.48978823333
2       48.48986806667
2       48.48987238333
2       48.49013471250
4       48.49013471250
1       48.49013485000
2       48.49014704583
2       48.49022352500
2       48.49029368750
2       48.49055405417
4       48.49055405417
1       48.49055419167
2       48.49072396667
2       48.49072596250
2       48.49073223750
4       48.49073225417
1       48.49073237500
2       48.49073657083
2       48.49077594583
2       48.49078234583
2       48.49079518750
2       48.49090483750
4       48.49090485417
1       48.49090497500
2       48.49092606250
2       48.49093160833
2       48.49094387500
2       48.49101183750
2       48.49114398750
4       48.49114400417
1       48.49114412500
2       48.49142884583
4       48.49142886667
1       48.49142898750
2       48.49173821667
4       48.49173823750
1       48.49173835833
2       48.49183125833
2       48.49183700417
2       48.49194092917
4       48.49194095000
1       48.49194107083
2       48.49200945417
2       48.49205384167
2       48.49208539167
2       48.49211488333
2       48.49217810833
4       48.49217812917
1       48.49217824583
2       48.49223241250
2       48.49228437500
2       48.49232915417
2       48.49233043333
2       48.49248615417
4       48.49248615417
1       48.49248629167
2       48.49273321250
4       48.49273321250
1       48.49273335000
2       48.49273352500
2       48.49273390000
2       48.49283390833
2       48.49287994167
2       48.49296408333
4       48.49296408333
1       48.49296422083
2       48.49304030833
2       48.49304157083
2       48.49308761667
2       48.49315287500
2       48.49316112083
4       48.49316114167
1       48.49316126250
2       48.49320090000
2       48.49320125000
2       48.49330390417
2       48.49338397917
2       48.49349236667
4       48.49349238333
1       48.49349250417
2       48.49352382500
2       48.49359497917
2       48.49368588333
4       48.49368588333
1       48.49368602083
2       48.49382358750
2       48.49395574583
4       48.49395576667
1       48.49395588750
2       48.49403035000
2       48.49415117083
4       48.49415119167
1       48.49415130833
2       48.49424335000
2       48.49445491667
4       48.49445493333
1       48.49445505417
2       48.49447251667
2       48.49449068333
2       48.49449406250
2       48.49461925417
2       48.49465432917
4       48.49465435000
1       48.49465447083
2       48.49466690000
2       48.49481426667
2       48.49490184583
4       48.49490186250
1       48.49490198333
2       48.49500675833
2       48.49515080000
4       48.49515082083
1       48.49515094167
2       48.49516409583
2       48.49521406667
2       48.49523295000
2       48.49543903750
4       48.49543905833
1       48.49543917500
2       48.49549729167
2       48.49553142500
2       48.49560853333
2       48.49564198333
4       48.49564198333
1       48.49564212083
2       48.49569470000
2       48.49580437500
2       48.49587024167
4       48.49587026250
1       48.49587038333
2       48.49591067083
2       48.49594378333
2       48.49616206667
4       48.49616208333
1       48.49616220417
2       48.49625225417
2       48.49625680417
2       48.49626508750
2       48.49636811667
4       48.49636813333
1       48.49636825417
2       48.49645581667
2       48.49656715417
4       48.49656717500
1       48.49656729583
2       48.49661391667
2       48.49668942083
2       48.49669434167
2       48.49669699583
2       48.49681598750
4       48.49681600417
1       48.49681612500
2       48.49681856250
2       48.49682098750
2       48.49696960000
2       48.49700141667
4       48.49700143750
1       48.49700155833
2       48.49716002500
2       48.49716270833
2       48.49729520833
4       48.49729522917
1       48.49729535000
2       48.49741712917
2       48.49753168750
4       48.49753170417
1       48.49753182500
2       48.49755252917
2       48.49757050000
2       48.49789311250
4       48.49789311250
1       48.49789325000
2       48.49795533750
2       48.49807487917
4       48.49807490000
1       48.49807502083
2       48.49808617917
2       48.49812755417
2       48.49814880833
2       48.49816767917
2       48.49824912500
2       48.49825542917
2       48.49837294583
4       48.49837296250
1       48.49837308333
2       48.49841474167
2       48.49848594167
2       48.49865389167
4       48.49865391250
1       48.49865402917
2       48.49877576250
2       48.49882777917
2       48.49883117083
2       48.49896529167
4       48.49896529167
1       48.49896542917
2       48.49905201667
2       48.49913025000
2       48.49916264167
2       48.49918028750
4       48.49918030833
1       48.49918042917
2       48.49924945417
2       48.49924978333
2       48.49940641667
4       48.49940643750
1       48.49940655833
2       48.49953264583
2       48.49971282500
4       48.49971284583
1       48.49971296250
2       48.49977375417
2       48.49999644167
4       48.49999646250
1       48.49999658333
2       48.50001059167
2       48.50002388750
2       48.50021000417
4       48.50021002500
1       48.50021014583
2       48.50027325417
2       48.50037868750
2       48.50043027500
4       48.50043029167
1       48.50043041250
2       48.50049859583
2       48.50060218333
4       48.50060218333
1       48.50060232083
2       48.50066344583
2       48.50119141250
4       48.50119143333
1       48.50119155417
2       48.50130178750
2       48.50132191250
2       48.50138649583
4       48.50138651250
1       48.50138663333
2       48.50152362083
2       48.50156304167
2       48.50158033750
2       48.50179357500
4       48.50179359167
1       48.50179371250
2       48.50197250833
2       48.50201154167
4       48.50201154167
1       48.50201167917
2       48.50202216250
2       48.50209767917
2       48.50211467083
2       48.50222227500
4       48.50222229583
1       48.50222241250
2       48.50224545833
2       48.50226132500
2       48.50228413750
2       48.50250448750
4       48.50250450417
1       48.50250462500
2       48.50256338333
2       48.50303476667
4       48.50303478750
1       48.50303490833
2       48.50309040000
2       48.50332652083
4       48.50332654167
1       48.50332666250
2       48.50343954583
2       48.50347595417
2       48.50358293750
4       48.50358295417
1       48.50358307500
2       48.50359092500
2       48.50380679583
4       48.50380681250
1       48.50380693333
2       48.50382172500
2       48.50403597083
4       48.50403599167
1       48.50403610833
2       48.50408406250
2       48.50411786250
2       48.50413370833
2       48.50414566250
2       48.50415492500
2       48.50425632500
4       48.50425634167
1       48.50425646250
2       48.50430196250
2       48.50430925833
2       48.50431267083
2       48.50451361250
4       48.50451361250
1       48.50451375000
2       48.50466305833
2       48.50471080417
4       48.50471082500
1       48.50471094583
2       48.50476572917
2       48.50480308333
2       48.50485580833
2       48.50493931250
4       48.50493933333
1       48.50493945000
2       48.50502179583
2       48.50502305417
2       48.50518067083
4       48.50518069167
1       48.50518081250
2       48.50552293333
4       48.50552295417
1       48.50552307500
2       48.50565976667
2       48.50568620417
2       48.50575185000
4       48.50575186667
1       48.50575198750
2       48.50591042917
2       48.50595250833
4       48.50595252917
1       48.50595265000
2       48.50595845833
2       48.50599925833
2       48.50600820833
2       48.50610029167
2       48.50618732917
4       48.50618734583
1       48.50618746667
2       48.50623737500
2       48.50623767500
2       48.50624434167
2       48.50633047083
2       48.50634107917
2       48.50636984167
4       48.50636986250
1       48.50636998333
2       48.50638010000
2       48.50638910000
2       48.50642485833
2       48.50643477500
2       48.50654637083
4       48.50654639167
1       48.50654651250
2       48.50659839583
2       48.50705578333
4       48.50705580417
1       48.50705592500
2       48.50714984583
2       48.50729272917
4       48.50729275000
1       48.50729287083
2       48.50733470000
2       48.50739767083
2       48.50751336667
4       48.50751338333
1       48.50751350417
2       48.50760070417
2       48.50769842917
4       48.50769844583
1       48.50769856667
2       48.50785275417
2       48.50796170000
4       48.50796171667
1       48.50796183750
2       48.50798458750
2       48.50800975417
2       48.50801778750
2       48.50802500417
2       48.50810646250
2       48.50814389583
4       48.50814391250
1       48.50814403333
2       48.50818270833
2       48.50822373333
2       48.50840658333
4       48.50840660417
1       48.50840672500
2       48.50850493333
2       48.50851715833
2       48.50853834167
2       48.50860769583
4       48.50860771667
1       48.50860783750
2       48.50875435000
2       48.50876598750
2       48.50876891250
2       48.50894856250
4       48.50894856250
1       48.50894870000
2       48.50896936667
2       48.50901010833
2       48.50902528750
2       48.50904385000
2       48.50905013750
2       48.50906740417
2       48.50907764583
2       48.50908195833
2       48.50909627083
2       48.50919757500
4       48.50919757500
1       48.50919771250
2       48.50922007083
2       48.50927702083
2       48.50944863333
4       48.50944863333
1       48.50944877083
2       48.50949605000
2       48.50965565000
4       48.50965567083
1       48.50965579167
2       48.50966690000
2       48.50978089167
2       48.50978216250
2       48.50978809583
2       48.50990174167
4       48.50990174167
1       48.50990187917
2       48.51002735000
2       48.51008027917
2       48.51008334583
4       48.51008336250
1       48.51008348333
2       48.51013261667
2       48.51043047083
4       48.51043048750
1       48.51043060833
2       48.51047408333
2       48.51084538750
4       48.51084540833
1       48.51084552917
2       48.51088513333
2       48.51099120000
2       48.51109083750
4       48.51109085833
1       48.51109097917
2       48.51112231667
2       48.51115050417
2       48.51132403333
4       48.51132403333
1       48.51132417083
2       48.51134456250
2       48.51180433333
4       48.51180433333
1       48.51180447083
2       48.51181793750
2       48.51184570833
2       48.51195303333
2       48.51201598333
4       48.51201598333
1       48.51201612083
2       48.51212688333
2       48.51217295833
2       48.51220443333
2       48.51241209583
4       48.51241211667
1       48.51241223750
2       48.51251909167
2       48.51259533333
4       48.51259533333
1       48.51259547083
2       48.51262375000
2       48.51269135000
2       48.51319446667
4       48.51319448333
1       48.51319460417
2       48.51322161667
2       48.51328920417
2       48.51330810833
2       48.51335450000
2       48.51341043333
4       48.51341045417
1       48.51341057083
2       48.51341127917
2       48.51354957917
2       48.51357205000
2       48.51357597500
2       48.51375656250
4       48.51375658333
1       48.51375670417
2       48.51380062083
2       48.51380294167
2       48.51388441667
2       48.51410969167
4       48.51410969167
1       48.51410982917
2       48.51419477500
2       48.51438858333
4       48.51438860417
1       48.51438872500
2       48.51447365833
2       48.51454287500
2       48.51462748333
4       48.51462748333
1       48.51462762083
2       48.51470022500
2       48.51484438750
4       48.51484440417
1       48.51484452500
2       48.51494007500
2       48.51515802500
4       48.51515804167
1       48.51515816250
2       48.51540112083
4       48.51540114167
1       48.51540126250
2       48.51541672083
2       48.51542199167
2       48.51544507917
2       48.51545307917
2       48.51565252500
4       48.51565254167
1       48.51565266250
2       48.51569054583
2       48.51573469583
2       48.51587052917
4       48.51587055000
1       48.51587066667
2       48.51590819167
2       48.51594201667
2       48.51594768333
2       48.51596287500
2       48.51598174167
2       48.51600257917
2       48.51611392083
4       48.51611393750
1       48.51611405833
2       48.51617054167
2       48.51619807083
2       48.51622727917
2       48.51634479167
4       48.51634479167
1       48.51634492917
2       48.51648720000
2       48.51694066250
4       48.51694068333
1       48.51694080417
2       48.51710897917
2       48.51715070417
4       48.51715072500
1       48.51715084583
2       48.51717057917
2       48.51725897500
2       48.51735532500
4       48.51735534583
1       48.51735546667
2       48.51755473750
4       48.51755475417
1       48.51755487500
2       48.51764086667
2       48.51764279583
2       48.51767368750
2       48.51771217917
2       48.51776241667
4       48.51776243750
1       48.51776255417
2       48.51779232500
2       48.51783735417
2       48.51789297917
2       48.51790125000
2       48.51807279167
4       48.51807280833
1       48.51807292917
2       48.51812581667
2       48.51820099583
2       48.51823349167
2       48.51823682917
2       48.51832220000
4       48.51832222083
1       48.51832234167
2       48.51845312083
2       48.51845935417
2       48.51850377083
4       48.51850379167
1       48.51850391250
2       48.51852190000
2       48.51859349167
2       48.51866038750
2       48.51867005417
2       48.51881341250
4       48.51881341250
1       48.51881355000
2       48.51883825417
2       48.51887170000
2       48.51899163333
4       48.51899163333
1       48.51899177083
2       48.51905654167
2       48.51911524583
2       48.51919138750
4       48.51919140833
1       48.51919152917
2       48.51928076250
2       48.51934643750
2       48.51941433333
4       48.51941435417
1       48.51941447083
2       48.51944439167
2       48.51975710417
4       48.51975710417
1       48.51975724167
2       48.51978192083
2       48.51981007917
2       48.51991910000
2       48.52003363333
4       48.52003363333
1       48.52003377083
2       48.52024135833
4       48.52024137917
1       48.52024150000
2       48.52024395833
2       48.52026837917
2       48.52031625417
2       48.52051631250
4       48.52051633333
1       48.52051645417
2       48.52071331667
4       48.52071333333
1       48.52071345417
2       48.52081601250
2       48.52083291667
2       48.52090608750
4       48.52090610417
1       48.52090622500
2       48.52093361667
2       48.52104061667
2       48.52104455833
2       48.52105784167
2       48.52111176667
4       48.52111178750
1       48.52111190833
2       48.52127844583
2       48.52150398333
4       48.52150398333
1       48.52150412083
2       48.52150594583
2       48.52156059583
2       48.52159444167
2       48.52166097083
2       48.52168333750
4       48.52168335417
1       48.52168347500
2       48.52173987083
2       48.52177887500
2       48.52181897917
2       48.52184617917
2       48.52189647083
4       48.52189649167
1       48.52189661250
2       48.52190937917
2       48.52192530833
2       48.52195978333
2       48.52217540417
4       48.52217540417
1       48.52217554167
2       48.52231583750
2       48.52232686250
2       48.52232746667
2       48.52245195417
4       48.52245197500
1       48.52245209583
2       48.52251431250
2       48.52275798750
4       48.52275800417
1       48.52275812500
2       48.52306206667
4       48.52306208333
1       48.52306220417
2       48.52332207917
4       48.52332210000
1       48.52332222083
2       48.52345224583
2       48.52353640833
4       48.52353642500
1       48.52353654583
2       48.52353837917
2       48.52364174583
2       48.52368078750
2       48.52370591667
2       48.52372722500
4       48.52372724583
1       48.52372736667
2       48.52380666667
2       48.52390374167
2       48.52392927083
4       48.52392928750
1       48.52392940833
2       48.52402761667
2       48.52432702083
4       48.52432704167
1       48.52432715833
2       48.52438403750
2       48.52443795417
2       48.52449462917
2       48.52450721667
2       48.52456454583
4       48.52456456667
1       48.52456468750
2       48.52456892500
2       48.52481339583
4       48.52481341667
1       48.52481353750
2       48.52499353750
2       48.52519984167
4       48.52519986250
1       48.52519998333
2       48.52532803333
2       48.52533432917
2       48.52542047917
4       48.52542049583
1       48.52542061667
2       48.52554637917
2       48.52557874583
2       48.52573882083
4       48.52573884167
1       48.52573896250
2       48.52596695000
4       48.52596697083
1       48.52596709167
2       48.52600342917
2       48.52608647917
2       48.52612228333
2       48.52618594167
4       48.52618594167
1       48.52618607917
2       48.52629655000
2       48.52639486667
4       48.52639488333
1       48.52639500417
2       48.52652507917
2       48.52654358750
2       48.52707496250
4       48.52707498333
1       48.52707510417
2       48.52726140417
4       48.52726142500
1       48.52726154167
2       48.52727390833
2       48.52759957083
4       48.52759959167
1       48.52759971250
2       48.52763306250
2       48.52765227917
2       48.52773072500
2       48.52784397500
4       48.52784399167
1       48.52784411250
2       48.52801893333
2       48.52836015833
4       48.52836017500
1       48.52836029583
2       48.52850876667
2       48.52858498333
4       48.52858498333
1       48.52858512083
2       48.52880598750
4       48.52880600833
1       48.52880612917
2       48.52885287500
2       48.52943587917
4       48.52943590000
1       48.52943602083
2       48.52948624583
2       48.52949486667
2       48.52960852500
2       48.52989297500
4       48.52989299167
1       48.52989311250
2       48.52993727500
2       48.53018837500
4       48.53018839583
1       48.53018851250
2       48.53024541250
2       48.53030247917
2       48.53047010833
4       48.53047012500
1       48.53047024583
2       48.53049514583
2       48.53060522500
2       48.53077669583
4       48.53077671250
1       48.53077683333
2       48.53077941250
2       48.53085850417
2       48.53090423333
2       48.53090622083
2       48.53097746667
4       48.53097748333
1       48.53097760417
2       48.53108634167
2       48.53109467500
2       48.53127924167
4       48.53127926250
1       48.53127938333
2       48.53134784167
2       48.53157089167
4       48.53157091250
1       48.53157102917
2       48.53165281667
2       48.53167168750
2       48.53178928333
4       48.53178928333
1       48.53178942083
2       48.53192375000
2       48.53212617083
4       48.53212618750
1       48.53212630833
2       48.53216219583
2       48.53217083333
2       48.53219239167
2       48.53222117083
2       48.53225343750
2       48.53227981250
2       48.53236069583
4       48.53236071250
1       48.53236083333
2       48.53239713333
2       48.53246833750
2       48.53259680833
4       48.53259682500
1       48.53259694583
2       48.53264751250
2       48.53271440833
2       48.53275019167
2       48.53284756667
4       48.53284758750
1       48.53284770833
2       48.53294295417
2       48.53300985417
2       48.53302080833
4       48.53302082500
1       48.53302094583
2       48.53303872917
2       48.53305389167
2       48.53326390000
4       48.53326391667
1       48.53326403750
2       48.53329105833
2       48.53352422917
4       48.53352425000
1       48.53352437083
2       48.53355072083
2       48.53355942917
2       48.53361166667
2       48.53380876250
4       48.53380878333
1       48.53380890417
2       48.53382600833
2       48.53417772083
4       48.53417773750
1       48.53417785833
2       48.53446757917
4       48.53446760000
1       48.53446772083
2       48.53447191250
2       48.53448250833
2       48.53449310833
2       48.53449507500
2       48.53451594167
2       48.53453518750
2       48.53455995000
2       48.53461502500
2       48.53468889583
4       48.53468891667
1       48.53468903750
2       48.53473192083
2       48.53486570417
4       48.53486572500
1       48.53486584583
2       48.53496977500
2       48.53527586250
4       48.53527588333
1       48.53527600417
2       48.53554341667
4       48.53554343333
1       48.53554355417
2       48.53562560417
2       48.53581473750
4       48.53581475833
1       48.53581487917
2       48.53586344167
2       48.53587505417
2       48.53609525833
4       48.53609527917
1       48.53609540000
2       48.53657984583
4       48.53657986667
1       48.53657998750
2       48.53669847500
2       48.53682331667
4       48.53682333750
1       48.53682345833
2       48.53691934583
2       48.53702831667
4       48.53702833750
1       48.53702845833
2       48.53706707500
2       48.53709752917
2       48.53712805417
2       48.53715649583
2       48.53727414167
4       48.53727414167
1       48.53727427917
2       48.53731385000
2       48.53732674583
2       48.53735751667
2       48.53742443333
2       48.53749074583
4       48.53749076667
1       48.53749088750
2       48.53760295000
2       48.53761695833
2       48.53779912917
4       48.53779914583
1       48.53779926667
2       48.53784213750
2       48.53794289583
2       48.53798724167
4       48.53798726250
1       48.53798738333
2       48.53802034167
2       48.53816609583
4       48.53816611250
1       48.53816623333
2       48.53841877917
4       48.53841879583
1       48.53841891667
2       48.53849898333
2       48.53861979583
4       48.53861981667
1       48.53861993750
2       48.53867485417
2       48.53900364583
4       48.53900366667
1       48.53900378750
2       48.53911212083
2       48.53920746250
4       48.53920748333
1       48.53920760417
2       48.53921375000
2       48.53922570417
2       48.53933238750
2       48.53933797083
2       48.53950593750
4       48.53950595833
1       48.53950607917
2       48.53950917917
2       48.53966452917
2       48.53969245000
2       48.53971558333
4       48.53971558333
1       48.53971572083
2       48.53976324167
2       48.53980603750
2       48.53990135000
2       48.53998747917
4       48.53998750000
1       48.53998761667
2       48.54002521250
2       48.54047205833
4       48.54047207917
1       48.54047220000
2       48.54059356667
2       48.54082789583
4       48.54082791667
1       48.54082803333
2       48.54094803750
2       48.54096727500
2       48.54109081667
4       48.54109083750
1       48.54109095833
2       48.54109947500
2       48.54117464583
2       48.54118751667
2       48.54120252917
2       48.54137797500
4       48.54137797500
1       48.54137811250
2       48.54139124583
2       48.54151051250
2       48.54195103333
4       48.54195105417
1       48.54195117500
2       48.54195300833
2       48.54197559167
2       48.54212886667
2       48.54219013333
4       48.54219013333
1       48.54219027083
2       48.54238296250
2       48.54246045833
4       48.54246047500
1       48.54246059583
2       48.54250910417
2       48.54251981250
2       48.54252965417
2       48.54254025833
2       48.54255985833
2       48.54266651250
2       48.54275586250
4       48.54275586250
1       48.54275600000
2       48.54277079583
2       48.54286751667
2       48.54287149583
2       48.54301534583
4       48.54301536250
1       48.54301548333
2       48.54301660000
2       48.54309013750
2       48.54319642917
2       48.54319882917
2       48.54331466667
4       48.54331468333
1       48.54331480417
2       48.54354053333
4       48.54354055417
1       48.54354067500
2       48.54364955000
2       48.54384032083
4       48.54384034167
1       48.54384046250
2       48.54385089583
2       48.54392842917
2       48.54397715000
2       48.54419744167
4       48.54419744167
1       48.54419757917
2       48.54427458750
2       48.54437136667
4       48.54437138750
1       48.54437150417
2       48.54443597083
2       48.54451374167
2       48.54466674167
4       48.54466674167
1       48.54466687917
2       48.54473037083
2       48.54473634167
2       48.54502943333
4       48.54502945417
1       48.54502957500
2       48.54508679583
2       48.54519575000
2       48.54530042083
4       48.54530044167
1       48.54530056250
2       48.54531601250
2       48.54536103333
2       48.54536792917
2       48.54541332917
2       48.54545912083
2       48.54552019167
4       48.54552020833
1       48.54552032917
2       48.54556577083
2       48.54560802083
2       48.54560838333
2       48.54577601250
4       48.54577603333
1       48.54577615417
2       48.54578041250
2       48.54578266250
2       48.54579956250
2       48.54589592083
2       48.54609733750
4       48.54609735417
1       48.54609747500
2       48.54617251250
2       48.54625111667
2       48.54629905417
2       48.54634217500
4       48.54634217500
1       48.54634231250
2       48.54643715833
2       48.54647257500
2       48.54657564583
4       48.54657566667
1       48.54657578750
2       48.54658590417
2       48.54664218333
2       48.54668942083
2       48.54671374167
2       48.54733085417
4       48.54733087500
1       48.54733099583
2       48.54742256250
2       48.54754784583
4       48.54754786250
1       48.54754798333
2       48.54766211250
2       48.54789462917
4       48.54789465000
1       48.54789477083
2       48.54798242917
2       48.54802672917
2       48.54812917917
4       48.54812920000
1       48.54812932083
2       48.54827780833
2       48.54833309583
4       48.54833311667
1       48.54833323750
2       48.54852159167
4       48.54852161250
1       48.54852173333
2       48.54857822083
2       48.54862767917
2       48.54871837917
4       48.54871840000
1       48.54871851667
2       48.54879290000
2       48.54883332917
2       48.54919030417
4       48.54919030417
1       48.54919044167
2       48.54930627500
2       48.54945932083
4       48.54945933750
1       48.54945945833
2       48.54947292500
2       48.54952852917
2       48.54955474167
2       48.54956592500
2       48.54962034167
2       48.54966660000
4       48.54966662083
1       48.54966674167
2       48.54968821250
2       48.55014232083
4       48.55014234167
1       48.55014246250
2       48.55043012083
4       48.55043013750
1       48.55043025833
2       48.55057721250
2       48.55059882500
2       48.55069084167
4       48.55069086250
1       48.55069098333
2       48.55071093750
2       48.55071960833
2       48.55076369167
2       48.55079056667
2       48.55085175417
2       48.55085614167
2       48.55089487500
4       48.55089489167
1       48.55089501250
2       48.55101537083
2       48.55107408750
2       48.55127514583
4       48.55127516667
1       48.55127528750
2       48.55138001667
2       48.55163215833
4       48.55163217917
1       48.55163230000
2       48.55164871250
2       48.55167025000
2       48.55176406250
2       48.55178356667
2       48.55185872500
4       48.55185874167
1       48.55185886250
2       48.55189485833
2       48.55193023750
2       48.55197002083
2       48.55219422500
4       48.55219424583
1       48.55219436667
2       48.55222339583
2       48.55226441667
2       48.55231780000
2       48.55251520417
4       48.55251522500
1       48.55251534167
2       48.55265728333
2       48.55270005417
2       48.55292061667
4       48.55292063750
1       48.55292075833
2       48.55310206250
4       48.55310208333
1       48.55310220417
2       48.55311807917
2       48.55321450000
2       48.55328660000
2       48.55329763750
2       48.55341016667
4       48.55341018333
1       48.55341030417
2       48.55348801250
2       48.55352912917
2       48.55374644583
4       48.55374646250
1       48.55374658333
2       48.55385172917
2       48.55402493333
4       48.55402493333
1       48.55402507083
2       48.55404021250
2       48.55413421667
2       48.55414682083
2       48.55418460833
2       48.55436548750
4       48.55436550417
1       48.55436562500
2       48.55444688333
2       48.55445419167
2       48.55445682083
2       48.55447974583
2       48.55453046667
2       48.55459566250
4       48.55459568333
1       48.55459580417
2       48.55466490000
2       48.55468938333
2       48.55541147917
4       48.55541150000
1       48.55541162083
2       48.55550979167
2       48.55554759167
2       48.55554897083
2       48.55560618333
2       48.55568169583
4       48.55568171667
1       48.55568183750
2       48.55579930833
2       48.55585003333
2       48.55588344583
2       48.55588547500
2       48.55590672083
4       48.55590673750
1       48.55590685833
2       48.55591300833
2       48.55618258750
4       48.55618260417
1       48.55618272500
2       48.55630480833
2       48.55647668750
4       48.55647670833
1       48.55647682917
2       48.55663040833
2       48.55670065417
4       48.55670067500
1       48.55670079583
2       48.55672642917
2       48.55674438333
2       48.55682678333
2       48.55685170833
2       48.55687095000
2       48.55704342917
4       48.55704344583
1       48.55704356667
2       48.55725542917
4       48.55725545000
1       48.55725556667
2       48.55746242500
4       48.55746244167
1       48.55746256250
2       48.55751982917
2       48.55769520000
4       48.55769522083
1       48.55769534167
2       48.55770259167
2       48.55775000833
2       48.55777346667
2       48.55790095833
4       48.55790097917
1       48.55790110000
2       48.55791215417
2       48.55796787083
2       48.55800470000
2       48.55800959167
2       48.55837462917
4       48.55837464583
1       48.55837476667
2       48.55862114167
4       48.55862114167
1       48.55862127917
2       48.55866210833
2       48.55885921250
4       48.55885921250
1       48.55885935000
2       48.55914242083
4       48.55914243750
1       48.55914255833
2       48.55919505833
2       48.55933355000
4       48.55933356667
1       48.55933368750
2       48.55968075000
4       48.55968077083
1       48.55968089167
2       48.55972532083
2       48.55973596667
2       48.55974629167
2       48.55975681667
2       48.55982943333
2       48.55985198750
2       48.56010995833
4       48.56010997917
1       48.56011010000
2       48.56011391250
2       48.56018672500
2       48.56020796250
2       48.56022684583
2       48.56028348333
2       48.56033956250
4       48.56033956250
1       48.56033970000
2       48.56037495833
2       48.56043755417
2       48.56062127500
4       48.56062129167
1       48.56062141250
2       48.56062296250
2       48.56063987500
2       48.56077629583
2       48.56083637500
4       48.56083639167
1       48.56083651250
2       48.56091945833
2       48.56103039583
2       48.56115107083
4       48.56115109167
1       48.56115120833
2       48.56123973750
2       48.56125034583
2       48.56136828333
4       48.56136830417
1       48.56136842500
2       48.56138485000
2       48.56141432917
2       48.56157959583
4       48.56157961667
1       48.56157973333
2       48.56158889583
2       48.56170113333
2       48.56171565417
2       48.56177270000
4       48.56177271667
1       48.56177283750
2       48.56179533750
2       48.56187572083
2       48.56187768333
2       48.56220600417
4       48.56220600417
1       48.56220614167
2       48.56222547917
2       48.56224805833
2       48.56226192500
2       48.56228080000
2       48.56234969167
2       48.56238316250
4       48.56238318333
1       48.56238330417
2       48.56245627500
2       48.56251400833
2       48.56265337917
4       48.56265340000
1       48.56265352083
2       48.56266437500
2       48.56269780833
2       48.56269922917
2       48.56274150000
2       48.56283592917
4       48.56283594583
1       48.56283606667
2       48.56289491667
2       48.56307068750
4       48.56307070833
1       48.56307082500
2       48.56310652083
2       48.56323475000
2       48.56329070000
4       48.56329071667
1       48.56329083750
2       48.56338052917
2       48.56352887917
4       48.56352890000
1       48.56352902083
2       48.56361826250
2       48.56363588750
2       48.56365172500
2       48.56366432500
2       48.56373797917
4       48.56373799583
1       48.56373811667
2       48.56373981667
2       48.56407735000
4       48.56407737083
1       48.56407749167
2       48.56411574167
2       48.56412140833
2       48.56413340000
2       48.56469878333
4       48.56469880417
1       48.56469892500
2       48.56477371250
2       48.56496637500
4       48.56496639167
1       48.56496651250
2       48.56497730833
2       48.56498757917
2       48.56520589583
4       48.56520591667
1       48.56520603750
2       48.56535061667
2       48.56536252083
2       48.56537570417
4       48.56537570417
1       48.56537584167
2       48.56554479167
2       48.56557389167
4       48.56557391250
1       48.56557403333
2       48.56567157917
2       48.56573882083
2       48.56581830000
4       48.56581832083
1       48.56581844167
2       48.56600615417
4       48.56600615417
1       48.56600629167
2       48.56622070000
4       48.56622072083
1       48.56622084167
2       48.56667851250
4       48.56667853333
1       48.56667865000
2       48.56694909167
4       48.56694910833
1       48.56694922917
2       48.56697467917
2       48.56734401667
4       48.56734403333
1       48.56734415417
2       48.56762454167
4       48.56762454167
1       48.56762467917
2       48.56765131667
2       48.56771886250
2       48.56812329583
4       48.56812331667
1       48.56812343333
2       48.56822107917
2       48.56841875833
4       48.56841877500
1       48.56841889583
2       48.56843666250
2       48.56881524583
4       48.56881526667
1       48.56881538750
2       48.56890533333
2       48.56891669167
2       48.56927489583
4       48.56927491667
1       48.56927503750
2       48.56941076667
2       48.56947009583
2       48.56948370833
2       48.56950779167
4       48.56950781250
1       48.56950792917
2       48.56957351667
2       48.56957509583
2       48.56958310833
2       48.56964165833
2       48.56966715417
2       48.57023591667
4       48.57023593750
1       48.57023605833
2       48.57025976667
2       48.57031305000
2       48.57031807083
2       48.57045187083
4       48.57045189167
1       48.57045201250
2       48.57074496250
4       48.57074496250
1       48.57074510000
2       48.57095654167
4       48.57095656250
1       48.57095668333
2       48.57098453333
2       48.57107188333
2       48.57110673333
2       48.57117921667
4       48.57117923333
1       48.57117935417
2       48.57132596250
2       48.57142105833
4       48.57142107917
1       48.57142120000
2       48.57147735833
2       48.57150716250
2       48.57155489167
2       48.57161149583
4       48.57161151250
1       48.57161163333
2       48.57163632083
2       48.57167605417
2       48.57187745417
4       48.57187747500
1       48.57187759583
2       48.57201787083
2       48.57208780417
4       48.57208782500
1       48.57208794583
2       48.57215634167
2       48.57242883333
4       48.57242883333
1       48.57242897083
2       48.57243127500
2       48.57257602500
2       48.57265022917
4       48.57265024583
1       48.57265036667
2       48.57271284583
2       48.57271911667
2       48.57281285417
2       48.57290130000
4       48.57290132083
1       48.57290143750
2       48.57304767083
2       48.57307817917
4       48.57307819583
1       48.57307831667
2       48.57313613333
2       48.57313916667
2       48.57327257917
4       48.57327260000
1       48.57327272083
2       48.57347794583
4       48.57347796667
1       48.57347808750
2       48.57359518750
2       48.57392639167
4       48.57392639167
1       48.57392652917
2       48.57419906250
4       48.57419908333
1       48.57419920000
2       48.57428815000
2       48.57454078333
4       48.57454080417
1       48.57454092500
2       48.57477415833
4       48.57477417917
1       48.57477430000
2       48.57493564167
2       48.57494559167
4       48.57494559167
1       48.57494572917
2       48.57496190833
2       48.57503203333
2       48.57510363333
2       48.57512846250
4       48.57512846250
1       48.57512860000
2       48.57523845833
2       48.57530895833
4       48.57530897500
1       48.57530909583
2       48.57531162500
2       48.57544509583
2       48.57559552500
4       48.57559554583
1       48.57559566250
2       48.57561347500
2       48.57580650417
4       48.57580650417
1       48.57580664167
2       48.57594895000
2       48.57598000833
4       48.57598002917
1       48.57598015000
2       48.57607197917
2       48.57607476667
2       48.57620403750
4       48.57620405833
1       48.57620417917
2       48.57629231250
2       48.57632056667
2       48.57649286250
4       48.57649286250
1       48.57649300000
2       48.57666834583
2       48.57677504583
4       48.57677506667
1       48.57677518333
2       48.57694651250
2       48.57695655000
4       48.57695656667
1       48.57695668750
2       48.57748974583
4       48.57748976250
1       48.57748988333
2       48.57767856667
2       48.57773950833
4       48.57773952500
1       48.57773964583
2       48.57786731667
2       48.57789917500
2       48.57814366667
4       48.57814368333
1       48.57814380417
2       48.57825592500
2       48.57842747500
4       48.57842749583
1       48.57842761250
2       48.57848315833
2       48.57857419167
2       48.57857889583
2       48.57861232083
2       48.57869573750
4       48.57869575833
1       48.57869587500
2       48.57881333750
2       48.57890809167
4       48.57890811250
1       48.57890823333
2       48.57912874583
4       48.57912876667
1       48.57912888750
2       48.57923099583
2       48.57935257083
4       48.57935258750
1       48.57935270833
2       48.57940690833
2       48.57986826250
4       48.57986828333
1       48.57986840417
2       48.57988117083
2       48.57988590833
2       48.58005280000
4       48.58005282083
1       48.58005293750
2       48.58024556250
4       48.58024556250
1       48.58024570000
2       48.58025884167
2       48.58029598333
2       48.58030253333
2       48.58031577083
2       48.58042806250
4       48.58042808333
1       48.58042820417
2       48.58044667083
2       48.58047049583
2       48.58055468750
2       48.58056322500
2       48.58056910417
2       48.58059212917
2       48.58059636667
2       48.58066469583
4       48.58066471667
1       48.58066483750
2       48.58073677917
2       48.58081869167
2       48.58094212500
4       48.58094214167
1       48.58094226250
2       48.58096732083
2       48.58106567083
2       48.58121707083
4       48.58121709167
1       48.58121721250
2       48.58123996667
2       48.58144795417
4       48.58144797500
1       48.58144809583
2       48.58147904583
2       48.58171692083
4       48.58171694167
1       48.58171706250
2       48.58175865833
2       48.58198019583
4       48.58198021667
1       48.58198033333
2       48.58217374167
4       48.58217374167
1       48.58217387917
2       48.58224882917
2       48.58225710417
2       48.58241643750
4       48.58241645417
1       48.58241657500
2       48.58247142500
2       48.58280800417
4       48.58280802500
1       48.58280814167
2       48.58307629583
4       48.58307631250
1       48.58307643333
2       48.58327768333
4       48.58327770417
1       48.58327782500
2       48.58346579167
4       48.58346581250
1       48.58346593333
2       48.58355752917
2       48.58360062500
2       48.58360985417
2       48.58376751250
4       48.58376751250
1       48.58376765000
2       48.58380690833
2       48.58389075833
2       48.58394280833
4       48.58394282500
1       48.58394294583
2       48.58397684583
2       48.58404839583
2       48.58405406667
2       48.58406039583
2       48.58408193750
2       48.58409010833
2       48.58409246667
2       48.58433556250
4       48.58433556250
1       48.58433570000
2       48.58435982083
2       48.58465221667
4       48.58465223333
1       48.58465235417
2       48.58470489583
2       48.58474465417
2       48.58479695417
2       48.58482213333
2       48.58490465000
4       48.58490466667
1       48.58490478750
2       48.58497759583
2       48.58507586250
2       48.58512656667
4       48.58512658333
1       48.58512670417
2       48.58512888333
2       48.58516396250
2       48.58539954167
4       48.58539954167
1       48.58539967917
2       48.58542468333
2       48.58558665417
2       48.58577641667
4       48.58577643750
1       48.58577655833
2       48.58579167500
2       48.58585191250
2       48.58606157083
4       48.58606159167
1       48.58606171250
2       48.58609106667
2       48.58617783750
2       48.58625471250
2       48.58640442083
4       48.58640444167
1       48.58640456250
2       48.58657566667
2       48.58673461250
4       48.58673463333
1       48.58673475000
2       48.58675257083
2       48.58688800833
2       48.58708612917
4       48.58708615000
1       48.58708627083
2       48.58718577083
2       48.58775053750
4       48.58775055417
1       48.58775067500
2       48.58775651250
2       48.58786485000
2       48.58811921250
4       48.58811923333
1       48.58811935417
2       48.58821791667
2       48.58825901667
2       48.58826890000
2       48.58843194583
4       48.58843196667
1       48.58843208750
2       48.58845972500
2       48.58846728750
2       48.58864187917
4       48.58864189583
1       48.58864201667
2       48.58880852917
2       48.58885316667
4       48.58885318750
1       48.58885330833
2       48.58896447083
2       48.58911388750
4       48.58911390417
1       48.58911402500
2       48.58926491667
2       48.58932751250
4       48.58932751250
1       48.58932765000
2       48.58936527917
2       48.58963074583
4       48.58963076250
1       48.58963088333
2       48.58968926250
2       48.58984261667
4       48.58984263333
1       48.58984275417
2       48.59000049167
2       48.59001314167
4       48.59001316250
1       48.59001328333
2       48.59021220000
4       48.59021221667
1       48.59021233750
2       48.59034839167
2       48.59045869583
4       48.59045871250
1       48.59045883333
2       48.59054772500
2       48.59066797500
4       48.59066799167
1       48.59066811250
2       48.59069481667
2       48.59085412917
2       48.59089181667
4       48.59089183750
1       48.59089195833
2       48.59120095833
4       48.59120097917
1       48.59120110000
2       48.59127655000
2       48.59129207917
2       48.59135520833
2       48.59174120833
4       48.59174122917
1       48.59174135000
2       48.59174738750
2       48.59179318333
2       48.59181373750
2       48.59205813750
4       48.59205815417
1       48.59205827500
2       48.59207733750
2       48.59209592917
2       48.59233073750
4       48.59233075417
1       48.59233087500
2       48.59246559167
2       48.59258876667
4       48.59258878750
1       48.59258890833
2       48.59259704167
2       48.59260097917
2       48.59266727917
2       48.59284652917
4       48.59284654583
1       48.59284666667
2       48.59300980000
2       48.59311645833
4       48.59311647917
1       48.59311660000
2       48.59313262500
2       48.59326392083
2       48.59337742917
4       48.59337745000
1       48.59337757083
2       48.59338170000
2       48.59355327917
2       48.59368381667
4       48.59368383333
1       48.59368395417
2       48.59391270833
4       48.59391272917
1       48.59391285000
2       48.59394181667
2       48.59400010417
2       48.59407937917
2       48.59418890833
4       48.59418892500
1       48.59418904583
2       48.59426185833
2       48.59437710833
4       48.59437712917
1       48.59437725000
2       48.59444637500
2       48.59448144167
2       48.59464598750
4       48.59464600417
1       48.59464612500
2       48.59467792917
2       48.59492325000
4       48.59492327083
1       48.59492339167
2       48.59492394167
2       48.59505181250
2       48.59516437917
4       48.59516440000
1       48.59516452083
2       48.59521344167
2       48.59531148333
2       48.59564491667
4       48.59564493750
1       48.59564505833
2       48.59569737500
2       48.59570792917
2       48.59594116667
4       48.59594118333
1       48.59594130417
2       48.59597427500
2       48.59650487500
4       48.59650489583
1       48.59650501667
2       48.59666185417
2       48.59676526667
4       48.59676528333
1       48.59676540417
2       48.59681129167
2       48.59683414167
2       48.59691697500
2       48.59693085833
2       48.59724281667
4       48.59724283333
1       48.59724295417
2       48.59735022917
2       48.59750681250
4       48.59750681250
1       48.59750695000
2       48.59770467500
4       48.59770469583
1       48.59770481667
2       48.59771055417
2       48.59775994583
2       48.59777974583
2       48.59792718333
4       48.59792720417
1       48.59792732500
2       48.59794144583
2       48.59796926250
2       48.59797959167
2       48.59814514167
4       48.59814514167
1       48.59814527917
2       48.59825336667
2       48.59831468750
2       48.59839685000
4       48.59839687083
1       48.59839699167
2       48.59841472917
2       48.59852037917
2       48.59857900417
4       48.59857900417
1       48.59857914167
2       48.59858834167
2       48.59860614583
2       48.59870418750
2       48.59870654583
2       48.59871720833
2       48.59872385417
2       48.59888464583
4       48.59888466250
1       48.59888478333
2       48.59894940000
2       48.59901393750
2       48.59908846250
4       48.59908848333
1       48.59908860417
2       48.59917690417
2       48.59927922917
4       48.59927925000
1       48.59927936667
2       48.59928551667
2       48.59933787083
2       48.59956874167
4       48.59956876250
1       48.59956888333
2       48.59957344583
2       48.59970317917
2       48.59974493750
2       48.59977045417
4       48.59977047500
1       48.59977059583
2       48.59980064167
2       48.59987647917
2       48.59989898333
2       48.59995658333
4       48.59995660417
1       48.59995672083
2       48.60034246250
4       48.60034246250
1       48.60034260000
2       48.60034511667
2       48.60035677500
2       48.60040672500
2       48.60066308750
4       48.60066310417
1       48.60066322500
2       48.60069881667
2       48.60074092500
2       48.60110593333
4       48.60110595417
1       48.60110607500
2       48.60130337500
2       48.60135241250
4       48.60135241250
1       48.60135255000
2       48.60145709167
2       48.60175715833
4       48.60175717917
1       48.60175730000
2       48.60184457917
2       48.60193466667
2       48.60194926667
2       48.60206288750
4       48.60206290417
1       48.60206302500
2       48.60229168750
4       48.60229170833
1       48.60229182917
2       48.60265572083
4       48.60265573750
1       48.60265585833
2       48.60276646250
2       48.60289717500
4       48.60289719167
1       48.60289731250
2       48.60293636667
2       48.60306552083
2       48.60323072083
4       48.60323074167
1       48.60323086250
2       48.60323890833
2       48.60330199583
2       48.60344673750
4       48.60344675417
1       48.60344687500
2       48.60355407917
2       48.60359740000
2       48.60365314167
4       48.60365315833
1       48.60365327917
2       48.60375080000
2       48.60406388333
4       48.60406390417
1       48.60406402500
2       48.60419528750
2       48.60423478750
2       48.60437487500
4       48.60437489583
1       48.60437501667
2       48.60447091250
2       48.60458850417
4       48.60458852500
1       48.60458864583
2       48.60475109583
2       48.60481205417
4       48.60481207500
1       48.60481219167
2       48.60527742917
4       48.60527744583
1       48.60527756667
2       48.60536818750
2       48.60543542083
2       48.60550828750
4       48.60550830833
1       48.60550842917
2       48.60551993750
2       48.60553445833
2       48.60567999167
2       48.60570339167
2       48.60571792917
4       48.60571794583
1       48.60571806667
2       48.60585874167
2       48.60600312500
4       48.60600314583
1       48.60600326667
2       48.60604288333
2       48.60607637917
2       48.60614822500
2       48.60629614583
4       48.60629616667
1       48.60629628333
2       48.60698395417
4       48.60698397500
1       48.60698409583
2       48.60720949167
4       48.60720950833
1       48.60720962917
2       48.60739992083
2       48.60748311667
4       48.60748313750
1       48.60748325417
2       48.60750690833
2       48.60756586667
2       48.60776323333
4       48.60776325417
1       48.60776337500
2       48.60778378333
2       48.60780502917
2       48.60789709583
2       48.60838367083
4       48.60838368750
1       48.60838380833
2       48.60854727917
2       48.60870031667
4       48.60870033750
1       48.60870045833
2       48.60920147083
4       48.60920149167
1       48.60920161250
2       48.60922266667
2       48.60946061667
4       48.60946063333
1       48.60946075417
2       48.60959172500
2       48.60959632917
2       48.60959700417
2       48.60988148750
4       48.60988150833
1       48.60988162917
2       48.60998452500
2       48.61016434167
4       48.61016436250
1       48.61016448333
2       48.61029987083
2       48.61055917917
4       48.61055920000
1       48.61055932083
2       48.61061619583
2       48.61087224167
4       48.61087224167
1       48.61087237917
2       48.61098644583
2       48.61103947083
2       48.61109380417
4       48.61109380417
1       48.61109394167
2       48.61117527500
2       48.61118991667
2       48.61119647500
2       48.61135378333
4       48.61135380417
1       48.61135392083
2       48.61163305000
4       48.61163307083
1       48.61163319167
2       48.61169632917
2       48.61173930833
2       48.61204446667
4       48.61204448750
1       48.61204460833
2       48.61211692917
2       48.61218259167
2       48.61233952083
4       48.61233954167
1       48.61233965833
2       48.61260255833
4       48.61260257917
1       48.61260270000
2       48.61279798333
4       48.61279800417
1       48.61279812500
2       48.61286386667
2       48.61287842500
2       48.61295901250
2       48.61302977500
4       48.61302979583
1       48.61302991667
2       48.61306093333
2       48.61310098750
2       48.61316529583
2       48.61325168750
4       48.61325170833
1       48.61325182917
2       48.61329715833
2       48.61338185417
2       48.61343657083
4       48.61343658750
1       48.61343670833
2       48.61359424167
2       48.61359783750
4       48.61359785417
1       48.61359797500
2       48.61368199167
2       48.61372510000
2       48.61396718750
4       48.61396720833
1       48.61396732917
2       48.61398245417
2       48.61416030833
4       48.61416032917
1       48.61416045000
2       48.61438591250
4       48.61438593333
1       48.61438605417
2       48.61446607083
2       48.61454851250
2       48.61487502083
4       48.61487503750
1       48.61487515833
2       48.61488239583
2       48.61500399583
2       48.61512879167
4       48.61512881250
1       48.61512892917
2       48.61513310833
2       48.61523576667
2       48.61524147500
2       48.61543692083
4       48.61543693750
1       48.61543705833
2       48.61545772083
2       48.61554452083
2       48.61565520417
4       48.61565522500
1       48.61565534167
2       48.61586080417
4       48.61586080417
1       48.61586094167
2       48.61602642500
2       48.61604961250
4       48.61604963333
1       48.61604975417
2       48.61626356667
4       48.61626358333
1       48.61626370417
2       48.61631669583
2       48.61656868750
4       48.61656870833
1       48.61656882917
2       48.61685750417
4       48.61685752500
1       48.61685764583
2       48.61694095417
2       48.61722612083
4       48.61722614167
1       48.61722626250
2       48.61726425000
2       48.61747798750
4       48.61747800417
1       48.61747812500
2       48.61761896667
2       48.61761965000
2       48.61762398750
2       48.61766303750
2       48.61766864583
2       48.61786248333
4       48.61786250417
1       48.61786262500
2       48.61787667500
2       48.61798528750
2       48.61798763333
2       48.61799694167
2       48.61803434167
2       48.61804098750
2       48.61825667083
4       48.61825668750
1       48.61825680833
2       48.61827651250
2       48.61828108750
2       48.61855874167
4       48.61855876250
1       48.61855888333
2       48.61859447083
2       48.61888524583
4       48.61888526250
1       48.61888538333
2       48.61889978750
2       48.61896017917
2       48.61901380417
2       48.61914961667
4       48.61914963333
1       48.61914975417
2       48.61917139583
2       48.61925027083
2       48.61948710000
4       48.61948711667
1       48.61948723750
2       48.61959711250
2       48.61988787917
4       48.61988789583
1       48.61988801667
2       48.61989287917
2       48.61993926667
2       48.62032212083
4       48.62032214167
1       48.62032226250
2       48.62036222083
2       48.62055257500
4       48.62055259583
1       48.62055271667
2       48.62075403750
4       48.62075405417
1       48.62075417500
2       48.62077894167
2       48.62101076250
4       48.62101078333
1       48.62101090417
2       48.62101207917
2       48.62112733750
2       48.62119458333
2       48.62119488750
2       48.62133932917
4       48.62133934583
1       48.62133946667
2       48.62134099583
2       48.62138372083
2       48.62148379167
2       48.62148869583
2       48.62150762917
2       48.62153348333
4       48.62153350417
1       48.62153362500
2       48.62170469583
2       48.62198392083
4       48.62198394167
1       48.62198406250
2       48.62201771250
2       48.62220220417
4       48.62220222500
1       48.62220234583
2       48.62225955417
2       48.62246224167
4       48.62246224167
1       48.62246237917
2       48.62259335417
2       48.62284776667
4       48.62284778333
1       48.62284790417
2       48.62294017917
2       48.62306608333
4       48.62306610417
1       48.62306622500
2       48.62311959167
2       48.62350620417
4       48.62350620417
1       48.62350634167
2       48.62372586250
4       48.62372586250
1       48.62372600000
2       48.62380004167
2       48.62384638333
2       48.62409147917
4       48.62409150000
1       48.62409161667
2       48.62413288750
2       48.62429850833
4       48.62429852500
1       48.62429864583
2       48.62431934167
2       48.62433032500
2       48.62445790000
2       48.62459497500
4       48.62459499167
1       48.62459511250
2       48.62469695833
2       48.62475989167
2       48.62530317500
4       48.62530319583
1       48.62530331667
2       48.62532369583
2       48.62542071250
2       48.62548699583
4       48.62548701667
1       48.62548713333
2       48.62550248333
2       48.62562312500
2       48.62568071667
4       48.62568073333
1       48.62568085417
2       48.62571676667
2       48.62574829167
2       48.62576322917
2       48.62579196250
2       48.62581286667
2       48.62584666250
2       48.62587917083
4       48.62587918750
1       48.62587930833
2       48.62605633333
4       48.62605633333
1       48.62605647083
2       48.62613482500
2       48.62621506667
2       48.62638517500
4       48.62638519583
1       48.62638531667
2       48.62643859583
2       48.62662506250
4       48.62662508333
1       48.62662520417
2       48.62665817083
2       48.62677772917
2       48.62681322917
2       48.62694999583
4       48.62695001667
1       48.62695013750
2       48.62709004583
2       48.62720212083
4       48.62720213750
1       48.62720225833
2       48.62724648333
2       48.62743387917
4       48.62743389583
1       48.62743401667
2       48.62750344167
2       48.62761414167
2       48.62762735000
4       48.62762736667
1       48.62762748750
2       48.62788735000
4       48.62788737083
1       48.62788749167
2       48.62851437083
4       48.62851439167
1       48.62851451250
2       48.62856877083
2       48.62869685000
4       48.62869687083
1       48.62869698750
2       48.62876984167
2       48.62880852917
2       48.62881644167
2       48.62895453750
4       48.62895455417
1       48.62895467500
2       48.62897378333
2       48.62902256667
2       48.62903237917
2       48.62913811667
4       48.62913813333
1       48.62913825417
2       48.62924214583
2       48.62925034167
2       48.62936992083
4       48.62936993750
1       48.62937005833
2       48.62943087917
2       48.63000064583
4       48.63000066250
1       48.63000078333
2       48.63016431250
2       48.63028044583
4       48.63028046250
1       48.63028058333
2       48.63031799167
2       48.63034345833
2       48.63073325000
4       48.63073327083
1       48.63073339167
2       48.63073761250
2       48.63074582083
2       48.63089893333
2       48.63093859167
2       48.63141570417
4       48.63141570417
1       48.63141584167
2       48.63143019583
2       48.63153645833
2       48.63154543750
2       48.63175308750
4       48.63175310417
1       48.63175322500
2       48.63180778333
2       48.63200520833
4       48.63200522917
1       48.63200535000
2       48.63236762083
4       48.63236763750
1       48.63236775833
2       48.63252219583
2       48.63259971250
4       48.63259973333
1       48.63259985417
2       48.63279883333
4       48.63279885417
1       48.63279897500
2       48.63282063333
2       48.63285805000
2       48.63300023333
4       48.63300025417
1       48.63300037083
2       48.63309365417
2       48.63311643333
2       48.63327780000
4       48.63327781667
1       48.63327793750
2       48.63328044583
2       48.63348077917
4       48.63348079583
1       48.63348091667
2       48.63350594167
2       48.63351260000
2       48.63368211667
4       48.63368213333
1       48.63368225417
2       48.63398644583
4       48.63398646667
1       48.63398658750
2       48.63412412917
2       48.63454036250
4       48.63454038333
1       48.63454050417
2       48.63505985417
4       48.63505987500
1       48.63505999583
2       48.63540622500
4       48.63540624167
1       48.63540636250
2       48.63546352500
2       48.63550689583
2       48.63562647500
4       48.63562649167
1       48.63562661250
2       48.63568940417
2       48.63576830000
2       48.63578881667
2       48.63590612500
4       48.63590614583
1       48.63590626250
2       48.63591603750
2       48.63602884167
2       48.63607366250
2       48.63612206667
2       48.63620888750
4       48.63620890833
1       48.63620902917
2       48.63623407083
2       48.63637874167
2       48.63671497917
4       48.63671499583
1       48.63671511667
2       48.63672852500
2       48.63673372083
2       48.63684972917
2       48.63687722917
2       48.63687881250
2       48.63693913750
2       48.63707824583
4       48.63707826667
1       48.63707838750
2       48.63715542500
2       48.63722835000
2       48.63723525417
2       48.63725551667
2       48.63758337500
4       48.63758339167
1       48.63758351250
2       48.63763840000
2       48.63772914583
2       48.63773750000
2       48.63786658333
4       48.63786658333
1       48.63786672083
2       48.63814814583
4       48.63814816667
1       48.63814828750
2       48.63816838750
2       48.63823893333
2       48.63832237500
4       48.63832239583
1       48.63832251250
2       48.63839520833
2       48.63851114583
4       48.63851116667
1       48.63851128750
2       48.63862777083
2       48.63879110417
4       48.63879110417
1       48.63879124167
2       48.63903946667
4       48.63903948750
1       48.63903960833
2       48.63906195833
2       48.63942205833
4       48.63942207500
1       48.63942219583
2       48.63947929167
2       48.63950948750
2       48.63953592917
2       48.63959687917
4       48.63959690000
1       48.63959702083
2       48.63973636250
2       48.63998708750
4       48.63998710833
1       48.63998722917
2       48.64004802500
2       48.64006225000
2       48.64007954583
2       48.64010772917
2       48.64013930000
2       48.64032458750
4       48.64032460833
1       48.64032472917
2       48.64034953333
2       48.64048558333
2       48.64050513333
4       48.64050513333
1       48.64050527083
2       48.64080685833
4       48.64080687917
1       48.64080700000
2       48.64083204583
2       48.64090793333
2       48.64096160417
2       48.64149248333
4       48.64149248333
1       48.64149262083
2       48.64159387500
2       48.64166412917
2       48.64167535000
2       48.64167762500
2       48.64182737917
4       48.64182739583
1       48.64182751667
2       48.64184897917
2       48.64201914583
2       48.64204572083
4       48.64204573750
1       48.64204585833
2       48.64241698750
4       48.64241700417
1       48.64241712500
2       48.64247995417
2       48.64254350000
2       48.64270490833
4       48.64270492500
1       48.64270504583
2       48.64288134583
2       48.64299030833
4       48.64299032917
1       48.64299045000
2       48.64313072083
2       48.64327784583
4       48.64327786250
1       48.64327798333
2       48.64328177917
2       48.64367432500
4       48.64367434583
1       48.64367446667
2       48.64368730000
2       48.64375187917
2       48.64376147500
2       48.64427021250
4       48.64427023333
1       48.64427035417
2       48.64437223750
2       48.64439768333
2       48.64444873750
2       48.64448580833
4       48.64448582500
1       48.64448594583
2       48.64453683333
2       48.64456306667
2       48.64457857083
2       48.64466074167
2       48.64467660833
4       48.64467662917
1       48.64467675000
2       48.64468720000
2       48.64488660833
4       48.64488662917
1       48.64488675000
2       48.64503170833
2       48.64505452083
2       48.64506580417
2       48.64512340000
4       48.64512341667
1       48.64512353750
2       48.64514891250
2       48.64524203333
2       48.64535435833
4       48.64535437500
1       48.64535449583
2       48.64547460833
2       48.64554975000
4       48.64554976667
1       48.64554988750
2       48.64555602083
2       48.64559213750
2       48.64578361250
4       48.64578363333
1       48.64578375417
2       48.64578588333
2       48.64587699583
2       48.64598200833
4       48.64598202917
1       48.64598214583
2       48.64628707917
4       48.64628709583
1       48.64628721667
2       48.64639070417
2       48.64651190417
4       48.64651192500
1       48.64651204583
2       48.64652649167
2       48.64688355833
4       48.64688357500
1       48.64688369583
2       48.64705479167
4       48.64705481250
1       48.64705493333
2       48.64724066667
4       48.64724068750
1       48.64724080417
2       48.64743669167
4       48.64743671250
1       48.64743683333
2       48.64749836250
2       48.64755732083
2       48.64833604167
4       48.64833606250
1       48.64833618333
2       48.64859037917
4       48.64859039583
1       48.64859051667
2       48.64861823750
2       48.64862383333
2       48.64865093750
2       48.64874375000
2       48.64875002500
2       48.64899257083
4       48.64899258750
1       48.64899270833
2       48.64919015000
4       48.64919017083
1       48.64919028750
2       48.64925756250
2       48.64931515000
2       48.64933887083
2       48.64958014167
4       48.64958016250
1       48.64958028333
2       48.64958643333
2       48.64970168333
2       48.64985238750
4       48.64985240833
1       48.64985252917
2       48.64997025417
2       48.65006767500
4       48.65006767500
1       48.65006781250
2       48.65010181667
2       48.65026976667
4       48.65026978750
1       48.65026990833
2       48.65044402500
4       48.65044404167
1       48.65044416250
2       48.65062279583
4       48.65062281250
1       48.65062293333
2       48.65083617083
4       48.65083619167
1       48.65083631250
2       48.65101965417
2       48.65116204167
4       48.65116206250
1       48.65116218333
2       48.65140510417
4       48.65140510417
1       48.65140524167
2       48.65146410833
2       48.65156047917
2       48.65163937500
4       48.65163939167
1       48.65163951250
2       48.65165322083
2       48.65171776250
2       48.65189995417
4       48.65189995417
1       48.65190009167
2       48.65193775417
2       48.65203412500
2       48.65210801667
4       48.65210803333
1       48.65210815417
2       48.65214222500
2       48.65215570833
2       48.65217887917
2       48.65219379167
2       48.65239319167
4       48.65239321250
1       48.65239333333
2       48.65242733750
2       48.65244260833
2       48.65267405833
4       48.65267407500
1       48.65267419583
2       48.65273537083
2       48.65282814583
2       48.65286323750
2       48.65293109167
4       48.65293111250
1       48.65293123333
2       48.65297186250
2       48.65300730000
2       48.65303741667
2       48.65311626667
4       48.65311628333
1       48.65311640417
2       48.65311663750
2       48.65331599583
4       48.65331601250
1       48.65331613333
2       48.65332295417
2       48.65352565417
4       48.65352567500
1       48.65352579583
2       48.65352998333
2       48.65361645833
2       48.65365947500
2       48.65368005417
2       48.65389136667
4       48.65389138750
1       48.65389150833
2       48.65393877500
2       48.65394305000
2       48.65396652500
2       48.65398506667
2       48.65402045417
2       48.65402686667
2       48.65409007083
4       48.65409009167
1       48.65409021250
2       48.65418648333
2       48.65420298750
2       48.65422226250
2       48.65432396667
4       48.65432398750
1       48.65432410833
2       48.65449647083
4       48.65449648750
1       48.65449660833
2       48.65463492917
2       48.65476074167
4       48.65476074167
1       48.65476087917
2       48.65483267917
2       48.65498375000
4       48.65498377083
1       48.65498388750
2       48.65512381667
2       48.65518943750
4       48.65518945417
1       48.65518957500
2       48.65525073750
2       48.65528945000
2       48.65555841250
4       48.65555841250
1       48.65555855000
2       48.65564586250
2       48.65578734167
4       48.65578736250
1       48.65578748333
2       48.65586838750
2       48.65589827500
2       48.65591709583
2       48.65593100417
2       48.65602214583
4       48.65602216250
1       48.65602228333
2       48.65605957083
2       48.65611456250
2       48.65613411667
2       48.65616061250
2       48.65619169583
2       48.65641563750
4       48.65641565833
1       48.65641577917
2       48.65669252917
4       48.65669255000
1       48.65669267083
2       48.65669555000
2       48.65671147917
2       48.65677473750
2       48.65692408750
4       48.65692410833
1       48.65692422917
2       48.65707212500
2       48.65744142917
4       48.65744144583
1       48.65744156667
2       48.65749913333
2       48.65783065417
4       48.65783065417
1       48.65783079167
2       48.65787765000
2       48.65791742083
2       48.65796776667
2       48.65800025000
2       48.65801678750
2       48.65810086667
4       48.65810088333
1       48.65810100417
2       48.65823600000
2       48.65833580000
4       48.65833582083
1       48.65833593750
2       48.65841955417
2       48.65849670417
2       48.65852984583
4       48.65852986667
1       48.65852998333
2       48.65895092917
4       48.65895095000
1       48.65895107083
2       48.65895785833
2       48.65904957083
2       48.65921578333
4       48.65921578333
1       48.65921592083
2       48.65962448750
4       48.65962450833
1       48.65962462917
2       48.65970668750
2       48.65980967500
4       48.65980969167
1       48.65980981250
2       48.65981006250
2       48.65987802500
2       48.65989419583
2       48.65990140417
2       48.66014257917
4       48.66014259583
1       48.66014271667
2       48.66015746667
2       48.66024555000
2       48.66030687083
2       48.66034629583
4       48.66034631250
1       48.66034643333
2       48.66058544167
4       48.66058546250
1       48.66058558333
2       48.66066293750
2       48.66068715833
2       48.66079077500
4       48.66079079583
1       48.66079091667
2       48.66083285833
2       48.66092987083
2       48.66100682083
4       48.66100683750
1       48.66100695833
2       48.66106768750
2       48.66130720417
4       48.66130720417
1       48.66130734167
2       48.66148108750
2       48.66179641667
4       48.66179643333
1       48.66179655417
2       48.66180797917
2       48.66191729583
2       48.66196960000
4       48.66196961667
1       48.66196973750
2       48.66211203750
2       48.66219660833
4       48.66219662500
1       48.66219674583
2       48.66227765833
2       48.66234523750
2       48.66236082917
2       48.66251048750
4       48.66251050833
1       48.66251062917
2       48.66258405000
2       48.66260292500
2       48.66295112500
4       48.66295114167
1       48.66295126250
2       48.66308284167
2       48.66318893333
4       48.66318895417
1       48.66318907500
2       48.66324320833
2       48.66325621250
2       48.66335219167
2       48.66338833333
4       48.66338835417
1       48.66338847500
2       48.66352142083
2       48.66381036250
4       48.66381038333
1       48.66381050417
2       48.66388212917
2       48.66399212083
4       48.66399214167
1       48.66399226250
2       48.66414010833
2       48.66448137083
4       48.66448138750
1       48.66448150833
2       48.66449480417
2       48.66450723750
2       48.66451844167
2       48.66459096250
2       48.66514847500
4       48.66514849583
1       48.66514861250
2       48.66526467500
2       48.66536933333
4       48.66536935417
1       48.66536947500
2       48.66554289583
2       48.66566314583
4       48.66566316250
1       48.66566328333
2       48.66566546667
2       48.66573864583
2       48.66596994167
4       48.66596996250
1       48.66597007917
2       48.66600695833
2       48.66602985417
2       48.66613782917
2       48.66630705417
4       48.66630707500
1       48.66630719583
2       48.66647602500
2       48.66655916667
4       48.66655918750
1       48.66655930833
2       48.66662043333
2       48.66670194583
2       48.66693205833
4       48.66693207917
1       48.66693220000
2       48.66710065417
2       48.66716258750
2       48.66717119583
4       48.66717121250
1       48.66717133333
2       48.66718916250
2       48.66727552917
2       48.66736569583
4       48.66736571667
1       48.66736583750
2       48.66742361667
2       48.66750475833
2       48.66750675000
2       48.66755277500
4       48.66755277500
1       48.66755291250
2       48.66756971250
2       48.66764191667
2       48.66784027917
4       48.66784029583
1       48.66784041667
2       48.66795520417
2       48.66821894167
4       48.66821896250
1       48.66821908333
2       48.66828615000
2       48.66833712083
2       48.66860213750
4       48.66860215417
1       48.66860227500
2       48.66878664167
2       48.66881539583
4       48.66881541667
1       48.66881553750
2       48.66883462500
2       48.66887315417
2       48.66893499167
2       48.66895816667
2       48.66899593750
4       48.66899595417
1       48.66899607500
2       48.66911785000
2       48.66919337083
4       48.66919339167
1       48.66919351250
2       48.66935840000
2       48.66937655833
4       48.66937657917
1       48.66937670000
2       48.66949709167
2       48.66978394583
4       48.66978396667
1       48.66978408750
2       48.66980845000
2       48.66984124583
2       48.66990647917
2       48.67001022083
4       48.67001024167
1       48.67001036250
2       48.67052886667
4       48.67052888750
1       48.67052900417
2       48.67056230417
2       48.67060050000
2       48.67067592083
2       48.67091980000
4       48.67091981667
1       48.67091993750
2       48.67092568750
2       48.67108473750
2       48.67113803750
4       48.67113805417
1       48.67113817500
2       48.67119000833
2       48.67121607917
2       48.67127881250
2       48.67135799583
4       48.67135801667
1       48.67135813333
2       48.67155897917
2       48.67165340000
4       48.67165341667
1       48.67165353750
2       48.67171667083
2       48.67176637500
2       48.67181707083
2       48.67206903750
4       48.67206905417
1       48.67206917500
2       48.67209696667
2       48.67213897500
2       48.67220550000
2       48.67225095833
4       48.67225097500
1       48.67225109583
2       48.67232211667
2       48.67237676667
2       48.67246721667
4       48.67246723750
1       48.67246735833
2       48.67249441250
2       48.67264246250
4       48.67264248333
1       48.67264260417
2       48.67268742083
2       48.67272054583
2       48.67279911667
2       48.67303123750
4       48.67303125833
1       48.67303137917
2       48.67316147917
2       48.67330783750
4       48.67330785417
1       48.67330797500
2       48.67346224167
2       48.67359140000
4       48.67359142083
1       48.67359154167
2       48.67375660417
2       48.67376725000
2       48.67394780833
4       48.67394782500
1       48.67394794583
2       48.67419952500
4       48.67419954583
1       48.67419966667
2       48.67449368333
4       48.67449370417
1       48.67449382500
2       48.67468048750
4       48.67468050417
1       48.67468062500
2       48.67476861667
2       48.67478445417
2       48.67479149583
2       48.67482455000
2       48.67497161667
4       48.67497163333
1       48.67497175417
2       48.67503955000
2       48.67504222083
2       48.67526970417
4       48.67526972500
1       48.67526984167
2       48.67529419583
2       48.67537638750
2       48.67570333750
4       48.67570335833
1       48.67570347500
2       48.67576663750
2       48.67590767917
4       48.67590769583
1       48.67590781667
2       48.67606866250
2       48.67608627500
4       48.67608629167
1       48.67608641250
2       48.67613322500
2       48.67617957500
2       48.67635220417
4       48.67635220417
1       48.67635234167
2       48.67647678333
2       48.67658183333
4       48.67658183333
1       48.67658197083
2       48.67666817083
2       48.67694275417
4       48.67694277500
1       48.67694289583
2       48.67711658750
4       48.67711660833
1       48.67711672917
2       48.67716245833
2       48.67728252917
2       48.67736904167
4       48.67736904167
1       48.67736917917
2       48.67740086667
2       48.67740646667
2       48.67744630417
2       48.67750682500
2       48.67757286250
4       48.67757288333
1       48.67757300417
2       48.67771656667
2       48.67777509167
4       48.67777509167
1       48.67777522917
2       48.67793582083
2       48.67795562917
4       48.67795564583
1       48.67795576667
2       48.67797395833
2       48.67801290000
2       48.67803155833
2       48.67809444167
2       48.67819222500
4       48.67819222500
1       48.67819236250
2       48.67822460833
2       48.67833984583
2       48.67835407500
2       48.67846572500
4       48.67846574583
1       48.67846586667
2       48.67856445000
2       48.67865652500
4       48.67865654583
1       48.67865666667
2       48.67882547917
2       48.67888183333
4       48.67888185417
1       48.67888197500
2       48.67888376667
2       48.67889239167
2       48.67893304583
2       48.67901525000
2       48.67902490833
2       48.67930635833
4       48.67930637500
1       48.67930649583
2       48.67938887500
2       48.67966179167
4       48.67966181250
1       48.67966193333
2       48.67967805000
2       48.68009016667
4       48.68009018333
1       48.68009030417
2       48.68051900417
4       48.68051900417
1       48.68051914167
2       48.68059693750
2       48.68076245833
4       48.68076247500
1       48.68076259583
2       48.68076945833
2       48.68113770833
4       48.68113772500
1       48.68113784583
2       48.68118580833
2       48.68133277917
2       48.68137922083
4       48.68137924167
1       48.68137935833
2       48.68150743750
2       48.68162739583
4       48.68162741250
1       48.68162753333
2       48.68183999167
4       48.68183999167
1       48.68184012917
2       48.68233314583
4       48.68233316250
1       48.68233328333
2       48.68242554583
2       48.68253099583
4       48.68253101667
1       48.68253113333
2       48.68276382917
4       48.68276385000
1       48.68276397083
2       48.68279098333
2       48.68292706250
4       48.68292708333
1       48.68292720417
2       48.68298962500
2       48.68312946667
4       48.68312948750
1       48.68312960833
2       48.68338013333
4       48.68338015417
1       48.68338027500
2       48.68343350000
2       48.68347188333
2       48.68350438750
2       48.68353817917
2       48.68364647500
4       48.68364649167
1       48.68364661250
2       48.68368892917
2       48.68369013333
2       48.68381209583
2       48.68396388750
4       48.68396390417
1       48.68396402500
2       48.68397774583
2       48.68431322083
4       48.68431323750
1       48.68431335833
2       48.68441003333
2       48.68448649583
2       48.68462126250
4       48.68462126250
1       48.68462140000
2       48.68465608333
2       48.68498337917
4       48.68498339583
1       48.68498351667
2       48.68499254167
2       48.68503894583
2       48.68507506667
2       48.68528316667
4       48.68528318333
1       48.68528330417
2       48.68542676667
2       48.68544774583
2       48.68557188750
4       48.68557190833
1       48.68557202917
2       48.68597897917
4       48.68597899583
1       48.68597911667
2       48.68599722500
2       48.68602312917
2       48.68605987917
2       48.68607803333
2       48.68617941250
4       48.68617941250
1       48.68617955000
2       48.68634830833
2       48.68668271667
4       48.68668273333
1       48.68668285417
2       48.68668746667
2       48.68672231250
2       48.68693722500
4       48.68693724583
1       48.68693736250
2       48.68701076250
2       48.68709421250
2       48.68743171250
4       48.68743173333
1       48.68743185417
2       48.68769405000
4       48.68769406667
1       48.68769418750
2       48.68772092083
2       48.68774877917
2       48.68783017917
2       48.68794518333
4       48.68794518333
1       48.68794532083
2       48.68797037083
2       48.68811640833
2       48.68815156667
2       48.68818921667
4       48.68818923750
1       48.68818935833
2       48.68825659583
2       48.68838399583
2       48.68840824583
4       48.68840826667
1       48.68840838750
2       48.68845889167
2       48.68849175417
2       48.68862914167
4       48.68862916250
1       48.68862928333
2       48.68866987500
2       48.68867581250
2       48.68887685000
4       48.68887686667
1       48.68887698750
2       48.68890071250
2       48.68898617083
2       48.68904795417
2       48.68906736667
4       48.68906738333
1       48.68906750417
2       48.68920249583
2       48.68922065833
2       48.68924455417
4       48.68924457500
1       48.68924469583
2       48.68935516250
2       48.68942377500
4       48.68942379167
1       48.68942391250
2       48.68954793333
2       48.68960456250
4       48.68960458333
1       48.68960470417
2       48.68983975417
4       48.68983975417
1       48.68983989167
2       48.68993385833
2       48.69000136667
2       48.69024457500
4       48.69024457500
1       48.69024471250
2       48.69025182917
2       48.69038762500
2       48.69039125417
2       48.69065986667
4       48.69065988333
1       48.69066000417
2       48.69067250833
2       48.69068212083
2       48.69069302083
2       48.69085637500
4       48.69085639583
1       48.69085651250
2       48.69095958750
2       48.69097091667
2       48.69104943333
4       48.69104945417
1       48.69104957500
2       48.69116600000
2       48.69118418333
2       48.69129528750
4       48.69129530417
1       48.69129542500
2       48.69175885833
4       48.69175887500
1       48.69175899583
2       48.69181515000
2       48.69191360417
2       48.69210740417
4       48.69210740417
1       48.69210754167
2       48.69267082917
4       48.69267084583
1       48.69267096667
2       48.69277082500
2       48.69278411250
2       48.69367767917
4       48.69367770000
1       48.69367781667
2       48.69382901667
2       48.69396945833
4       48.69396947500
1       48.69396959583
2       48.69418178750
4       48.69418180417
1       48.69418192500
2       48.69425503333
2       48.69429276250
2       48.69451279583
4       48.69451281667
1       48.69451293333
2       48.69452960417
2       48.69458546250
2       48.69489365833
4       48.69489367500
1       48.69489379583
2       48.69493937083
2       48.69504133750
2       48.69505564583
2       48.69515203333
4       48.69515203333
1       48.69515217083
2       48.69524901250
2       48.69529012500
2       48.69529075000
2       48.69529607083
2       48.69552660000
4       48.69552661667
1       48.69552673750
2       48.69553624583
2       48.69561443750
2       48.69584917500
4       48.69584919167
1       48.69584931250
2       48.69588628333
2       48.69594828333
2       48.69598567500
2       48.69600223750
2       48.69617319583
4       48.69617321250
1       48.69617333333
2       48.69641135000
4       48.69641137083
1       48.69641149167
2       48.69643051250
2       48.69662332500
4       48.69662334167
1       48.69662346250
2       48.69673252083
2       48.69673828333
2       48.69689157917
4       48.69689160000
1       48.69689171667
2       48.69693331667
2       48.69695218333
2       48.69721131250
4       48.69721133333
1       48.69721145417
2       48.69738247083
2       48.69753912917
4       48.69753915000
1       48.69753927083
2       48.69758349583
2       48.69784326667
4       48.69784328333
1       48.69784340417
2       48.69790247917
2       48.69793823750
2       48.69795320417
2       48.69798135833
2       48.69803700000
2       48.69823705417
4       48.69823707500
1       48.69823719583
2       48.69826388750
2       48.69830996250
2       48.69835958750
2       48.69839501667
2       48.69847484583
4       48.69847486667
1       48.69847498750
2       48.69866760417
4       48.69866762500
1       48.69866774167
2       48.69868985000
2       48.69883194167
2       48.69922572083
4       48.69922573750
1       48.69922585833
2       48.69929733750
2       48.69961125833
4       48.69961127917
1       48.69961139583
2       48.69961593333
2       48.69966887917
2       48.69967288333
2       48.69968154167
2       48.69977059167
2       48.69985251667
4       48.69985253333
1       48.69985265417
2       48.70011707083
4       48.70011709167
1       48.70011720833
2       48.70046284583
4       48.70046286250
1       48.70046298333
2       48.70050661667
2       48.70067680417
4       48.70067680417
1       48.70067694167
2       48.70098917500
4       48.70098919167
1       48.70098931250
2       48.70103985833
2       48.70112365417
2       48.70115743750
2       48.70117438333
2       48.70121875000
4       48.70121876667
1       48.70121888750
2       48.70128372917
2       48.70178621250
4       48.70178621250
1       48.70178635000
2       48.70186737083
2       48.70188447500
2       48.70191860000
2       48.70206998333
4       48.70207000417
1       48.70207012500
2       48.70215912083
2       48.70232962083
4       48.70232964167
1       48.70232976250
2       48.70258763333
4       48.70258763333
1       48.70258777083
2       48.70263445000
2       48.70278510417
4       48.70278510417
1       48.70278524167
2       48.70278709167
2       48.70279733750
2       48.70283149167
2       48.70290274583
2       48.70294317083
2       48.70297030417
4       48.70297032500
1       48.70297044583
2       48.70305544583
2       48.70314749583
2       48.70339032917
4       48.70339035000
1       48.70339047083
2       48.70344426667
2       48.70381020833
4       48.70381022500
1       48.70381034583
2       48.70390151250
2       48.70395799167
2       48.70429299583
4       48.70429301667
1       48.70429313750
2       48.70430342917
2       48.70464720417
4       48.70464720417
1       48.70464734167
2       48.70490595417
4       48.70490595417
1       48.70490609167
2       48.70526767083
4       48.70526768750
1       48.70526780833
2       48.70532329167
2       48.70550982917
4       48.70550984583
1       48.70550996667
2       48.70552769583
2       48.70554952917
2       48.70561147917
2       48.70568603750
4       48.70568605417
1       48.70568617500
2       48.70593512917
4       48.70593514583
1       48.70593526667
2       48.70597583750
2       48.70616462917
4       48.70616464583
1       48.70616476667
2       48.70621425417
2       48.70624014167
2       48.70641603750
4       48.70641605833
1       48.70641617917
2       48.70642669167
2       48.70660318750
4       48.70660320417
1       48.70660332500
2       48.70682634583
4       48.70682636250
1       48.70682648333
2       48.70685824583
2       48.70707612500
4       48.70707614583
1       48.70707626667
2       48.70709733750
2       48.70711649583
2       48.70717716250
2       48.70728018750
4       48.70728020833
1       48.70728032917
2       48.70754814167
4       48.70754816250
1       48.70754828333
2       48.70786280833
4       48.70786282500
1       48.70786294583
2       48.70786443750
2       48.70786477083
2       48.70792767917
2       48.70811720000
4       48.70811722083
1       48.70811734167
2       48.70813340417
2       48.70819007917
2       48.70822788333
2       48.70829413333
4       48.70829415417
1       48.70829427500
2       48.70843316667
2       48.70855274583
4       48.70855276667
1       48.70855288750
2       48.70866702917
2       48.70871446250
2       48.70915895000
4       48.70915897083
1       48.70915909167
2       48.70917027500
2       48.70919703333
2       48.70933340000
2       48.70935633750
4       48.70935635833
1       48.70935647917
2       48.70940432917
2       48.70942592083
2       48.70966933750
4       48.70966935417
1       48.70966947500
2       48.70990545417
4       48.70990545417
1       48.70990559167
2       48.71006518333
2       48.71027077500
4       48.71027079167
1       48.71027091250
2       48.71036557500
2       48.71037539583
2       48.71083127500
4       48.71083129167
1       48.71083141250
2       48.71083257917
2       48.71085342500
2       48.71089028333
2       48.71092497083
2       48.71104492083
4       48.71104493750
1       48.71104505833
2       48.71132985000
4       48.71132986667
1       48.71132998750
2       48.71163087500
4       48.71163089583
1       48.71163101667
2       48.71164710000
2       48.71175407083
2       48.71221749583
4       48.71221751250
1       48.71221763333
2       48.71224263750
2       48.71224496667
2       48.71227252083
2       48.71251913333
4       48.71251913333
1       48.71251927083
2       48.71278980000
4       48.71278982083
1       48.71278994167
2       48.71300051250
2       48.71306212500
4       48.71306214583
1       48.71306226250
2       48.71309956250
2       48.71313860833
2       48.71314230833
2       48.71343845833
4       48.71343847500
1       48.71343859583
2       48.71344035417
2       48.71348830000
2       48.71356027917
2       48.71356189583
2       48.71356951667
2       48.71373574583
4       48.71373576667
1       48.71373588750
2       48.71375226250
2       48.71400680000
4       48.71400681667
1       48.71400693750
2       48.71401670417
2       48.71423494583
4       48.71423496667
1       48.71423508750
2       48.71435190417
2       48.71448003750
4       48.71448005833
1       48.71448017917
2       48.71448700833
2       48.71480331250
4       48.71480333333
1       48.71480345417
2       48.71484704167
2       48.71488211250
2       48.71491033333
2       48.71493382500
2       48.71520771250
4       48.71520773333
1       48.71520785417
2       48.71526671667
2       48.71529386250
2       48.71550490833
4       48.71550492917
1       48.71550504583
2       48.71595895833
4       48.71595897500
1       48.71595909583
2       48.71602255000
2       48.71742171667
4       48.71742173333
1       48.71742185417
2       48.71755283333
2       48.71760087083
2       48.71794540833
4       48.71794542917
1       48.71794555000
2       48.71811887083
2       48.71820172083
4       48.71820173750
1       48.71820185833
2       48.71847400417
4       48.71847402500
1       48.71847414583
2       48.71857507500
2       48.71857935833
2       48.71873237500
4       48.71873239583
1       48.71873251667
2       48.71890122917
2       48.71918644167
4       48.71918644167
1       48.71918657917
2       48.71948885833
4       48.71948887917
1       48.71948900000
2       48.71986449167
4       48.71986450833
1       48.71986462917
2       48.71994497083
2       48.72028378750
4       48.72028380833
1       48.72028392917
2       48.72047793333
2       48.72054286250
4       48.72054286250
1       48.72054300000
2       48.72069321250
2       48.72073036667
2       48.72074055417
2       48.72136825833
4       48.72136827917
1       48.72136840000
2       48.72148350417
2       48.72180358750
4       48.72180360417
1       48.72180372500
2       48.72194455833
2       48.72208575833
4       48.72208577917
1       48.72208590000
2       48.72218370000
2       48.72266298750
4       48.72266300417
1       48.72266312500
2       48.72291932500
4       48.72291934167
1       48.72291946250
2       48.72294460417
2       48.72328770833
4       48.72328772500
1       48.72328784583
2       48.72334401250
2       48.72337112083
2       48.72355565833
4       48.72355567500
1       48.72355579583
2       48.72355762917
2       48.72356808333
2       48.72358350833
2       48.72361627917
2       48.72362957083
2       48.72364245417
2       48.72375678750
4       48.72375680417
1       48.72375692500
2       48.72385809167
2       48.72408827500
4       48.72408829583
1       48.72408841667
2       48.72427275000
4       48.72427276667
1       48.72427288750
2       48.72435922500
2       48.72439109167
2       48.72442420417
2       48.72465035833
4       48.72465037500
1       48.72465049583
2       48.72471759583
2       48.72472592083
2       48.72489023333
4       48.72489025417
1       48.72489037500
2       48.72500715000
2       48.72511770833
4       48.72511772917
1       48.72511785000
2       48.72517208333
2       48.72530717083
4       48.72530719167
1       48.72530731250
2       48.72548477917
2       48.72563876250
4       48.72563878333
1       48.72563890417
2       48.72568414167
2       48.72569115000
2       48.72579179167
2       48.72580305417
2       48.72588153333
4       48.72588153333
1       48.72588167083
2       48.72601999167
2       48.72617799583
4       48.72617801250
1       48.72617813333
2       48.72634524167
2       48.72636016667
4       48.72636018750
1       48.72636030833
2       48.72637009167
2       48.72644300833
2       48.72648870417
2       48.72654430417
4       48.72654432500
1       48.72654444583
2       48.72657569583
2       48.72662878750
2       48.72690139583
4       48.72690141250
1       48.72690153333
2       48.72698492500
2       48.72707291250
2       48.72709587917
2       48.73064325000
2       48.73088637917
4       48.73088640000
1       48.73088652083
2       48.73099500833
2       48.73105338333
2       48.73110665417
4       48.73110667500
1       48.73110679583
2       48.73126932500
2       48.73152561667
4       48.73152563333
1       48.73152575417
2       48.73181710833
4       48.73181712917
1       48.73181725000
2       48.73225167083
4       48.73225169167
1       48.73225180833
2       48.73247990417
4       48.73247990417
1       48.73248004167
2       48.73248029167
2       48.73286414167
4       48.73286416250
1       48.73286428333
2       48.73289595833
2       48.73310332083
4       48.73310333750
1       48.73310345833
2       48.73315997917
2       48.73357432500
4       48.73357434167
1       48.73357446250
2       48.73378264583
4       48.73378266667
1       48.73378278750
2       48.73406887917
4       48.73406890000
1       48.73406902083
2       48.73408673333
2       48.73410942917
2       48.73435064583
4       48.73435066667
1       48.73435078750
2       48.73446398750
2       48.73448783750
2       48.73462756250
4       48.73462758333
1       48.73462770000
2       48.73482925833
2       48.73498104583
4       48.73498106667
1       48.73498118750
2       48.73504265417
2       48.73529239167
4       48.73529241250
1       48.73529253333
2       48.73534742083
2       48.73546723333
2       48.73554976250
4       48.73554976250
1       48.73554990000
2       48.73556559583
2       48.73568292083
2       48.73590907500
4       48.73590909167
1       48.73590921250
2       48.73606915000
2       48.73613866250
4       48.73613868333
1       48.73613880000
2       48.73623434167
2       48.73626383333
2       48.73630294583
2       48.73630758750
2       48.73634600000
4       48.73634601667
1       48.73634613750
2       48.73642281250
2       48.73660162500
4       48.73660162500
1       48.73660176250
2       48.73663904167
2       48.73670607917
2       48.73690808333
4       48.73690810417
1       48.73690822500
2       48.73701574583
2       48.73706179583
2       48.73728995833
4       48.73728997917
1       48.73729010000
2       48.73747126667
4       48.73747128750
1       48.73747140833
2       48.73749999583
2       48.73771795833
4       48.73771797500
1       48.73771809583
2       48.73773257917
2       48.73777400833
2       48.73796008750
4       48.73796010417
1       48.73796022500
2       48.73815149167
4       48.73815149167
1       48.73815162917
2       48.73818400000
2       48.73826192083
2       48.73828633333
2       48.73836975417
4       48.73836977500
1       48.73836989167
2       48.73837632917
2       48.73845857083
2       48.73856685833
4       48.73856687917
1       48.73856700000
2       48.73857354167
2       48.73865099167
2       48.73890672917
4       48.73890674583
1       48.73890686667
2       48.73912238750
4       48.73912240833
1       48.73912252917
2       48.73956947083
4       48.73956948750
1       48.73956960833
2       48.73957588750
2       48.73977283750
4       48.73977285417
1       48.73977297500
2       48.73982820833
2       48.73984208333
2       48.73990172500
2       48.74001070417
4       48.74001072500
1       48.74001084583
2       48.74027871250
4       48.74027873333
1       48.74027885417
2       48.74031600000
2       48.74033067083
2       48.74416562500
4       48.74416564583
1       48.74416576667
2       48.74417792500
2       48.74422881667
2       48.74458261250
4       48.74458261250
1       48.74458275000
2       48.74471675000
2       48.74481588750
4       48.74481590417
1       48.74481602500
2       48.74493469167
2       48.74499330833
4       48.74499332917
1       48.74499345000
2       48.74512651250
2       48.74534573333
4       48.74534573333
1       48.74534587083
2       48.74541105833
2       48.74580947083
4       48.74580949167
1       48.74580961250
2       48.74581535417
2       48.74610124167
4       48.74610125833
1       48.74610137917
2       48.74643681667
4       48.74643683333
1       48.74643695417
2       48.74654481667
2       48.74656669583
2       48.74658622083
2       48.74663920417
4       48.74663922500
1       48.74663934167
2       48.74681151667
2       48.74683059167
2       48.74698397083
4       48.74698399167
1       48.74698411250
2       48.74702175833
2       48.74715391667
2       48.74741329583
4       48.74741331667
1       48.74741343333
2       48.74759780833
4       48.74759782500
1       48.74759794583
2       48.74767660417
2       48.74780570000
4       48.74780571667
1       48.74780583750
2       48.74785885833
2       48.74786740833
2       48.74804391667
4       48.74804393750
1       48.74804405833
2       48.74806610833
2       48.74820065833
2       48.74821257917
2       48.74828152083
4       48.74828153750
1       48.74828165833
2       48.74857495000
4       48.74857496667
1       48.74857508750
2       48.74866631250
2       48.74877760417
4       48.74877762500
1       48.74877774583
2       48.74890310417
2       48.74902565833
4       48.74902567917
1       48.74902580000
2       48.74908437500
2       48.74911780000
2       48.74915252083
2       48.74932512083
4       48.74932513750
1       48.74932525833
2       48.74939796667
2       48.74954540833
4       48.74954542500
1       48.74954554583
2       48.74957616250
2       48.74984151667
4       48.74984153750
1       48.74984165417
2       48.74985109167
2       48.75010117917
4       48.75010120000
1       48.75010132083
2       48.75016972917
2       48.75017342500
2       48.75019491667
2       48.75019955833
2       48.75038637083
4       48.75038639167
1       48.75038650833
2       48.75043673333
2       48.75044532917
2       48.75072749583
4       48.75072751667
1       48.75072763333
2       48.75084545417
2       48.75097527917
4       48.75097530000
1       48.75097542083
2       48.75100277500
2       48.75106564583
2       48.75133993333
4       48.75133995417
1       48.75134007500
2       48.75155726250
4       48.75155728333
1       48.75155740417
2       48.75165270000
2       48.75176460417
4       48.75176460417
1       48.75176474167
2       48.75191099583
2       48.75227566250
4       48.75227566250
1       48.75227580000
2       48.75229564167
2       48.75233067917
2       48.75234920833
2       48.75238700833
2       48.75263637083
4       48.75263638750
1       48.75263650833
2       48.75264697083
2       48.75292563333
4       48.75292565417
1       48.75292577500
2       48.75299148333
2       48.75308983333
2       48.75331209583
4       48.75331211667
1       48.75331223750
2       48.75335321250
2       48.75337856250
2       48.75348201250
4       48.75348203333
1       48.75348215417
2       48.75354895833
2       48.75381095000
4       48.75381097083
1       48.75381109167
2       48.75388250417
2       48.75390727917
2       48.75407025833
4       48.75407027500
1       48.75407039583
2       48.75413850000
2       48.75417495417
2       48.75421272500
2       48.75440281667
4       48.75440283750
1       48.75440295833
2       48.75471912500
4       48.75471914583
1       48.75471926667
2       48.75779589167
4       48.75779591250
1       48.75779603333
2       48.75784300000
2       48.75799597917
4       48.75799599583
1       48.75799611667
2       48.75803242917
2       48.75821294583
4       48.75821296667
1       48.75821308750
2       48.75826330833
2       48.75846658750
4       48.75846660833
1       48.75846672917
2       48.75879454167
4       48.75879456250
1       48.75879468333
2       48.75895385000
2       48.75909929167
4       48.75909929167
1       48.75909942917
2       48.75922085000
2       48.75958157500
4       48.75958159167
1       48.75958171250
2       48.75965182083
2       48.75977395417
4       48.75977397500
1       48.75977409167
2       48.75986604583
2       48.76008010417
4       48.76008012500
1       48.76008024583
2       48.76011382917
2       48.76013106667
2       48.76017675833
2       48.76024832083
2       48.76068428750
4       48.76068430833
1       48.76068442917
2       48.76072893333
2       48.76077859583
2       48.76080909583
2       48.76082895000
2       48.76096145833
4       48.76096147917
1       48.76096159583
2       48.76120100417
4       48.76120102500
1       48.76120114583
2       48.76120326667
2       48.76179815417
4       48.76179817500
1       48.76179829167
2       48.76221982917
4       48.76221984583
1       48.76221996667
2       48.76223731250
2       48.76226417083
2       48.76235134167
2       48.76239469167
2       48.76257555417
4       48.76257557500
1       48.76257569167
2       48.76270675833
2       48.76274314167
2       48.76292002917
4       48.76292004583
1       48.76292016667
2       48.76302101250
2       48.76307995833
2       48.76310946250
2       48.76315757500
4       48.76315759583
1       48.76315771250
2       48.76328310000
2       48.76344205000
4       48.76344207083
1       48.76344219167
2       48.76356620000
2       48.76369145000
4       48.76369146667
1       48.76369158750
2       48.76371690000
2       48.76381662083
2       48.76390372083
4       48.76390373750
1       48.76390385833
2       48.76394550833
2       48.76403697917
2       48.76415655833
4       48.76415657917
1       48.76415670000
2       48.76444406667
4       48.76444408750
1       48.76444420417
2       48.76450593750
2       48.76512900000
4       48.76512902083
1       48.76512914167
2       48.76521308750
2       48.76527176667
2       48.76532112500
2       48.76534719583
4       48.76534721250
1       48.76534733333
2       48.76547507917
2       48.76551082917
2       48.76558505417
4       48.76558507500
1       48.76558519583
2       48.76562583750
2       48.76578542083
4       48.76578544167
1       48.76578555833
2       48.76597690000
2       48.76617397083
4       48.76617399167
1       48.76617411250
2       48.76617997500
2       48.76642501250
4       48.76642501250
1       48.76642515000
2       48.76644757083
2       48.76655589583
2       48.76677349583
4       48.76677351667
1       48.76677363750
2       48.76701063750
4       48.76701065417
1       48.76701077500
2       48.76704142917
2       48.76717132917
2       48.76722035417
4       48.76722037500
1       48.76722049167
2       48.76725970417
2       48.76731210000
2       48.76747370833
4       48.76747372917
1       48.76747385000
2       48.76761840833
2       48.76765165833
4       48.76765167500
1       48.76765179583
2       48.76781120833
2       48.76785895833
4       48.76785897917
1       48.76785910000
2       48.76788739583
2       48.77210763333
4       48.77210763333
1       48.77210777083
2       48.77220757500
2       48.77230825000
4       48.77230826667
1       48.77230838750
2       48.77233483333
2       48.77242456667
2       48.77247393333
2       48.77266172500
4       48.77266174167
1       48.77266186250
2       48.77269412500
2       48.77282825833
2       48.77292406667
4       48.77292408333
1       48.77292420417
2       48.77294132083
2       48.77312247083
4       48.77312248750
1       48.77312260833
2       48.77313542083
2       48.77329434167
2       48.77337682917
4       48.77337685000
1       48.77337697083
2       48.77347091250
2       48.77367960833
4       48.77367962500
1       48.77367974583
2       48.77391446667
4       48.77391448333
1       48.77391460417
2       48.77419395417
4       48.77419397500
1       48.77419409167
2       48.77472197917
4       48.77472200000
1       48.77472212083
2       48.77474210833
2       48.77481838333
2       48.77486743750
2       48.77534757500
4       48.77534759583
1       48.77534771250
2       48.77536748750
2       48.77542743333
2       48.77562162083
4       48.77562163750
1       48.77562175833
2       48.77569770833
2       48.77575608750
2       48.77582364583
4       48.77582366250
1       48.77582378333
2       48.77601572917
2       48.77609986250
4       48.77609986250
1       48.77610000000
2       48.77612562917
2       48.77621386667
2       48.77652013333
4       48.77652013333
1       48.77652027083
2       48.77657583333
2       48.77695379583
4       48.77695381250
1       48.77695393333
2       48.77710974583
2       48.77734492917
4       48.77734495000
1       48.77734507083
2       48.77739032917
2       48.77802190000
4       48.77802191667
1       48.77802203750
2       48.77851912083
4       48.77851913750
1       48.77851925833
2       48.77866590417
2       48.77885627500
4       48.77885629583
1       48.77885641667
2       48.77890009583
2       48.77914180000
4       48.77914182083
1       48.77914194167
2       48.77923360000
2       48.77960821250
4       48.77960823333
1       48.77960835417
2       48.77962209583
2       48.77971194167
2       48.77985098333
4       48.77985098333
1       48.77985112083
2       48.77988408333
2       48.77993613333
2       48.78001328750
2       48.78007922083
4       48.78007924167
1       48.78007936250
2       48.78013855417
2       48.78015110833
2       48.78053031250
4       48.78053033333
1       48.78053045417
2       48.78084831250
4       48.78084833333
1       48.78084845417
2       48.78087118333
2       48.78091983750
2       48.78092050417
2       48.78092712083
2       48.78103602500
4       48.78103602500
1       48.78103616250
2       48.78133588333
4       48.78133588333
1       48.78133602083
2       48.78134916667
2       48.78592265417
4       48.78592265417
1       48.78592279167
2       48.78603566250
2       48.78608663750
2       48.78654139583
4       48.78654141667
1       48.78654153333
2       48.78664407917
2       48.78674317500
2       48.78679379167
4       48.78679381250
1       48.78679393333
2       48.78681604583
2       48.78692402083
2       48.78697501667
2       48.78699088333
2       48.78704680833
4       48.78704682917
1       48.78704694583
2       48.78770837500
4       48.78770839583
1       48.78770851667
2       48.78795100833
4       48.78795102917
1       48.78795114583
2       48.78795774167
2       48.78803989167
2       48.78811482917
2       48.78817101667
4       48.78817103750
1       48.78817115833
2       48.78824256667
2       48.78825945833
2       48.78840417500
4       48.78840419583
1       48.78840431667
2       48.78863280833
4       48.78863282500
1       48.78863294583
2       48.78879275833
2       48.78900077083
4       48.78900079167
1       48.78900091250
2       48.78906700417
2       48.78916112083
2       48.78926475417
4       48.78926475417
1       48.78926489167
2       48.78928062083
2       48.78932409583
2       48.78935451667
2       48.78943001250
2       48.78959137500
4       48.78959139167
1       48.78959151250
2       48.78959563750
2       48.78961417083
2       48.78963775833
2       48.78978321250
2       48.78980098333
4       48.78980098333
1       48.78980112083
2       48.78992621667
2       48.79026012500
4       48.79026014167
1       48.79026026250
2       48.79034617917
2       48.79036148333
2       48.79053730833
4       48.79053732917
1       48.79053745000
2       48.79054859167
2       48.79066818333
2       48.79067974583
2       48.79073236667
4       48.79073238333
1       48.79073250417
2       48.79125440417
4       48.79125442500
1       48.79125454583
2       48.79125708750
2       48.79130742500
2       48.79138693750
2       48.79139820833
2       48.79161917917
4       48.79161919583
1       48.79161931667
2       48.79184732917
4       48.79184735000
1       48.79184746667
2       48.79190644583
2       48.79203907500
2       48.79210597917
4       48.79210599583
1       48.79210611667
2       48.79224185417
2       48.79234980000
4       48.79234981667
1       48.79234993750
2       48.79295134167
4       48.79295134167
1       48.79295147917
2       48.79295162917
2       48.79297280417
2       48.79299940417
2       48.79314439167
2       48.79331395417
4       48.79331397500
1       48.79331409583
2       48.79338352500
2       48.79372639583
4       48.79372641667
1       48.79372653750
2       48.79409667917
4       48.79409670000
1       48.79409682083
2       48.79434207500
4       48.79434209167
1       48.79434221250
2       48.79454716667
2       48.79458520417
4       48.79458520417
1       48.79458534167
2       48.79463626667
2       48.79469674167
2       48.79474486250
2       48.79479921250
4       48.79479921250
1       48.79479935000
2       48.79499857917
2       48.79508530000
4       48.79508532083
1       48.79508544167
2       48.79511456250
2       48.79530698750
4       48.79530700833
1       48.79530712917
2       48.79558855417
4       48.79558857500
1       48.79558869583
2       48.79572827917
2       48.79574084167
2       48.79586311250
4       48.79586311250
1       48.79586325000
2       48.79606450833
4       48.79606452500
1       48.79606464583
2       48.79613775000
2       48.79633476667
4       48.79633478333
1       48.79633490417
2       48.79633512083
2       48.79652890833
2       48.79661797500
4       48.79661799583
1       48.79661811250
2       48.79685514583
4       48.79685516250
1       48.79685528333
2       48.79687170000
2       48.80043733750
2       48.80053800833
4       48.80053802917
1       48.80053815000
2       48.80082087917
4       48.80082089583
1       48.80082101667
2       48.80095964167
2       48.80096828750
2       48.80097260833
2       48.80161788333
4       48.80161790417
1       48.80161802083
2       48.80170961250
2       48.80185403750
4       48.80185405417
1       48.80185417500
2       48.80186261250
2       48.80195242917
2       48.80196885417
2       48.80198617083
2       48.80215144167
4       48.80215146250
1       48.80215158333
2       48.80249095833
4       48.80249097500
1       48.80249109583
2       48.80251284167
2       48.80257633750
2       48.80292517917
4       48.80292520000
1       48.80292532083
2       48.80294544167
2       48.80316829583
4       48.80316831250
1       48.80316843333
2       48.80318458333
2       48.80330080000
2       48.80333822500
2       48.80334558750
2       48.80342633750
4       48.80342635417
1       48.80342647500
2       48.80374691250
4       48.80374691250
1       48.80374705000
2       48.80390228750
2       48.80396358333
4       48.80396358333
1       48.80396372083
2       48.80401160833
2       48.80401825833
2       48.80413484167
2       48.80432789583
4       48.80432791250
1       48.80432803333
2       48.80463271667
4       48.80463273750
1       48.80463285417
2       48.80470591250
2       48.80476714167
2       48.80487342917
4       48.80487344583
1       48.80487356667
2       48.80501422500
2       48.80501759167
2       48.80526328750
4       48.80526330833
1       48.80526342917
2       48.80549820833
4       48.80549822917
1       48.80549835000
2       48.80553959167
2       48.80559917500
2       48.80564952500
2       48.80576315000
4       48.80576316667
1       48.80576328750
2       48.80589799583
2       48.80594891667
2       48.80606690833
4       48.80606692500
1       48.80606704583
2       48.80615501250
2       48.80625202917
4       48.80625205000
1       48.80625216667
2       48.80628910833
2       48.80629971667
2       48.80644250000
4       48.80644252083
1       48.80644264167
2       48.80646529167
2       48.80664541667
4       48.80664543750
1       48.80664555833
2       48.80664982083
2       48.80677700000
2       48.80679723750
2       48.80710758333
4       48.80710760417
1       48.80710772500
2       48.80720533333
2       48.80741826250
4       48.80741828333
1       48.80741840417
2       48.80746000833
2       48.80749940833
2       48.80788330833
4       48.80788332917
1       48.80788345000
2       48.80792542917
2       48.80793569583
2       48.80811148750
4       48.80811150417
1       48.80811162500
2       48.80821917500
2       48.80837913750
4       48.80837915833
1       48.80837927917
2       48.80873356667
4       48.80873358750
1       48.80873370417
2       48.80878127083
2       48.80897201667
4       48.80897203333
1       48.80897215417
2       48.80898340833
2       48.80908901667
2       48.80919626667
4       48.80919628750
1       48.80919640833
2       48.80922327083
2       48.80925628333
2       48.80953283333
4       48.80953283333
1       48.80953297083
2       48.80954202083
2       48.80976035833
4       48.80976037500
1       48.80976049583
2       48.80977685000
2       48.81005286667
4       48.81005288750
1       48.81005300833
2       48.81334486667
4       48.81334488750
1       48.81334500833
2       48.81336677917
2       48.81355624583
4       48.81355626667
1       48.81355638750
2       48.81396825000
4       48.81396827083
1       48.81396839167
2       48.81403747500
2       48.81404345000
2       48.81418690000
4       48.81418691667
1       48.81418703750
2       48.81422765833
2       48.81445421667
4       48.81445423333
1       48.81445435417
2       48.81448465833
2       48.81457344583
2       48.81477612083
4       48.81477614167
1       48.81477626250
2       48.81481787500
2       48.81505038750
4       48.81505040833
1       48.81505052917
2       48.81511395000
2       48.81513417500
2       48.81515071250
2       48.81545914167
4       48.81545914167
1       48.81545927917
2       48.81578970833
4       48.81578972500
1       48.81578984583
2       48.81582116667
2       48.81656112500
4       48.81656114167
1       48.81656126250
2       48.81670149583
2       48.81684863750
4       48.81684865833
1       48.81684877917
2       48.81739149583
4       48.81739151667
1       48.81739163333
2       48.81743356667
2       48.81743684167
2       48.81747400000
2       48.81748889583
2       48.81751502917
2       48.81759045417
4       48.81759045417
1       48.81759059167
2       48.81761646667
2       48.81789336250
4       48.81789338333
1       48.81789350417
2       48.81800230417
2       48.81816285833
4       48.81816287917
1       48.81816299583
2       48.81838513333
4       48.81838513333
1       48.81838527083
2       48.81839579583
2       48.81844877917
2       48.81851135833
2       48.81868130000
4       48.81868132083
1       48.81868144167
2       48.81891612500
4       48.81891614583
1       48.81891626667
2       48.81930595417
4       48.81930597500
1       48.81930609583
2       48.81976046667
4       48.81976048750
1       48.81976060833
2       48.81981176250
2       48.82002374583
4       48.82002376250
1       48.82002388333
2       48.82024275000
4       48.82024276667
1       48.82024288750
2       48.82032943750
2       48.82042061250
2       48.82051628750
4       48.82051630833
1       48.82051642917
2       48.82052917917
2       48.82066367083
2       48.82081574583
4       48.82081576667
1       48.82081588750
2       48.82083558750
2       48.82086077083
2       48.82103137500
4       48.82103139583
1       48.82103151250
2       48.82104686667
2       48.82107440833
2       48.82117145833
2       48.82128203750
4       48.82128205833
1       48.82128217917
2       48.82143318750
2       48.82161536250
4       48.82161536250
1       48.82161550000
2       48.82180872500
4       48.82180874167
1       48.82180886250
2       48.82181266667
2       48.82249203333
4       48.82249205417
1       48.82249217500
2       48.82269775000
4       48.82269776667
1       48.82269788750
2       48.82289947500
4       48.82289949583
1       48.82289961667
2       48.82297661667
2       48.82301206250
2       48.82307732083
2       48.82772384583
4       48.82772386250
1       48.82772398333
2       48.82782448333
2       48.82854786667
4       48.82854788750
1       48.82854800417
2       48.82855415833
2       48.82923548333
4       48.82923550417
1       48.82923562083
2       48.82953557083
4       48.82953558750
1       48.82953570833
2       48.82986480833
4       48.82986482917
1       48.82986494583
2       48.83024115000
4       48.83024116667
1       48.83024128750
2       48.83028919167
2       48.83036429167
2       48.83054646250
4       48.83054646250
1       48.83054660000
2       48.83110619583
4       48.83110621667
1       48.83110633333
2       48.83113874583
2       48.83114201667
2       48.83130133333
4       48.83130133333
1       48.83130147083
2       48.83184162500
4       48.83184164167
1       48.83184176250
2       48.83211523750
4       48.83211525417
1       48.83211537500
2       48.83370699167
4       48.83370701250
1       48.83370713333
2       48.83374115000
2       48.83383358333
2       48.83387695417
2       48.83387762083
2       48.83417344167
4       48.83417344167
1       48.83417357917
2       48.83442146667
4       48.83442148750
1       48.83442160833
2       48.83492790833
4       48.83492792917
1       48.83492804583
2       48.83503722917
2       48.83530225000
4       48.83530226667
1       48.83530238750
2       48.83554268750
4       48.83554270833
1       48.83554282917
2       48.83558509167
2       48.83560329167
2       48.83567249167
2       48.83585805000
4       48.83585806667
1       48.83585818750
2       48.83605963333
4       48.83605965417
1       48.83605977500
2       48.83664204167
4       48.83664206250
1       48.83664218333
2       48.83710700000
4       48.83710701667
1       48.83710713750
2       48.83808486250
4       48.83808488333
1       48.83808500417
2       48.83825427917
2       48.83922163750
4       48.83922165417
1       48.83922177500
2       48.83967808750
4       48.83967810417
1       48.83967822500
2       48.84386145833
4       48.84386147917
1       48.84386160000
2       48.84419361667
4       48.84419363333
1       48.84419375417
2       48.84531917917
4       48.84531919583
1       48.84531931667
2       48.84597369167
4       48.84597369167
1       48.84597382917
2       48.84664112917
4       48.84664114583
1       48.84664126667
2       48.84734198750
4       48.84734200417
1       48.84734212500
2       48.85180820833
4       48.85180822500
1       48.85180834583
2       48.85197257500
2       48.85563651667
4       48.85563653750
1       48.85563665833
2       48.85809324583
4       48.85809326250
1       48.85809338333
2       48.85918165833
4       48.85918167500
1       48.85918179583
2       48.86890480000
4       48.86890481667
1       48.86890493750
2       48.87197126250
4       48.87197126250
1       48.87197140000
2       48.87654884583
4       48.87654886250
1       48.87654898333
2       48.88046359167
4       48.88046361250
1       48.88046373333
2       48.88900623333
4       48.88900625417
1       48.88900637500
2       48.88917386250
2       48.89095779583
4       48.89095781667
1       48.89095793750
2       48.90423667917
4       48.90423669583
1       48.90423681667
2       48.90800337083
4       48.90800339167
1       48.90800351250
2       48.91120139167
4       48.91120141250
1       48.91120153333
2       53.18948986667
4       53.18948988333
1       53.18949000417
2       53.19440037500
4       53.19440039167
1       53.19440051250
2       53.19702487917
4       53.19702489583
1       53.19702501667
2       53.20117121250
4       53.20117123333
1       53.20117135417
2       53.20141261250
4       53.20141261250
1       53.20141275000
2       53.20195755000
4       53.20195757083
1       53.20195769167
2       53.20264553333
4       53.20264553333
1       53.20264567083
2       53.20289721250
2       53.20304245000
2       53.20372566250
2       53.20403601667
2       53.20572607500
2       53.21130113333
4       53.21130113333
1       53.21130127083
2       53.21510107083
4       53.21510109167
1       53.21510121250
2       53.21513171250
2       53.21659331667
4       53.21659333750
1       53.21659345833
2       53.21727755833
4       53.21727757917
1       53.21727770000
2       53.21753357917
4       53.21753360000
1       53.21753371667
2       53.21793901667
4       53.21793903333
1       53.21793915417
2       53.21990822083
4       53.21990824167
1       53.21990836250
2       53.22013445000
4       53.22013446667
1       53.22013458750
2       53.22099535000
4       53.22099537083
1       53.22099549167
2       53.22305152917
4       53.22305155000
1       53.22305167083
2       53.22494778750
4       53.22494780833
1       53.22494792917
2       53.22582964583
4       53.22582966250
1       53.22582978333
2       53.22677022083
4       53.22677023750
1       53.22677035833
2       53.22734326250
4       53.22734326250
1       53.22734340000
2       53.22785230000
4       53.22785231667
1       53.22785243750
2       53.22882848750
4       53.22882850833
1       53.22882862917
2       53.22917799167
4       53.22917799167
1       53.22917812917
2       53.22940880000
4       53.22940882083
1       53.22940894167
2       53.22962019167
4       53.22962019167
1       53.22962032917
2       53.22971228750
2       53.22983215000
4       53.22983217083
1       53.22983228750
2       53.23047233333
4       53.23047233333
1       53.23047247083
2       53.23065995000
2       53.23109510833
4       53.23109512917
1       53.23109525000
2       53.23223297083
4       53.23223299167
1       53.23223311250
2       53.23310371250
4       53.23310373333
1       53.23310385000
2       53.23313917917
2       53.23315607083
2       53.23317860000
2       53.23416754583
4       53.23416756667
1       53.23416768750
2       53.23605659167
4       53.23605659167
1       53.23605672917
2       53.23720830417
4       53.23720832500
1       53.23720844583
2       53.23723579167
2       53.23761441250
4       53.23761441250
1       53.23761455000
2       53.23769618333
2       53.23784384583
4       53.23784386667
1       53.23784398750
2       53.23809932500
4       53.23809934167
1       53.23809946250
2       53.23827550417
2       53.23840501667
4       53.23840503333
1       53.23840515417
2       53.23866196667
4       53.23866198333
1       53.23866210417
2       53.23884754583
2       53.23897774583
4       53.23897776667
1       53.23897788750
2       53.24017998750
4       53.24018000417
1       53.24018012500
2       53.24044048333
4       53.24044048333
1       53.24044062083
2       53.24075272917
4       53.24075274583
1       53.24075286667
2       53.24077492083
2       53.24084943750
2       53.24094778333
2       53.24123962500
4       53.24123964583
1       53.24123976667
2       53.24131056250
2       53.24163885417
4       53.24163887500
1       53.24163899167
2       53.24174549583
2       53.24202405000
4       53.24202406667
1       53.24202418750
2       53.24220752917
4       53.24220754583
1       53.24220766667
2       53.24239767917
4       53.24239770000
1       53.24239782083
2       53.24248147917
2       53.24322239583
4       53.24322241667
1       53.24322253750
2       53.24374765417
4       53.24374767500
1       53.24374779583
2       53.24383385000
2       53.24384438750
2       53.24394701667
2       53.24425987500
4       53.24425989167
1       53.24426001250
2       53.24427343333
2       53.24450425000
4       53.24450426667
1       53.24450438750
2       53.24466322500
2       53.24481626250
4       53.24481628333
1       53.24481640417
2       53.24488085417
2       53.24506741250
4       53.24506741250
1       53.24506755000
2       53.24528920833
4       53.24528922500
1       53.24528934583
2       53.24559790833
4       53.24559792500
1       53.24559804583
2       53.24569572500
2       53.24571281667
2       53.24617729167
4       53.24617729167
1       53.24617742917
2       53.24624159583
2       53.24649322917
4       53.24649324583
1       53.24649336667
2       53.24655025417
2       53.24657410833
2       53.24690692500
4       53.24690694583
1       53.24690706667
2       53.24702592917
2       53.24704866667
2       53.24715476250
4       53.24715476250
1       53.24715490000
2       53.24723130417
2       53.24726499583
2       53.24728982083
2       53.24753796250
4       53.24753798333
1       53.24753810417
2       53.24756042500
2       53.24762337083
2       53.24779789167
4       53.24779789167
1       53.24779802917
2       53.24789770417
2       53.24827164167
4       53.24827164167
1       53.24827177917
2       53.24829817083
2       53.24842697500
2       53.24843067500
2       53.24878999583
4       53.24879001667
1       53.24879013750
2       53.24891285833
2       53.24894904583
2       53.24916689583
4       53.24916691667
1       53.24916703333
2       53.24939146250
4       53.24939148333
1       53.24939160417
2       53.24949883333
2       53.24958200000
2       53.24958294583
2       53.24961111667
4       53.24961113333
1       53.24961125417
2       53.24961970417
2       53.24966675000
2       53.24967570000
2       53.24993778333
4       53.24993778333
1       53.24993792083
2       53.24994365833
2       53.25013607917
2       53.25018407083
4       53.25018408750
1       53.25018420833
2       53.25019036667
2       53.25030256250
2       53.25030472500
2       53.25052897500
4       53.25052899583
1       53.25052911250
2       53.25054518333
2       53.25058130000
2       53.25066707917
2       53.25077766250
4       53.25077766250
1       53.25077780000
2       53.25089133333
2       53.25089795833
2       53.25121332917
4       53.25121334583
1       53.25121346667
2       53.25121693333
2       53.25128545417
2       53.25129611250
2       53.25139714167
2       53.25140771250
4       53.25140773333
1       53.25140785417
2       53.25144081667
2       53.25185420833
4       53.25185422500
1       53.25185434583
2       53.25188365000
2       53.25192143333
2       53.25194590833
2       53.25218110833
4       53.25218112500
1       53.25218124583
2       53.25219127917
2       53.25230170000
2       53.25242688750
4       53.25242690833
1       53.25242702500
2       53.25242823750
2       53.25251269583
2       53.25272629167
4       53.25272631250
1       53.25272643333
2       53.25295282083
4       53.25295283750
1       53.25295295833
2       53.25306188750
2       53.25320224167
4       53.25320224167
1       53.25320237917
2       53.25336787500
2       53.25349479583
4       53.25349481250
1       53.25349493333
2       53.25354211250
2       53.25362064583
2       53.25389490000
4       53.25389492083
1       53.25389503750
2       53.25431818750
4       53.25431820417
1       53.25431832500
2       53.25432445000
2       53.25434732500
2       53.25435732917
2       53.25444369167
2       53.25450079583
2       53.25462820417
4       53.25462820417
1       53.25462834167
2       53.25466407083
2       53.25485941250
4       53.25485943333
1       53.25485955000
2       53.25490187083
2       53.25502468333
2       53.25516151667
4       53.25516153333
1       53.25516165417
2       53.25517209583
2       53.25531611250
2       53.25538350417
4       53.25538350417
1       53.25538364167
2       53.25541255417
2       53.25543350417
2       53.25547515833
2       53.25552455000
2       53.25571465833
4       53.25571467917
1       53.25571480000
2       53.25578095417
2       53.25588293333
2       53.25606741250
4       53.25606741250
1       53.25606755000
2       53.25607564583
2       53.25616377917
2       53.25624399167
2       53.25630062083
4       53.25630063750
1       53.25630075833
2       53.25641164167
2       53.25648613750
4       53.25648615833
1       53.25648627917
2       53.25649921250
2       53.25651590417
2       53.25667425833
4       53.25667427500
1       53.25667439583
2       53.25670770833
2       53.25670899583
2       53.25682190417
2       53.25683253333
2       53.25707738750
4       53.25707740833
1       53.25707752917
2       53.25711874583
2       53.25718032500
2       53.25722702500
2       53.25727506250
4       53.25727506250
1       53.25727520000
2       53.25734461667
2       53.25736385833
2       53.25744038333
2       53.25748774583
4       53.25748776667
1       53.25748788750
2       53.25749007083
2       53.25759472500
2       53.25767292083
4       53.25767294167
1       53.25767306250
2       53.25770437500
2       53.25774902083
2       53.25784540833
2       53.25784850417
4       53.25784850417
1       53.25784864167
2       53.25786466667
2       53.25788955000
2       53.25790200833
2       53.25790416250
2       53.25797991250
2       53.25817068750
4       53.25817070833
1       53.25817082500
2       53.25821976667
2       53.25827407500
2       53.25828828750
2       53.25835949167
4       53.25835949167
1       53.25835962917
2       53.25848605833
2       53.25849363750
2       53.25851716667
2       53.25855028750
4       53.25855030417
1       53.25855042500
2       53.25856519167
2       53.25857546667
2       53.25860367083
2       53.25865664583
2       53.25866562917
2       53.25872822500
4       53.25872822500
1       53.25872836250
2       53.25873979167
2       53.25874735000
2       53.25878312083
2       53.25887123333
2       53.25887289583
2       53.25888920000
2       53.25889177917
2       53.25890467500
4       53.25890469583
1       53.25890481667
2       53.25903428750
2       53.25912139167
4       53.25912141250
1       53.25912152917
2       53.25926310417
2       53.25932004167
4       53.25932006250
1       53.25932018333
2       53.25935382917
2       53.25937973750
2       53.25944160833
2       53.25949335417
2       53.25958875833
4       53.25958877500
1       53.25958889583
2       53.25967681667
2       53.25981688750
4       53.25981690417
1       53.25981702500
2       53.25984833333
2       53.25994973750
2       53.25995335833
2       53.26006662917
4       53.26006665000
1       53.26006677083
2       53.26020275417
2       53.26022790000
2       53.26028235417
4       53.26028235417
1       53.26028249167
2       53.26029694583
2       53.26046045417
2       53.26046505833
2       53.26048006250
4       53.26048006250
1       53.26048020000
2       53.26049223750
2       53.26055390417
2       53.26055958750
2       53.26075029583
4       53.26075031250
1       53.26075043333
2       53.26077582917
2       53.26084037917
2       53.26090833333
2       53.26092528750
4       53.26092530417
1       53.26092542500
2       53.26093980833
2       53.26097289167
2       53.26097681667
2       53.26104145417
2       53.26123949583
4       53.26123951667
1       53.26123963333
2       53.26124685833
2       53.26125377917
2       53.26138359583
2       53.26145280000
4       53.26145281667
1       53.26145293750
2       53.26165492083
4       53.26165494167
1       53.26165506250
2       53.26182954583
4       53.26182956250
1       53.26182968333
2       53.26185102500
2       53.26199046250
4       53.26199048333
1       53.26199060417
2       53.26204977083
2       53.26205771667
2       53.26213717083
2       53.26214507917
2       53.26225047083
4       53.26225048750
1       53.26225060833
2       53.26228159583
2       53.26228552500
2       53.26231777917
2       53.26232495417
2       53.26234605417
2       53.26250885000
4       53.26250887083
1       53.26250899167
2       53.26280358333
4       53.26280360417
1       53.26280372500
2       53.26283810000
2       53.26284865833
2       53.26287522500
2       53.26301034167
4       53.26301036250
1       53.26301048333
2       53.26307491667
2       53.26311034167
2       53.26312644583
2       53.26315368750
2       53.26320207083
4       53.26320208750
1       53.26320220833
2       53.26330310833
2       53.26343200417
4       53.26343200417
1       53.26343214167
2       53.26344223333
2       53.26361251250
4       53.26361253333
1       53.26361265417
2       53.26363206250
2       53.26379230833
4       53.26379232500
1       53.26379244583
2       53.26379597500
2       53.26381647917
2       53.26398837917
4       53.26398840000
1       53.26398851667
2       53.26401619167
2       53.26403720000
2       53.26410993750
2       53.26418617500
4       53.26418619167
1       53.26418631250
2       53.26429548750
2       53.26431008750
2       53.26436937083
4       53.26436939167
1       53.26436950833
2       53.26440877083
2       53.26442062500
2       53.26460918750
4       53.26460920833
1       53.26460932917
2       53.26488007083
4       53.26488008750
1       53.26488020833
2       53.26489737917
2       53.26490764583
2       53.26492280000
2       53.26504961250
4       53.26504963333
1       53.26504975417
2       53.26510009583
2       53.26513375417
2       53.26523682500
4       53.26523684167
1       53.26523696250
2       53.26527853750
2       53.26529811250
2       53.26531364583
2       53.26538316250
2       53.26540569167
4       53.26540571250
1       53.26540583333
2       53.26553818333
2       53.26554249583
2       53.26564950000
4       53.26564951667
1       53.26564963750
2       53.26570649167
2       53.26585952500
4       53.26585954167
1       53.26585966250
2       53.26587442083
2       53.26591815000
2       53.26592202500
2       53.26611915833
4       53.26611917500
1       53.26611929583
2       53.26622290000
2       53.26636927500
4       53.26636929583
1       53.26636941667
2       53.26641098333
2       53.26645110000
2       53.26651799583
2       53.26656434583
4       53.26656436250
1       53.26656448333
2       53.26657964583
2       53.26674654167
4       53.26674656250
1       53.26674668333
2       53.26681538333
2       53.26688460833
2       53.26690127917
2       53.26691835417
2       53.26702911250
4       53.26702913333
1       53.26702925417
2       53.26705091250
2       53.26706949167
2       53.26712609167
2       53.26715486667
2       53.26715689583
2       53.26727392917
4       53.26727395000
1       53.26727407083
2       53.26745174583
4       53.26745176250
1       53.26745188333
2       53.26748475833
2       53.26748881250
2       53.26766074167
4       53.26766076250
1       53.26766088333
2       53.26777828750
2       53.26790383333
4       53.26790385417
1       53.26790397500
2       53.26798365833
2       53.26800487917
2       53.26800553750
2       53.26809927083
4       53.26809929167
1       53.26809941250
2       53.26809960417
2       53.26812275833
2       53.26814729167
2       53.26815160417
2       53.26817042500
2       53.26818303333
2       53.26826325833
2       53.26836792083
4       53.26836793750
1       53.26836805833
2       53.26838643333
2       53.26839486667
2       53.26854806250
4       53.26854808333
1       53.26854820417
2       53.26868628333
2       53.26870151667
2       53.26872231250
2       53.26874818750
4       53.26874820417
1       53.26874832500
2       53.26877464583
2       53.26878488333
2       53.26879945417
2       53.26893594167
4       53.26893596250
1       53.26893608333
2       53.26905820000
2       53.26906312917
2       53.26908339583
2       53.26911838333
2       53.26923845000
4       53.26923847083
1       53.26923859167
2       53.26925057083
2       53.26933043750
2       53.26947460000
4       53.26947462083
1       53.26947474167
2       53.26956290000
2       53.26977927083
4       53.26977929167
1       53.26977941250
2       53.26981702500
2       53.26983863333
2       53.26985547083
2       53.26994254583
2       53.26997865417
4       53.26997867500
1       53.26997879583
2       53.27007877083
2       53.27010125417
2       53.27013074583
2       53.27025090417
4       53.27025092500
1       53.27025104583
2       53.27029924583
2       53.27042082500
4       53.27042084583
1       53.27042096250
2       53.27043537917
2       53.27044903750
2       53.27047050000
2       53.27057256667
2       53.27070342500
4       53.27070344167
1       53.27070356250
2       53.27074405000
2       53.27083853333
2       53.27093255417
4       53.27093255417
1       53.27093269167
2       53.27096370000
2       53.27106940000
2       53.27134234167
4       53.27134236250
1       53.27134247917
2       53.27139901250
2       53.27146948750
2       53.27152416250
4       53.27152416250
1       53.27152430000
2       53.27157685833
2       53.27158547500
2       53.27175544167
4       53.27175546250
1       53.27175558333
2       53.27179118750
2       53.27185878333
2       53.27195050000
4       53.27195052083
1       53.27195064167
2       53.27203592917
2       53.27205435000
2       53.27214289583
4       53.27214291667
1       53.27214303750
2       53.27215152500
2       53.27221805417
2       53.27222905000
2       53.27231480833
2       53.27231688750
2       53.27236285417
4       53.27236285417
1       53.27236299167
2       53.27236380000
2       53.27247448333
2       53.27262189167
4       53.27262189167
1       53.27262202917
2       53.27269434167
2       53.27271094167
2       53.27272255417
2       53.27283483750
4       53.27283485833
1       53.27283497500
2       53.27291034583
2       53.27313529167
4       53.27313531250
1       53.27313543333
2       53.27323996667
2       53.27331980000
2       53.27337479167
4       53.27337480833
1       53.27337492917
2       53.27346183333
2       53.27349366667
2       53.27349400000
2       53.27353725833
2       53.27354365000
4       53.27354366667
1       53.27354378750
2       53.27356251667
2       53.27358151667
2       53.27361285833
2       53.27365460000
2       53.27382156250
4       53.27382158333
1       53.27382170417
2       53.27382345833
2       53.27382685000
2       53.27387917500
2       53.27393292083
2       53.27394023750
2       53.27397252500
2       53.27398917500
2       53.27410571250
4       53.27410571250
1       53.27410585000
2       53.27415012917
2       53.27415481250
2       53.27417334167
2       53.27425412500
2       53.27425716667
2       53.27429852917
4       53.27429854583
1       53.27429866667
2       53.27431846250
2       53.27456517083
4       53.27456519167
1       53.27456531250
2       53.27462378333
2       53.27467018750
2       53.27468217500
2       53.27468976250
2       53.27469043750
2       53.27482191667
4       53.27482193333
1       53.27482205417
2       53.27486097500
2       53.27496599167
2       53.27504543750
4       53.27504545417
1       53.27504557500
2       53.27505838750
2       53.27508194583
2       53.27514577083
2       53.27519691250
2       53.27528892500
4       53.27528894167
1       53.27528906250
2       53.27530253750
2       53.27531994583
2       53.27540455417
2       53.27540850000
2       53.27548562500
4       53.27548564583
1       53.27548576667
2       53.27549004167
2       53.27559099583
2       53.27571652083
4       53.27571654167
1       53.27571666250
2       53.27572951667
2       53.27573930000
2       53.27575498750
2       53.27580227083
2       53.27581826667
2       53.27586324583
2       53.27593245833
4       53.27593247500
1       53.27593259583
2       53.27594807500
2       53.27601569583
2       53.27604413750
2       53.27608981250
2       53.27622006667
4       53.27622008750
1       53.27622020833
2       53.27629947083
2       53.27646310000
4       53.27646311667
1       53.27646323750
2       53.27649362083
2       53.27655550833
2       53.27656577917
2       53.27671821667
4       53.27671823333
1       53.27671835417
2       53.27672185417
2       53.27672286250
2       53.27676752917
2       53.27684458750
2       53.27685131667
2       53.27705031667
4       53.27705033750
1       53.27705045417
2       53.27708379167
2       53.27714870417
2       53.27727456250
4       53.27727456250
1       53.27727470000
2       53.27728521250
2       53.27732924583
2       53.27735009583
2       53.27749919167
4       53.27749921250
1       53.27749932917
2       53.27765220833
2       53.27766476667
2       53.27769859583
4       53.27769861250
1       53.27769873333
2       53.27773706667
2       53.27786617083
2       53.27789076250
4       53.27789078333
1       53.27789090417
2       53.27794080833
2       53.27810040833
4       53.27810042500
1       53.27810054583
2       53.27814549167
2       53.27829810833
4       53.27829812500
1       53.27829824583
2       53.27836543750
2       53.27839242917
2       53.27849354167
4       53.27849354167
1       53.27849367917
2       53.27881451667
4       53.27881453750
1       53.27881465833
2       53.27887707917
2       53.27890157500
2       53.27901752500
4       53.27901754583
1       53.27901766667
2       53.27910635000
2       53.27938757083
4       53.27938758750
1       53.27938770833
2       53.27946937917
2       53.27948231250
2       53.27979965417
4       53.27979965417
1       53.27979979167
2       53.27988365417
2       53.28015232917
4       53.28015235000
1       53.28015247083
2       53.28015862083
2       53.28027156667
2       53.28035769167
4       53.28035771250
1       53.28035783333
2       53.28036493750
2       53.28045045417
2       53.28045638333
2       53.28045838750
2       53.28047727500
2       53.28047959167
2       53.28051970833
2       53.28064121667
4       53.28064123333
1       53.28064135417
2       53.28064657500
2       53.28065218333
2       53.28079788333
2       53.28089367083
4       53.28089368750
1       53.28089380833
2       53.28093468750
2       53.28093667917
2       53.28096591250
2       53.28102021250
2       53.28102712917
2       53.28104901667
2       53.28114238333
4       53.28114240417
1       53.28114252500
2       53.28115260833
2       53.28123481250
2       53.28127392917
2       53.28132658750
2       53.28136030833
4       53.28136032917
1       53.28136045000
2       53.28137695833
2       53.28144282500
2       53.28147161250
2       53.28151344167
2       53.28156868750
2       53.28157822500
4       53.28157824583
1       53.28157836667
2       53.28169583333
2       53.28170842083
2       53.28181011250
4       53.28181013333
1       53.28181025417
2       53.28184897917
2       53.28188699167
2       53.28198130417
4       53.28198130417
1       53.28198144167
2       53.28215957083
2       53.28217023750
2       53.28218044583
4       53.28218046667
1       53.28218058750
2       53.28235966250
4       53.28235968333
1       53.28235980417
2       53.28239401667
2       53.28246165000
2       53.28251790417
2       53.28261857083
4       53.28261859167
1       53.28261870833
2       53.28265281250
2       53.28269613750
2       53.28271735833
2       53.28277200417
2       53.28279985833
4       53.28279987917
1       53.28280000000
2       53.28288764167
2       53.28288858333
2       53.28292900833
2       53.28298791250
4       53.28298791250
1       53.28298805000
2       53.28301713333
2       53.28307210417
2       53.28307612917
2       53.28310662500
2       53.28321256667
4       53.28321258333
1       53.28321270417
2       53.28324744583
2       53.28331091667
2       53.28331592917
2       53.28351825417
4       53.28351825417
1       53.28351839167
2       53.28352884167
2       53.28357490417
2       53.28362362917
2       53.28364412500
2       53.28364647083
2       53.28373654583
4       53.28373656667
1       53.28373668333
2       53.28391043333
4       53.28391045417
1       53.28391057500
2       53.28413770000
4       53.28413771667
1       53.28413783750
2       53.28424371250
2       53.28439934167
4       53.28439936250
1       53.28439948333
2       53.28462961250
4       53.28462961250
1       53.28462975000
2       53.28469909167
2       53.28485641250
4       53.28485643333
1       53.28485655000
2       53.28489417917
2       53.28491373333
2       53.28496377500
2       53.28496812083
2       53.28504087083
4       53.28504089167
1       53.28504101250
2       53.28514327500
2       53.28514496667
2       53.28516282917
2       53.28523897083
4       53.28523899167
1       53.28523911250
2       53.28538776250
2       53.28540157917
2       53.28543145833
4       53.28543147500
1       53.28543159583
2       53.28583895833
4       53.28583897917
1       53.28583910000
2       53.28591210417
2       53.28598924167
2       53.28605685000
4       53.28605686667
1       53.28605698750
2       53.28628933333
4       53.28628933333
1       53.28628947083
2       53.28636556250
2       53.28651588750
4       53.28651590417
1       53.28651602500
2       53.28653350000
2       53.28655038333
2       53.28656391667
2       53.28663080833
2       53.28666423750
2       53.28680703750
4       53.28680705417
1       53.28680717500
2       53.28692801250
2       53.28703756667
4       53.28703758333
1       53.28703770417
2       53.28703894583
2       53.28707867500
2       53.28718237917
2       53.28723102500
4       53.28723104583
1       53.28723116667
2       53.28723143750
2       53.28724089583
2       53.28737538750
2       53.28743007500
4       53.28743009167
1       53.28743021250
2       53.28750323333
2       53.28753473333
2       53.28770308333
4       53.28770310417
1       53.28770322500
2       53.28773849583
2       53.28774039583
2       53.28774439583
2       53.28789086667
2       53.28789544583
2       53.28789733333
2       53.28791864167
4       53.28791865833
1       53.28791877917
2       53.28797432500
2       53.28806675833
2       53.28810697500
4       53.28810699583
1       53.28810711667
2       53.28814969167
2       53.28815383333
2       53.28821837500
2       53.28832140417
4       53.28832142500
1       53.28832154583
2       53.28833399583
2       53.28834890000
2       53.28835684167
2       53.28838866667
2       53.28853145000
4       53.28853147083
1       53.28853159167
2       53.28860333333
2       53.28862254583
2       53.28866264583
2       53.28873712500
4       53.28873714167
1       53.28873726250
2       53.28878187500
2       53.28879340000
2       53.28886426667
2       53.28886601667
2       53.28893580417
4       53.28893580417
1       53.28893594167
2       53.28895270417
2       53.28905876667
2       53.28909317083
2       53.28922673333
4       53.28922675417
1       53.28922687500
2       53.28943889583
4       53.28943891250
1       53.28943903333
2       53.28947215000
2       53.28952712500
2       53.28953564583
2       53.28971457500
4       53.28971459167
1       53.28971471250
2       53.28973667500
2       53.28975998750
2       53.28980395833
2       53.28989872083
4       53.28989873750
1       53.28989885833
2       53.28990069583
2       53.28997024583
2       53.29000278750
2       53.29004544583
2       53.29010641667
4       53.29010643750
1       53.29010655833
2       53.29013123333
2       53.29013517500
2       53.29016702500
2       53.29024452083
2       53.29028659167
2       53.29042301667
4       53.29042303750
1       53.29042315417
2       53.29052573333
2       53.29052604167
2       53.29053831250
2       53.29071325417
4       53.29071325417
1       53.29071339167
2       53.29073735000
2       53.29076020833
2       53.29077023750
2       53.29082852917
2       53.29084869583
2       53.29094900833
4       53.29094902917
1       53.29094915000
2       53.29100997083
2       53.29103507917
2       53.29115275417
4       53.29115275417
1       53.29115289167
2       53.29119677083
2       53.29127001250
2       53.29133130000
2       53.29145981250
4       53.29145981250
1       53.29145995000
2       53.29149690417
2       53.29150519167
2       53.29166881667
4       53.29166883750
1       53.29166895833
2       53.29167942917
2       53.29170025833
2       53.29185922500
2       53.29188872917
4       53.29188875000
1       53.29188887083
2       53.29190503333
2       53.29193110417
2       53.29206167917
2       53.29206727500
2       53.29212395000
4       53.29212397083
1       53.29212408750
2       53.29212822083
2       53.29215843333
2       53.29221794583
2       53.29226426667
2       53.29227262917
2       53.29238497083
4       53.29238498750
1       53.29238510833
2       53.29276190417
4       53.29276190417
1       53.29276204167
2       53.29277378750
2       53.29279895833
2       53.29291223333
2       53.29293055417
4       53.29293057500
1       53.29293069583
2       53.29293974167
2       53.29294999167
2       53.29295655000
2       53.29298342500
2       53.29303839167
2       53.29307381667
2       53.29322198750
4       53.29322200833
1       53.29322212917
2       53.29335472500
2       53.29336707083
2       53.29339215417
2       53.29341530833
2       53.29346569583
4       53.29346571667
1       53.29346583333
2       53.29349950000
2       53.29368070833
4       53.29368072917
1       53.29368085000
2       53.29373657917
2       53.29375492917
2       53.29413517083
4       53.29413518750
1       53.29413530833
2       53.29417887500
2       53.29437195000
4       53.29437196667
1       53.29437208750
2       53.29440377500
2       53.29441798333
2       53.29443132500
2       53.29445772917
2       53.29447660417
2       53.29452930000
2       53.29455445417
2       53.29467504583
4       53.29467506667
1       53.29467518333
2       53.29473432917
2       53.29475259167
2       53.29502341667
4       53.29502343750
1       53.29502355833
2       53.29533091667
4       53.29533093333
1       53.29533105417
2       53.29541735833
2       53.29542166667
2       53.29543689167
2       53.29553154167
4       53.29553156250
1       53.29553167917
2       53.29568260417
2       53.29585086667
4       53.29585088750
1       53.29585100833
2       53.29586978333
2       53.29588434167
2       53.29592209167
2       53.29593074583
2       53.29606218333
4       53.29606218333
1       53.29606232083
2       53.29610368333
2       53.29615667917
2       53.29619773333
2       53.29620330833
2       53.29632453750
4       53.29632455417
1       53.29632467500
2       53.29633074583
2       53.29633515417
2       53.29634210000
2       53.29641462917
2       53.29653327083
4       53.29653328750
1       53.29653340833
2       53.29655971250
2       53.29662856667
2       53.29668702083
2       53.29670844583
4       53.29670846667
1       53.29670858750
2       53.29679812917
2       53.29691139583
4       53.29691141667
1       53.29691153750
2       53.29699556667
2       53.29711079583
4       53.29711081667
1       53.29711093750
2       53.29714895417
2       53.29720130000
2       53.29726384167
2       53.29734605417
4       53.29734607500
1       53.29734619583
2       53.29739518333
2       53.29745537083
2       53.29745698750
2       53.29751363333
2       53.29762063333
4       53.29762063333
1       53.29762077083
2       53.29763464583
2       53.29780550833
4       53.29780552917
1       53.29780565000
2       53.29782934583
2       53.29797648333
2       53.29817943750
4       53.29817945833
1       53.29817957917
2       53.29823314583
2       53.29824939167
2       53.29825196250
2       53.29830696667
2       53.29837980833
4       53.29837982917
1       53.29837995000
2       53.29842793333
2       53.29844275417
2       53.29851161667
2       53.29858189167
4       53.29858191250
1       53.29858203333
2       53.29858317500
2       53.29860275833
2       53.29870551667
2       53.29877035833
4       53.29877037917
1       53.29877049583
2       53.29923040833
4       53.29923042500
1       53.29923054583
2       53.29923307917
2       53.29925890417
2       53.29934964167
2       53.29935296667
2       53.29941153750
4       53.29941155833
1       53.29941167500
2       53.29967132083
4       53.29967133750
1       53.29967145833
2       53.29967857917
2       53.29972187083
2       53.30006842500
4       53.30006844167
1       53.30006856250
2       53.30017443750
2       53.30018567083
2       53.30022144583
2       53.30035627083
4       53.30035629167
1       53.30035641250
2       53.30041260000
2       53.30042749167
2       53.30046291667
2       53.30049207500
2       53.30063254583
4       53.30063256667
1       53.30063268750
2       53.30064901250
2       53.30101079167
4       53.30101079167
1       53.30101092917
2       53.30109297500
2       53.30111673333
2       53.30127476250
4       53.30127476250
1       53.30127490000
2       53.30133074583
2       53.30151386667
4       53.30151388333
1       53.30151400417
2       53.30152218750
2       53.30155724583
2       53.30161787500
2       53.30169445417
2       53.30185700833
4       53.30185702917
1       53.30185715000
2       53.30225153750
4       53.30225155833
1       53.30225167917
2       53.30232611250
2       53.30233637083
2       53.30233702917
2       53.30236789583
2       53.30241510417
2       53.30244860833
4       53.30244862917
1       53.30244875000
2       53.30248042500
2       53.30249569167
2       53.30250092083
2       53.30252880000
2       53.30255755833
2       53.30273716250
4       53.30273718333
1       53.30273730417
2       53.30275069167
2       53.30281009167
2       53.30297794167
4       53.30297796250
1       53.30297807917
2       53.30300873333
2       53.30305110417
2       53.30330284167
4       53.30330286250
1       53.30330298333
2       53.30334932083
2       53.30335250000
2       53.30336579583
2       53.30337747917
2       53.30338828333
2       53.30345357500
2       53.30370773750
4       53.30370775417
1       53.30370787500
2       53.30409085000
4       53.30409087083
1       53.30409099167
2       53.30414550833
2       53.30422242917
2       53.30438430000
4       53.30438432083
1       53.30438444167
2       53.30442831667
2       53.30454197917
2       53.30474535000
4       53.30474537083
1       53.30474549167
2       53.30482082083
2       53.30488345417
2       53.30502623333
4       53.30502623333
1       53.30502637083
2       53.30508088333
2       53.30509311667
2       53.30521268750
2       53.30523596667
4       53.30523598750
1       53.30523610417
2       53.30527199167
2       53.30528167083
2       53.30531970000
2       53.30539320833
2       53.30548170000
4       53.30548172083
1       53.30548184167
2       53.30548331667
2       53.30550220000
2       53.30551985417
2       53.30553994583
2       53.30562212917
2       53.30572546667
4       53.30572548333
1       53.30572560417
2       53.30577907917
2       53.30587817500
2       53.30590533333
4       53.30590535417
1       53.30590547083
2       53.30599937500
2       53.30604608333
2       53.30607057083
4       53.30607058750
1       53.30607070833
2       53.30615740000
2       53.30635214583
4       53.30635216667
1       53.30635228750
2       53.30638561667
2       53.30640215417
2       53.30640649583
2       53.30641351250
2       53.30649191250
2       53.30662673333
4       53.30662675417
1       53.30662687500
2       53.30677743333
2       53.30677808750
2       53.30697051250
4       53.30697053333
1       53.30697065417
2       53.30701598333
2       53.30702720417
2       53.30703452917
2       53.30721599583
4       53.30721601250
1       53.30721613333
2       53.30723045833
2       53.30752971667
4       53.30752973750
1       53.30752985833
2       53.30756807500
2       53.30758692500
2       53.30795158750
4       53.30795160833
1       53.30795172917
2       53.30796257917
2       53.30797515833
2       53.30808645417
2       53.30812294167
2       53.30820507083
4       53.30820509167
1       53.30820521250
2       53.30822861250
2       53.30824578333
2       53.30827093750
2       53.30828525417
2       53.30832722500
2       53.30858290833
4       53.30858292917
1       53.30858304583
2       53.30860216250
2       53.30864655417
2       53.30870322917
2       53.30872400833
2       53.30876345833
4       53.30876347917
1       53.30876360000
2       53.30879690417
2       53.30900057917
4       53.30900060000
1       53.30900072083
2       53.30909935417
2       53.30916119167
2       53.30917685417
2       53.30933124583
4       53.30933126250
1       53.30933138333
2       53.30950374583
2       53.30951665833
2       53.30960477917
4       53.30960479583
1       53.30960491667
2       53.30963202500
2       53.30965749583
2       53.31006658750
4       53.31006660833
1       53.31006672917
2       53.31010595833
2       53.31012249583
2       53.31017423750
2       53.31029277500
4       53.31029279583
1       53.31029291250
2       53.31037132083
2       53.31052323750
4       53.31052325833
1       53.31052337500
2       53.31063891667
2       53.31070812500
4       53.31070814583
1       53.31070826667
2       53.31071414167
2       53.31078564167
2       53.31079356250
2       53.31092374583
4       53.31092376250
1       53.31092388333
2       53.31105962500
2       53.31123649583
4       53.31123651667
1       53.31123663750
2       53.31135798333
2       53.31146602083
4       53.31146603750
1       53.31146615833
2       53.31162930417
2       53.31170843333
4       53.31170843333
1       53.31170857083
2       53.31174612917
2       53.31177172917
2       53.31179922083
2       53.31182421667
2       53.31193767500
4       53.31193767500
1       53.31193781250
2       53.31195325000
2       53.31195785833
2       53.31198761667
2       53.31202911250
2       53.31203638750
2       53.31206885833
2       53.31220957917
4       53.31220960000
1       53.31220972083
2       53.31247624167
4       53.31247626250
1       53.31247638333
2       53.31248650417
2       53.31258320417
2       53.31264221250
2       53.31277367083
4       53.31277368750
1       53.31277380833
2       53.31278461250
2       53.31284718333
2       53.31286440417
2       53.31310990417
4       53.31310990417
1       53.31311004167
2       53.31314262500
2       53.31316220000
2       53.31327546250
2       53.31330040417
4       53.31330042500
1       53.31330054167
2       53.31334937083
2       53.31338809167
2       53.31344675417
2       53.31392343750
4       53.31392345833
1       53.31392357917
2       53.31393597083
2       53.31436985833
4       53.31436987500
1       53.31436999583
2       53.31438417083
2       53.31439270833
2       53.31449082500
2       53.31462322500
4       53.31462324167
1       53.31462336250
2       53.31467660833
2       53.31470480417
2       53.31473486250
2       53.31486236250
4       53.31486238333
1       53.31486250000
2       53.31499681667
2       53.31525326250
4       53.31525326250
1       53.31525340000
2       53.31549638750
4       53.31549640833
1       53.31549652917
2       53.31552747917
2       53.31585812500
4       53.31585814167
1       53.31585826250
2       53.31588291250
2       53.31590474167
2       53.31598061250
2       53.31608769167
2       53.31619622083
4       53.31619623750
1       53.31619635833
2       53.31621254583
2       53.31632010833
2       53.31645228333
4       53.31645230417
1       53.31645242500
2       53.31669248333
4       53.31669248333
1       53.31669262083
2       53.31669874583
2       53.31670413333
2       53.31676335000
2       53.31706248750
4       53.31706250833
1       53.31706262917
2       53.31713500417
2       53.31719487083
2       53.31723698750
4       53.31723700417
1       53.31723712500
2       53.31727078750
2       53.31733336250
2       53.31737700833
2       53.31742345000
2       53.31751957500
4       53.31751959583
1       53.31751971667
2       53.31760160000
2       53.31766025833
2       53.31769440417
2       53.31769800417
2       53.31778319167
4       53.31778319167
1       53.31778332917
2       53.31798619583
4       53.31798621667
1       53.31798633750
2       53.31811536250
2       53.31830951667
4       53.31830953750
1       53.31830965833
2       53.31834390417
2       53.31838669167
2       53.31862908333
4       53.31862908333
1       53.31862922083
2       53.31869872917
2       53.31877558750
2       53.31877642500
2       53.31880565417
2       53.31887687917
4       53.31887690000
1       53.31887702083
2       53.31887990833
2       53.31906962500
4       53.31906964167
1       53.31906976250
2       53.31917668750
2       53.31925081667
4       53.31925083333
1       53.31925095417
2       53.31935320417
2       53.31951752083
4       53.31951753750
1       53.31951765833
2       53.31953708333
2       53.31964138333
2       53.31964864167
2       53.31982021250
4       53.31982021250
1       53.31982035000
2       53.31988582500
2       53.31989874583
2       53.31991330833
2       53.31999944167
2       53.32007658333
4       53.32007660417
1       53.32007672500
2       53.32013753750
2       53.32042236667
4       53.32042238750
1       53.32042250833
2       53.32050524583
2       53.32060916250
4       53.32060916250
1       53.32060930000
2       53.32067082917
2       53.32068110833
2       53.32086489167
4       53.32086489167
1       53.32086502917
2       53.32091127917
2       53.32092582917
2       53.32095965417
2       53.32102219583
2       53.32117758333
4       53.32117760417
1       53.32117772500
2       53.32135087083
4       53.32135089167
1       53.32135100833
2       53.32162010000
4       53.32162012083
1       53.32162024167
2       53.32210669167
4       53.32210669167
1       53.32210682917
2       53.32225772083
2       53.32241907917
4       53.32241909583
1       53.32241921667
2       53.32247540417
2       53.32250080833
2       53.32250278750
2       53.32251179583
2       53.32256945417
2       53.32265292500
4       53.32265294583
1       53.32265306667
2       53.32296852500
4       53.32296854583
1       53.32296866250
2       53.32300302917
2       53.32304835000
2       53.32313517917
2       53.32319510417
4       53.32319510417
1       53.32319524167
2       53.32326629583
2       53.32345053333
4       53.32345055417
1       53.32345067500
2       53.32349284167
2       53.32349321667
2       53.32353925000
2       53.32377744583
4       53.32377746250
1       53.32377758333
2       53.32380621250
2       53.32386416250
2       53.32411061667
4       53.32411063750
1       53.32411075417
2       53.32435376250
4       53.32435378333
1       53.32435390417
2       53.32461345000
4       53.32461346667
1       53.32461358750
2       53.32492540833
4       53.32492542917
1       53.32492555000
2       53.32494302083
2       53.32498242083
2       53.32507060833
2       53.32512648333
4       53.32512650417
1       53.32512662083
2       53.32526868333
2       53.32532786667
2       53.32536398750
4       53.32536400417
1       53.32536412500
2       53.32543754583
2       53.32546281250
2       53.32546865000
2       53.32581477083
4       53.32581478750
1       53.32581490833
2       53.32585249583
2       53.32594892917
2       53.32600986667
2       53.32623609583
4       53.32623611250
1       53.32623623333
2       53.32627658333
2       53.32637628750
2       53.32639551250
2       53.32639678333
2       53.32644646667
4       53.32644648333
1       53.32644660417
2       53.32654512083
2       53.32662307500
2       53.32663887500
2       53.32677508750
4       53.32677510833
1       53.32677522917
2       53.32680250417
2       53.32720596250
4       53.32720596250
1       53.32720610000
2       53.32722287083
2       53.32723899167
2       53.32734551250
2       53.32747983750
4       53.32747985833
1       53.32747997917
2       53.32748043333
2       53.32752229167
2       53.32765512917
2       53.32765836250
2       53.32771702500
4       53.32771704167
1       53.32771716250
2       53.32784721667
2       53.32791616250
4       53.32791618333
1       53.32791630417
2       53.32801154167
2       53.32802217083
2       53.32802936250
2       53.32812542500
4       53.32812544583
1       53.32812556667
2       53.32814031667
2       53.32823110000
2       53.32826850000
2       53.32842032083
4       53.32842033750
1       53.32842045833
2       53.32842427083
2       53.32851302083
2       53.32856627500
2       53.32858712917
2       53.32870777500
4       53.32870779583
1       53.32870791667
2       53.32876447500
2       53.32896080417
4       53.32896080417
1       53.32896094167
2       53.32899254167
2       53.32902308750
2       53.32906344167
2       53.32908803333
2       53.32913897500
4       53.32913897500
1       53.32913911250
2       53.32932552917
4       53.32932555000
1       53.32932567083
2       53.32941960000
2       53.32943977917
2       53.32952527500
4       53.32952529167
1       53.32952541250
2       53.32959282917
2       53.32961420000
2       53.32969675417
2       53.32978684167
4       53.32978686250
1       53.32978698333
2       53.32979346667
2       53.32984975417
2       53.32987996250
2       53.32992402083
2       53.33025722917
4       53.33025725000
1       53.33025737083
2       53.33026585000
2       53.33061125000
4       53.33061127083
1       53.33061139167
2       53.33073354583
2       53.33076872083
2       53.33079156667
4       53.33079158333
1       53.33079170417
2       53.33092002917
2       53.33099285000
4       53.33099286667
1       53.33099298750
2       53.33115947500
2       53.33117535417
2       53.33122607500
4       53.33122609583
1       53.33122621667
2       53.33125512083
2       53.33143406250
4       53.33143406250
1       53.33143420000
2       53.33148144167
2       53.33149674167
2       53.33160270833
2       53.33163676667
4       53.33163678333
1       53.33163690417
2       53.33200180417
4       53.33200182500
1       53.33200194583
2       53.33220744167
4       53.33220746250
1       53.33220758333
2       53.33226816667
2       53.33226832500
2       53.33232504583
2       53.33241482083
4       53.33241484167
1       53.33241496250
2       53.33242776667
2       53.33251459583
2       53.33267222500
4       53.33267224583
1       53.33267236667
2       53.33283684167
2       53.33292468750
4       53.33292470833
1       53.33292482917
2       53.33371990833
4       53.33371992500
1       53.33372004583
2       53.33398154167
4       53.33398154167
1       53.33398167917
2       53.33412196250
2       53.33425288333
4       53.33425290417
1       53.33425302500
2       53.33435586250
2       53.33436215833
2       53.33484965833
4       53.33484967500
1       53.33484979583
2       53.33488580000
2       53.33499043750
2       53.33502001250
2       53.33506001667
4       53.33506003333
1       53.33506015417
2       53.33513282500
2       53.33515207917
2       53.33529219583
4       53.33529221667
1       53.33529233750
2       53.33534126667
2       53.33555329167
4       53.33555329167
1       53.33555342917
2       53.33559697083
2       53.33570695833
2       53.33572410833
4       53.33572412500
1       53.33572424583
2       53.33575660000
2       53.33591590000
4       53.33591591667
1       53.33591603750
2       53.33594037917
2       53.33597619583
2       53.33630377500
4       53.33630379167
1       53.33630391250
2       53.33631801250
2       53.33639983333
2       53.33641905417
2       53.33644819167
2       53.33645786250
2       53.33660950000
4       53.33660952083
1       53.33660964167
2       53.33668068333
2       53.33671842500
2       53.33673530833
2       53.33688639167
4       53.33688641250
1       53.33688653333
2       53.33691815833
2       53.33698307500
2       53.33699908333
2       53.33720930000
4       53.33720931667
1       53.33720943750
2       53.33722858333
2       53.33724716250
2       53.33725138333
2       53.33731867500
2       53.33740443750
4       53.33740445417
1       53.33740457500
2       53.33744855833
2       53.33760223333
2       53.33775327083
4       53.33775328750
1       53.33775340833
2       53.33779068333
2       53.33783376250
2       53.33784801250
2       53.33789297083
2       53.33792282083
2       53.33797479167
4       53.33797481250
1       53.33797493333
2       53.33803681667
2       53.33814670833
2       53.33817452500
2       53.33826466250
4       53.33826468333
1       53.33826480000
2       53.33839320417
2       53.33839450417
2       53.33854716667
4       53.33854718750
1       53.33854730417
2       53.33864196250
2       53.33868667917
2       53.33874069583
4       53.33874071667
1       53.33874083750
2       53.33876546667
2       53.33879922500
2       53.33904465833
4       53.33904467917
1       53.33904480000
2       53.33918514167
2       53.33925469167
4       53.33925471250
1       53.33925483333
2       53.33936728333
2       53.33940340417
2       53.33945765417
4       53.33945765417
1       53.33945779167
2       53.33947895000
2       53.33949349583
2       53.33962632500
2       53.33968428333
4       53.33968428333
1       53.33968442083
2       53.33978535833
2       53.34040373333
4       53.34040375417
1       53.34040387500
2       53.34050145833
2       53.34072504583
4       53.34072506667
1       53.34072518750
2       53.34078293750
2       53.34104762500
4       53.34104764583
1       53.34104776667
2       53.34109338750
2       53.34123442500
2       53.34136459583
4       53.34136461667
1       53.34136473333
2       53.34137955000
2       53.34145869167
2       53.34147988333
2       53.34157789583
4       53.34157791250
1       53.34157803333
2       53.34168687083
2       53.34176577083
4       53.34176579167
1       53.34176590833
2       53.34193569583
4       53.34193571250
1       53.34193583333
2       53.34200059583
2       53.34205921250
2       53.34208406250
2       53.34231260833
4       53.34231262917
1       53.34231275000
2       53.34231796250
2       53.34238542917
2       53.34239405000
2       53.34242719583
2       53.34248614167
4       53.34248614167
1       53.34248627917
2       53.34250804167
2       53.34252852917
2       53.34254982500
2       53.34275053750
4       53.34275055833
1       53.34275067500
2       53.34278387500
2       53.34286606250
2       53.34308107500
4       53.34308109583
1       53.34308121667
2       53.34308200833
2       53.34340460833
4       53.34340462917
1       53.34340475000
2       53.34341992917
2       53.34360636667
4       53.34360638333
1       53.34360650417
2       53.34369212917
2       53.34383255417
4       53.34383255417
1       53.34383269167
2       53.34390843333
2       53.34394422083
2       53.34430656667
4       53.34430658333
1       53.34430670417
2       53.34435060000
2       53.34438438750
2       53.34452595000
4       53.34452596667
1       53.34452608750
2       53.34467994583
2       53.34496806250
4       53.34496806250
1       53.34496820000
2       53.34501020000
2       53.34533444583
4       53.34533446667
1       53.34533458750
2       53.34564143333
4       53.34564143333
1       53.34564157083
2       53.34588690417
4       53.34588690417
1       53.34588704167
2       53.34603263750
2       53.34617570417
4       53.34617572500
1       53.34617584167
2       53.34620883333
2       53.34624465417
2       53.34628701667
2       53.34629725417
2       53.34638309583
2       53.34639760417
4       53.34639762500
1       53.34639774583
2       53.34641352083
2       53.34642382500
2       53.34644399167
2       53.34646519167
2       53.34647087917
2       53.34648409167
2       53.34667684583
4       53.34667686250
1       53.34667698333
2       53.34677720000
2       53.34683847917
2       53.34699582083
4       53.34699583750
1       53.34699595833
2       53.34719488750
4       53.34719490417
1       53.34719502500
2       53.34722507083
2       53.34722970833
2       53.34725151250
2       53.34731012083
2       53.34744499167
4       53.34744499167
1       53.34744512917
2       53.34752482083
2       53.34772423333
4       53.34772423333
1       53.34772437083
2       53.34805871250
4       53.34805871250
1       53.34805885000
2       53.34813469583
2       53.34819751667
2       53.34820715833
2       53.34828560417
4       53.34828560417
1       53.34828574167
2       53.34905737083
4       53.34905739167
1       53.34905751250
2       53.34909479167
2       53.34911600417
2       53.34914744167
2       53.34928558750
4       53.34928560417
1       53.34928572500
2       53.34928986250
2       53.34932710833
2       53.34943067083
2       53.34960023750
4       53.34960025417
1       53.34960037500
2       53.34961082917
2       53.34964999167
2       53.34966627917
2       53.34971784167
2       53.34972551667
2       53.34984377500
4       53.34984377500
1       53.34984391250
2       53.34992455833
2       53.35014812500
4       53.35014814583
1       53.35014826667
2       53.35035778750
4       53.35035780833
1       53.35035792500
2       53.35038830000
2       53.35051676667
2       53.35077277917
4       53.35077279583
1       53.35077291667
2       53.35101390833
4       53.35101392500
1       53.35101404583
2       53.35115670000
2       53.35123815417
4       53.35123817500
1       53.35123829583
2       53.35181389167
4       53.35181389167
1       53.35181402917
2       53.35186294167
2       53.35196818750
2       53.35198110000
2       53.35205630000
4       53.35205632083
1       53.35205644167
2       53.35208652917
2       53.35215502083
2       53.35227458333
4       53.35227458333
1       53.35227472083
2       53.35229418333
2       53.35239191667
2       53.35240449167
2       53.35254085417
4       53.35254085417
1       53.35254099167
2       53.35266114583
2       53.35273047500
4       53.35273049583
1       53.35273061667
2       53.35275592083
2       53.35280125833
2       53.35289332917
2       53.35302082083
4       53.35302084167
1       53.35302096250
2       53.35331730417
4       53.35331732500
1       53.35331744583
2       53.35333491250
2       53.35338851250
2       53.35375515417
4       53.35375517500
1       53.35375529583
2       53.35380687500
2       53.35388339167
2       53.35397110417
4       53.35397110417
1       53.35397124167
2       53.35399536250
2       53.35401355417
2       53.35412882083
2       53.35432125000
4       53.35432127083
1       53.35432138750
2       53.35443882917
2       53.35457530000
4       53.35457531667
1       53.35457543750
2       53.35468227917
2       53.35484229583
4       53.35484231667
1       53.35484243750
2       53.35486620000
2       53.35489031250
2       53.35490881667
2       53.35518644583
4       53.35518646667
1       53.35518658750
2       53.35536694167
4       53.35536696250
1       53.35536708333
2       53.35553980417
2       53.35570880833
4       53.35570882917
1       53.35570895000
2       53.35600253750
4       53.35600255833
1       53.35600267917
2       53.35602872500
2       53.35632683750
4       53.35632685833
1       53.35632697917
2       53.35634339583
2       53.35641299583
2       53.35649829167
2       53.35667856250
4       53.35667858333
1       53.35667870417
2       53.35677529167
2       53.35678790000
2       53.35698234583
4       53.35698236667
1       53.35698248333
2       53.35698495833
2       53.35706874583
2       53.35707535417
2       53.35709030417
2       53.35715266250
2       53.35726222083
4       53.35726223750
1       53.35726235833
2       53.35740697917
2       53.35761102917
4       53.35761105000
1       53.35761117083
2       53.35767234167
2       53.35778595833
2       53.35786570000
4       53.35786572083
1       53.35786584167
2       53.35786802500
2       53.35789121250
2       53.35804191667
2       53.35805681667
2       53.35835029583
4       53.35835031250
1       53.35835043333
2       53.35836356667
2       53.35843840833
2       53.35845129583
2       53.35854944583
4       53.35854946250
1       53.35854958333
2       53.35881902917
4       53.35881904583
1       53.35881916667
2       53.35887439167
2       53.35887730417
2       53.35898729583
4       53.35898731250
1       53.35898743333
2       53.35899825833
2       53.35910028333
2       53.35911085000
2       53.35917473333
4       53.35917475417
1       53.35917487083
2       53.35926875833
2       53.35950106250
4       53.35950108333
1       53.35950120417
2       53.35956025000
2       53.35975768333
4       53.35975770417
1       53.35975782500
2       53.35988621250
2       53.35999663333
4       53.35999663333
1       53.35999677083
2       53.36005449583
2       53.36028859583
4       53.36028861250
1       53.36028873333
2       53.36031581667
2       53.36036220000
2       53.36042910000
2       53.36053212083
4       53.36053213750
1       53.36053225833
2       53.36055891250
2       53.36063014167
2       53.36063117500
2       53.36067788750
2       53.36070405417
2       53.36072892500
4       53.36072894167
1       53.36072906250
2       53.36087987083
2       53.36096367917
4       53.36096370000
2       53.36096377917
1       53.36096381667
2       53.36101672083
2       53.36102174583
2       53.36113430417
2       53.36128031667
4       53.36128033750
1       53.36128045833
2       53.36147517083
4       53.36147519167
1       53.36147531250
2       53.36153707083
2       53.36165163333
4       53.36165165417
1       53.36165177500
2       53.36174802083
2       53.36183647917
4       53.36183649583
1       53.36183661667
2       53.36204147917
4       53.36204150000
1       53.36204162083
2       53.36220146250
2       53.36253860417
4       53.36253862500
1       53.36253874583
2       53.36265631667
2       53.36270422083
2       53.36289972083
4       53.36289974167
1       53.36289986250
2       53.36293090000
2       53.36304877917
2       53.36344716250
4       53.36344716250
1       53.36344730000
2       53.36354363750
2       53.36361250417
2       53.36368441667
4       53.36368443333
1       53.36368455417
2       53.36411201667
4       53.36411203750
1       53.36411215417
2       53.36457412083
4       53.36457414167
1       53.36457426250
2       53.36458565417
2       53.36462880833
2       53.36465427917
2       53.36470756250
2       53.36488782917
4       53.36488785000
1       53.36488797083
2       53.36508282917
2       53.36512057917
4       53.36512059583
1       53.36512071667
2       53.36523110833
2       53.36525978750
2       53.36547172083
4       53.36547174167
1       53.36547186250
2       53.36551906250
2       53.36569132917
4       53.36569135000
1       53.36569147083
2       53.36583335833
2       53.36615270417
4       53.36615270417
1       53.36615284167
2       53.36615701250
2       53.36619476667
2       53.36625772500
2       53.36631598333
2       53.36641037917
4       53.36641040000
1       53.36641052083
2       53.36669590417
4       53.36669592500
1       53.36669604167
2       53.36672073333
2       53.36674855417
2       53.36679227500
2       53.36688508750
2       53.36693246667
4       53.36693248750
1       53.36693260833
2       53.36696221250
2       53.36724212917
4       53.36724215000
1       53.36724226667
2       53.36742104583
2       53.36755053750
4       53.36755055833
1       53.36755067917
2       53.36767510000
2       53.36790752917
4       53.36790755000
1       53.36790767083
2       53.36824968750
4       53.36824970833
1       53.36824982917
2       53.36834479167
2       53.36848884167
4       53.36848884167
1       53.36848897917
2       53.36848988333
2       53.36857171250
2       53.36870748333
4       53.36870748333
1       53.36870762083
2       53.36901652083
4       53.36901653750
1       53.36901665833
2       53.36907808750
2       53.36932855000
4       53.36932856667
1       53.36932868750
2       53.36939182500
2       53.36939217500
2       53.36940077083
2       53.36944742083
2       53.36957362917
4       53.36957364583
1       53.36957376667
2       53.36962996250
2       53.36966966667
2       53.37010998333
4       53.37010998333
1       53.37011012083
2       53.37014597917
2       53.37034503333
4       53.37034505417
1       53.37034517500
2       53.37037217917
2       53.37040210417
2       53.37057290417
4       53.37057292500
1       53.37057304167
2       53.37078931667
4       53.37078933750
1       53.37078945417
2       53.37080677917
2       53.37081180833
2       53.37084617083
2       53.37091350417
2       53.37093032083
2       53.37093240417
2       53.37105191667
4       53.37105193333
1       53.37105205417
2       53.37146527500
4       53.37146529583
1       53.37146541250
2       53.37150070417
2       53.37150928750
2       53.37161631250
2       53.37171025000
4       53.37171026667
1       53.37171038750
2       53.37192863333
4       53.37192863333
1       53.37192877083
2       53.37197667083
2       53.37205684167
2       53.37227249583
4       53.37227251250
1       53.37227263333
2       53.37257847083
4       53.37257849167
1       53.37257861250
2       53.37262789583
2       53.37263085417
2       53.37282171250
4       53.37282173333
1       53.37282185417
2       53.37287368333
2       53.37290377500
2       53.37315536667
4       53.37315538333
1       53.37315550417
2       53.37329466667
2       53.37330691250
2       53.37333511250
2       53.37333568750
2       53.37339342500
4       53.37339344167
1       53.37339356250
2       53.37356026667
4       53.37356028333
1       53.37356040417
2       53.37362628750
2       53.37367353750
2       53.37404252917
4       53.37404254583
1       53.37404266667
2       53.37412704583
2       53.37419986667
2       53.37441849583
4       53.37441851667
1       53.37441863750
2       53.37447278333
2       53.37488355000
4       53.37488357083
1       53.37488368750
2       53.37492990417
2       53.37497368750
2       53.37502827083
2       53.37503490417
2       53.37526976250
4       53.37526978333
1       53.37526990417
2       53.37553240417
4       53.37553242500
1       53.37553254167
2       53.37553803750
2       53.37563008333
2       53.37568042917
2       53.37602822917
4       53.37602824583
1       53.37602836667
2       53.37604517500
2       53.37614128750
2       53.37614552083
2       53.37623168750
4       53.37623170833
1       53.37623182917
2       53.37635147917
2       53.37635816667
2       53.37640617083
2       53.37662644167
4       53.37662646250
1       53.37662658333
2       53.37669795417
2       53.37677190000
2       53.37680137917
2       53.37683481250
4       53.37683481250
1       53.37683495000
2       53.37727268333
4       53.37727270417
1       53.37727282500
2       53.37736906250
2       53.37767943333
4       53.37767943333
1       53.37767957083
2       53.37780922083
2       53.37789572500
4       53.37789574583
1       53.37789586667
2       53.37790197500
2       53.37800860417
2       53.37804021250
2       53.37814614583
4       53.37814616667
1       53.37814628333
2       53.37822159583
2       53.37823625000
2       53.37827290417
2       53.37834850833
2       53.37835245833
4       53.37835247500
1       53.37835259583
2       53.37842635000
2       53.37844264167
2       53.37857610417
4       53.37857612500
1       53.37857624583
2       53.37862142917
2       53.37870917917
2       53.37874999583
2       53.37880368333
4       53.37880370417
1       53.37880382500
2       53.37898607917
4       53.37898609583
1       53.37898621667
2       53.37910008333
2       53.37991356250
4       53.37991356250
1       53.37991370000
2       53.37994376250
2       53.38012685417
4       53.38012685417
1       53.38012699167
2       53.38016926667
2       53.38026201667
2       53.38043322083
4       53.38043323750
1       53.38043335833
2       53.38043400833
2       53.38046271250
2       53.38049813333
2       53.38052205000
2       53.38060884167
4       53.38060886250
1       53.38060897917
2       53.38064988750
2       53.38069067500
2       53.38069595000
2       53.38086515833
4       53.38086517917
1       53.38086530000
2       53.38088008333
2       53.38089031667
2       53.38091187500
2       53.38111060833
4       53.38111062917
1       53.38111074583
2       53.38112751667
2       53.38117069167
2       53.38137562083
4       53.38137564167
1       53.38137576250
2       53.38147034167
2       53.38148853750
2       53.38151277083
2       53.38154287917
2       53.38175425417
4       53.38175425417
1       53.38175439167
2       53.38186777500
2       53.38188932917
2       53.38204499167
4       53.38204499167
1       53.38204512917
2       53.38221460000
2       53.38230005000
4       53.38230006667
1       53.38230018750
2       53.38232964167
2       53.38242599167
2       53.38242790833
2       53.38243852083
2       53.38249491667
2       53.38255804583
4       53.38255806667
1       53.38255818750
2       53.38267172500
2       53.38269486667
2       53.38280191250
4       53.38280191250
1       53.38280205000
2       53.38282740833
2       53.38302415000
4       53.38302417083
1       53.38302429167
2       53.38319570000
2       53.38338251250
4       53.38338251250
1       53.38338265000
2       53.38338322083
2       53.38341363750
2       53.38347633333
2       53.38347892083
2       53.38401116250
4       53.38401118333
1       53.38401130417
2       53.38401486667
2       53.38414701667
2       53.38429434167
4       53.38429434167
1       53.38429447917
2       53.38456930000
4       53.38456931667
1       53.38456943750
2       53.38464110000
2       53.38475087500
4       53.38475089167
1       53.38475101250
2       53.38503259167
4       53.38503261250
1       53.38503272917
2       53.38507241667
2       53.38507897500
2       53.38533874167
4       53.38533876250
1       53.38533888333
2       53.38576466667
4       53.38576468750
1       53.38576480833
2       53.38583987917
2       53.38601677917
4       53.38601680000
1       53.38601692083
2       53.38609371667
2       53.38639168333
4       53.38639170417
1       53.38639182500
2       53.38647461667
2       53.38659109583
4       53.38659111667
1       53.38659123750
2       53.38696638333
4       53.38696640417
1       53.38696652083
2       53.38720985000
4       53.38720987083
1       53.38720999167
2       53.38721846250
2       53.38725034167
2       53.38725430833
2       53.38725524583
2       53.38726880833
2       53.38732779583
2       53.38788094583
4       53.38788096667
1       53.38788108750
2       53.38792494583
2       53.38800712083
2       53.38802073333
2       53.38814825833
4       53.38814827500
1       53.38814839583
2       53.38821316250
2       53.38823992500
2       53.38842821250
4       53.38842823333
1       53.38842835000
2       53.38877556667
4       53.38877558333
1       53.38877570417
2       53.38877758333
2       53.38884322500
2       53.38902591667
4       53.38902593750
1       53.38902605417
2       53.38909948750
2       53.38954435833
4       53.38954437917
1       53.38954449583
2       53.38954632917
2       53.38969305000
2       53.38996239583
4       53.38996241667
1       53.38996253750
2       53.39001170000
2       53.39006936667
2       53.39021180833
4       53.39021182500
1       53.39021194583
2       53.39035148333
2       53.39042514583
4       53.39042516667
1       53.39042528333
2       53.39043637083
2       53.39045592083
2       53.39051282917
2       53.39051722917
2       53.39056154167
2       53.39056817917
2       53.39061523750
4       53.39061525417
1       53.39061537500
2       53.39066058750
2       53.39072717083
2       53.39094275833
4       53.39094277917
1       53.39094290000
2       53.39125384167
4       53.39125384167
1       53.39125397917
2       53.39128593333
2       53.39131082500
2       53.39144758333
2       53.39148828333
4       53.39148828333
1       53.39148842083
2       53.39157874167
2       53.39164800833
2       53.39166359583
2       53.39180099167
4       53.39180099167
1       53.39180112917
2       53.39186555000
2       53.39191105833
2       53.39224549583
4       53.39224551667
1       53.39224563750
2       53.39248663750
4       53.39248665833
1       53.39248677917
2       53.39256019167
2       53.39270725000
4       53.39270726667
1       53.39270738750
2       53.39272022500
2       53.39274069167
2       53.39276785833
2       53.39297749583
4       53.39297751250
1       53.39297763333
2       53.39304708750
2       53.39332960000
4       53.39332961667
1       53.39332973750
2       53.39337833750
2       53.39341778750
2       53.39342640417
2       53.39369758333
4       53.39369760417
1       53.39369772500
2       53.39377849167
2       53.39387221250
2       53.39388840000
2       53.39403422083
4       53.39403423750
1       53.39403435833
2       53.39405332500
2       53.39416237083
2       53.39419780417
2       53.39430109167
4       53.39430111250
1       53.39430123333
2       53.39434314167
2       53.39434481250
2       53.39457907083
4       53.39457908750
1       53.39457920833
2       53.39461110000
2       53.39469001667
2       53.39471215417
2       53.39473733333
2       53.39485892083
4       53.39485893750
1       53.39485905833
2       53.39497718750
2       53.39517552917
4       53.39517555000
1       53.39517567083
2       53.39526562917
2       53.39538622500
4       53.39538624583
1       53.39538636667
2       53.39544019583
2       53.39555510000
2       53.39558026250
4       53.39558026250
1       53.39558040000
2       53.39558891667
2       53.39562469167
2       53.39574824583
2       53.39596419167
4       53.39596421250
1       53.39596433333
2       53.39597912500
2       53.39600589583
2       53.39608608333
2       53.39630630417
4       53.39630630417
1       53.39630644167
2       53.39663290417
4       53.39663292500
1       53.39663304167
2       53.39666707500
2       53.39674025833
2       53.39674614167
2       53.39690292083
4       53.39690294167
1       53.39690306250
2       53.39701127500
2       53.39708838750
4       53.39708840833
1       53.39708852917
2       53.39720739167
2       53.39726460833
2       53.39749978333
4       53.39749980417
1       53.39749992500
2       53.39755641667
2       53.39756435833
2       53.39757652083
2       53.39782868333
4       53.39782870417
1       53.39782882500
2       53.39790882917
2       53.39802650417
2       53.39806548750
4       53.39806550833
1       53.39806562917
2       53.39821856250
2       53.39825232083
2       53.39825404167
2       53.39834276250
4       53.39834276250
1       53.39834290000
2       53.39861112083
4       53.39861114167
1       53.39861126250
2       53.39871138333
2       53.39906376667
4       53.39906378333
1       53.39906390417
2       53.39912873333
2       53.39943514167
4       53.39943514167
1       53.39943527917
2       53.39950505417
2       53.39975405833
4       53.39975407500
1       53.39975419583
2       53.39975809583
2       53.39987529583
2       53.39988266250
2       53.40013766250
4       53.40013766250
1       53.40013780000
2       53.40015488750
2       53.40023403333
2       53.40103667917
4       53.40103669583
1       53.40103681667
2       53.40110753333
2       53.40126391667
4       53.40126393750
1       53.40126405833
2       53.40127278750
2       53.40128375000
2       53.40136486250
2       53.40140458750
2       53.40165409583
4       53.40165411250
1       53.40165423333
2       53.40178093333
2       53.40184186667
2       53.40194582083
4       53.40194583750
1       53.40194595833
2       53.40215942917
4       53.40215945000
1       53.40215957083
2       53.40218894583
2       53.40227274167
2       53.40229465833
2       53.40235293750
4       53.40235295417
1       53.40235307500
2       53.40236320833
2       53.40243005417
2       53.40244695417
2       53.40245756250
2       53.40271523750
4       53.40271525417
1       53.40271537500
2       53.40274078750
2       53.40284222083
2       53.40285172500
2       53.40297761667
4       53.40297763333
1       53.40297775417
2       53.40301931667
2       53.40305191250
2       53.40314624583
2       53.40331544167
4       53.40331544167
1       53.40331557917
2       53.40336758333
2       53.40336814167
2       53.40340751250
2       53.40353080417
4       53.40353080417
1       53.40353094167
2       53.40357114583
2       53.40360660833
2       53.40363280000
2       53.40385845000
4       53.40385846667
1       53.40385858750
2       53.40389445000
2       53.40396764583
2       53.40410279167
4       53.40410279167
1       53.40410292917
2       53.40413523750
2       53.40418627500
2       53.40419056667
2       53.40432410833
4       53.40432412500
1       53.40432424583
2       53.40435982500
2       53.40441389583
2       53.40456818750
4       53.40456820417
1       53.40456832500
2       53.40462250000
2       53.40469835833
2       53.40480337500
4       53.40480339583
1       53.40480351667
2       53.40485297917
2       53.40495104583
2       53.40496299583
2       53.40500910833
4       53.40500912917
1       53.40500925000
2       53.40530485833
4       53.40530487500
1       53.40530499583
2       53.40547176250
2       53.40551451667
4       53.40551453750
1       53.40551465833
2       53.40559692917
2       53.40562640000
2       53.40578803750
4       53.40578805833
1       53.40578817917
2       53.40587051250
2       53.40603388750
4       53.40603390833
1       53.40603402917
2       53.40604978750
2       53.40608260833
2       53.40656487500
4       53.40656489583
1       53.40656501667
2       53.40664198750
2       53.40691645000
4       53.40691646667
1       53.40691658750
2       53.40709872500
2       53.40715594583
4       53.40715596250
1       53.40715608333
2       53.40736374167
4       53.40736374167
1       53.40736387917
2       53.40740347917
2       53.40741540000
2       53.40757341667
4       53.40757343333
1       53.40757355417
2       53.40757570417
2       53.40758365000
2       53.40760090000
2       53.40782315417
4       53.40782317500
1       53.40782329583
2       53.40789437083
2       53.40795539167
2       53.40795659583
2       53.40823850833
4       53.40823852917
1       53.40823865000
2       53.40840144583
2       53.40852834583
4       53.40852836667
1       53.40852848750
2       53.40873966667
4       53.40873968750
1       53.40873980417
2       53.40879402083
2       53.40881050833
2       53.40895297083
4       53.40895299167
1       53.40895310833
2       53.40916259167
4       53.40916261250
1       53.40916273333
2       53.40928881250
2       53.40941627917
4       53.40941630000
1       53.40941642083
2       53.40953787083
2       53.40968064167
4       53.40968066250
1       53.40968077917
2       53.40995426250
4       53.40995426250
1       53.40995440000
2       53.41005339167
2       53.41020930417
4       53.41020930417
1       53.41020944167
2       53.41024412500
2       53.41026136667
2       53.41026237917
2       53.41041404583
4       53.41041406667
1       53.41041418750
2       53.41049213333
2       53.41052204583
2       53.41060034583
4       53.41060036250
1       53.41060048333
2       53.41074067083
2       53.41075158750
2       53.41080518750
4       53.41080520833
1       53.41080532917
2       53.41098837917
4       53.41098840000
1       53.41098851667
2       53.41122402917
4       53.41122405000
1       53.41122417083
2       53.41123042083
2       53.41127715417
2       53.41141960833
4       53.41141962500
1       53.41141974583
2       53.41143453333
2       53.41147657917
2       53.41150966667
2       53.41161038750
4       53.41161040833
1       53.41161052917
2       53.41168984167
2       53.41169850000
2       53.41179625417
4       53.41179625417
1       53.41179639167
2       53.41180547500
2       53.41196907500
2       53.41201578333
4       53.41201578333
1       53.41201592083
2       53.41202543750
2       53.41208434167
2       53.41208632500
2       53.41214374583
2       53.41254610417
4       53.41254610417
1       53.41254624167
2       53.41257395833
2       53.41261439167
2       53.41261733750
2       53.41264920417
2       53.41294225417
4       53.41294225417
1       53.41294239167
2       53.41301085833
2       53.41301345417
2       53.41318338750
4       53.41318340417
1       53.41318352500
2       53.41321252500
2       53.41328803750
2       53.41334895833
2       53.41335105000
2       53.41338674583
4       53.41338676667
1       53.41338688750
2       53.41344340417
2       53.41365971250
4       53.41365973333
1       53.41365985417
2       53.41368919167
2       53.41380812917
2       53.41381080833
2       53.41394451250
4       53.41394453333
1       53.41394465417
2       53.41403496667
2       53.41411282083
2       53.41430161250
4       53.41430161250
1       53.41430175000
2       53.41436187500
2       53.41458922917
4       53.41458924583
1       53.41458936667
2       53.41459902500
2       53.41465671667
2       53.41479843333
4       53.41479845417
1       53.41479857500
2       53.41486999583
2       53.41492659583
2       53.41494750000
2       53.41494945000
2       53.41501878750
2       53.41516578333
4       53.41516580417
1       53.41516592083
2       53.41534992500
2       53.41538082917
4       53.41538084583
1       53.41538096667
2       53.41542286667
2       53.41545926667
2       53.41551396250
2       53.41555705417
2       53.41563779583
4       53.41563781250
1       53.41563793333
2       53.41566927917
2       53.41575702083
2       53.41579746667
2       53.41618367500
4       53.41618369167
1       53.41618381250
2       53.41626016250
2       53.41635262917
2       53.41640095000
4       53.41640096667
1       53.41640108750
2       53.41651387917
2       53.41652475417
2       53.41655359583
2       53.41666092500
4       53.41666092500
1       53.41666106250
2       53.41675111250
2       53.41687058333
4       53.41687060417
1       53.41687072500
2       53.41693117083
2       53.41695870417
2       53.41701104167
2       53.41730917083
4       53.41730918750
1       53.41730930833
2       53.41732140833
2       53.41733970000
2       53.41735916250
2       53.41782260417
4       53.41782262500
1       53.41782274583
2       53.41783385417
2       53.41790739167
2       53.41791729167
2       53.41803023333
2       53.41821062083
4       53.41821064167
1       53.41821076250
2       53.41830550417
2       53.41833834167
2       53.41835652083
2       53.41844464167
4       53.41844466250
1       53.41844478333
2       53.41860490000
2       53.41872877917
4       53.41872880000
1       53.41872892083
2       53.41883576250
2       53.41885699167
2       53.41899709167
4       53.41899709167
1       53.41899722917
2       53.41901136667
2       53.41915643750
2       53.41925742917
4       53.41925744583
1       53.41925756667
2       53.41926937500
2       53.41940615833
2       53.41962065833
4       53.41962067917
1       53.41962080000
2       53.41971459167
2       53.41973330417
2       53.42007133750
4       53.42007135833
1       53.42007147917
2       53.42008977083
2       53.42026168333
4       53.42026168333
1       53.42026182083
2       53.42029137083
2       53.42043067500
4       53.42043069583
1       53.42043081667
2       53.42047641250
2       53.42049990417
2       53.42075991667
4       53.42075993333
1       53.42076005417
2       53.42077343750
2       53.42083076250
2       53.42088053750
2       53.42097482083
4       53.42097484167
1       53.42097496250
2       53.42115010417
2       53.42159159167
4       53.42159159167
1       53.42159172917
2       53.42173073333
2       53.42174697500
2       53.42184898333
4       53.42184898333
1       53.42184912083
2       53.42190858750
2       53.42198677083
2       53.42225006250
4       53.42225006250
1       53.42225020000
2       53.42231601250
2       53.42233092083
2       53.42233890417
2       53.42257838333
4       53.42257838333
1       53.42257852083
2       53.42265230000
2       53.42277087917
2       53.42294835000
4       53.42294837083
1       53.42294848750
2       53.42299032917
2       53.42303082500
2       53.42308112500
2       53.42322926667
4       53.42322928333
1       53.42322940417
2       53.42324517083
2       53.42353159167
4       53.42353159167
1       53.42353172917
2       53.42363332083
2       53.42372270417
4       53.42372270417
1       53.42372284167
2       53.42375308750
2       53.42385027917
2       53.42386619167
2       53.42395717500
4       53.42395719583
1       53.42395731667
2       53.42403271667
2       53.42408539583
2       53.42432063333
4       53.42432065417
1       53.42432077500
2       53.42445240833
2       53.42456970000
4       53.42456972083
1       53.42456984167
2       53.42471868333
2       53.42479420833
4       53.42479422917
1       53.42479435000
2       53.42498703333
4       53.42498705417
1       53.42498717083
2       53.42500224583
2       53.42504501250
2       53.42521387917
4       53.42521390000
1       53.42521401667
2       53.42522124583
2       53.42528306667
2       53.42532985417
2       53.42537062917
2       53.42537259583
2       53.42540700417
4       53.42540700417
1       53.42540714167
2       53.42542524583
2       53.42572399583
4       53.42572401250
1       53.42572413333
2       53.42575910417
2       53.42582527500
2       53.42586410000
2       53.42587070417
2       53.42600754167
4       53.42600755833
1       53.42600767917
2       53.42606117917
2       53.42615599583
2       53.42620130833
4       53.42620132500
1       53.42620144583
2       53.42628809583
2       53.42642815833
4       53.42642817917
1       53.42642830000
2       53.42649145833
2       53.42654643750
2       53.42658717500
2       53.42668386250
4       53.42668388333
1       53.42668400417
2       53.42698732500
4       53.42698734167
1       53.42698746250
2       53.42716387500
2       53.42717275000
4       53.42717276667
1       53.42717288750
2       53.42721319583
2       53.42737611667
4       53.42737613750
1       53.42737625833
2       53.42739767917
2       53.42742411250
2       53.42745991667
2       53.42770142917
4       53.42770144583
1       53.42770156667
2       53.42774188750
2       53.42798658750
4       53.42798660417
1       53.42798672500
2       53.42805987917
2       53.42806013333
2       53.42809158750
2       53.42812271250
2       53.42821321250
4       53.42821321250
1       53.42821335000
2       53.42826817083
2       53.42840857917
2       53.42855861250
4       53.42855861250
1       53.42855875000
2       53.42863814167
2       53.42931680000
4       53.42931682083
1       53.42931694167
2       53.42981131250
4       53.42981133333
1       53.42981145417
2       53.42986966667
2       53.42989743333
2       53.42998124167
2       53.43004418333
4       53.43004420417
1       53.43004432083
2       53.43017044583
2       53.43045427500
4       53.43045429167
1       53.43045441250
2       53.43056644583
2       53.43057783333
2       53.43065860833
2       53.43076557500
4       53.43076557500
1       53.43076571250
2       53.43107697917
4       53.43107699583
1       53.43107711667
2       53.43118129583
2       53.43121286250
2       53.43121940417
2       53.43131113750
4       53.43131115833
1       53.43131127917
2       53.43135495000
2       53.43174698750
4       53.43174700833
1       53.43174712917
2       53.43176588333
2       53.43186890833
2       53.43243263750
4       53.43243265833
1       53.43243277500
2       53.43257539583
2       53.43260859583
2       53.43261538333
4       53.43261540417
1       53.43261552500
2       53.43266353750
2       53.43270748333
2       53.43280897500
2       53.43289205417
4       53.43289205417
1       53.43289219167
2       53.43303154583
2       53.43309515833
2       53.43326335417
4       53.43326335417
1       53.43326349167
2       53.43339552083
2       53.43351148333
4       53.43351150417
1       53.43351162500
2       53.43364967500
2       53.43377748750
4       53.43377750417
1       53.43377762500
2       53.43385131250
2       53.43401623750
4       53.43401625417
1       53.43401637500
2       53.43409410833
2       53.43421802083
4       53.43421803750
1       53.43421815833
2       53.43481387500
4       53.43481389167
1       53.43481401250
2       53.43486164167
2       53.43490157083
2       53.43511123333
4       53.43511125417
1       53.43511137083
2       53.43515765000
2       53.43539819583
4       53.43539821667
1       53.43539833750
2       53.43547397083
2       53.43849091250
4       53.43849091250
1       53.43849105000
2       53.43860411250
2       53.43862029167
2       53.43867065833
2       53.43871667083
4       53.43871668750
1       53.43871680833
2       53.43885457500
2       53.43886646250
2       53.43887834583
2       53.43897846667
4       53.43897848750
1       53.43897860833
2       53.43902280417
2       53.43913679583
2       53.43940170833
4       53.43940172917
1       53.43940185000
2       53.43944438750
2       53.43945045000
2       53.43947154583
2       53.43947582917
2       53.43948015833
2       53.43951666250
2       53.43961631667
4       53.43961633750
1       53.43961645833
2       53.44020191667
4       53.44020193750
1       53.44020205833
2       53.44024142083
2       53.44035031250
2       53.44046227083
4       53.44046229167
1       53.44046240833
2       53.44083927500
4       53.44083929583
1       53.44083941667
2       53.44094656667
2       53.44130886250
4       53.44130886250
1       53.44130900000
2       53.44134897500
2       53.44148735000
2       53.44197200000
4       53.44197202083
1       53.44197214167
2       53.44260098333
4       53.44260100417
1       53.44260112500
2       53.44261459167
2       53.44282688750
4       53.44282690833
1       53.44282702917
2       53.44282857917
2       53.44299315417
2       53.44302067917
2       53.44323663750
4       53.44323665833
1       53.44323677917
2       53.44328507917
2       53.44380426667
4       53.44380428750
1       53.44380440833
2       53.44386103750
2       53.44392531667
2       53.44393825417
2       53.44397688333
2       53.44413595000
4       53.44413597083
1       53.44413609167
2       53.44428835417
2       53.44468772083
4       53.44468773750
1       53.44468785833
2       53.44479897500
2       53.44487455000
2       53.44491730000
4       53.44491732083
1       53.44491744167
2       53.44513390833
4       53.44513392917
1       53.44513405000
2       53.44517460417
2       53.44545164583
4       53.44545166667
1       53.44545178333
2       53.44546180000
2       53.44548031250
2       53.44550784583
2       53.44551315000
2       53.44553041667
2       53.44561120833
2       53.44563273333
2       53.44563995000
2       53.44577217500
4       53.44577219167
1       53.44577231250
2       53.44581688750
2       53.44582718750
2       53.44601130000
4       53.44601131667
1       53.44601143750
2       53.44602856667
2       53.44615805417
2       53.44626142083
4       53.44626143750
1       53.44626155833
2       53.44633528750
2       53.44650590000
4       53.44650592083
1       53.44650604167
2       53.44656681250
2       53.44676495000
4       53.44676497083
1       53.44676509167
2       53.44707685833
4       53.44707687500
1       53.44707699583
2       53.44709768333
2       53.44731040417
4       53.44731040417
1       53.44731054167
2       53.44735117917
2       53.44735178750
2       53.44748664583
4       53.44748666667
1       53.44748678333
2       53.44755029167
2       53.44782775417
4       53.44782775417
1       53.44782789167
2       53.44786855000
2       53.44809206667
4       53.44809208333
1       53.44809220417
2       53.44815898333
2       53.44823786667
2       53.44827795833
4       53.44827797917
1       53.44827810000
2       53.44833089167
2       53.44858831250
4       53.44858833333
1       53.44858845417
2       53.44862203750
2       53.44870124167
2       53.44883040833
4       53.44883042500
1       53.44883054583
2       53.44915362500
4       53.44915364583
1       53.44915376667
2       53.44919109583
2       53.44942827500
4       53.44942829583
1       53.44942841667
2       53.44947999583
2       53.44949947500
2       53.44958231667
2       53.44964423750
4       53.44964425833
1       53.44964437917
2       53.44967969583
2       53.44981577083
4       53.44981578750
1       53.44981590833
2       53.44997346250
2       53.45290129167
4       53.45290131250
1       53.45290143333
2       53.45291678333
2       53.45322777917
4       53.45322780000
1       53.45322792083
2       53.45330654167
2       53.45348877500
4       53.45348879583
1       53.45348891667
2       53.45365042917
2       53.45367069583
2       53.45392500417
4       53.45392500417
1       53.45392514167
2       53.45396945000
2       53.45426787917
4       53.45426789583
1       53.45426801667
2       53.45453279583
4       53.45453281667
1       53.45453293333
2       53.45460271250
2       53.45460934167
2       53.45513802917
4       53.45513805000
1       53.45513816667
2       53.45517505833
2       53.45517705000
2       53.45522178750
2       53.45534470417
4       53.45534470417
1       53.45534484167
2       53.45537055417
2       53.45537084583
2       53.45539498750
2       53.45543507083
2       53.45547650417
2       53.45587165000
4       53.45587166667
1       53.45587178750
2       53.45608866667
4       53.45608868333
1       53.45608880417
2       53.45614456667
2       53.45619785000
2       53.45623001667
2       53.45625089167
2       53.45631967083
4       53.45631968750
1       53.45631980833
2       53.45638837083
2       53.45639958750
2       53.45660274583
4       53.45660276667
1       53.45660288333
2       53.45689013750
4       53.45689015417
1       53.45689027500
2       53.45691563750
2       53.45713427500
4       53.45713427500
1       53.45713441250
2       53.45719953750
2       53.45721052917
2       53.45724047917
2       53.45724325000
2       53.45727278333
2       53.45730882083
2       53.45738766667
4       53.45738768750
1       53.45738780417
2       53.45753002917
2       53.45756989167
4       53.45756991250
1       53.45757003333
2       53.45759098750
2       53.45766096250
2       53.45767914583
2       53.45787059583
4       53.45787061667
1       53.45787073750
2       53.45794112917
2       53.45802915417
2       53.45803252083
2       53.45815507917
4       53.45815510000
1       53.45815522083
2       53.45828200000
2       53.45837379583
4       53.45837381250
1       53.45837393333
2       53.45878942500
4       53.45878944583
1       53.45878956667
2       53.45888547083
2       53.45892954167
2       53.45918722083
4       53.45918723750
1       53.45918735833
2       53.45921038750
2       53.45944361250
4       53.45944361250
1       53.45944375000
2       53.45948114583
2       53.45956641667
2       53.45962576250
2       53.45965700000
4       53.45965702083
1       53.45965713750
2       53.45976690417
2       53.45984837083
2       53.45989868750
4       53.45989870833
1       53.45989882917
2       53.45992353750
2       53.46006200000
2       53.46008950833
4       53.46008952500
1       53.46008964583
2       53.46009975000
2       53.46014812917
2       53.46059229583
4       53.46059231667
1       53.46059243750
2       53.46066416667
2       53.46068177500
2       53.46090893750
4       53.46090895417
1       53.46090907500
2       53.46097255000
2       53.46110866250
4       53.46110868333
1       53.46110880417
2       53.46112663333
2       53.46128093333
2       53.46131205417
4       53.46131205417
1       53.46131219167
2       53.46132207500
2       53.46132503333
2       53.46133230417
2       53.46134788333
2       53.46138092083
2       53.46161575417
4       53.46161575417
1       53.46161589167
2       53.46177147500
2       53.46188948750
4       53.46188950417
1       53.46188962500
2       53.46197450000
2       53.46219579583
4       53.46219581667
1       53.46219593333
2       53.46229415417
2       53.46256845833
4       53.46256847500
1       53.46256859583
2       53.46273797500
2       53.46284599167
4       53.46284599167
1       53.46284612917
2       53.46291215000
2       53.46298681250
2       53.46308678333
4       53.46308678333
1       53.46308692083
2       53.46316729167
2       53.46328060417
4       53.46328062500
1       53.46328074583
2       53.46373428750
4       53.46373430833
1       53.46373442917
2       53.46374687917
2       53.46382176667
2       53.46389165833
2       53.46408772500
4       53.46408774583
1       53.46408786667
2       53.46679986250
2       53.46689287083
4       53.46689289167
1       53.46689301250
2       53.46698642083
2       53.46700719583
2       53.46729073333
4       53.46729073333
1       53.46729087083
2       53.46747617917
2       53.46776637917
4       53.46776639583
1       53.46776651667
2       53.46779516250
2       53.46779877917
2       53.46793730000
2       53.46805879583
4       53.46805881250
1       53.46805893333
2       53.46805915000
2       53.46806148333
2       53.46820130000
2       53.46832940833
4       53.46832942500
1       53.46832954583
2       53.46858812917
4       53.46858815000
1       53.46858827083
2       53.46876597500
2       53.46887796667
4       53.46887798333
1       53.46887810417
2       53.46908563333
4       53.46908565417
1       53.46908577500
2       53.46913496250
2       53.46947944167
4       53.46947944167
1       53.46947957917
2       53.46965335000
2       53.46974308750
4       53.46974310833
1       53.46974322917
2       53.46974345417
2       53.46979775417
2       53.46980206667
2       53.46994818333
4       53.46994820417
1       53.46994832500
2       53.46998395833
2       53.47008555833
2       53.47018863333
4       53.47018863333
1       53.47018877083
2       53.47032206667
2       53.47036880833
4       53.47036882917
1       53.47036895000
2       53.47037472083
2       53.47039116667
2       53.47047284583
2       53.47071855000
4       53.47071856667
1       53.47071868750
2       53.47085505417
2       53.47138591250
4       53.47138591250
1       53.47138605000
2       53.47144037083
2       53.47179238333
4       53.47179238333
1       53.47179252083
2       53.47180301250
2       53.47184542500
2       53.47186253333
2       53.47204914167
4       53.47204915833
1       53.47204927917
2       53.47214050000
2       53.47249062083
4       53.47249063750
1       53.47249075833
2       53.47259793750
2       53.47282452917
4       53.47282455000
1       53.47282466667
2       53.47284114167
2       53.47284504583
2       53.47286857083
2       53.47291208750
2       53.47310935000
4       53.47310937083
1       53.47310949167
2       53.47320913750
2       53.47328629583
2       53.47339054583
4       53.47339056250
1       53.47339068333
2       53.47376224583
4       53.47376226667
1       53.47376238750
2       53.47394338750
2       53.47399007083
4       53.47399009167
1       53.47399021250
2       53.47420836667
4       53.47420838750
1       53.47420850833
2       53.47462174167
4       53.47462176250
1       53.47462188333
2       53.47484202917
4       53.47484204583
1       53.47484216667
2       53.47507659583
4       53.47507661250
1       53.47507673333
2       53.47511104583
2       53.47529150000
4       53.47529151667
1       53.47529163750
2       53.47534581250
2       53.47549219583
4       53.47549221250
1       53.47549233333
2       53.47572875417
4       53.47572877500
1       53.47572889583
2       53.47583974583
2       53.47601492500
4       53.47601494583
1       53.47601506667
2       53.47621300000
4       53.47621302083
1       53.47621314167
2       53.47631000000
2       53.47637690833
2       53.47641664583
4       53.47641666667
1       53.47641678750
2       53.47647805417
2       53.47659260833
2       53.47714307083
4       53.47714309167
1       53.47714321250
2       53.47753290000
4       53.47753292083
1       53.47753303750
2       53.48135822917
4       53.48135825000
1       53.48135837083
2       53.48145797083
2       53.48176204583
4       53.48176206667
1       53.48176218750
2       53.48206246250
4       53.48206246250
1       53.48206260000
2       53.48220222500
2       53.48230652917
4       53.48230654583
1       53.48230666667
2       53.48233869583
2       53.48276862500
4       53.48276864583
1       53.48276876667
2       53.48333427500
4       53.48333429583
1       53.48333441667
2       53.48334761667
2       53.48357745417
4       53.48357745417
1       53.48357759167
2       53.48363514583
2       53.48372014583
2       53.48383115000
4       53.48383117083
1       53.48383129167
2       53.48387322500
2       53.48410645833
4       53.48410647500
1       53.48410659583
2       53.48417099583
2       53.48417929167
2       53.48423622917
2       53.48431185833
4       53.48431187500
1       53.48431199583
2       53.48447142083
2       53.48451944583
4       53.48451946250
1       53.48451958333
2       53.48461378750
2       53.48497855000
4       53.48497856667
1       53.48497868750
2       53.48498121667
2       53.48504582083
2       53.48507929583
2       53.48517070833
2       53.48518395833
2       53.48523458333
4       53.48523458333
1       53.48523472083
2       53.48535878333
2       53.48543666667
4       53.48543668750
1       53.48543680833
2       53.48556149583
2       53.48580727917
4       53.48580730000
1       53.48580742083
2       53.48582652083
2       53.48650392917
4       53.48650394583
1       53.48650406667
2       53.48662878333
2       53.48664232500
2       53.48688504583
4       53.48688506667
1       53.48688518750
2       53.48700604167
2       53.48707264167
2       53.48708982500
4       53.48708984583
1       53.48708996667
2       53.48712457500
2       53.48724217917
2       53.48726769583
4       53.48726771250
1       53.48726783333
2       53.48751675417
4       53.48751677500
1       53.48751689167
2       53.48755881250
2       53.48773235000
4       53.48773237083
1       53.48773249167
2       53.48785620000
2       53.48794072083
4       53.48794074167
1       53.48794085833
2       53.48819417500
4       53.48819419167
1       53.48819431250
2       53.48823421250
2       53.48835679583
2       53.48841625417
4       53.48841625417
1       53.48841639167
2       53.48863535417
4       53.48863535417
1       53.48863549167
2       53.48873924583
2       53.48882775000
4       53.48882777083
1       53.48882789167
2       53.48898672917
2       53.48901388333
4       53.48901390417
1       53.48901402500
2       53.48926597083
4       53.48926599167
1       53.48926611250
2       53.48932164583
2       53.48935173333
2       53.48939580000
2       53.49000390000
4       53.49000391667
1       53.49000403750
2       53.49003349167
2       53.49003408750
2       53.49008046667
2       53.49008142083
2       53.49008875417
2       53.49015064583
2       53.49015329167
2       53.49019072500
4       53.49019074583
1       53.49019086667
2       53.49025763750
2       53.49029945833
2       53.49048650833
4       53.49048652917
1       53.49048664583
2       53.49055575833
2       53.49076774167
4       53.49076776250
1       53.49076788333
2       53.49087833750
2       53.49088265833
2       53.49522440000
4       53.49522442083
1       53.49522454167
2       53.49536655417
2       53.49545196250
4       53.49545198333
1       53.49545210417
2       53.49553150833
2       53.49553810833
2       53.49556823750
2       53.49564838750
2       53.49569284583
4       53.49569286667
1       53.49569298750
2       53.49608862500
4       53.49608864583
1       53.49608876667
2       53.49618565000
2       53.49623801667
2       53.49624390417
2       53.49643173333
4       53.49643173333
1       53.49643187083
2       53.49668607500
4       53.49668609167
1       53.49668621250
2       53.49704885417
4       53.49704885417
1       53.49704899167
2       53.49712891667
2       53.49713090833
2       53.49731015833
4       53.49731017917
1       53.49731030000
2       53.49742235000
2       53.49748960000
4       53.49748961667
1       53.49748973750
2       53.49759138333
2       53.49759534167
2       53.49779044583
4       53.49779046250
1       53.49779058333
2       53.49784402917
2       53.49809683750
4       53.49809685833
1       53.49809697500
2       53.49836841250
4       53.49836843333
1       53.49836855417
2       53.49870269583
4       53.49870271250
1       53.49870283333
2       53.49912430417
4       53.49912432500
1       53.49912444583
2       53.49930082500
2       53.49944256667
4       53.49944258333
1       53.49944270417
2       53.49972016250
4       53.49972016250
1       53.49972030000
2       53.49986654167
2       53.49996700000
4       53.49996701667
1       53.49996713750
2       53.50013482500
2       53.50019578750
4       53.50019580833
1       53.50019592917
2       53.50047934583
4       53.50047936667
1       53.50047948750
2       53.50049288750
2       53.50078340417
4       53.50078342500
1       53.50078354167
2       53.50093513750
2       53.50095961667
2       53.50126892917
4       53.50126895000
1       53.50126907083
2       53.50134945000
2       53.50150750417
4       53.50150750417
1       53.50150764167
2       53.50198147500
4       53.50198149583
1       53.50198161667
2       53.50200667917
2       53.50213940833
2       53.50231163750
4       53.50231165833
1       53.50231177917
2       53.50258827083
4       53.50258828750
1       53.50258840833
2       53.50271244583
2       53.50285755833
4       53.50285757500
1       53.50285769583
2       53.50309668750
4       53.50309670833
1       53.50309682917
2       53.50350541667
4       53.50350543750
1       53.50350555417
2       53.50364884583
2       53.50368767917
4       53.50368770000
1       53.50368781667
2       53.50384721250
2       53.50396447500
4       53.50396449583
1       53.50396461667
2       53.50406318750
2       53.50442997083
4       53.50442999167
1       53.50443011250
2       53.50453483750
2       53.50894873333
4       53.50894873333
1       53.50894887083
2       53.50898556250
2       53.50924227083
4       53.50924229167
1       53.50924241250
2       53.50959706667
4       53.50959708333
1       53.50959720417
2       53.50960625417
2       53.50961057500
2       53.50967919583
2       53.50970365417
2       53.50988058333
4       53.50988058333
1       53.50988072083
2       53.51001801250
2       53.51006959167
4       53.51006959167
1       53.51006972917
2       53.51035429583
4       53.51035431667
1       53.51035443750
2       53.51040257083
2       53.51050094167
2       53.51056551250
4       53.51056553333
1       53.51056565417
2       53.51058400000
2       53.51065487917
2       53.51084637917
4       53.51084639583
1       53.51084651667
2       53.51089604167
2       53.51089907083
2       53.51090308750
2       53.51094050833
2       53.51117003333
4       53.51117003333
1       53.51117017083
2       53.51129490833
2       53.51135287083
4       53.51135288750
1       53.51135300833
2       53.51141675000
2       53.51145127500
2       53.51150216667
2       53.51151150417
2       53.51165951667
4       53.51165953333
1       53.51165965417
2       53.51167643750
2       53.51171885417
2       53.51180658750
2       53.51213023750
4       53.51213025417
1       53.51213037500
2       53.51255119583
4       53.51255121250
1       53.51255133333
2       53.51289307083
4       53.51289309167
1       53.51289321250
2       53.51307161250
2       53.51313954583
4       53.51313956667
1       53.51313968333
2       53.51336045833
4       53.51336047500
1       53.51336059583
2       53.51337535000
2       53.51343960000
2       53.51351834167
2       53.51360650000
4       53.51360652083
1       53.51360664167
2       53.51367977083
2       53.51370857917
2       53.51379066250
4       53.51379066250
1       53.51379080000
2       53.51383272500
2       53.51414575833
4       53.51414577917
1       53.51414590000
2       53.51428977083
2       53.51432134167
2       53.51441704167
4       53.51441704167
1       53.51441717917
2       53.51464597917
4       53.51464600000
1       53.51464612083
2       53.51469924167
2       53.51473240000
2       53.51474763333
2       53.51486014583
4       53.51486016667
1       53.51486028750
2       53.51495038333
2       53.51509973750
4       53.51509975417
1       53.51509987500
2       53.51514903750
2       53.51517819583
2       53.51524243333
2       53.51535537083
4       53.51535539167
1       53.51535551250
2       53.51539717500
2       53.51543950417
2       53.51544179583
2       53.51553890833
4       53.51553892917
1       53.51553905000
2       53.51560381250
2       53.51576412500
4       53.51576414167
1       53.51576426250
2       53.51577708333
2       53.51583208750
2       53.51595822917
2       53.51603674583
4       53.51603676667
1       53.51603688333
2       53.51624700417
4       53.51624702500
1       53.51624714583
2       53.51625206250
2       53.51668531667
4       53.51668533750
1       53.51668545833
2       53.51685324167
2       53.51692440000
4       53.51692442083
1       53.51692453750
2       53.51708137083
2       53.51711620833
4       53.51711622500
1       53.51711634583
2       53.51721423750
2       53.51763588333
4       53.51763588333
1       53.51763602083
2       53.51780080833
2       53.51783372083
4       53.51783373750
1       53.51783385833
2       53.51801280833
4       53.51801282917
1       53.51801294583
2       53.51817282500
2       53.51820196667
2       53.51820618750
2       53.51820666667
2       53.52217597917
4       53.52217599583
1       53.52217611667
2       53.52224962083
2       53.52231787917
2       53.52240795417
4       53.52240795417
1       53.52240809167
2       53.52258841250
4       53.52258843333
1       53.52258855417
2       53.52266194167
2       53.52271426667
2       53.52293515417
4       53.52293515417
1       53.52293529167
2       53.52308059583
2       53.52309715833
2       53.52320453333
4       53.52320453333
1       53.52320467083
2       53.52325215417
2       53.52335940833
2       53.52337045000
2       53.52346552083
4       53.52346553750
1       53.52346565833
2       53.52348698333
2       53.52365403750
4       53.52365405833
1       53.52365417500
2       53.52366195417
2       53.52373311667
2       53.52397992083
4       53.52397993750
1       53.52398005833
2       53.52404077917
2       53.52424677917
4       53.52424680000
1       53.52424692083
2       53.52457215833
4       53.52457217917
1       53.52457229583
2       53.52459433333
2       53.52468143750
2       53.52472980000
2       53.52476977500
4       53.52476979167
1       53.52476991250
2       53.52482979167
2       53.52502860000
4       53.52502862083
1       53.52502874167
2       53.52514016667
2       53.52531771250
4       53.52531771250
1       53.52531785000
2       53.52534688333
2       53.52550756667
4       53.52550758333
1       53.52550770417
2       53.52567115417
2       53.52611723333
4       53.52611725417
1       53.52611737500
2       53.52615545000
2       53.52642435417
4       53.52642437500
1       53.52642449583
2       53.52657237083
2       53.52666046667
4       53.52666048333
1       53.52666060417
2       53.52674029583
2       53.52677120833
2       53.52682845000
2       53.52687444167
4       53.52687446250
1       53.52687458333
2       53.52695570417
2       53.52701494167
2       53.52729445417
4       53.52729445417
1       53.52729459167
2       53.52749686667
4       53.52749688750
1       53.52749700833
2       53.52758562500
2       53.52777404583
4       53.52777406667
1       53.52777418750
2       53.52798172917
4       53.52798174583
1       53.52798186667
2       53.52808253333
2       53.52836209583
4       53.52836211250
1       53.52836223333
2       53.52867504167
4       53.52867504167
1       53.52867517917
2       53.52942059583
4       53.52942061667
1       53.52942073750
2       53.52966800833
4       53.52966802917
1       53.52966815000
2       53.52984025833
2       53.52992243333
4       53.52992245417
1       53.52992257500
2       53.53011094583
4       53.53011096250
1       53.53011108333
2       53.53040736250
4       53.53040738333
1       53.53040750417
2       53.53056167917
2       53.53071277500
4       53.53071279167
1       53.53071291250
2       53.53091876250
4       53.53091878333
1       53.53091890417
2       53.53108561250
2       53.53147258750
4       53.53147260417
1       53.53147272500
2       53.53160989583
2       53.53164605417
4       53.53164605417
1       53.53164619167
2       53.53177502500
2       53.53587525000
4       53.53587527083
1       53.53587539167
2       53.53598558750
2       53.53599015417
2       53.53639889167
4       53.53639889167
1       53.53639902917
2       53.53677592500
4       53.53677594583
1       53.53677606667
2       53.53679935000
2       53.53681423333
2       53.53690270000
2       53.53699873750
4       53.53699875833
1       53.53699887500
2       53.53704811250
2       53.53736371250
4       53.53736373333
1       53.53736385417
2       53.53741810417
2       53.53750249167
2       53.53769437500
4       53.53769439583
1       53.53769451667
2       53.53771426250
2       53.53789471250
4       53.53789471250
1       53.53789485000
2       53.53795800833
2       53.53836902917
4       53.53836904583
1       53.53836916667
2       53.53885830417
4       53.53885830417
1       53.53885844167
2       53.53899976250
2       53.53904314583
4       53.53904316667
1       53.53904328750
2       53.53927331250
4       53.53927333333
1       53.53927345417
2       53.53935677500
2       53.53937689167
2       53.53954320417
4       53.53954320417
1       53.53954334167
2       53.53956842083
2       53.53961709583
2       53.54013980833
4       53.54013982917
1       53.54013995000
2       53.54028954583
2       53.54030703750
2       53.54032792500
4       53.54032794167
1       53.54032806250
2       53.54061275833
4       53.54061277917
1       53.54061290000
2       53.54078863333
4       53.54078865417
1       53.54078877083
2       53.54090816250
2       53.54113241250
4       53.54113243333
1       53.54113255417
2       53.54114839167
2       53.54115167500
2       53.54118512083
2       53.54135479167
4       53.54135479167
1       53.54135492917
2       53.54136406667
2       53.54140543333
2       53.54147270000
2       53.54170350417
4       53.54170352500
1       53.54170364583
2       53.54182805417
2       53.54217451250
4       53.54217451250
1       53.54217465000
2       53.54237659583
4       53.54237661667
1       53.54237673750
2       53.54271377500
4       53.54271379583
1       53.54271391667
2       53.54290984167
4       53.54290984167
1       53.54290997917
2       53.54298564167
2       53.54314427917
4       53.54314429583
1       53.54314441667
2       53.54349444167
4       53.54349446250
1       53.54349458333
2       53.54349840000
2       53.54351796667
2       53.54354380000
2       53.54378227917
4       53.54378230000
1       53.54378242083
2       53.54385313750
2       53.54434070417
4       53.54434072500
1       53.54434084583
2       53.54437717083
2       53.54454972917
4       53.54454974583
1       53.54454986667
2       53.54457653333
2       53.54458947917
2       53.54468618750
2       53.54488396667
4       53.54488398750
1       53.54488410417
2       53.54503103750
2       53.54512270833
4       53.54512272917
1       53.54512285000
2       53.54523933333
2       53.54528801250
2       53.54545959583
4       53.54545961667
1       53.54545973333
2       53.54547483750
2       53.54918326667
2       53.54941538333
4       53.54941538333
1       53.54941552083
2       53.54949463333
2       53.54959211667
2       53.55029787500
4       53.55029789583
1       53.55029801667
2       53.55048634167
2       53.55064961667
4       53.55064963750
1       53.55064975833
2       53.55067808750
2       53.55079634583
2       53.55099448333
4       53.55099448333
1       53.55099462083
2       53.55104772500
2       53.55105995000
2       53.55131674167
4       53.55131676250
1       53.55131688333
2       53.55156578333
4       53.55156578333
1       53.55156592083
2       53.55185630000
4       53.55185631667
1       53.55185643750
2       53.55195665417
2       53.55200127917
2       53.55207759167
4       53.55207761250
1       53.55207773333
2       53.55241571250
4       53.55241571250
1       53.55241585000
2       53.55266479167
4       53.55266479167
1       53.55266492917
2       53.55302082917
4       53.55302085000
1       53.55302097083
2       53.55311696250
2       53.55325763750
4       53.55325765417
1       53.55325777500
2       53.55336562917
2       53.55340384583
2       53.55365019167
4       53.55365019167
1       53.55365032917
2       53.55366287083
2       53.55367997500
2       53.55370156250
2       53.55370884167
2       53.55384064583
4       53.55384066667
1       53.55384078750
2       53.55392648750
2       53.55397476667
2       53.55404179167
4       53.55404181250
1       53.55404192917
2       53.55438621667
4       53.55438623333
1       53.55438635417
2       53.55441006667
2       53.55450572500
2       53.55533384167
4       53.55533384167
1       53.55533397917
2       53.55546824583
2       53.55596220417
4       53.55596220417
1       53.55596234167
2       53.55597213750
2       53.55598294167
2       53.55598633750
2       53.55602815833
2       53.55646293333
4       53.55646293333
1       53.55646307083
2       53.55653689167
2       53.55665140833
4       53.55665142500
1       53.55665154583
2       53.55729203750
4       53.55729205833
1       53.55729217500
2       53.55733806667
2       53.55740502500
2       53.55764373750
4       53.55764375833
1       53.55764387917
2       53.55768151250
2       53.55768515417
2       53.55770312917
2       53.55787695417
4       53.55787697500
1       53.55787709583
2       53.55814495833
4       53.55814497917
1       53.55814509583
2       53.55816948333
2       53.55834499167
4       53.55834501250
1       53.55834513333
2       53.55835492500
2       53.55863014167
4       53.55863016250
1       53.55863028333
2       53.55884380833
4       53.55884382917
1       53.55884395000
2       53.55920815000
4       53.55920817083
1       53.55920829167
2       53.55921906250
2       53.55923837500
2       53.55929426250
2       53.55946187500
4       53.55946189167
1       53.55946201250
2       53.56334984167
4       53.56334984167
1       53.56334997917
2       53.56391001250
4       53.56391001250
1       53.56391015000
2       53.56412625417
4       53.56412627500
1       53.56412639583
2       53.56421865417
2       53.56432196250
4       53.56432196250
1       53.56432210000
2       53.56456902500
4       53.56456904583
1       53.56456916250
2       53.56488403750
4       53.56488405833
1       53.56488417500
2       53.56493111250
2       53.56512552500
4       53.56512554583
1       53.56512566667
2       53.56530245417
4       53.56530247500
1       53.56530259583
2       53.56543227083
2       53.56570228750
4       53.56570230833
1       53.56570242917
2       53.56583442917
2       53.56616864583
4       53.56616866667
1       53.56616878750
2       53.56617021250
2       53.56625169167
2       53.56663960833
4       53.56663962917
1       53.56663975000
2       53.56673827083
2       53.56693836667
4       53.56693838333
1       53.56693850417
2       53.56712623333
4       53.56712623333
1       53.56712637083
2       53.56724197083
2       53.56728612500
2       53.56768491667
4       53.56768493333
1       53.56768505417
2       53.56773062500
2       53.56791081667
4       53.56791083333
1       53.56791095417
2       53.56808573750
4       53.56808575833
1       53.56808587917
2       53.56827351250
4       53.56827351250
1       53.56827365000
2       53.56840762917
2       53.56850402917
4       53.56850405000
1       53.56850417083
2       53.56851927500
2       53.56861380417
2       53.56874317083
4       53.56874319167
1       53.56874331250
2       53.56902110833
4       53.56902112917
1       53.56902124583
2       53.56920196667
4       53.56920198333
1       53.56920210417
2       53.56961229583
4       53.56961231667
1       53.56961243750
2       53.56981964167
4       53.56981964167
1       53.56981977917
2       53.56987202083
2       53.56992669583
2       53.57011081667
4       53.57011083333
1       53.57011095417
2       53.57013568333
2       53.57014858333
2       53.57037487917
4       53.57037490000
1       53.57037501667
2       53.57069676667
4       53.57069678750
1       53.57069690417
2       53.57073658333
2       53.57074945000
2       53.57105282917
4       53.57105285000
1       53.57105297083
2       53.57109222083
2       53.57121605000
2       53.57122642917
2       53.57124755000
4       53.57124756667
1       53.57124768750
2       53.57137508333
2       53.57161594167
4       53.57161596250
1       53.57161608333
2       53.57169049583
2       53.57179980000
4       53.57179982083
1       53.57179994167
2       53.57197801667
4       53.57197803750
1       53.57197815417
2       53.57208003750
2       53.57241057500
4       53.57241059167
1       53.57241071250
2       53.57241182917
2       53.57246847917
2       53.57249557083
2       53.57251953333
2       53.57288973750
4       53.57288975833
1       53.57288987917
2       53.57293418750
2       53.57303650000
2       53.57303687083
2       53.57306907083
4       53.57306909167
1       53.57306921250
2       53.57313428750
2       53.57727063750
2       53.57730766667
2       53.57769858333
4       53.57769860417
1       53.57769872083
2       53.57786144167
2       53.57787149583
2       53.57807983333
4       53.57807983333
1       53.57807997083
2       53.57819309167
2       53.57820735833
2       53.57864744167
4       53.57864746250
1       53.57864757917
2       53.57867902083
2       53.57874324167
2       53.57874457083
2       53.57906287500
4       53.57906287500
1       53.57906301250
2       53.57910528333
2       53.57914266667
2       53.57947635000
4       53.57947637083
1       53.57947649167
2       53.57950814583
2       53.57968394167
4       53.57968394167
1       53.57968407917
2       53.57991436667
4       53.57991438333
1       53.57991450417
2       53.58002187500
2       53.58005353750
2       53.58015402500
4       53.58015404167
1       53.58015416250
2       53.58030900000
2       53.58040143333
4       53.58040145417
1       53.58040157500
2       53.58065740833
4       53.58065742917
1       53.58065755000
2       53.58074317917
2       53.58076942083
2       53.58098633750
4       53.58098635833
1       53.58098647917
2       53.58134337083
4       53.58134338750
1       53.58134350833
2       53.58135923750
2       53.58140838333
2       53.58147916250
2       53.58160970000
4       53.58160972083
1       53.58160984167
2       53.58180280417
4       53.58180282500
1       53.58180294583
2       53.58208928750
4       53.58208930417
1       53.58208942500
2       53.58223202083
2       53.58248144583
4       53.58248146667
1       53.58248158750
2       53.58250635000
2       53.58295343333
4       53.58295343333
1       53.58295357083
2       53.58310079583
2       53.58312762083
2       53.58350234583
4       53.58350236667
1       53.58350248750
2       53.58359106667
2       53.58393754583
4       53.58393756250
1       53.58393768333
2       53.58396771250
2       53.58416768750
4       53.58416770833
1       53.58416782917
2       53.58431282083
2       53.58431945833
2       53.58463950417
4       53.58463952500
1       53.58463964583
2       53.58472814167
2       53.58477183750
2       53.58500247083
4       53.58500249167
1       53.58500260833
2       53.58509785000
2       53.58539058333
4       53.58539060417
1       53.58539072500
2       53.58556089583
2       53.58590339583
4       53.58590341667
1       53.58590353333
2       53.58616377083
4       53.58616379167
1       53.58616391250
2       53.58652642083
4       53.58652643750
1       53.58652655833
2       53.58717497083
4       53.58717498750
1       53.58717510833
2       53.58722161667
2       53.58726766250
2       53.58731347083
2       53.58732935833
2       53.58733300833
2       53.58734852500
4       53.58734854583
1       53.58734866667
2       53.58736808750
2       53.58753762500
4       53.58753764167
1       53.58753776250
2       53.59014138750
2       53.59018381250
2       53.59031864583
4       53.59031866667
1       53.59031878333
2       53.59040549167
2       53.59049259583
4       53.59049261667
1       53.59049273750
2       53.59064787917
2       53.59070217500
4       53.59070219583
1       53.59070231667
2       53.59080389167
2       53.59088822917
2       53.59101193333
4       53.59101193333
1       53.59101207083
2       53.59107150417
2       53.59129895417
4       53.59129897500
1       53.59129909167
2       53.59138082917
2       53.59149249583
4       53.59149251250
1       53.59149263333
2       53.59158889167
2       53.59167264167
2       53.59168163333
4       53.59168163333
1       53.59168177083
2       53.59217754167
4       53.59217755833
1       53.59217767917
2       53.59219932083
2       53.59241362500
4       53.59241364583
1       53.59241376667
2       53.59252654583
2       53.59264880833
4       53.59264882500
1       53.59264894583
2       53.59274847500
2       53.59309200417
4       53.59309200417
1       53.59309214167
2       53.59315328750
2       53.59317315000
2       53.59319796250
2       53.59362557500
4       53.59362559583
1       53.59362571667
2       53.59369782083
2       53.59403463750
4       53.59403465833
1       53.59403477917
2       53.59415558750
2       53.59419468750
2       53.59431260417
4       53.59431260417
1       53.59431274167
2       53.59442285000
2       53.59479544583
4       53.59479546667
1       53.59479558750
2       53.59498793333
2       53.59538503333
4       53.59538505417
1       53.59538517500
2       53.59541231667
2       53.59563650833
4       53.59563652500
1       53.59563664583
2       53.59595745000
4       53.59595746667
1       53.59595758750
2       53.59617771250
4       53.59617771250
1       53.59617785000
2       53.59628766667
2       53.59661888750
4       53.59661890833
1       53.59661902917
2       53.59671067917
2       53.59701535000
4       53.59701537083
1       53.59701549167
2       53.59713337917
2       53.59723721667
4       53.59723723750
1       53.59723735833
2       53.59752906250
4       53.59752908333
1       53.59752920000
2       53.59776789167
4       53.59776791250
1       53.59776803333
2       53.59781272083
2       53.59829420000
4       53.59829422083
1       53.59829434167
2       53.59830481667
2       53.59848368750
4       53.59848370833
1       53.59848382917
2       53.59862379167
2       53.59862844167
2       53.59867213333
4       53.59867215417
1       53.59867227500
2       53.59873017500
2       53.59892853750
4       53.59892855833
1       53.59892867917
2       53.59917290417
4       53.59917292500
1       53.59917304583
2       53.59927565833
2       53.60480186667
4       53.60480188333
1       53.60480200417
2       53.60491084167
2       53.60497039167
2       53.60513670833
4       53.60513672917
1       53.60513684583
2       53.60522645833
2       53.60548549167
4       53.60548551250
1       53.60548562917
2       53.60573189167
4       53.60573189167
1       53.60573202917
2       53.60578361667
2       53.60592501667
4       53.60592503750
1       53.60592515833
2       53.60606516250
2       53.60619795833
4       53.60619797500
1       53.60619809583
2       53.60639104583
4       53.60639106250
1       53.60639118333
2       53.60643740000
2       53.60653743750
2       53.60671434167
4       53.60671436250
1       53.60671448333
2       53.60696133333
4       53.60696133333
1       53.60696147083
2       53.60704364167
2       53.60723985000
4       53.60723987083
1       53.60723998750
2       53.60742782917
4       53.60742785000
1       53.60742797083
2       53.60753541667
2       53.60762920000
4       53.60762922083
1       53.60762934167
2       53.60776034167
2       53.60779646250
2       53.60782595417
4       53.60782597500
1       53.60782609583
2       53.60796477083
2       53.60805350417
4       53.60805352500
1       53.60805364583
2       53.60811910417
2       53.60833872083
4       53.60833873750
1       53.60833885833
2       53.60837077500
2       53.60855294583
4       53.60855296667
1       53.60855308750
2       53.60861830417
2       53.60894547083
4       53.60894549167
1       53.60894561250
2       53.60903521250
2       53.60905712917
2       53.60948606667
4       53.60948608333
1       53.60948620417
2       53.60972314583
4       53.60972316250
1       53.60972328333
2       53.60976557917
2       53.60996663333
4       53.60996665417
1       53.60996677500
2       53.61011172083
2       53.61018060833
4       53.61018062917
1       53.61018075000
2       53.61101370000
4       53.61101372083
1       53.61101384167
2       53.61108424167
2       53.61142107917
4       53.61142109583
1       53.61142121667
2       53.61155492917
2       53.61180460417
4       53.61180462500
1       53.61180474167
2       53.61207520417
4       53.61207520417
1       53.61207534167
2       53.61245023750
4       53.61245025417
1       53.61245037500
2       53.61268467083
4       53.61268469167
1       53.61268481250
2       53.61277613333
2       53.61294269167
4       53.61294270833
1       53.61294282917
2       53.61303744583
2       53.61316170833
4       53.61316172500
1       53.61316184583
2       53.61339675000
4       53.61339676667
1       53.61339688750
2       53.61395428750
4       53.61395430833
1       53.61395442917
2       53.61406128750
2       53.61428352083
4       53.61428353750
1       53.61428365833
2       53.61435273333
2       53.61447897083
4       53.61447899167
1       53.61447910833
2       53.61452333750
2       53.61458793750
2       53.61465250833
2       53.61483767917
4       53.61483770000
1       53.61483782083
2       53.61485389167
2       53.61759157083
4       53.61759158750
1       53.61759170833
2       53.61770511250
2       53.61779477917
4       53.61779480000
1       53.61779491667
2       53.61804925833
4       53.61804927500
1       53.61804939583
2       53.61810244167
2       53.61840727917
4       53.61840730000
1       53.61840741667
2       53.61866831667
4       53.61866833333
1       53.61866845417
2       53.61876997083
2       53.61906775833
4       53.61906777500
1       53.61906789583
2       53.61921222917
2       53.61932906250
4       53.61932908333
1       53.61932920000
2       53.61951620833
4       53.61951622500
1       53.61951634583
2       53.62004949167
4       53.62004949167
1       53.62004962917
2       53.62007035000
2       53.62013332083
2       53.62026648750
4       53.62026650833
1       53.62026662917
2       53.62091668750
4       53.62091670833
1       53.62091682917
2       53.62132076667
4       53.62132078750
1       53.62132090833
2       53.62138669583
2       53.62140790000
2       53.62156125000
4       53.62156126667
1       53.62156138750
2       53.62189741250
4       53.62189743333
1       53.62189755417
2       53.62195242500
2       53.62222864167
4       53.62222864167
1       53.62222877917
2       53.62237400833
2       53.62238796250
2       53.62239562083
2       53.62252206250
4       53.62252206250
1       53.62252220000
2       53.62252640000
2       53.62269192917
2       53.62289674583
4       53.62289676667
1       53.62289688750
2       53.62300667083
2       53.62318125417
4       53.62318127500
1       53.62318139583
2       53.62320551250
2       53.62335452083
4       53.62335453750
1       53.62335465833
2       53.62357704583
4       53.62357706667
1       53.62357718333
2       53.62427789583
4       53.62427791667
1       53.62427803750
2       53.62429915000
2       53.62433656250
2       53.62518775000
4       53.62518776667
1       53.62518788750
2       53.62527364583
2       53.62543626250
4       53.62543628333
1       53.62543640417
2       53.62552832917
2       53.62596187917
4       53.62596189583
1       53.62596201667
2       53.62743453333
4       53.62743453333
1       53.62743467083
2       53.62746003333
2       53.62781607917
4       53.62781610000
1       53.62781622083
2       53.62797213333
2       53.62797773750
2       53.63198158333
4       53.63198160417
1       53.63198172500
2       53.63242045833
4       53.63242047917
1       53.63242060000
2       53.63286136667
4       53.63286138750
1       53.63286150833
2       53.63301005417
2       53.63428892083
4       53.63428893750
1       53.63428905833
2       53.63475889167
4       53.63475891250
1       53.63475903333
2       53.63499772917
4       53.63499774583
1       53.63499786667
2       53.63547206250
4       53.63547206250
1       53.63547220000
2       53.63623157917
4       53.63623159583
1       53.63623171667
2       53.63623950000
2       53.63627327500
2       53.63696454167
4       53.63696455833
1       53.63696467917
2       53.63715995833
4       53.63715997917
1       53.63716010000
2       53.63732627083
2       53.63744152500
4       53.63744154583
1       53.63744166667
2       53.63752532083
2       53.63889165833
4       53.63889167917
1       53.63889179583
2       53.63892676250
2       53.63937001667
4       53.63937003750
1       53.63937015833
2       53.63946762500
2       53.63957320833
4       53.63957322500
1       53.63957334583
2       53.64019331250
4       53.64019331250
1       53.64019345000
2       53.64088560000
4       53.64088562083
1       53.64088574167
2       53.64188625833
4       53.64188627917
1       53.64188640000
2       53.64324529167
4       53.64324529167
1       53.64324542917
2       53.64590504167
4       53.64590504167
1       53.64590517917
2       53.64611868750
4       53.64611870833
1       53.64611882500
2       53.64630182500
4       53.64630184167
1       53.64630196250
2       53.64675496667
4       53.64675498750
1       53.64675510417
2       53.64727697500
4       53.64727699583
1       53.64727711667
2       53.64755557083
4       53.64755558750
1       53.64755570833
2       53.64758499167
2       53.64895923750
4       53.64895925417
1       53.64895937500
2       53.64908717917
2       53.65053817917
4       53.65053819583
1       53.65053831667
2       53.65061214583
2       53.65220265833
4       53.65220267917
1       53.65220280000
2       53.65235261667
2       53.65279385833
4       53.65279387500
1       53.65279399583
2       53.65280447083
2       53.65339010000
2       53.65415683750
4       53.65415685833
1       53.65415697917
2       53.65418203333
2       53.65430191667
2       53.65712430833
4       53.65712432917
1       53.65712445000
2       53.65908221250
4       53.65908221250
1       53.65908235000
2       53.66395291250
4       53.66395293333
1       53.66395305417
2       53.66819882917
4       53.66819885000
1       53.66819896667
2       53.67492510833
4       53.67492512917
1       53.67492525000
2       53.71043018750
4       53.71043020417
1       53.71043032500
2       53.71808877500
4       53.71808879167
1       53.71808891250
2       53.71883044167
4       53.71883046250
1       53.71883058333
2       53.72394230000
4       53.72394232083
1       53.72394244167
